pind,arm,delta,correct
400,BWA-no-clip,-5,0.3
400,BWA-std,-5,0.1
400,NW-flex,-5,1.0
400,BWA-no-clip,-4,0.6
400,BWA-std,-4,0.2
400,NW-flex,-4,1.0
400,BWA-no-clip,-3,0.6
400,BWA-std,-3,0.4
400,NW-flex,-3,1.0
400,BWA-no-clip,-2,0.9
400,BWA-std,-2,0.6
400,NW-flex,-2,1.0
400,BWA-no-clip,-1,0.9
400,BWA-std,-1,0.7
400,NW-flex,-1,1.0
400,BWA-no-clip,0,1.0
400,BWA-std,0,1.0
400,NW-flex,0,1.0
400,BWA-no-clip,1,1.0
400,BWA-std,1,0.7
400,NW-flex,1,1.0
400,BWA-no-clip,2,0.9
400,BWA-std,2,0.5
400,NW-flex,2,1.0
400,BWA-no-clip,3,1.0
400,BWA-std,3,0.3
400,NW-flex,3,1.0
400,BWA-no-clip,4,0.8
400,BWA-std,4,0.1
400,NW-flex,4,1.0
400,BWA-no-clip,5,1.0
400,BWA-std,5,0.0
400,NW-flex,5,1.0
401,BWA-no-clip,-5,0.4
401,BWA-std,-5,0.1
401,NW-flex,-5,1.0
401,BWA-no-clip,-4,0.6
401,BWA-std,-4,0.2
401,NW-flex,-4,1.0
401,BWA-no-clip,-3,0.6
401,BWA-std,-3,0.4
401,NW-flex,-3,1.0
401,BWA-no-clip,-2,0.8
401,BWA-std,-2,0.5
401,NW-flex,-2,1.0
401,BWA-no-clip,-1,0.8
401,BWA-std,-1,0.7
401,NW-flex,-1,1.0
401,BWA-no-clip,0,1.0
401,BWA-std,0,1.0
401,NW-flex,0,1.0
401,BWA-no-clip,1,1.0
401,BWA-std,1,0.7
401,NW-flex,1,1.0
401,BWA-no-clip,2,1.0
401,BWA-std,2,0.5
401,NW-flex,2,1.0
401,BWA-no-clip,3,0.9
401,BWA-std,3,0.3
401,NW-flex,3,1.0
401,BWA-no-clip,4,1.0
401,BWA-std,4,0.1
401,NW-flex,4,1.0
401,BWA-no-clip,5,1.0
401,BWA-std,5,0.0
401,NW-flex,5,1.0
402,BWA-no-clip,-5,0.3
402,BWA-std,-5,0.1
402,NW-flex,-5,1.0
402,BWA-no-clip,-4,0.6
402,BWA-std,-4,0.2
402,NW-flex,-4,1.0
402,BWA-no-clip,-3,0.6
402,BWA-std,-3,0.4
402,NW-flex,-3,1.0
402,BWA-no-clip,-2,0.9
402,BWA-std,-2,0.6
402,NW-flex,-2,1.0
402,BWA-no-clip,-1,0.9
402,BWA-std,-1,0.7
402,NW-flex,-1,1.0
402,BWA-no-clip,0,1.0
402,BWA-std,0,1.0
402,NW-flex,0,1.0
402,BWA-no-clip,1,1.0
402,BWA-std,1,0.7
402,NW-flex,1,1.0
402,BWA-no-clip,2,0.9
402,BWA-std,2,0.5
402,NW-flex,2,1.0
402,BWA-no-clip,3,1.0
402,BWA-std,3,0.3
402,NW-flex,3,1.0
402,BWA-no-clip,4,0.8
402,BWA-std,4,0.1
402,NW-flex,4,1.0
402,BWA-no-clip,5,1.0
402,BWA-std,5,0.0
402,NW-flex,5,1.0
403,BWA-no-clip,-5,0.5
403,BWA-std,-5,0.1
403,NW-flex,-5,1.0
403,BWA-no-clip,-4,0.6
403,BWA-std,-4,0.2
403,NW-flex,-4,1.0
403,BWA-no-clip,-3,0.6
403,BWA-std,-3,0.3
403,NW-flex,-3,1.0
403,BWA-no-clip,-2,0.7
403,BWA-std,-2,0.5
403,NW-flex,-2,1.0
403,BWA-no-clip,-1,0.8
403,BWA-std,-1,0.7
403,NW-flex,-1,1.0
403,BWA-no-clip,0,1.0
403,BWA-std,0,1.0
403,NW-flex,0,1.0
403,BWA-no-clip,1,1.0
403,BWA-std,1,0.7
403,NW-flex,1,1.0
403,BWA-no-clip,2,0.9
403,BWA-std,2,0.5
403,NW-flex,2,1.0
403,BWA-no-clip,3,1.0
403,BWA-std,3,0.3
403,NW-flex,3,1.0
403,BWA-no-clip,4,1.0
403,BWA-std,4,0.1
403,NW-flex,4,1.0
403,BWA-no-clip,5,1.0
403,BWA-std,5,0.0
403,NW-flex,5,1.0
404,BWA-no-clip,-5,0.5
404,BWA-std,-5,0.1
404,NW-flex,-5,1.0
404,BWA-no-clip,-4,0.6
404,BWA-std,-4,0.2
404,NW-flex,-4,1.0
404,BWA-no-clip,-3,0.6
404,BWA-std,-3,0.4
404,NW-flex,-3,1.0
404,BWA-no-clip,-2,0.8
404,BWA-std,-2,0.5
404,NW-flex,-2,1.0
404,BWA-no-clip,-1,0.8
404,BWA-std,-1,0.7
404,NW-flex,-1,1.0
404,BWA-no-clip,0,1.0
404,BWA-std,0,1.0
404,NW-flex,0,1.0
404,BWA-no-clip,1,1.0
404,BWA-std,1,0.7
404,NW-flex,1,1.0
404,BWA-no-clip,2,1.0
404,BWA-std,2,0.5
404,NW-flex,2,1.0
404,BWA-no-clip,3,1.0
404,BWA-std,3,0.3
404,NW-flex,3,1.0
404,BWA-no-clip,4,1.0
404,BWA-std,4,0.1
404,NW-flex,4,1.0
404,BWA-no-clip,5,1.0
404,BWA-std,5,0.0
404,NW-flex,5,1.0
405,BWA-no-clip,-5,0.5
405,BWA-std,-5,0.1
405,NW-flex,-5,1.0
405,BWA-no-clip,-4,0.5
405,BWA-std,-4,0.2
405,NW-flex,-4,1.0
405,BWA-no-clip,-3,0.6
405,BWA-std,-3,0.3
405,NW-flex,-3,1.0
405,BWA-no-clip,-2,0.7
405,BWA-std,-2,0.5
405,NW-flex,-2,1.0
405,BWA-no-clip,-1,0.8
405,BWA-std,-1,0.7
405,NW-flex,-1,1.0
405,BWA-no-clip,0,1.0
405,BWA-std,0,1.0
405,NW-flex,0,1.0
405,BWA-no-clip,1,1.0
405,BWA-std,1,0.7
405,NW-flex,1,1.0
405,BWA-no-clip,2,1.0
405,BWA-std,2,0.5
405,NW-flex,2,1.0
405,BWA-no-clip,3,1.0
405,BWA-std,3,0.3
405,NW-flex,3,1.0
405,BWA-no-clip,4,1.0
405,BWA-std,4,0.1
405,NW-flex,4,1.0
405,BWA-no-clip,5,1.0
405,BWA-std,5,0.0
405,NW-flex,5,1.0
406,BWA-no-clip,-5,0.6
406,BWA-std,-5,0.1
406,NW-flex,-5,1.0
406,BWA-no-clip,-4,0.6
406,BWA-std,-4,0.2
406,NW-flex,-4,1.0
406,BWA-no-clip,-3,0.8
406,BWA-std,-3,0.4
406,NW-flex,-3,1.0
406,BWA-no-clip,-2,0.9
406,BWA-std,-2,0.6
406,NW-flex,-2,1.0
406,BWA-no-clip,-1,0.9
406,BWA-std,-1,0.7
406,NW-flex,-1,1.0
406,BWA-no-clip,0,1.0
406,BWA-std,0,1.0
406,NW-flex,0,1.0
406,BWA-no-clip,1,1.0
406,BWA-std,1,0.7
406,NW-flex,1,1.0
406,BWA-no-clip,2,1.0
406,BWA-std,2,0.5
406,NW-flex,2,1.0
406,BWA-no-clip,3,1.0
406,BWA-std,3,0.3
406,NW-flex,3,1.0
406,BWA-no-clip,4,1.0
406,BWA-std,4,0.1
406,NW-flex,4,1.0
406,BWA-no-clip,5,1.0
406,BWA-std,5,0.0
406,NW-flex,5,1.0
407,BWA-no-clip,-5,0.6
407,BWA-std,-5,0.1
407,NW-flex,-5,1.0
407,BWA-no-clip,-4,0.7
407,BWA-std,-4,0.2
407,NW-flex,-4,1.0
407,BWA-no-clip,-3,0.7
407,BWA-std,-3,0.4
407,NW-flex,-3,1.0
407,BWA-no-clip,-2,0.9
407,BWA-std,-2,0.6
407,NW-flex,-2,1.0
407,BWA-no-clip,-1,0.9
407,BWA-std,-1,0.7
407,NW-flex,-1,1.0
407,BWA-no-clip,0,1.0
407,BWA-std,0,1.0
407,NW-flex,0,1.0
407,BWA-no-clip,1,1.0
407,BWA-std,1,0.7
407,NW-flex,1,1.0
407,BWA-no-clip,2,1.0
407,BWA-std,2,0.5
407,NW-flex,2,1.0
407,BWA-no-clip,3,1.0
407,BWA-std,3,0.3
407,NW-flex,3,1.0
407,BWA-no-clip,4,1.0
407,BWA-std,4,0.1
407,NW-flex,4,1.0
407,BWA-no-clip,5,1.0
407,BWA-std,5,0.0
407,NW-flex,5,1.0
408,BWA-no-clip,-5,0.5
408,BWA-std,-5,0.1
408,NW-flex,-5,1.0
408,BWA-no-clip,-4,0.8
408,BWA-std,-4,0.2
408,NW-flex,-4,1.0
408,BWA-no-clip,-3,0.8
408,BWA-std,-3,0.4
408,NW-flex,-3,1.0
408,BWA-no-clip,-2,0.9
408,BWA-std,-2,0.6
408,NW-flex,-2,1.0
408,BWA-no-clip,-1,0.9
408,BWA-std,-1,0.7
408,NW-flex,-1,1.0
408,BWA-no-clip,0,1.0
408,BWA-std,0,1.0
408,NW-flex,0,1.0
408,BWA-no-clip,1,1.0
408,BWA-std,1,0.7
408,NW-flex,1,1.0
408,BWA-no-clip,2,1.0
408,BWA-std,2,0.5
408,NW-flex,2,1.0
408,BWA-no-clip,3,1.0
408,BWA-std,3,0.3
408,NW-flex,3,1.0
408,BWA-no-clip,4,1.0
408,BWA-std,4,0.1
408,NW-flex,4,1.0
408,BWA-no-clip,5,1.0
408,BWA-std,5,0.0
408,NW-flex,5,1.0
409,BWA-no-clip,-5,0.7
409,BWA-std,-5,0.1
409,NW-flex,-5,1.0
409,BWA-no-clip,-4,0.8
409,BWA-std,-4,0.2
409,NW-flex,-4,1.0
409,BWA-no-clip,-3,0.8
409,BWA-std,-3,0.4
409,NW-flex,-3,1.0
409,BWA-no-clip,-2,0.9
409,BWA-std,-2,0.6
409,NW-flex,-2,1.0
409,BWA-no-clip,-1,0.9
409,BWA-std,-1,0.7
409,NW-flex,-1,1.0
409,BWA-no-clip,0,1.0
409,BWA-std,0,1.0
409,NW-flex,0,1.0
409,BWA-no-clip,1,1.0
409,BWA-std,1,0.7
409,NW-flex,1,1.0
409,BWA-no-clip,2,1.0
409,BWA-std,2,0.5
409,NW-flex,2,1.0
409,BWA-no-clip,3,1.0
409,BWA-std,3,0.3
409,NW-flex,3,1.0
409,BWA-no-clip,4,1.0
409,BWA-std,4,0.1
409,NW-flex,4,1.0
409,BWA-no-clip,5,1.0
409,BWA-std,5,0.0
409,NW-flex,5,1.0
410,BWA-no-clip,-5,0.6
410,BWA-std,-5,0.1
410,NW-flex,-5,1.0
410,BWA-no-clip,-4,0.7
410,BWA-std,-4,0.2
410,NW-flex,-4,1.0
410,BWA-no-clip,-3,0.7
410,BWA-std,-3,0.4
410,NW-flex,-3,1.0
410,BWA-no-clip,-2,0.7333333333333333
410,BWA-std,-2,0.5
410,NW-flex,-2,1.0
410,BWA-no-clip,-1,0.7
410,BWA-std,-1,0.7
410,NW-flex,-1,1.0
410,BWA-no-clip,0,1.0
410,BWA-std,0,1.0
410,NW-flex,0,1.0
410,BWA-no-clip,1,0.8
410,BWA-std,1,0.7
410,NW-flex,1,1.0
410,BWA-no-clip,2,0.8
410,BWA-std,2,0.5
410,NW-flex,2,1.0
410,BWA-no-clip,3,0.8
410,BWA-std,3,0.3
410,NW-flex,3,1.0
410,BWA-no-clip,4,0.8
410,BWA-std,4,0.1
410,NW-flex,4,1.0
410,BWA-no-clip,5,0.8
410,BWA-std,5,0.0
410,NW-flex,5,1.0
411,BWA-no-clip,-5,0.7
411,BWA-std,-5,0.1
411,NW-flex,-5,1.0
411,BWA-no-clip,-4,0.7
411,BWA-std,-4,0.2
411,NW-flex,-4,1.0
411,BWA-no-clip,-3,0.8
411,BWA-std,-3,0.4
411,NW-flex,-3,1.0
411,BWA-no-clip,-2,0.8
411,BWA-std,-2,0.6
411,NW-flex,-2,1.0
411,BWA-no-clip,-1,0.9
411,BWA-std,-1,0.7
411,NW-flex,-1,1.0
411,BWA-no-clip,0,1.0
411,BWA-std,0,1.0
411,NW-flex,0,1.0
411,BWA-no-clip,1,1.0
411,BWA-std,1,0.7
411,NW-flex,1,1.0
411,BWA-no-clip,2,1.0
411,BWA-std,2,0.5
411,NW-flex,2,1.0
411,BWA-no-clip,3,1.0
411,BWA-std,3,0.3
411,NW-flex,3,1.0
411,BWA-no-clip,4,1.0
411,BWA-std,4,0.1
411,NW-flex,4,1.0
411,BWA-no-clip,5,1.0
411,BWA-std,5,0.0
411,NW-flex,5,1.0
412,BWA-no-clip,-5,0.5
412,BWA-std,-5,0.1
412,NW-flex,-5,1.0
412,BWA-no-clip,-4,0.6
412,BWA-std,-4,0.2
412,NW-flex,-4,1.0
412,BWA-no-clip,-3,0.7
412,BWA-std,-3,0.4
412,NW-flex,-3,1.0
412,BWA-no-clip,-2,0.9
412,BWA-std,-2,0.6
412,NW-flex,-2,1.0
412,BWA-no-clip,-1,0.9
412,BWA-std,-1,0.7
412,NW-flex,-1,1.0
412,BWA-no-clip,0,1.0
412,BWA-std,0,1.0
412,NW-flex,0,1.0
412,BWA-no-clip,1,1.0
412,BWA-std,1,0.7
412,NW-flex,1,1.0
412,BWA-no-clip,2,1.0
412,BWA-std,2,0.5
412,NW-flex,2,1.0
412,BWA-no-clip,3,1.0
412,BWA-std,3,0.3
412,NW-flex,3,1.0
412,BWA-no-clip,4,1.0
412,BWA-std,4,0.1
412,NW-flex,4,1.0
412,BWA-no-clip,5,1.0
412,BWA-std,5,0.0
412,NW-flex,5,1.0
413,BWA-no-clip,-5,0.6
413,BWA-std,-5,0.1
413,NW-flex,-5,1.0
413,BWA-no-clip,-4,0.7
413,BWA-std,-4,0.2
413,NW-flex,-4,1.0
413,BWA-no-clip,-3,0.7
413,BWA-std,-3,0.4
413,NW-flex,-3,1.0
413,BWA-no-clip,-2,0.7333333333333333
413,BWA-std,-2,0.5
413,NW-flex,-2,1.0
413,BWA-no-clip,-1,0.7
413,BWA-std,-1,0.7
413,NW-flex,-1,1.0
413,BWA-no-clip,0,1.0
413,BWA-std,0,1.0
413,NW-flex,0,1.0
413,BWA-no-clip,1,0.8
413,BWA-std,1,0.7
413,NW-flex,1,1.0
413,BWA-no-clip,2,0.8
413,BWA-std,2,0.5
413,NW-flex,2,1.0
413,BWA-no-clip,3,0.8
413,BWA-std,3,0.3
413,NW-flex,3,1.0
413,BWA-no-clip,4,0.8
413,BWA-std,4,0.1
413,NW-flex,4,1.0
413,BWA-no-clip,5,0.8
413,BWA-std,5,0.0
413,NW-flex,5,1.0
414,BWA-no-clip,-5,0.5
414,BWA-std,-5,0.1
414,NW-flex,-5,1.0
414,BWA-no-clip,-4,0.5
414,BWA-std,-4,0.2
414,NW-flex,-4,1.0
414,BWA-no-clip,-3,0.7
414,BWA-std,-3,0.4
414,NW-flex,-3,1.0
414,BWA-no-clip,-2,0.8
414,BWA-std,-2,0.5
414,NW-flex,-2,1.0
414,BWA-no-clip,-1,0.8
414,BWA-std,-1,0.7
414,NW-flex,-1,1.0
414,BWA-no-clip,0,1.0
414,BWA-std,0,1.0
414,NW-flex,0,1.0
414,BWA-no-clip,1,0.9
414,BWA-std,1,0.7
414,NW-flex,1,1.0
414,BWA-no-clip,2,0.9
414,BWA-std,2,0.5
414,NW-flex,2,1.0
414,BWA-no-clip,3,0.9
414,BWA-std,3,0.3
414,NW-flex,3,1.0
414,BWA-no-clip,4,0.9
414,BWA-std,4,0.1
414,NW-flex,4,1.0
414,BWA-no-clip,5,0.9
414,BWA-std,5,0.0
414,NW-flex,5,1.0
415,BWA-no-clip,-5,0.5
415,BWA-std,-5,0.1
415,NW-flex,-5,1.0
415,BWA-no-clip,-4,0.5
415,BWA-std,-4,0.2
415,NW-flex,-4,1.0
415,BWA-no-clip,-3,0.5
415,BWA-std,-3,0.4
415,NW-flex,-3,1.0
415,BWA-no-clip,-2,0.6
415,BWA-std,-2,0.5
415,NW-flex,-2,1.0
415,BWA-no-clip,-1,0.5
415,BWA-std,-1,0.5
415,NW-flex,-1,1.0
415,BWA-no-clip,0,1.0
415,BWA-std,0,1.0
415,NW-flex,0,1.0
415,BWA-no-clip,1,0.6
415,BWA-std,1,0.6
415,NW-flex,1,1.0
415,BWA-no-clip,2,0.6
415,BWA-std,2,0.5
415,NW-flex,2,1.0
415,BWA-no-clip,3,0.6
415,BWA-std,3,0.3
415,NW-flex,3,1.0
415,BWA-no-clip,4,0.6
415,BWA-std,4,0.1
415,NW-flex,4,1.0
415,BWA-no-clip,5,0.6
415,BWA-std,5,0.0
415,NW-flex,5,1.0
416,BWA-no-clip,-5,0.6
416,BWA-std,-5,0.1
416,NW-flex,-5,1.0
416,BWA-no-clip,-4,0.7
416,BWA-std,-4,0.2
416,NW-flex,-4,1.0
416,BWA-no-clip,-3,0.7
416,BWA-std,-3,0.4
416,NW-flex,-3,1.0
416,BWA-no-clip,-2,0.8
416,BWA-std,-2,0.5
416,NW-flex,-2,1.0
416,BWA-no-clip,-1,0.7
416,BWA-std,-1,0.7
416,NW-flex,-1,1.0
416,BWA-no-clip,0,1.0
416,BWA-std,0,1.0
416,NW-flex,0,1.0
416,BWA-no-clip,1,0.9
416,BWA-std,1,0.7
416,NW-flex,1,1.0
416,BWA-no-clip,2,1.0
416,BWA-std,2,0.5
416,NW-flex,2,1.0
416,BWA-no-clip,3,1.0
416,BWA-std,3,0.3
416,NW-flex,3,1.0
416,BWA-no-clip,4,1.0
416,BWA-std,4,0.1
416,NW-flex,4,1.0
416,BWA-no-clip,5,1.0
416,BWA-std,5,0.0
416,NW-flex,5,1.0
417,BWA-no-clip,-5,0.4
417,BWA-std,-5,0.1
417,NW-flex,-5,1.0
417,BWA-no-clip,-4,0.5
417,BWA-std,-4,0.2
417,NW-flex,-4,1.0
417,BWA-no-clip,-3,0.5
417,BWA-std,-3,0.4
417,NW-flex,-3,1.0
417,BWA-no-clip,-2,0.8
417,BWA-std,-2,0.5
417,NW-flex,-2,1.0
417,BWA-no-clip,-1,0.6
417,BWA-std,-1,0.6
417,NW-flex,-1,1.0
417,BWA-no-clip,0,1.0
417,BWA-std,0,1.0
417,NW-flex,0,1.0
417,BWA-no-clip,1,0.8
417,BWA-std,1,0.7
417,NW-flex,1,1.0
417,BWA-no-clip,2,1.0
417,BWA-std,2,0.5
417,NW-flex,2,1.0
417,BWA-no-clip,3,1.0
417,BWA-std,3,0.3
417,NW-flex,3,1.0
417,BWA-no-clip,4,0.9
417,BWA-std,4,0.1
417,NW-flex,4,1.0
417,BWA-no-clip,5,1.0
417,BWA-std,5,0.0
417,NW-flex,5,1.0
418,BWA-no-clip,-5,0.6
418,BWA-std,-5,0.1
418,NW-flex,-5,1.0
418,BWA-no-clip,-4,0.8
418,BWA-std,-4,0.2
418,NW-flex,-4,1.0
418,BWA-no-clip,-3,0.8
418,BWA-std,-3,0.4
418,NW-flex,-3,1.0
418,BWA-no-clip,-2,0.9
418,BWA-std,-2,0.6
418,NW-flex,-2,1.0
418,BWA-no-clip,-1,0.9
418,BWA-std,-1,0.7
418,NW-flex,-1,1.0
418,BWA-no-clip,0,1.0
418,BWA-std,0,1.0
418,NW-flex,0,1.0
418,BWA-no-clip,1,1.0
418,BWA-std,1,0.7
418,NW-flex,1,1.0
418,BWA-no-clip,2,1.0
418,BWA-std,2,0.5
418,NW-flex,2,1.0
418,BWA-no-clip,3,1.0
418,BWA-std,3,0.3
418,NW-flex,3,1.0
418,BWA-no-clip,4,1.0
418,BWA-std,4,0.1
418,NW-flex,4,1.0
418,BWA-no-clip,5,1.0
418,BWA-std,5,0.0
418,NW-flex,5,1.0
419,BWA-no-clip,-5,0.6
419,BWA-std,-5,0.1
419,NW-flex,-5,1.0
419,BWA-no-clip,-4,0.7
419,BWA-std,-4,0.2
419,NW-flex,-4,1.0
419,BWA-no-clip,-3,0.7
419,BWA-std,-3,0.4
419,NW-flex,-3,1.0
419,BWA-no-clip,-2,0.8
419,BWA-std,-2,0.5
419,NW-flex,-2,1.0
419,BWA-no-clip,-1,0.8
419,BWA-std,-1,0.7
419,NW-flex,-1,1.0
419,BWA-no-clip,0,1.0
419,BWA-std,0,1.0
419,NW-flex,0,1.0
419,BWA-no-clip,1,0.9
419,BWA-std,1,0.7
419,NW-flex,1,1.0
419,BWA-no-clip,2,0.9
419,BWA-std,2,0.5
419,NW-flex,2,1.0
419,BWA-no-clip,3,0.9
419,BWA-std,3,0.3
419,NW-flex,3,1.0
419,BWA-no-clip,4,0.9
419,BWA-std,4,0.1
419,NW-flex,4,1.0
419,BWA-no-clip,5,0.8
419,BWA-std,5,0.0
419,NW-flex,5,1.0
420,BWA-no-clip,-5,0.6
420,BWA-std,-5,0.1
420,NW-flex,-5,1.0
420,BWA-no-clip,-4,0.7
420,BWA-std,-4,0.2
420,NW-flex,-4,1.0
420,BWA-no-clip,-3,0.7
420,BWA-std,-3,0.4
420,NW-flex,-3,1.0
420,BWA-no-clip,-2,0.9
420,BWA-std,-2,0.6
420,NW-flex,-2,1.0
420,BWA-no-clip,-1,0.9
420,BWA-std,-1,0.7
420,NW-flex,-1,1.0
420,BWA-no-clip,0,1.0
420,BWA-std,0,1.0
420,NW-flex,0,1.0
420,BWA-no-clip,1,1.0
420,BWA-std,1,0.7
420,NW-flex,1,1.0
420,BWA-no-clip,2,1.0
420,BWA-std,2,0.5
420,NW-flex,2,1.0
420,BWA-no-clip,3,1.0
420,BWA-std,3,0.3
420,NW-flex,3,1.0
420,BWA-no-clip,4,1.0
420,BWA-std,4,0.1
420,NW-flex,4,1.0
420,BWA-no-clip,5,1.0
420,BWA-std,5,0.0
420,NW-flex,5,1.0
421,BWA-no-clip,-5,0.3
421,BWA-std,-5,0.1
421,NW-flex,-5,1.0
421,BWA-no-clip,-4,0.7
421,BWA-std,-4,0.2
421,NW-flex,-4,1.0
421,BWA-no-clip,-3,0.8
421,BWA-std,-3,0.4
421,NW-flex,-3,1.0
421,BWA-no-clip,-2,0.9
421,BWA-std,-2,0.6
421,NW-flex,-2,1.0
421,BWA-no-clip,-1,0.9
421,BWA-std,-1,0.7
421,NW-flex,-1,1.0
421,BWA-no-clip,0,1.0
421,BWA-std,0,1.0
421,NW-flex,0,1.0
421,BWA-no-clip,1,1.0
421,BWA-std,1,0.7
421,NW-flex,1,1.0
421,BWA-no-clip,2,1.0
421,BWA-std,2,0.5
421,NW-flex,2,1.0
421,BWA-no-clip,3,1.0
421,BWA-std,3,0.3
421,NW-flex,3,1.0
421,BWA-no-clip,4,1.0
421,BWA-std,4,0.1
421,NW-flex,4,1.0
421,BWA-no-clip,5,0.3
421,BWA-std,5,0.0
421,NW-flex,5,1.0
422,BWA-no-clip,-5,0.5
422,BWA-std,-5,0.1
422,NW-flex,-5,1.0
422,BWA-no-clip,-4,0.8
422,BWA-std,-4,0.2
422,NW-flex,-4,1.0
422,BWA-no-clip,-3,0.8
422,BWA-std,-3,0.4
422,NW-flex,-3,1.0
422,BWA-no-clip,-2,0.9
422,BWA-std,-2,0.6
422,NW-flex,-2,1.0
422,BWA-no-clip,-1,0.9
422,BWA-std,-1,0.7
422,NW-flex,-1,1.0
422,BWA-no-clip,0,1.0
422,BWA-std,0,1.0
422,NW-flex,0,1.0
422,BWA-no-clip,1,1.0
422,BWA-std,1,0.7
422,NW-flex,1,1.0
422,BWA-no-clip,2,1.0
422,BWA-std,2,0.5
422,NW-flex,2,1.0
422,BWA-no-clip,3,1.0
422,BWA-std,3,0.3
422,NW-flex,3,1.0
422,BWA-no-clip,4,1.0
422,BWA-std,4,0.1
422,NW-flex,4,1.0
422,BWA-no-clip,5,1.0
422,BWA-std,5,0.0
422,NW-flex,5,1.0
423,BWA-no-clip,-5,0.5
423,BWA-std,-5,0.1
423,NW-flex,-5,1.0
423,BWA-no-clip,-4,0.6
423,BWA-std,-4,0.2
423,NW-flex,-4,1.0
423,BWA-no-clip,-3,0.6
423,BWA-std,-3,0.4
423,NW-flex,-3,1.0
423,BWA-no-clip,-2,0.8
423,BWA-std,-2,0.5
423,NW-flex,-2,1.0
423,BWA-no-clip,-1,0.8
423,BWA-std,-1,0.7
423,NW-flex,-1,1.0
423,BWA-no-clip,0,1.0
423,BWA-std,0,1.0
423,NW-flex,0,1.0
423,BWA-no-clip,1,1.0
423,BWA-std,1,0.7
423,NW-flex,1,1.0
423,BWA-no-clip,2,1.0
423,BWA-std,2,0.5
423,NW-flex,2,1.0
423,BWA-no-clip,3,1.0
423,BWA-std,3,0.3
423,NW-flex,3,1.0
423,BWA-no-clip,4,1.0
423,BWA-std,4,0.1
423,NW-flex,4,1.0
423,BWA-no-clip,5,1.0
423,BWA-std,5,0.0
423,NW-flex,5,1.0
424,BWA-no-clip,-5,0.4
424,BWA-std,-5,0.1
424,NW-flex,-5,1.0
424,BWA-no-clip,-4,0.5
424,BWA-std,-4,0.2
424,NW-flex,-4,1.0
424,BWA-no-clip,-3,0.5
424,BWA-std,-3,0.4
424,NW-flex,-3,1.0
424,BWA-no-clip,-2,0.6666666666666666
424,BWA-std,-2,0.5
424,NW-flex,-2,1.0
424,BWA-no-clip,-1,0.6
424,BWA-std,-1,0.6
424,NW-flex,-1,1.0
424,BWA-no-clip,0,1.0
424,BWA-std,0,1.0
424,NW-flex,0,1.0
424,BWA-no-clip,1,0.7
424,BWA-std,1,0.7
424,NW-flex,1,1.0
424,BWA-no-clip,2,0.7
424,BWA-std,2,0.5
424,NW-flex,2,1.0
424,BWA-no-clip,3,0.7
424,BWA-std,3,0.3
424,NW-flex,3,1.0
424,BWA-no-clip,4,0.7
424,BWA-std,4,0.1
424,NW-flex,4,1.0
424,BWA-no-clip,5,0.7
424,BWA-std,5,0.0
424,NW-flex,5,1.0
425,BWA-no-clip,-5,0.6
425,BWA-std,-5,0.1
425,NW-flex,-5,1.0
425,BWA-no-clip,-4,0.7
425,BWA-std,-4,0.2
425,NW-flex,-4,1.0
425,BWA-no-clip,-3,0.7
425,BWA-std,-3,0.4
425,NW-flex,-3,1.0
425,BWA-no-clip,-2,0.7333333333333333
425,BWA-std,-2,0.5
425,NW-flex,-2,1.0
425,BWA-no-clip,-1,0.7
425,BWA-std,-1,0.7
425,NW-flex,-1,1.0
425,BWA-no-clip,0,1.0
425,BWA-std,0,1.0
425,NW-flex,0,1.0
425,BWA-no-clip,1,0.8
425,BWA-std,1,0.7
425,NW-flex,1,1.0
425,BWA-no-clip,2,0.8
425,BWA-std,2,0.5
425,NW-flex,2,1.0
425,BWA-no-clip,3,0.8
425,BWA-std,3,0.3
425,NW-flex,3,1.0
425,BWA-no-clip,4,0.8
425,BWA-std,4,0.1
425,NW-flex,4,1.0
425,BWA-no-clip,5,0.8
425,BWA-std,5,0.0
425,NW-flex,5,1.0
426,BWA-no-clip,-5,0.2
426,BWA-std,-5,0.1
426,NW-flex,-5,1.0
426,BWA-no-clip,-4,0.6
426,BWA-std,-4,0.2
426,NW-flex,-4,1.0
426,BWA-no-clip,-3,0.6
426,BWA-std,-3,0.4
426,NW-flex,-3,1.0
426,BWA-no-clip,-2,0.8
426,BWA-std,-2,0.5
426,NW-flex,-2,1.0
426,BWA-no-clip,-1,0.8
426,BWA-std,-1,0.7
426,NW-flex,-1,1.0
426,BWA-no-clip,0,1.0
426,BWA-std,0,1.0
426,NW-flex,0,1.0
426,BWA-no-clip,1,1.0
426,BWA-std,1,0.7
426,NW-flex,1,1.0
426,BWA-no-clip,2,0.8
426,BWA-std,2,0.5
426,NW-flex,2,1.0
426,BWA-no-clip,3,1.0
426,BWA-std,3,0.3
426,NW-flex,3,1.0
426,BWA-no-clip,4,0.7
426,BWA-std,4,0.1
426,NW-flex,4,1.0
426,BWA-no-clip,5,0.9
426,BWA-std,5,0.0
426,NW-flex,5,1.0
427,BWA-no-clip,-5,0.6
427,BWA-std,-5,0.1
427,NW-flex,-5,1.0
427,BWA-no-clip,-4,0.7
427,BWA-std,-4,0.2
427,NW-flex,-4,1.0
427,BWA-no-clip,-3,0.7
427,BWA-std,-3,0.4
427,NW-flex,-3,1.0
427,BWA-no-clip,-2,0.7333333333333333
427,BWA-std,-2,0.5
427,NW-flex,-2,1.0
427,BWA-no-clip,-1,0.7
427,BWA-std,-1,0.7
427,NW-flex,-1,1.0
427,BWA-no-clip,0,1.0
427,BWA-std,0,1.0
427,NW-flex,0,1.0
427,BWA-no-clip,1,0.8
427,BWA-std,1,0.7
427,NW-flex,1,1.0
427,BWA-no-clip,2,0.8
427,BWA-std,2,0.5
427,NW-flex,2,1.0
427,BWA-no-clip,3,0.8
427,BWA-std,3,0.3
427,NW-flex,3,1.0
427,BWA-no-clip,4,0.8
427,BWA-std,4,0.1
427,NW-flex,4,1.0
427,BWA-no-clip,5,0.8
427,BWA-std,5,0.0
427,NW-flex,5,1.0
428,BWA-no-clip,-5,0.4
428,BWA-std,-5,0.1
428,NW-flex,-5,1.0
428,BWA-no-clip,-4,0.6
428,BWA-std,-4,0.2
428,NW-flex,-4,1.0
428,BWA-no-clip,-3,0.6
428,BWA-std,-3,0.4
428,NW-flex,-3,1.0
428,BWA-no-clip,-2,0.8
428,BWA-std,-2,0.5
428,NW-flex,-2,1.0
428,BWA-no-clip,-1,0.6
428,BWA-std,-1,0.6
428,NW-flex,-1,1.0
428,BWA-no-clip,0,1.0
428,BWA-std,0,1.0
428,NW-flex,0,1.0
428,BWA-no-clip,1,0.8
428,BWA-std,1,0.7
428,NW-flex,1,1.0
428,BWA-no-clip,2,1.0
428,BWA-std,2,0.5
428,NW-flex,2,1.0
428,BWA-no-clip,3,0.6
428,BWA-std,3,0.3
428,NW-flex,3,1.0
428,BWA-no-clip,4,0.6
428,BWA-std,4,0.1
428,NW-flex,4,1.0
428,BWA-no-clip,5,0.8
428,BWA-std,5,0.0
428,NW-flex,5,1.0
429,BWA-no-clip,-5,0.5
429,BWA-std,-5,0.1
429,NW-flex,-5,1.0
429,BWA-no-clip,-4,0.6
429,BWA-std,-4,0.2
429,NW-flex,-4,1.0
429,BWA-no-clip,-3,0.7
429,BWA-std,-3,0.4
429,NW-flex,-3,1.0
429,BWA-no-clip,-2,0.8
429,BWA-std,-2,0.6
429,NW-flex,-2,1.0
429,BWA-no-clip,-1,0.9
429,BWA-std,-1,0.7
429,NW-flex,-1,1.0
429,BWA-no-clip,0,1.0
429,BWA-std,0,1.0
429,NW-flex,0,1.0
429,BWA-no-clip,1,1.0
429,BWA-std,1,0.7
429,NW-flex,1,1.0
429,BWA-no-clip,2,1.0
429,BWA-std,2,0.5
429,NW-flex,2,1.0
429,BWA-no-clip,3,1.0
429,BWA-std,3,0.3
429,NW-flex,3,1.0
429,BWA-no-clip,4,1.0
429,BWA-std,4,0.1
429,NW-flex,4,1.0
429,BWA-no-clip,5,1.0
429,BWA-std,5,0.0
429,NW-flex,5,1.0
430,BWA-no-clip,-5,0.5
430,BWA-std,-5,0.1
430,NW-flex,-5,1.0
430,BWA-no-clip,-4,0.6
430,BWA-std,-4,0.2
430,NW-flex,-4,1.0
430,BWA-no-clip,-3,0.6
430,BWA-std,-3,0.4
430,NW-flex,-3,1.0
430,BWA-no-clip,-2,0.8
430,BWA-std,-2,0.5
430,NW-flex,-2,1.0
430,BWA-no-clip,-1,0.8
430,BWA-std,-1,0.7
430,NW-flex,-1,1.0
430,BWA-no-clip,0,1.0
430,BWA-std,0,1.0
430,NW-flex,0,1.0
430,BWA-no-clip,1,1.0
430,BWA-std,1,0.7
430,NW-flex,1,1.0
430,BWA-no-clip,2,1.0
430,BWA-std,2,0.5
430,NW-flex,2,1.0
430,BWA-no-clip,3,1.0
430,BWA-std,3,0.3
430,NW-flex,3,1.0
430,BWA-no-clip,4,1.0
430,BWA-std,4,0.1
430,NW-flex,4,1.0
430,BWA-no-clip,5,1.0
430,BWA-std,5,0.0
430,NW-flex,5,1.0
431,BWA-no-clip,-5,0.6
431,BWA-std,-5,0.1
431,NW-flex,-5,1.0
431,BWA-no-clip,-4,0.6
431,BWA-std,-4,0.2
431,NW-flex,-4,1.0
431,BWA-no-clip,-3,0.7
431,BWA-std,-3,0.4
431,NW-flex,-3,1.0
431,BWA-no-clip,-2,0.8
431,BWA-std,-2,0.5
431,NW-flex,-2,1.0
431,BWA-no-clip,-1,0.8
431,BWA-std,-1,0.7
431,NW-flex,-1,1.0
431,BWA-no-clip,0,1.0
431,BWA-std,0,1.0
431,NW-flex,0,1.0
431,BWA-no-clip,1,1.0
431,BWA-std,1,0.7
431,NW-flex,1,1.0
431,BWA-no-clip,2,1.0
431,BWA-std,2,0.5
431,NW-flex,2,1.0
431,BWA-no-clip,3,1.0
431,BWA-std,3,0.3
431,NW-flex,3,1.0
431,BWA-no-clip,4,1.0
431,BWA-std,4,0.1
431,NW-flex,4,1.0
431,BWA-no-clip,5,1.0
431,BWA-std,5,0.0
431,NW-flex,5,1.0
432,BWA-no-clip,-5,0.4
432,BWA-std,-5,0.1
432,NW-flex,-5,1.0
432,BWA-no-clip,-4,0.6
432,BWA-std,-4,0.2
432,NW-flex,-4,1.0
432,BWA-no-clip,-3,0.7
432,BWA-std,-3,0.4
432,NW-flex,-3,1.0
432,BWA-no-clip,-2,0.8
432,BWA-std,-2,0.5
432,NW-flex,-2,1.0
432,BWA-no-clip,-1,0.7
432,BWA-std,-1,0.7
432,NW-flex,-1,1.0
432,BWA-no-clip,0,1.0
432,BWA-std,0,1.0
432,NW-flex,0,1.0
432,BWA-no-clip,1,0.9
432,BWA-std,1,0.7
432,NW-flex,1,1.0
432,BWA-no-clip,2,1.0
432,BWA-std,2,0.5
432,NW-flex,2,1.0
432,BWA-no-clip,3,1.0
432,BWA-std,3,0.3
432,NW-flex,3,1.0
432,BWA-no-clip,4,1.0
432,BWA-std,4,0.1
432,NW-flex,4,1.0
432,BWA-no-clip,5,1.0
432,BWA-std,5,0.0
432,NW-flex,5,1.0
433,BWA-no-clip,-5,0.4
433,BWA-std,-5,0.1
433,NW-flex,-5,1.0
433,BWA-no-clip,-4,0.4
433,BWA-std,-4,0.2
433,NW-flex,-4,1.0
433,BWA-no-clip,-3,0.4
433,BWA-std,-3,0.4
433,NW-flex,-3,1.0
433,BWA-no-clip,-2,0.5333333333333333
433,BWA-std,-2,0.43333333333333335
433,NW-flex,-2,1.0
433,BWA-no-clip,-1,0.4
433,BWA-std,-1,0.4
433,NW-flex,-1,1.0
433,BWA-no-clip,0,1.0
433,BWA-std,0,1.0
433,NW-flex,0,1.0
433,BWA-no-clip,1,0.5
433,BWA-std,1,0.5
433,NW-flex,1,1.0
433,BWA-no-clip,2,0.5
433,BWA-std,2,0.5
433,NW-flex,2,1.0
433,BWA-no-clip,3,0.5
433,BWA-std,3,0.3
433,NW-flex,3,1.0
433,BWA-no-clip,4,0.5
433,BWA-std,4,0.1
433,NW-flex,4,1.0
433,BWA-no-clip,5,0.5
433,BWA-std,5,0.0
433,NW-flex,5,1.0
434,BWA-no-clip,-5,0.2
434,BWA-std,-5,0.1
434,NW-flex,-5,1.0
434,BWA-no-clip,-4,0.3
434,BWA-std,-4,0.2
434,NW-flex,-4,1.0
434,BWA-no-clip,-3,0.4
434,BWA-std,-3,0.4
434,NW-flex,-3,1.0
434,BWA-no-clip,-2,0.8
434,BWA-std,-2,0.5
434,NW-flex,-2,1.0
434,BWA-no-clip,-1,0.6
434,BWA-std,-1,0.6
434,NW-flex,-1,1.0
434,BWA-no-clip,0,1.0
434,BWA-std,0,1.0
434,NW-flex,0,1.0
434,BWA-no-clip,1,0.8
434,BWA-std,1,0.7
434,NW-flex,1,1.0
434,BWA-no-clip,2,1.0
434,BWA-std,2,0.5
434,NW-flex,2,1.0
434,BWA-no-clip,3,0.9
434,BWA-std,3,0.3
434,NW-flex,3,1.0
434,BWA-no-clip,4,0.8
434,BWA-std,4,0.1
434,NW-flex,4,1.0
434,BWA-no-clip,5,0.9
434,BWA-std,5,0.0
434,NW-flex,5,1.0
435,BWA-no-clip,-5,0.3
435,BWA-std,-5,0.1
435,NW-flex,-5,1.0
435,BWA-no-clip,-4,0.5
435,BWA-std,-4,0.2
435,NW-flex,-4,1.0
435,BWA-no-clip,-3,0.5
435,BWA-std,-3,0.4
435,NW-flex,-3,1.0
435,BWA-no-clip,-2,0.8
435,BWA-std,-2,0.5
435,NW-flex,-2,1.0
435,BWA-no-clip,-1,0.8
435,BWA-std,-1,0.7
435,NW-flex,-1,1.0
435,BWA-no-clip,0,1.0
435,BWA-std,0,1.0
435,NW-flex,0,1.0
435,BWA-no-clip,1,0.9
435,BWA-std,1,0.7
435,NW-flex,1,1.0
435,BWA-no-clip,2,0.9
435,BWA-std,2,0.5
435,NW-flex,2,1.0
435,BWA-no-clip,3,0.9
435,BWA-std,3,0.3
435,NW-flex,3,1.0
435,BWA-no-clip,4,0.9
435,BWA-std,4,0.1
435,NW-flex,4,1.0
435,BWA-no-clip,5,0.9
435,BWA-std,5,0.0
435,NW-flex,5,1.0
436,BWA-no-clip,-5,0.6
436,BWA-std,-5,0.1
436,NW-flex,-5,1.0
436,BWA-no-clip,-4,0.6
436,BWA-std,-4,0.2
436,NW-flex,-4,1.0
436,BWA-no-clip,-3,0.7
436,BWA-std,-3,0.4
436,NW-flex,-3,1.0
436,BWA-no-clip,-2,0.7
436,BWA-std,-2,0.6
436,NW-flex,-2,1.0
436,BWA-no-clip,-1,0.9
436,BWA-std,-1,0.7
436,NW-flex,-1,1.0
436,BWA-no-clip,0,1.0
436,BWA-std,0,1.0
436,NW-flex,0,1.0
436,BWA-no-clip,1,1.0
436,BWA-std,1,0.7
436,NW-flex,1,1.0
436,BWA-no-clip,2,1.0
436,BWA-std,2,0.5
436,NW-flex,2,1.0
436,BWA-no-clip,3,1.0
436,BWA-std,3,0.3
436,NW-flex,3,1.0
436,BWA-no-clip,4,1.0
436,BWA-std,4,0.1
436,NW-flex,4,1.0
436,BWA-no-clip,5,1.0
436,BWA-std,5,0.0
436,NW-flex,5,1.0
437,BWA-no-clip,-5,0.5
437,BWA-std,-5,0.1
437,NW-flex,-5,1.0
437,BWA-no-clip,-4,0.6
437,BWA-std,-4,0.2
437,NW-flex,-4,1.0
437,BWA-no-clip,-3,0.6
437,BWA-std,-3,0.4
437,NW-flex,-3,1.0
437,BWA-no-clip,-2,0.8
437,BWA-std,-2,0.5
437,NW-flex,-2,1.0
437,BWA-no-clip,-1,0.8
437,BWA-std,-1,0.7
437,NW-flex,-1,1.0
437,BWA-no-clip,0,1.0
437,BWA-std,0,1.0
437,NW-flex,0,1.0
437,BWA-no-clip,1,1.0
437,BWA-std,1,0.7
437,NW-flex,1,1.0
437,BWA-no-clip,2,1.0
437,BWA-std,2,0.5
437,NW-flex,2,1.0
437,BWA-no-clip,3,1.0
437,BWA-std,3,0.3
437,NW-flex,3,1.0
437,BWA-no-clip,4,1.0
437,BWA-std,4,0.1
437,NW-flex,4,1.0
437,BWA-no-clip,5,1.0
437,BWA-std,5,0.0
437,NW-flex,5,1.0
438,BWA-no-clip,-5,0.6
438,BWA-std,-5,0.1
438,NW-flex,-5,1.0
438,BWA-no-clip,-4,0.8
438,BWA-std,-4,0.2
438,NW-flex,-4,1.0
438,BWA-no-clip,-3,0.8
438,BWA-std,-3,0.4
438,NW-flex,-3,1.0
438,BWA-no-clip,-2,0.9
438,BWA-std,-2,0.6
438,NW-flex,-2,1.0
438,BWA-no-clip,-1,0.9
438,BWA-std,-1,0.7
438,NW-flex,-1,1.0
438,BWA-no-clip,0,1.0
438,BWA-std,0,1.0
438,NW-flex,0,1.0
438,BWA-no-clip,1,1.0
438,BWA-std,1,0.7
438,NW-flex,1,1.0
438,BWA-no-clip,2,1.0
438,BWA-std,2,0.5
438,NW-flex,2,1.0
438,BWA-no-clip,3,1.0
438,BWA-std,3,0.3
438,NW-flex,3,1.0
438,BWA-no-clip,4,1.0
438,BWA-std,4,0.1
438,NW-flex,4,1.0
438,BWA-no-clip,5,1.0
438,BWA-std,5,0.0
438,NW-flex,5,1.0
439,BWA-no-clip,-5,0.5
439,BWA-std,-5,0.1
439,NW-flex,-5,1.0
439,BWA-no-clip,-4,0.6
439,BWA-std,-4,0.2
439,NW-flex,-4,1.0
439,BWA-no-clip,-3,0.6
439,BWA-std,-3,0.3
439,NW-flex,-3,1.0
439,BWA-no-clip,-2,0.7
439,BWA-std,-2,0.5
439,NW-flex,-2,1.0
439,BWA-no-clip,-1,0.8
439,BWA-std,-1,0.7
439,NW-flex,-1,1.0
439,BWA-no-clip,0,1.0
439,BWA-std,0,1.0
439,NW-flex,0,1.0
439,BWA-no-clip,1,1.0
439,BWA-std,1,0.7
439,NW-flex,1,1.0
439,BWA-no-clip,2,0.9
439,BWA-std,2,0.5
439,NW-flex,2,1.0
439,BWA-no-clip,3,0.9
439,BWA-std,3,0.3
439,NW-flex,3,1.0
439,BWA-no-clip,4,0.9
439,BWA-std,4,0.1
439,NW-flex,4,1.0
439,BWA-no-clip,5,0.9
439,BWA-std,5,0.0
439,NW-flex,5,1.0
440,BWA-no-clip,-5,0.6
440,BWA-std,-5,0.1
440,NW-flex,-5,1.0
440,BWA-no-clip,-4,0.7
440,BWA-std,-4,0.2
440,NW-flex,-4,1.0
440,BWA-no-clip,-3,0.7
440,BWA-std,-3,0.4
440,NW-flex,-3,1.0
440,BWA-no-clip,-2,0.7333333333333333
440,BWA-std,-2,0.5
440,NW-flex,-2,1.0
440,BWA-no-clip,-1,0.7
440,BWA-std,-1,0.7
440,NW-flex,-1,1.0
440,BWA-no-clip,0,1.0
440,BWA-std,0,1.0
440,NW-flex,0,1.0
440,BWA-no-clip,1,0.8
440,BWA-std,1,0.7
440,NW-flex,1,1.0
440,BWA-no-clip,2,0.8
440,BWA-std,2,0.5
440,NW-flex,2,1.0
440,BWA-no-clip,3,0.8
440,BWA-std,3,0.3
440,NW-flex,3,1.0
440,BWA-no-clip,4,0.8
440,BWA-std,4,0.1
440,NW-flex,4,1.0
440,BWA-no-clip,5,0.8
440,BWA-std,5,0.0
440,NW-flex,5,1.0
441,BWA-no-clip,-5,0.5
441,BWA-std,-5,0.1
441,NW-flex,-5,1.0
441,BWA-no-clip,-4,0.6
441,BWA-std,-4,0.2
441,NW-flex,-4,1.0
441,BWA-no-clip,-3,0.7
441,BWA-std,-3,0.4
441,NW-flex,-3,1.0
441,BWA-no-clip,-2,0.8
441,BWA-std,-2,0.6
441,NW-flex,-2,1.0
441,BWA-no-clip,-1,0.9
441,BWA-std,-1,0.7
441,NW-flex,-1,1.0
441,BWA-no-clip,0,1.0
441,BWA-std,0,1.0
441,NW-flex,0,1.0
441,BWA-no-clip,1,1.0
441,BWA-std,1,0.7
441,NW-flex,1,1.0
441,BWA-no-clip,2,1.0
441,BWA-std,2,0.5
441,NW-flex,2,1.0
441,BWA-no-clip,3,1.0
441,BWA-std,3,0.3
441,NW-flex,3,1.0
441,BWA-no-clip,4,1.0
441,BWA-std,4,0.1
441,NW-flex,4,1.0
441,BWA-no-clip,5,1.0
441,BWA-std,5,0.0
441,NW-flex,5,1.0
442,BWA-no-clip,-5,0.4
442,BWA-std,-5,0.1
442,NW-flex,-5,1.0
442,BWA-no-clip,-4,0.6
442,BWA-std,-4,0.2
442,NW-flex,-4,1.0
442,BWA-no-clip,-3,0.6
442,BWA-std,-3,0.3
442,NW-flex,-3,1.0
442,BWA-no-clip,-2,0.7
442,BWA-std,-2,0.5
442,NW-flex,-2,1.0
442,BWA-no-clip,-1,0.8
442,BWA-std,-1,0.7
442,NW-flex,-1,1.0
442,BWA-no-clip,0,1.0
442,BWA-std,0,1.0
442,NW-flex,0,1.0
442,BWA-no-clip,1,1.0
442,BWA-std,1,0.7
442,NW-flex,1,1.0
442,BWA-no-clip,2,0.8
442,BWA-std,2,0.5
442,NW-flex,2,1.0
442,BWA-no-clip,3,0.8
442,BWA-std,3,0.3
442,NW-flex,3,1.0
442,BWA-no-clip,4,0.9
442,BWA-std,4,0.1
442,NW-flex,4,1.0
442,BWA-no-clip,5,1.0
442,BWA-std,5,0.0
442,NW-flex,5,1.0
443,BWA-no-clip,-5,0.6
443,BWA-std,-5,0.1
443,NW-flex,-5,1.0
443,BWA-no-clip,-4,0.7
443,BWA-std,-4,0.2
443,NW-flex,-4,1.0
443,BWA-no-clip,-3,0.7
443,BWA-std,-3,0.4
443,NW-flex,-3,1.0
443,BWA-no-clip,-2,0.8
443,BWA-std,-2,0.5
443,NW-flex,-2,1.0
443,BWA-no-clip,-1,0.8
443,BWA-std,-1,0.7
443,NW-flex,-1,1.0
443,BWA-no-clip,0,1.0
443,BWA-std,0,1.0
443,NW-flex,0,1.0
443,BWA-no-clip,1,0.9
443,BWA-std,1,0.7
443,NW-flex,1,1.0
443,BWA-no-clip,2,0.9
443,BWA-std,2,0.5
443,NW-flex,2,1.0
443,BWA-no-clip,3,0.9
443,BWA-std,3,0.3
443,NW-flex,3,1.0
443,BWA-no-clip,4,0.9
443,BWA-std,4,0.1
443,NW-flex,4,1.0
443,BWA-no-clip,5,0.9
443,BWA-std,5,0.0
443,NW-flex,5,1.0
444,BWA-no-clip,-5,0.4
444,BWA-std,-5,0.1
444,NW-flex,-5,1.0
444,BWA-no-clip,-4,0.6
444,BWA-std,-4,0.2
444,NW-flex,-4,1.0
444,BWA-no-clip,-3,0.6
444,BWA-std,-3,0.4
444,NW-flex,-3,1.0
444,BWA-no-clip,-2,0.8
444,BWA-std,-2,0.5
444,NW-flex,-2,1.0
444,BWA-no-clip,-1,0.8
444,BWA-std,-1,0.7
444,NW-flex,-1,1.0
444,BWA-no-clip,0,1.0
444,BWA-std,0,1.0
444,NW-flex,0,1.0
444,BWA-no-clip,1,1.0
444,BWA-std,1,0.7
444,NW-flex,1,1.0
444,BWA-no-clip,2,1.0
444,BWA-std,2,0.5
444,NW-flex,2,1.0
444,BWA-no-clip,3,0.9
444,BWA-std,3,0.3
444,NW-flex,3,1.0
444,BWA-no-clip,4,1.0
444,BWA-std,4,0.1
444,NW-flex,4,1.0
444,BWA-no-clip,5,1.0
444,BWA-std,5,0.0
444,NW-flex,5,1.0
445,BWA-no-clip,-5,0.5
445,BWA-std,-5,0.1
445,NW-flex,-5,1.0
445,BWA-no-clip,-4,0.6
445,BWA-std,-4,0.2
445,NW-flex,-4,1.0
445,BWA-no-clip,-3,0.6
445,BWA-std,-3,0.4
445,NW-flex,-3,1.0
445,BWA-no-clip,-2,0.8
445,BWA-std,-2,0.5
445,NW-flex,-2,1.0
445,BWA-no-clip,-1,0.8
445,BWA-std,-1,0.7
445,NW-flex,-1,1.0
445,BWA-no-clip,0,1.0
445,BWA-std,0,1.0
445,NW-flex,0,1.0
445,BWA-no-clip,1,1.0
445,BWA-std,1,0.7
445,NW-flex,1,1.0
445,BWA-no-clip,2,1.0
445,BWA-std,2,0.5
445,NW-flex,2,1.0
445,BWA-no-clip,3,1.0
445,BWA-std,3,0.3
445,NW-flex,3,1.0
445,BWA-no-clip,4,1.0
445,BWA-std,4,0.1
445,NW-flex,4,1.0
445,BWA-no-clip,5,1.0
445,BWA-std,5,0.0
445,NW-flex,5,1.0
446,BWA-no-clip,-5,0.5
446,BWA-std,-5,0.1
446,NW-flex,-5,1.0
446,BWA-no-clip,-4,0.6
446,BWA-std,-4,0.2
446,NW-flex,-4,1.0
446,BWA-no-clip,-3,0.7
446,BWA-std,-3,0.4
446,NW-flex,-3,1.0
446,BWA-no-clip,-2,0.7333333333333333
446,BWA-std,-2,0.5
446,NW-flex,-2,1.0
446,BWA-no-clip,-1,0.7
446,BWA-std,-1,0.7
446,NW-flex,-1,1.0
446,BWA-no-clip,0,1.0
446,BWA-std,0,1.0
446,NW-flex,0,1.0
446,BWA-no-clip,1,0.8
446,BWA-std,1,0.7
446,NW-flex,1,1.0
446,BWA-no-clip,2,0.8
446,BWA-std,2,0.5
446,NW-flex,2,1.0
446,BWA-no-clip,3,0.8
446,BWA-std,3,0.3
446,NW-flex,3,1.0
446,BWA-no-clip,4,0.8
446,BWA-std,4,0.1
446,NW-flex,4,1.0
446,BWA-no-clip,5,0.8
446,BWA-std,5,0.0
446,NW-flex,5,1.0
447,BWA-no-clip,-5,0.5
447,BWA-std,-5,0.1
447,NW-flex,-5,1.0
447,BWA-no-clip,-4,0.6
447,BWA-std,-4,0.2
447,NW-flex,-4,1.0
447,BWA-no-clip,-3,0.6
447,BWA-std,-3,0.4
447,NW-flex,-3,1.0
447,BWA-no-clip,-2,0.8
447,BWA-std,-2,0.5
447,NW-flex,-2,1.0
447,BWA-no-clip,-1,0.6
447,BWA-std,-1,0.6
447,NW-flex,-1,1.0
447,BWA-no-clip,0,1.0
447,BWA-std,0,1.0
447,NW-flex,0,1.0
447,BWA-no-clip,1,0.8
447,BWA-std,1,0.7
447,NW-flex,1,1.0
447,BWA-no-clip,2,1.0
447,BWA-std,2,0.5
447,NW-flex,2,1.0
447,BWA-no-clip,3,1.0
447,BWA-std,3,0.3
447,NW-flex,3,1.0
447,BWA-no-clip,4,1.0
447,BWA-std,4,0.1
447,NW-flex,4,1.0
447,BWA-no-clip,5,1.0
447,BWA-std,5,0.0
447,NW-flex,5,1.0
448,BWA-no-clip,-5,0.6
448,BWA-std,-5,0.1
448,NW-flex,-5,1.0
448,BWA-no-clip,-4,0.8
448,BWA-std,-4,0.2
448,NW-flex,-4,1.0
448,BWA-no-clip,-3,0.8
448,BWA-std,-3,0.4
448,NW-flex,-3,1.0
448,BWA-no-clip,-2,0.9
448,BWA-std,-2,0.6
448,NW-flex,-2,1.0
448,BWA-no-clip,-1,0.9
448,BWA-std,-1,0.7
448,NW-flex,-1,1.0
448,BWA-no-clip,0,1.0
448,BWA-std,0,1.0
448,NW-flex,0,1.0
448,BWA-no-clip,1,1.0
448,BWA-std,1,0.7
448,NW-flex,1,1.0
448,BWA-no-clip,2,1.0
448,BWA-std,2,0.5
448,NW-flex,2,1.0
448,BWA-no-clip,3,1.0
448,BWA-std,3,0.3
448,NW-flex,3,1.0
448,BWA-no-clip,4,1.0
448,BWA-std,4,0.1
448,NW-flex,4,1.0
448,BWA-no-clip,5,1.0
448,BWA-std,5,0.0
448,NW-flex,5,1.0
449,BWA-no-clip,-5,0.5
449,BWA-std,-5,0.1
449,NW-flex,-5,1.0
449,BWA-no-clip,-4,0.6
449,BWA-std,-4,0.2
449,NW-flex,-4,1.0
449,BWA-no-clip,-3,0.6
449,BWA-std,-3,0.3
449,NW-flex,-3,1.0
449,BWA-no-clip,-2,0.7
449,BWA-std,-2,0.5
449,NW-flex,-2,1.0
449,BWA-no-clip,-1,0.8
449,BWA-std,-1,0.7
449,NW-flex,-1,1.0
449,BWA-no-clip,0,1.0
449,BWA-std,0,1.0
449,NW-flex,0,1.0
449,BWA-no-clip,1,1.0
449,BWA-std,1,0.7
449,NW-flex,1,1.0
449,BWA-no-clip,2,0.9
449,BWA-std,2,0.5
449,NW-flex,2,1.0
449,BWA-no-clip,3,1.0
449,BWA-std,3,0.3
449,NW-flex,3,1.0
449,BWA-no-clip,4,1.0
449,BWA-std,4,0.1
449,NW-flex,4,1.0
449,BWA-no-clip,5,1.0
449,BWA-std,5,0.0
449,NW-flex,5,1.0
450,BWA-no-clip,-5,0.3
450,BWA-std,-5,0.1
450,NW-flex,-5,1.0
450,BWA-no-clip,-4,0.7
450,BWA-std,-4,0.2
450,NW-flex,-4,1.0
450,BWA-no-clip,-3,0.7
450,BWA-std,-3,0.4
450,NW-flex,-3,1.0
450,BWA-no-clip,-2,0.8
450,BWA-std,-2,0.5
450,NW-flex,-2,1.0
450,BWA-no-clip,-1,0.7
450,BWA-std,-1,0.7
450,NW-flex,-1,1.0
450,BWA-no-clip,0,1.0
450,BWA-std,0,1.0
450,NW-flex,0,1.0
450,BWA-no-clip,1,0.9
450,BWA-std,1,0.7
450,NW-flex,1,1.0
450,BWA-no-clip,2,1.0
450,BWA-std,2,0.5
450,NW-flex,2,1.0
450,BWA-no-clip,3,1.0
450,BWA-std,3,0.3
450,NW-flex,3,1.0
450,BWA-no-clip,4,1.0
450,BWA-std,4,0.1
450,NW-flex,4,1.0
450,BWA-no-clip,5,1.0
450,BWA-std,5,0.0
450,NW-flex,5,1.0
451,BWA-no-clip,-5,0.4
451,BWA-std,-5,0.1
451,NW-flex,-5,1.0
451,BWA-no-clip,-4,0.5
451,BWA-std,-4,0.2
451,NW-flex,-4,1.0
451,BWA-no-clip,-3,0.5
451,BWA-std,-3,0.3
451,NW-flex,-3,1.0
451,BWA-no-clip,-2,0.7
451,BWA-std,-2,0.5
451,NW-flex,-2,1.0
451,BWA-no-clip,-1,0.8
451,BWA-std,-1,0.7
451,NW-flex,-1,1.0
451,BWA-no-clip,0,1.0
451,BWA-std,0,1.0
451,NW-flex,0,1.0
451,BWA-no-clip,1,0.9
451,BWA-std,1,0.7
451,NW-flex,1,1.0
451,BWA-no-clip,2,0.9
451,BWA-std,2,0.5
451,NW-flex,2,1.0
451,BWA-no-clip,3,0.9
451,BWA-std,3,0.3
451,NW-flex,3,1.0
451,BWA-no-clip,4,0.9
451,BWA-std,4,0.1
451,NW-flex,4,1.0
451,BWA-no-clip,5,0.9
451,BWA-std,5,0.0
451,NW-flex,5,1.0
452,BWA-no-clip,-5,0.4
452,BWA-std,-5,0.1
452,NW-flex,-5,1.0
452,BWA-no-clip,-4,0.5
452,BWA-std,-4,0.2
452,NW-flex,-4,1.0
452,BWA-no-clip,-3,0.5
452,BWA-std,-3,0.4
452,NW-flex,-3,1.0
452,BWA-no-clip,-2,0.9
452,BWA-std,-2,0.6
452,NW-flex,-2,1.0
452,BWA-no-clip,-1,0.9
452,BWA-std,-1,0.7
452,NW-flex,-1,1.0
452,BWA-no-clip,0,1.0
452,BWA-std,0,1.0
452,NW-flex,0,1.0
452,BWA-no-clip,1,1.0
452,BWA-std,1,0.7
452,NW-flex,1,1.0
452,BWA-no-clip,2,1.0
452,BWA-std,2,0.5
452,NW-flex,2,1.0
452,BWA-no-clip,3,0.7
452,BWA-std,3,0.3
452,NW-flex,3,1.0
452,BWA-no-clip,4,1.0
452,BWA-std,4,0.1
452,NW-flex,4,1.0
452,BWA-no-clip,5,1.0
452,BWA-std,5,0.0
452,NW-flex,5,1.0
453,BWA-no-clip,-5,0.7
453,BWA-std,-5,0.1
453,NW-flex,-5,1.0
453,BWA-no-clip,-4,0.7
453,BWA-std,-4,0.2
453,NW-flex,-4,1.0
453,BWA-no-clip,-3,0.8
453,BWA-std,-3,0.4
453,NW-flex,-3,1.0
453,BWA-no-clip,-2,0.8
453,BWA-std,-2,0.6
453,NW-flex,-2,1.0
453,BWA-no-clip,-1,0.9
453,BWA-std,-1,0.7
453,NW-flex,-1,1.0
453,BWA-no-clip,0,1.0
453,BWA-std,0,1.0
453,NW-flex,0,1.0
453,BWA-no-clip,1,1.0
453,BWA-std,1,0.7
453,NW-flex,1,1.0
453,BWA-no-clip,2,1.0
453,BWA-std,2,0.5
453,NW-flex,2,1.0
453,BWA-no-clip,3,1.0
453,BWA-std,3,0.3
453,NW-flex,3,1.0
453,BWA-no-clip,4,1.0
453,BWA-std,4,0.1
453,NW-flex,4,1.0
453,BWA-no-clip,5,1.0
453,BWA-std,5,0.0
453,NW-flex,5,1.0
454,BWA-no-clip,-5,0.5
454,BWA-std,-5,0.1
454,NW-flex,-5,1.0
454,BWA-no-clip,-4,0.6
454,BWA-std,-4,0.2
454,NW-flex,-4,1.0
454,BWA-no-clip,-3,0.8
454,BWA-std,-3,0.4
454,NW-flex,-3,1.0
454,BWA-no-clip,-2,0.9
454,BWA-std,-2,0.6
454,NW-flex,-2,1.0
454,BWA-no-clip,-1,0.9
454,BWA-std,-1,0.7
454,NW-flex,-1,1.0
454,BWA-no-clip,0,1.0
454,BWA-std,0,1.0
454,NW-flex,0,1.0
454,BWA-no-clip,1,1.0
454,BWA-std,1,0.7
454,NW-flex,1,1.0
454,BWA-no-clip,2,1.0
454,BWA-std,2,0.5
454,NW-flex,2,1.0
454,BWA-no-clip,3,1.0
454,BWA-std,3,0.3
454,NW-flex,3,1.0
454,BWA-no-clip,4,1.0
454,BWA-std,4,0.1
454,NW-flex,4,1.0
454,BWA-no-clip,5,1.0
454,BWA-std,5,0.0
454,NW-flex,5,1.0
455,BWA-no-clip,-5,0.6
455,BWA-std,-5,0.1
455,NW-flex,-5,1.0
455,BWA-no-clip,-4,0.8
455,BWA-std,-4,0.2
455,NW-flex,-4,1.0
455,BWA-no-clip,-3,0.8
455,BWA-std,-3,0.4
455,NW-flex,-3,1.0
455,BWA-no-clip,-2,0.9
455,BWA-std,-2,0.6
455,NW-flex,-2,1.0
455,BWA-no-clip,-1,0.9
455,BWA-std,-1,0.7
455,NW-flex,-1,1.0
455,BWA-no-clip,0,1.0
455,BWA-std,0,1.0
455,NW-flex,0,1.0
455,BWA-no-clip,1,1.0
455,BWA-std,1,0.7
455,NW-flex,1,1.0
455,BWA-no-clip,2,1.0
455,BWA-std,2,0.5
455,NW-flex,2,1.0
455,BWA-no-clip,3,1.0
455,BWA-std,3,0.3
455,NW-flex,3,1.0
455,BWA-no-clip,4,1.0
455,BWA-std,4,0.1
455,NW-flex,4,1.0
455,BWA-no-clip,5,1.0
455,BWA-std,5,0.0
455,NW-flex,5,1.0
456,BWA-no-clip,-5,0.7
456,BWA-std,-5,0.1
456,NW-flex,-5,1.0
456,BWA-no-clip,-4,0.7
456,BWA-std,-4,0.2
456,NW-flex,-4,1.0
456,BWA-no-clip,-3,0.8
456,BWA-std,-3,0.4
456,NW-flex,-3,1.0
456,BWA-no-clip,-2,0.9
456,BWA-std,-2,0.6
456,NW-flex,-2,1.0
456,BWA-no-clip,-1,0.9
456,BWA-std,-1,0.7
456,NW-flex,-1,1.0
456,BWA-no-clip,0,1.0
456,BWA-std,0,1.0
456,NW-flex,0,1.0
456,BWA-no-clip,1,1.0
456,BWA-std,1,0.7
456,NW-flex,1,1.0
456,BWA-no-clip,2,1.0
456,BWA-std,2,0.5
456,NW-flex,2,1.0
456,BWA-no-clip,3,1.0
456,BWA-std,3,0.3
456,NW-flex,3,1.0
456,BWA-no-clip,4,1.0
456,BWA-std,4,0.1
456,NW-flex,4,1.0
456,BWA-no-clip,5,1.0
456,BWA-std,5,0.0
456,NW-flex,5,1.0
457,BWA-no-clip,-5,0.5
457,BWA-std,-5,0.1
457,NW-flex,-5,1.0
457,BWA-no-clip,-4,0.6
457,BWA-std,-4,0.2
457,NW-flex,-4,1.0
457,BWA-no-clip,-3,0.6
457,BWA-std,-3,0.4
457,NW-flex,-3,1.0
457,BWA-no-clip,-2,0.9
457,BWA-std,-2,0.6
457,NW-flex,-2,1.0
457,BWA-no-clip,-1,0.9
457,BWA-std,-1,0.7
457,NW-flex,-1,1.0
457,BWA-no-clip,0,1.0
457,BWA-std,0,1.0
457,NW-flex,0,1.0
457,BWA-no-clip,1,1.0
457,BWA-std,1,0.7
457,NW-flex,1,1.0
457,BWA-no-clip,2,0.9
457,BWA-std,2,0.5
457,NW-flex,2,1.0
457,BWA-no-clip,3,1.0
457,BWA-std,3,0.3
457,NW-flex,3,1.0
457,BWA-no-clip,4,1.0
457,BWA-std,4,0.1
457,NW-flex,4,1.0
457,BWA-no-clip,5,1.0
457,BWA-std,5,0.0
457,NW-flex,5,1.0
458,BWA-no-clip,-5,0.6
458,BWA-std,-5,0.1
458,NW-flex,-5,1.0
458,BWA-no-clip,-4,0.7
458,BWA-std,-4,0.2
458,NW-flex,-4,1.0
458,BWA-no-clip,-3,0.7
458,BWA-std,-3,0.4
458,NW-flex,-3,1.0
458,BWA-no-clip,-2,0.7333333333333333
458,BWA-std,-2,0.5
458,NW-flex,-2,1.0
458,BWA-no-clip,-1,0.7
458,BWA-std,-1,0.7
458,NW-flex,-1,1.0
458,BWA-no-clip,0,1.0
458,BWA-std,0,1.0
458,NW-flex,0,1.0
458,BWA-no-clip,1,0.8
458,BWA-std,1,0.7
458,NW-flex,1,1.0
458,BWA-no-clip,2,0.8
458,BWA-std,2,0.5
458,NW-flex,2,1.0
458,BWA-no-clip,3,0.8
458,BWA-std,3,0.3
458,NW-flex,3,1.0
458,BWA-no-clip,4,0.8
458,BWA-std,4,0.1
458,NW-flex,4,1.0
458,BWA-no-clip,5,0.8
458,BWA-std,5,0.0
458,NW-flex,5,1.0
459,BWA-no-clip,-5,0.6
459,BWA-std,-5,0.1
459,NW-flex,-5,1.0
459,BWA-no-clip,-4,0.8
459,BWA-std,-4,0.2
459,NW-flex,-4,1.0
459,BWA-no-clip,-3,0.8
459,BWA-std,-3,0.4
459,NW-flex,-3,1.0
459,BWA-no-clip,-2,0.9
459,BWA-std,-2,0.6
459,NW-flex,-2,1.0
459,BWA-no-clip,-1,0.9
459,BWA-std,-1,0.7
459,NW-flex,-1,1.0
459,BWA-no-clip,0,1.0
459,BWA-std,0,1.0
459,NW-flex,0,1.0
459,BWA-no-clip,1,1.0
459,BWA-std,1,0.7
459,NW-flex,1,1.0
459,BWA-no-clip,2,1.0
459,BWA-std,2,0.5
459,NW-flex,2,1.0
459,BWA-no-clip,3,1.0
459,BWA-std,3,0.3
459,NW-flex,3,1.0
459,BWA-no-clip,4,1.0
459,BWA-std,4,0.1
459,NW-flex,4,1.0
459,BWA-no-clip,5,1.0
459,BWA-std,5,0.0
459,NW-flex,5,1.0
460,BWA-no-clip,-5,0.6
460,BWA-std,-5,0.1
460,NW-flex,-5,1.0
460,BWA-no-clip,-4,0.7
460,BWA-std,-4,0.2
460,NW-flex,-4,1.0
460,BWA-no-clip,-3,0.7
460,BWA-std,-3,0.4
460,NW-flex,-3,1.0
460,BWA-no-clip,-2,0.8
460,BWA-std,-2,0.5
460,NW-flex,-2,1.0
460,BWA-no-clip,-1,0.8
460,BWA-std,-1,0.7
460,NW-flex,-1,1.0
460,BWA-no-clip,0,1.0
460,BWA-std,0,1.0
460,NW-flex,0,1.0
460,BWA-no-clip,1,1.0
460,BWA-std,1,0.7
460,NW-flex,1,1.0
460,BWA-no-clip,2,0.8
460,BWA-std,2,0.5
460,NW-flex,2,1.0
460,BWA-no-clip,3,0.8
460,BWA-std,3,0.3
460,NW-flex,3,1.0
460,BWA-no-clip,4,0.8
460,BWA-std,4,0.1
460,NW-flex,4,1.0
460,BWA-no-clip,5,0.8
460,BWA-std,5,0.0
460,NW-flex,5,1.0
461,BWA-no-clip,-5,0.6
461,BWA-std,-5,0.1
461,NW-flex,-5,1.0
461,BWA-no-clip,-4,0.7
461,BWA-std,-4,0.2
461,NW-flex,-4,1.0
461,BWA-no-clip,-3,0.7
461,BWA-std,-3,0.4
461,NW-flex,-3,1.0
461,BWA-no-clip,-2,0.8
461,BWA-std,-2,0.5
461,NW-flex,-2,1.0
461,BWA-no-clip,-1,0.8
461,BWA-std,-1,0.7
461,NW-flex,-1,1.0
461,BWA-no-clip,0,1.0
461,BWA-std,0,1.0
461,NW-flex,0,1.0
461,BWA-no-clip,1,1.0
461,BWA-std,1,0.7
461,NW-flex,1,1.0
461,BWA-no-clip,2,0.8
461,BWA-std,2,0.5
461,NW-flex,2,1.0
461,BWA-no-clip,3,0.8
461,BWA-std,3,0.3
461,NW-flex,3,1.0
461,BWA-no-clip,4,0.8
461,BWA-std,4,0.1
461,NW-flex,4,1.0
461,BWA-no-clip,5,0.8
461,BWA-std,5,0.0
461,NW-flex,5,1.0
462,BWA-no-clip,-5,0.6
462,BWA-std,-5,0.1
462,NW-flex,-5,1.0
462,BWA-no-clip,-4,0.7
462,BWA-std,-4,0.2
462,NW-flex,-4,1.0
462,BWA-no-clip,-3,0.7
462,BWA-std,-3,0.4
462,NW-flex,-3,1.0
462,BWA-no-clip,-2,0.8
462,BWA-std,-2,0.5
462,NW-flex,-2,1.0
462,BWA-no-clip,-1,0.7
462,BWA-std,-1,0.7
462,NW-flex,-1,1.0
462,BWA-no-clip,0,1.0
462,BWA-std,0,1.0
462,NW-flex,0,1.0
462,BWA-no-clip,1,0.9
462,BWA-std,1,0.7
462,NW-flex,1,1.0
462,BWA-no-clip,2,1.0
462,BWA-std,2,0.5
462,NW-flex,2,1.0
462,BWA-no-clip,3,1.0
462,BWA-std,3,0.3
462,NW-flex,3,1.0
462,BWA-no-clip,4,1.0
462,BWA-std,4,0.1
462,NW-flex,4,1.0
462,BWA-no-clip,5,1.0
462,BWA-std,5,0.0
462,NW-flex,5,1.0
463,BWA-no-clip,-5,0.5
463,BWA-std,-5,0.1
463,NW-flex,-5,1.0
463,BWA-no-clip,-4,0.7
463,BWA-std,-4,0.2
463,NW-flex,-4,1.0
463,BWA-no-clip,-3,0.8
463,BWA-std,-3,0.4
463,NW-flex,-3,1.0
463,BWA-no-clip,-2,0.9
463,BWA-std,-2,0.6
463,NW-flex,-2,1.0
463,BWA-no-clip,-1,0.9
463,BWA-std,-1,0.7
463,NW-flex,-1,1.0
463,BWA-no-clip,0,1.0
463,BWA-std,0,1.0
463,NW-flex,0,1.0
463,BWA-no-clip,1,1.0
463,BWA-std,1,0.7
463,NW-flex,1,1.0
463,BWA-no-clip,2,1.0
463,BWA-std,2,0.5
463,NW-flex,2,1.0
463,BWA-no-clip,3,1.0
463,BWA-std,3,0.3
463,NW-flex,3,1.0
463,BWA-no-clip,4,1.0
463,BWA-std,4,0.1
463,NW-flex,4,1.0
463,BWA-no-clip,5,1.0
463,BWA-std,5,0.0
463,NW-flex,5,1.0
464,BWA-no-clip,-5,0.4
464,BWA-std,-5,0.1
464,NW-flex,-5,1.0
464,BWA-no-clip,-4,0.6
464,BWA-std,-4,0.2
464,NW-flex,-4,1.0
464,BWA-no-clip,-3,0.7
464,BWA-std,-3,0.4
464,NW-flex,-3,1.0
464,BWA-no-clip,-2,0.8
464,BWA-std,-2,0.5
464,NW-flex,-2,1.0
464,BWA-no-clip,-1,0.8
464,BWA-std,-1,0.7
464,NW-flex,-1,1.0
464,BWA-no-clip,0,1.0
464,BWA-std,0,1.0
464,NW-flex,0,1.0
464,BWA-no-clip,1,1.0
464,BWA-std,1,0.7
464,NW-flex,1,1.0
464,BWA-no-clip,2,1.0
464,BWA-std,2,0.5
464,NW-flex,2,1.0
464,BWA-no-clip,3,1.0
464,BWA-std,3,0.3
464,NW-flex,3,1.0
464,BWA-no-clip,4,1.0
464,BWA-std,4,0.1
464,NW-flex,4,1.0
464,BWA-no-clip,5,1.0
464,BWA-std,5,0.0
464,NW-flex,5,1.0
465,BWA-no-clip,-5,0.5
465,BWA-std,-5,0.1
465,NW-flex,-5,1.0
465,BWA-no-clip,-4,0.6
465,BWA-std,-4,0.2
465,NW-flex,-4,1.0
465,BWA-no-clip,-3,0.6
465,BWA-std,-3,0.3
465,NW-flex,-3,1.0
465,BWA-no-clip,-2,0.7
465,BWA-std,-2,0.5
465,NW-flex,-2,1.0
465,BWA-no-clip,-1,0.8
465,BWA-std,-1,0.7
465,NW-flex,-1,1.0
465,BWA-no-clip,0,1.0
465,BWA-std,0,1.0
465,NW-flex,0,1.0
465,BWA-no-clip,1,1.0
465,BWA-std,1,0.7
465,NW-flex,1,1.0
465,BWA-no-clip,2,0.9
465,BWA-std,2,0.5
465,NW-flex,2,1.0
465,BWA-no-clip,3,0.9
465,BWA-std,3,0.3
465,NW-flex,3,1.0
465,BWA-no-clip,4,0.9
465,BWA-std,4,0.1
465,NW-flex,4,1.0
465,BWA-no-clip,5,0.9
465,BWA-std,5,0.0
465,NW-flex,5,1.0
466,BWA-no-clip,-5,0.4
466,BWA-std,-5,0.1
466,NW-flex,-5,1.0
466,BWA-no-clip,-4,0.7
466,BWA-std,-4,0.2
466,NW-flex,-4,1.0
466,BWA-no-clip,-3,0.7
466,BWA-std,-3,0.4
466,NW-flex,-3,1.0
466,BWA-no-clip,-2,0.8
466,BWA-std,-2,0.6
466,NW-flex,-2,1.0
466,BWA-no-clip,-1,0.9
466,BWA-std,-1,0.7
466,NW-flex,-1,1.0
466,BWA-no-clip,0,1.0
466,BWA-std,0,1.0
466,NW-flex,0,1.0
466,BWA-no-clip,1,1.0
466,BWA-std,1,0.7
466,NW-flex,1,1.0
466,BWA-no-clip,2,0.9
466,BWA-std,2,0.5
466,NW-flex,2,1.0
466,BWA-no-clip,3,0.7
466,BWA-std,3,0.3
466,NW-flex,3,1.0
466,BWA-no-clip,4,0.7
466,BWA-std,4,0.1
466,NW-flex,4,1.0
466,BWA-no-clip,5,0.7
466,BWA-std,5,0.0
466,NW-flex,5,1.0
467,BWA-no-clip,-5,0.4
467,BWA-std,-5,0.1
467,NW-flex,-5,1.0
467,BWA-no-clip,-4,0.5
467,BWA-std,-4,0.2
467,NW-flex,-4,1.0
467,BWA-no-clip,-3,0.5
467,BWA-std,-3,0.3
467,NW-flex,-3,1.0
467,BWA-no-clip,-2,0.7
467,BWA-std,-2,0.5
467,NW-flex,-2,1.0
467,BWA-no-clip,-1,0.8
467,BWA-std,-1,0.7
467,NW-flex,-1,1.0
467,BWA-no-clip,0,1.0
467,BWA-std,0,1.0
467,NW-flex,0,1.0
467,BWA-no-clip,1,0.9
467,BWA-std,1,0.7
467,NW-flex,1,1.0
467,BWA-no-clip,2,0.9
467,BWA-std,2,0.5
467,NW-flex,2,1.0
467,BWA-no-clip,3,0.9
467,BWA-std,3,0.3
467,NW-flex,3,1.0
467,BWA-no-clip,4,0.9
467,BWA-std,4,0.1
467,NW-flex,4,1.0
467,BWA-no-clip,5,0.9
467,BWA-std,5,0.0
467,NW-flex,5,1.0
468,BWA-no-clip,-5,0.7
468,BWA-std,-5,0.1
468,NW-flex,-5,1.0
468,BWA-no-clip,-4,0.8
468,BWA-std,-4,0.2
468,NW-flex,-4,1.0
468,BWA-no-clip,-3,0.8
468,BWA-std,-3,0.4
468,NW-flex,-3,1.0
468,BWA-no-clip,-2,0.9
468,BWA-std,-2,0.6
468,NW-flex,-2,1.0
468,BWA-no-clip,-1,0.9
468,BWA-std,-1,0.7
468,NW-flex,-1,1.0
468,BWA-no-clip,0,1.0
468,BWA-std,0,1.0
468,NW-flex,0,1.0
468,BWA-no-clip,1,1.0
468,BWA-std,1,0.7
468,NW-flex,1,1.0
468,BWA-no-clip,2,1.0
468,BWA-std,2,0.5
468,NW-flex,2,1.0
468,BWA-no-clip,3,1.0
468,BWA-std,3,0.3
468,NW-flex,3,1.0
468,BWA-no-clip,4,1.0
468,BWA-std,4,0.1
468,NW-flex,4,1.0
468,BWA-no-clip,5,1.0
468,BWA-std,5,0.0
468,NW-flex,5,1.0
469,BWA-no-clip,-5,0.7
469,BWA-std,-5,0.1
469,NW-flex,-5,1.0
469,BWA-no-clip,-4,0.8
469,BWA-std,-4,0.2
469,NW-flex,-4,1.0
469,BWA-no-clip,-3,0.8
469,BWA-std,-3,0.4
469,NW-flex,-3,1.0
469,BWA-no-clip,-2,0.9
469,BWA-std,-2,0.6
469,NW-flex,-2,1.0
469,BWA-no-clip,-1,0.9
469,BWA-std,-1,0.7
469,NW-flex,-1,1.0
469,BWA-no-clip,0,1.0
469,BWA-std,0,1.0
469,NW-flex,0,1.0
469,BWA-no-clip,1,1.0
469,BWA-std,1,0.7
469,NW-flex,1,1.0
469,BWA-no-clip,2,1.0
469,BWA-std,2,0.5
469,NW-flex,2,1.0
469,BWA-no-clip,3,1.0
469,BWA-std,3,0.3
469,NW-flex,3,1.0
469,BWA-no-clip,4,1.0
469,BWA-std,4,0.1
469,NW-flex,4,1.0
469,BWA-no-clip,5,1.0
469,BWA-std,5,0.0
469,NW-flex,5,1.0
470,BWA-no-clip,-5,0.6
470,BWA-std,-5,0.1
470,NW-flex,-5,1.0
470,BWA-no-clip,-4,0.6
470,BWA-std,-4,0.2
470,NW-flex,-4,1.0
470,BWA-no-clip,-3,0.8
470,BWA-std,-3,0.4
470,NW-flex,-3,1.0
470,BWA-no-clip,-2,0.9
470,BWA-std,-2,0.6
470,NW-flex,-2,1.0
470,BWA-no-clip,-1,0.9
470,BWA-std,-1,0.7
470,NW-flex,-1,1.0
470,BWA-no-clip,0,1.0
470,BWA-std,0,1.0
470,NW-flex,0,1.0
470,BWA-no-clip,1,1.0
470,BWA-std,1,0.7
470,NW-flex,1,1.0
470,BWA-no-clip,2,1.0
470,BWA-std,2,0.5
470,NW-flex,2,1.0
470,BWA-no-clip,3,1.0
470,BWA-std,3,0.3
470,NW-flex,3,1.0
470,BWA-no-clip,4,1.0
470,BWA-std,4,0.1
470,NW-flex,4,1.0
470,BWA-no-clip,5,1.0
470,BWA-std,5,0.0
470,NW-flex,5,1.0
471,BWA-no-clip,-5,0.5
471,BWA-std,-5,0.1
471,NW-flex,-5,1.0
471,BWA-no-clip,-4,0.7
471,BWA-std,-4,0.2
471,NW-flex,-4,1.0
471,BWA-no-clip,-3,0.7
471,BWA-std,-3,0.4
471,NW-flex,-3,1.0
471,BWA-no-clip,-2,0.9
471,BWA-std,-2,0.6
471,NW-flex,-2,1.0
471,BWA-no-clip,-1,0.9
471,BWA-std,-1,0.7
471,NW-flex,-1,1.0
471,BWA-no-clip,0,1.0
471,BWA-std,0,1.0
471,NW-flex,0,1.0
471,BWA-no-clip,1,1.0
471,BWA-std,1,0.7
471,NW-flex,1,1.0
471,BWA-no-clip,2,1.0
471,BWA-std,2,0.5
471,NW-flex,2,1.0
471,BWA-no-clip,3,1.0
471,BWA-std,3,0.3
471,NW-flex,3,1.0
471,BWA-no-clip,4,1.0
471,BWA-std,4,0.1
471,NW-flex,4,1.0
471,BWA-no-clip,5,1.0
471,BWA-std,5,0.0
471,NW-flex,5,1.0
472,BWA-no-clip,-5,0.4
472,BWA-std,-5,0.1
472,NW-flex,-5,1.0
472,BWA-no-clip,-4,0.8
472,BWA-std,-4,0.2
472,NW-flex,-4,1.0
472,BWA-no-clip,-3,0.8
472,BWA-std,-3,0.4
472,NW-flex,-3,1.0
472,BWA-no-clip,-2,0.9
472,BWA-std,-2,0.6
472,NW-flex,-2,1.0
472,BWA-no-clip,-1,0.9
472,BWA-std,-1,0.7
472,NW-flex,-1,1.0
472,BWA-no-clip,0,1.0
472,BWA-std,0,1.0
472,NW-flex,0,1.0
472,BWA-no-clip,1,1.0
472,BWA-std,1,0.7
472,NW-flex,1,1.0
472,BWA-no-clip,2,1.0
472,BWA-std,2,0.5
472,NW-flex,2,1.0
472,BWA-no-clip,3,1.0
472,BWA-std,3,0.3
472,NW-flex,3,1.0
472,BWA-no-clip,4,1.0
472,BWA-std,4,0.1
472,NW-flex,4,1.0
472,BWA-no-clip,5,0.9
472,BWA-std,5,0.0
472,NW-flex,5,1.0
473,BWA-no-clip,-5,0.5
473,BWA-std,-5,0.1
473,NW-flex,-5,1.0
473,BWA-no-clip,-4,0.6
473,BWA-std,-4,0.2
473,NW-flex,-4,1.0
473,BWA-no-clip,-3,0.6
473,BWA-std,-3,0.4
473,NW-flex,-3,1.0
473,BWA-no-clip,-2,0.9
473,BWA-std,-2,0.6
473,NW-flex,-2,1.0
473,BWA-no-clip,-1,0.9
473,BWA-std,-1,0.7
473,NW-flex,-1,1.0
473,BWA-no-clip,0,1.0
473,BWA-std,0,1.0
473,NW-flex,0,1.0
473,BWA-no-clip,1,1.0
473,BWA-std,1,0.7
473,NW-flex,1,1.0
473,BWA-no-clip,2,0.8
473,BWA-std,2,0.5
473,NW-flex,2,1.0
473,BWA-no-clip,3,1.0
473,BWA-std,3,0.3
473,NW-flex,3,1.0
473,BWA-no-clip,4,1.0
473,BWA-std,4,0.1
473,NW-flex,4,1.0
473,BWA-no-clip,5,1.0
473,BWA-std,5,0.0
473,NW-flex,5,1.0
474,BWA-no-clip,-5,0.7
474,BWA-std,-5,0.1
474,NW-flex,-5,1.0
474,BWA-no-clip,-4,0.8
474,BWA-std,-4,0.2
474,NW-flex,-4,1.0
474,BWA-no-clip,-3,0.8
474,BWA-std,-3,0.4
474,NW-flex,-3,1.0
474,BWA-no-clip,-2,0.9
474,BWA-std,-2,0.6
474,NW-flex,-2,1.0
474,BWA-no-clip,-1,0.9
474,BWA-std,-1,0.7
474,NW-flex,-1,1.0
474,BWA-no-clip,0,1.0
474,BWA-std,0,1.0
474,NW-flex,0,1.0
474,BWA-no-clip,1,1.0
474,BWA-std,1,0.7
474,NW-flex,1,1.0
474,BWA-no-clip,2,1.0
474,BWA-std,2,0.5
474,NW-flex,2,1.0
474,BWA-no-clip,3,1.0
474,BWA-std,3,0.3
474,NW-flex,3,1.0
474,BWA-no-clip,4,1.0
474,BWA-std,4,0.1
474,NW-flex,4,1.0
474,BWA-no-clip,5,1.0
474,BWA-std,5,0.0
474,NW-flex,5,1.0
475,BWA-no-clip,-5,0.7
475,BWA-std,-5,0.1
475,NW-flex,-5,1.0
475,BWA-no-clip,-4,0.7
475,BWA-std,-4,0.2
475,NW-flex,-4,1.0
475,BWA-no-clip,-3,0.8
475,BWA-std,-3,0.4
475,NW-flex,-3,1.0
475,BWA-no-clip,-2,0.9
475,BWA-std,-2,0.6
475,NW-flex,-2,1.0
475,BWA-no-clip,-1,0.9
475,BWA-std,-1,0.7
475,NW-flex,-1,1.0
475,BWA-no-clip,0,1.0
475,BWA-std,0,1.0
475,NW-flex,0,1.0
475,BWA-no-clip,1,1.0
475,BWA-std,1,0.7
475,NW-flex,1,1.0
475,BWA-no-clip,2,1.0
475,BWA-std,2,0.5
475,NW-flex,2,1.0
475,BWA-no-clip,3,1.0
475,BWA-std,3,0.3
475,NW-flex,3,1.0
475,BWA-no-clip,4,1.0
475,BWA-std,4,0.1
475,NW-flex,4,1.0
475,BWA-no-clip,5,1.0
475,BWA-std,5,0.0
475,NW-flex,5,1.0
476,BWA-no-clip,-5,0.6
476,BWA-std,-5,0.1
476,NW-flex,-5,1.0
476,BWA-no-clip,-4,0.7
476,BWA-std,-4,0.2
476,NW-flex,-4,1.0
476,BWA-no-clip,-3,0.7
476,BWA-std,-3,0.4
476,NW-flex,-3,1.0
476,BWA-no-clip,-2,0.8
476,BWA-std,-2,0.5
476,NW-flex,-2,1.0
476,BWA-no-clip,-1,0.8
476,BWA-std,-1,0.7
476,NW-flex,-1,1.0
476,BWA-no-clip,0,1.0
476,BWA-std,0,1.0
476,NW-flex,0,1.0
476,BWA-no-clip,1,1.0
476,BWA-std,1,0.7
476,NW-flex,1,1.0
476,BWA-no-clip,2,1.0
476,BWA-std,2,0.5
476,NW-flex,2,1.0
476,BWA-no-clip,3,1.0
476,BWA-std,3,0.3
476,NW-flex,3,1.0
476,BWA-no-clip,4,1.0
476,BWA-std,4,0.1
476,NW-flex,4,1.0
476,BWA-no-clip,5,1.0
476,BWA-std,5,0.0
476,NW-flex,5,1.0
477,BWA-no-clip,-5,0.6
477,BWA-std,-5,0.1
477,NW-flex,-5,1.0
477,BWA-no-clip,-4,0.7
477,BWA-std,-4,0.2
477,NW-flex,-4,1.0
477,BWA-no-clip,-3,0.7
477,BWA-std,-3,0.4
477,NW-flex,-3,1.0
477,BWA-no-clip,-2,0.8
477,BWA-std,-2,0.5
477,NW-flex,-2,1.0
477,BWA-no-clip,-1,0.8
477,BWA-std,-1,0.7
477,NW-flex,-1,1.0
477,BWA-no-clip,0,1.0
477,BWA-std,0,1.0
477,NW-flex,0,1.0
477,BWA-no-clip,1,0.9
477,BWA-std,1,0.7
477,NW-flex,1,1.0
477,BWA-no-clip,2,0.9
477,BWA-std,2,0.5
477,NW-flex,2,1.0
477,BWA-no-clip,3,0.9
477,BWA-std,3,0.3
477,NW-flex,3,1.0
477,BWA-no-clip,4,0.9
477,BWA-std,4,0.1
477,NW-flex,4,1.0
477,BWA-no-clip,5,0.9
477,BWA-std,5,0.0
477,NW-flex,5,1.0
478,BWA-no-clip,-5,0.5
478,BWA-std,-5,0.1
478,NW-flex,-5,1.0
478,BWA-no-clip,-4,0.5
478,BWA-std,-4,0.2
478,NW-flex,-4,1.0
478,BWA-no-clip,-3,0.8
478,BWA-std,-3,0.4
478,NW-flex,-3,1.0
478,BWA-no-clip,-2,0.9
478,BWA-std,-2,0.6
478,NW-flex,-2,1.0
478,BWA-no-clip,-1,0.9
478,BWA-std,-1,0.7
478,NW-flex,-1,1.0
478,BWA-no-clip,0,1.0
478,BWA-std,0,1.0
478,NW-flex,0,1.0
478,BWA-no-clip,1,1.0
478,BWA-std,1,0.7
478,NW-flex,1,1.0
478,BWA-no-clip,2,0.8
478,BWA-std,2,0.5
478,NW-flex,2,1.0
478,BWA-no-clip,3,0.8
478,BWA-std,3,0.3
478,NW-flex,3,1.0
478,BWA-no-clip,4,0.8
478,BWA-std,4,0.1
478,NW-flex,4,1.0
478,BWA-no-clip,5,0.8
478,BWA-std,5,0.0
478,NW-flex,5,1.0
479,BWA-no-clip,-5,0.5
479,BWA-std,-5,0.1
479,NW-flex,-5,1.0
479,BWA-no-clip,-4,0.7
479,BWA-std,-4,0.2
479,NW-flex,-4,1.0
479,BWA-no-clip,-3,0.7
479,BWA-std,-3,0.4
479,NW-flex,-3,1.0
479,BWA-no-clip,-2,0.8
479,BWA-std,-2,0.6
479,NW-flex,-2,1.0
479,BWA-no-clip,-1,0.9
479,BWA-std,-1,0.7
479,NW-flex,-1,1.0
479,BWA-no-clip,0,1.0
479,BWA-std,0,1.0
479,NW-flex,0,1.0
479,BWA-no-clip,1,1.0
479,BWA-std,1,0.7
479,NW-flex,1,1.0
479,BWA-no-clip,2,1.0
479,BWA-std,2,0.5
479,NW-flex,2,1.0
479,BWA-no-clip,3,1.0
479,BWA-std,3,0.3
479,NW-flex,3,1.0
479,BWA-no-clip,4,1.0
479,BWA-std,4,0.1
479,NW-flex,4,1.0
479,BWA-no-clip,5,1.0
479,BWA-std,5,0.0
479,NW-flex,5,1.0
480,BWA-no-clip,-5,0.6
480,BWA-std,-5,0.1
480,NW-flex,-5,1.0
480,BWA-no-clip,-4,0.7
480,BWA-std,-4,0.2
480,NW-flex,-4,1.0
480,BWA-no-clip,-3,0.7
480,BWA-std,-3,0.4
480,NW-flex,-3,1.0
480,BWA-no-clip,-2,0.8
480,BWA-std,-2,0.5
480,NW-flex,-2,1.0
480,BWA-no-clip,-1,0.8
480,BWA-std,-1,0.7
480,NW-flex,-1,1.0
480,BWA-no-clip,0,1.0
480,BWA-std,0,1.0
480,NW-flex,0,1.0
480,BWA-no-clip,1,1.0
480,BWA-std,1,0.7
480,NW-flex,1,1.0
480,BWA-no-clip,2,1.0
480,BWA-std,2,0.5
480,NW-flex,2,1.0
480,BWA-no-clip,3,1.0
480,BWA-std,3,0.3
480,NW-flex,3,1.0
480,BWA-no-clip,4,1.0
480,BWA-std,4,0.1
480,NW-flex,4,1.0
480,BWA-no-clip,5,1.0
480,BWA-std,5,0.0
480,NW-flex,5,1.0
481,BWA-no-clip,-5,0.5
481,BWA-std,-5,0.1
481,NW-flex,-5,1.0
481,BWA-no-clip,-4,0.6
481,BWA-std,-4,0.2
481,NW-flex,-4,1.0
481,BWA-no-clip,-3,0.6
481,BWA-std,-3,0.4
481,NW-flex,-3,1.0
481,BWA-no-clip,-2,0.8
481,BWA-std,-2,0.5
481,NW-flex,-2,1.0
481,BWA-no-clip,-1,0.8
481,BWA-std,-1,0.7
481,NW-flex,-1,1.0
481,BWA-no-clip,0,1.0
481,BWA-std,0,1.0
481,NW-flex,0,1.0
481,BWA-no-clip,1,1.0
481,BWA-std,1,0.7
481,NW-flex,1,1.0
481,BWA-no-clip,2,1.0
481,BWA-std,2,0.5
481,NW-flex,2,1.0
481,BWA-no-clip,3,1.0
481,BWA-std,3,0.3
481,NW-flex,3,1.0
481,BWA-no-clip,4,1.0
481,BWA-std,4,0.1
481,NW-flex,4,1.0
481,BWA-no-clip,5,1.0
481,BWA-std,5,0.0
481,NW-flex,5,1.0
482,BWA-no-clip,-5,0.5
482,BWA-std,-5,0.1
482,NW-flex,-5,1.0
482,BWA-no-clip,-4,0.6
482,BWA-std,-4,0.2
482,NW-flex,-4,1.0
482,BWA-no-clip,-3,0.6
482,BWA-std,-3,0.4
482,NW-flex,-3,1.0
482,BWA-no-clip,-2,0.8
482,BWA-std,-2,0.5
482,NW-flex,-2,1.0
482,BWA-no-clip,-1,0.8
482,BWA-std,-1,0.7
482,NW-flex,-1,1.0
482,BWA-no-clip,0,1.0
482,BWA-std,0,1.0
482,NW-flex,0,1.0
482,BWA-no-clip,1,1.0
482,BWA-std,1,0.7
482,NW-flex,1,1.0
482,BWA-no-clip,2,1.0
482,BWA-std,2,0.5
482,NW-flex,2,1.0
482,BWA-no-clip,3,1.0
482,BWA-std,3,0.3
482,NW-flex,3,1.0
482,BWA-no-clip,4,1.0
482,BWA-std,4,0.1
482,NW-flex,4,1.0
482,BWA-no-clip,5,1.0
482,BWA-std,5,0.0
482,NW-flex,5,1.0
483,BWA-no-clip,-5,0.4
483,BWA-std,-5,0.1
483,NW-flex,-5,1.0
483,BWA-no-clip,-4,0.5
483,BWA-std,-4,0.2
483,NW-flex,-4,1.0
483,BWA-no-clip,-3,0.8
483,BWA-std,-3,0.4
483,NW-flex,-3,1.0
483,BWA-no-clip,-2,0.9
483,BWA-std,-2,0.6
483,NW-flex,-2,1.0
483,BWA-no-clip,-1,0.9
483,BWA-std,-1,0.7
483,NW-flex,-1,1.0
483,BWA-no-clip,0,1.0
483,BWA-std,0,1.0
483,NW-flex,0,1.0
483,BWA-no-clip,1,1.0
483,BWA-std,1,0.7
483,NW-flex,1,1.0
483,BWA-no-clip,2,1.0
483,BWA-std,2,0.5
483,NW-flex,2,1.0
483,BWA-no-clip,3,1.0
483,BWA-std,3,0.3
483,NW-flex,3,1.0
483,BWA-no-clip,4,1.0
483,BWA-std,4,0.1
483,NW-flex,4,1.0
483,BWA-no-clip,5,1.0
483,BWA-std,5,0.0
483,NW-flex,5,1.0
484,BWA-no-clip,-5,0.2
484,BWA-std,-5,0.1
484,NW-flex,-5,1.0
484,BWA-no-clip,-4,0.5
484,BWA-std,-4,0.2
484,NW-flex,-4,1.0
484,BWA-no-clip,-3,0.6
484,BWA-std,-3,0.3
484,NW-flex,-3,1.0
484,BWA-no-clip,-2,0.7
484,BWA-std,-2,0.5
484,NW-flex,-2,1.0
484,BWA-no-clip,-1,0.8
484,BWA-std,-1,0.7
484,NW-flex,-1,1.0
484,BWA-no-clip,0,1.0
484,BWA-std,0,1.0
484,NW-flex,0,1.0
484,BWA-no-clip,1,0.9
484,BWA-std,1,0.7
484,NW-flex,1,1.0
484,BWA-no-clip,2,0.7
484,BWA-std,2,0.5
484,NW-flex,2,1.0
484,BWA-no-clip,3,0.9
484,BWA-std,3,0.3
484,NW-flex,3,1.0
484,BWA-no-clip,4,0.9
484,BWA-std,4,0.1
484,NW-flex,4,1.0
484,BWA-no-clip,5,0.9
484,BWA-std,5,0.0
484,NW-flex,5,1.0
485,BWA-no-clip,-5,0.6
485,BWA-std,-5,0.1
485,NW-flex,-5,1.0
485,BWA-no-clip,-4,0.7
485,BWA-std,-4,0.2
485,NW-flex,-4,1.0
485,BWA-no-clip,-3,0.7
485,BWA-std,-3,0.4
485,NW-flex,-3,1.0
485,BWA-no-clip,-2,0.8
485,BWA-std,-2,0.5
485,NW-flex,-2,1.0
485,BWA-no-clip,-1,0.8
485,BWA-std,-1,0.7
485,NW-flex,-1,1.0
485,BWA-no-clip,0,1.0
485,BWA-std,0,1.0
485,NW-flex,0,1.0
485,BWA-no-clip,1,0.9
485,BWA-std,1,0.7
485,NW-flex,1,1.0
485,BWA-no-clip,2,0.9
485,BWA-std,2,0.5
485,NW-flex,2,1.0
485,BWA-no-clip,3,0.9
485,BWA-std,3,0.3
485,NW-flex,3,1.0
485,BWA-no-clip,4,0.9
485,BWA-std,4,0.1
485,NW-flex,4,1.0
485,BWA-no-clip,5,0.9
485,BWA-std,5,0.0
485,NW-flex,5,1.0
486,BWA-no-clip,-5,0.6
486,BWA-std,-5,0.1
486,NW-flex,-5,1.0
486,BWA-no-clip,-4,0.6
486,BWA-std,-4,0.2
486,NW-flex,-4,1.0
486,BWA-no-clip,-3,0.7
486,BWA-std,-3,0.4
486,NW-flex,-3,1.0
486,BWA-no-clip,-2,0.8
486,BWA-std,-2,0.5
486,NW-flex,-2,1.0
486,BWA-no-clip,-1,0.7
486,BWA-std,-1,0.7
486,NW-flex,-1,1.0
486,BWA-no-clip,0,1.0
486,BWA-std,0,1.0
486,NW-flex,0,1.0
486,BWA-no-clip,1,0.9
486,BWA-std,1,0.7
486,NW-flex,1,1.0
486,BWA-no-clip,2,1.0
486,BWA-std,2,0.5
486,NW-flex,2,1.0
486,BWA-no-clip,3,1.0
486,BWA-std,3,0.3
486,NW-flex,3,1.0
486,BWA-no-clip,4,1.0
486,BWA-std,4,0.1
486,NW-flex,4,1.0
486,BWA-no-clip,5,1.0
486,BWA-std,5,0.0
486,NW-flex,5,1.0
487,BWA-no-clip,-5,0.6
487,BWA-std,-5,0.1
487,NW-flex,-5,1.0
487,BWA-no-clip,-4,0.7
487,BWA-std,-4,0.2
487,NW-flex,-4,1.0
487,BWA-no-clip,-3,0.7
487,BWA-std,-3,0.4
487,NW-flex,-3,1.0
487,BWA-no-clip,-2,0.8
487,BWA-std,-2,0.5
487,NW-flex,-2,1.0
487,BWA-no-clip,-1,0.8
487,BWA-std,-1,0.7
487,NW-flex,-1,1.0
487,BWA-no-clip,0,1.0
487,BWA-std,0,1.0
487,NW-flex,0,1.0
487,BWA-no-clip,1,1.0
487,BWA-std,1,0.7
487,NW-flex,1,1.0
487,BWA-no-clip,2,1.0
487,BWA-std,2,0.5
487,NW-flex,2,1.0
487,BWA-no-clip,3,1.0
487,BWA-std,3,0.3
487,NW-flex,3,1.0
487,BWA-no-clip,4,1.0
487,BWA-std,4,0.1
487,NW-flex,4,1.0
487,BWA-no-clip,5,1.0
487,BWA-std,5,0.0
487,NW-flex,5,1.0
488,BWA-no-clip,-5,0.5
488,BWA-std,-5,0.1
488,NW-flex,-5,1.0
488,BWA-no-clip,-4,0.6
488,BWA-std,-4,0.2
488,NW-flex,-4,1.0
488,BWA-no-clip,-3,0.6
488,BWA-std,-3,0.3
488,NW-flex,-3,1.0
488,BWA-no-clip,-2,0.7
488,BWA-std,-2,0.5
488,NW-flex,-2,1.0
488,BWA-no-clip,-1,0.8
488,BWA-std,-1,0.7
488,NW-flex,-1,1.0
488,BWA-no-clip,0,1.0
488,BWA-std,0,1.0
488,NW-flex,0,1.0
488,BWA-no-clip,1,1.0
488,BWA-std,1,0.7
488,NW-flex,1,1.0
488,BWA-no-clip,2,0.9
488,BWA-std,2,0.5
488,NW-flex,2,1.0
488,BWA-no-clip,3,0.9
488,BWA-std,3,0.3
488,NW-flex,3,1.0
488,BWA-no-clip,4,0.9
488,BWA-std,4,0.1
488,NW-flex,4,1.0
488,BWA-no-clip,5,0.9
488,BWA-std,5,0.0
488,NW-flex,5,1.0
489,BWA-no-clip,-5,0.3
489,BWA-std,-5,0.1
489,NW-flex,-5,1.0
489,BWA-no-clip,-4,0.6
489,BWA-std,-4,0.2
489,NW-flex,-4,1.0
489,BWA-no-clip,-3,0.6
489,BWA-std,-3,0.4
489,NW-flex,-3,1.0
489,BWA-no-clip,-2,0.8
489,BWA-std,-2,0.6
489,NW-flex,-2,1.0
489,BWA-no-clip,-1,0.9
489,BWA-std,-1,0.7
489,NW-flex,-1,1.0
489,BWA-no-clip,0,1.0
489,BWA-std,0,1.0
489,NW-flex,0,1.0
489,BWA-no-clip,1,1.0
489,BWA-std,1,0.7
489,NW-flex,1,1.0
489,BWA-no-clip,2,0.9
489,BWA-std,2,0.5
489,NW-flex,2,1.0
489,BWA-no-clip,3,0.9
489,BWA-std,3,0.3
489,NW-flex,3,1.0
489,BWA-no-clip,4,0.9
489,BWA-std,4,0.1
489,NW-flex,4,1.0
489,BWA-no-clip,5,0.9
489,BWA-std,5,0.0
489,NW-flex,5,1.0
490,BWA-no-clip,-5,0.4
490,BWA-std,-5,0.1
490,NW-flex,-5,1.0
490,BWA-no-clip,-4,0.6
490,BWA-std,-4,0.2
490,NW-flex,-4,1.0
490,BWA-no-clip,-3,0.6
490,BWA-std,-3,0.3
490,NW-flex,-3,1.0
490,BWA-no-clip,-2,0.7
490,BWA-std,-2,0.5
490,NW-flex,-2,1.0
490,BWA-no-clip,-1,0.8
490,BWA-std,-1,0.7
490,NW-flex,-1,1.0
490,BWA-no-clip,0,1.0
490,BWA-std,0,1.0
490,NW-flex,0,1.0
490,BWA-no-clip,1,0.9
490,BWA-std,1,0.7
490,NW-flex,1,1.0
490,BWA-no-clip,2,0.9
490,BWA-std,2,0.5
490,NW-flex,2,1.0
490,BWA-no-clip,3,0.8
490,BWA-std,3,0.3
490,NW-flex,3,1.0
490,BWA-no-clip,4,0.9
490,BWA-std,4,0.1
490,NW-flex,4,1.0
490,BWA-no-clip,5,0.9
490,BWA-std,5,0.0
490,NW-flex,5,1.0
491,BWA-no-clip,-5,0.5
491,BWA-std,-5,0.1
491,NW-flex,-5,1.0
491,BWA-no-clip,-4,0.6
491,BWA-std,-4,0.2
491,NW-flex,-4,1.0
491,BWA-no-clip,-3,0.6
491,BWA-std,-3,0.4
491,NW-flex,-3,1.0
491,BWA-no-clip,-2,0.8
491,BWA-std,-2,0.5
491,NW-flex,-2,1.0
491,BWA-no-clip,-1,0.5
491,BWA-std,-1,0.5
491,NW-flex,-1,1.0
491,BWA-no-clip,0,1.0
491,BWA-std,0,1.0
491,NW-flex,0,1.0
491,BWA-no-clip,1,0.7
491,BWA-std,1,0.7
491,NW-flex,1,1.0
491,BWA-no-clip,2,0.9
491,BWA-std,2,0.5
491,NW-flex,2,1.0
491,BWA-no-clip,3,1.0
491,BWA-std,3,0.3
491,NW-flex,3,1.0
491,BWA-no-clip,4,1.0
491,BWA-std,4,0.1
491,NW-flex,4,1.0
491,BWA-no-clip,5,1.0
491,BWA-std,5,0.0
491,NW-flex,5,1.0
492,BWA-no-clip,-5,0.2
492,BWA-std,-5,0.1
492,NW-flex,-5,1.0
492,BWA-no-clip,-4,0.5
492,BWA-std,-4,0.2
492,NW-flex,-4,1.0
492,BWA-no-clip,-3,0.6
492,BWA-std,-3,0.3
492,NW-flex,-3,1.0
492,BWA-no-clip,-2,0.7
492,BWA-std,-2,0.5
492,NW-flex,-2,1.0
492,BWA-no-clip,-1,0.8
492,BWA-std,-1,0.7
492,NW-flex,-1,1.0
492,BWA-no-clip,0,1.0
492,BWA-std,0,1.0
492,NW-flex,0,1.0
492,BWA-no-clip,1,0.9
492,BWA-std,1,0.7
492,NW-flex,1,1.0
492,BWA-no-clip,2,0.7
492,BWA-std,2,0.5
492,NW-flex,2,1.0
492,BWA-no-clip,3,0.6
492,BWA-std,3,0.3
492,NW-flex,3,1.0
492,BWA-no-clip,4,0.5
492,BWA-std,4,0.1
492,NW-flex,4,1.0
492,BWA-no-clip,5,0.6
492,BWA-std,5,0.0
492,NW-flex,5,1.0
493,BWA-no-clip,-5,0.6
493,BWA-std,-5,0.1
493,NW-flex,-5,1.0
493,BWA-no-clip,-4,0.8
493,BWA-std,-4,0.2
493,NW-flex,-4,1.0
493,BWA-no-clip,-3,0.8
493,BWA-std,-3,0.4
493,NW-flex,-3,1.0
493,BWA-no-clip,-2,0.9
493,BWA-std,-2,0.6
493,NW-flex,-2,1.0
493,BWA-no-clip,-1,0.9
493,BWA-std,-1,0.7
493,NW-flex,-1,1.0
493,BWA-no-clip,0,1.0
493,BWA-std,0,1.0
493,NW-flex,0,1.0
493,BWA-no-clip,1,1.0
493,BWA-std,1,0.7
493,NW-flex,1,1.0
493,BWA-no-clip,2,1.0
493,BWA-std,2,0.5
493,NW-flex,2,1.0
493,BWA-no-clip,3,1.0
493,BWA-std,3,0.3
493,NW-flex,3,1.0
493,BWA-no-clip,4,1.0
493,BWA-std,4,0.1
493,NW-flex,4,1.0
493,BWA-no-clip,5,1.0
493,BWA-std,5,0.0
493,NW-flex,5,1.0
494,BWA-no-clip,-5,0.4
494,BWA-std,-5,0.1
494,NW-flex,-5,1.0
494,BWA-no-clip,-4,0.6
494,BWA-std,-4,0.2
494,NW-flex,-4,1.0
494,BWA-no-clip,-3,0.6
494,BWA-std,-3,0.4
494,NW-flex,-3,1.0
494,BWA-no-clip,-2,0.9
494,BWA-std,-2,0.6
494,NW-flex,-2,1.0
494,BWA-no-clip,-1,0.9
494,BWA-std,-1,0.7
494,NW-flex,-1,1.0
494,BWA-no-clip,0,1.0
494,BWA-std,0,1.0
494,NW-flex,0,1.0
494,BWA-no-clip,1,1.0
494,BWA-std,1,0.7
494,NW-flex,1,1.0
494,BWA-no-clip,2,1.0
494,BWA-std,2,0.5
494,NW-flex,2,1.0
494,BWA-no-clip,3,0.8
494,BWA-std,3,0.3
494,NW-flex,3,1.0
494,BWA-no-clip,4,1.0
494,BWA-std,4,0.1
494,NW-flex,4,1.0
494,BWA-no-clip,5,1.0
494,BWA-std,5,0.0
494,NW-flex,5,1.0
495,BWA-no-clip,-5,0.3
495,BWA-std,-5,0.1
495,NW-flex,-5,1.0
495,BWA-no-clip,-4,0.3
495,BWA-std,-4,0.2
495,NW-flex,-4,1.0
495,BWA-no-clip,-3,0.7
495,BWA-std,-3,0.4
495,NW-flex,-3,1.0
495,BWA-no-clip,-2,0.7
495,BWA-std,-2,0.6
495,NW-flex,-2,1.0
495,BWA-no-clip,-1,0.9
495,BWA-std,-1,0.7
495,NW-flex,-1,1.0
495,BWA-no-clip,0,1.0
495,BWA-std,0,1.0
495,NW-flex,0,1.0
495,BWA-no-clip,1,0.9
495,BWA-std,1,0.7
495,NW-flex,1,1.0
495,BWA-no-clip,2,0.9
495,BWA-std,2,0.5
495,NW-flex,2,1.0
495,BWA-no-clip,3,0.8
495,BWA-std,3,0.3
495,NW-flex,3,1.0
495,BWA-no-clip,4,0.9
495,BWA-std,4,0.1
495,NW-flex,4,1.0
495,BWA-no-clip,5,0.9
495,BWA-std,5,0.0
495,NW-flex,5,1.0
496,BWA-no-clip,-5,0.6
496,BWA-std,-5,0.1
496,NW-flex,-5,1.0
496,BWA-no-clip,-4,0.7
496,BWA-std,-4,0.2
496,NW-flex,-4,1.0
496,BWA-no-clip,-3,0.8
496,BWA-std,-3,0.4
496,NW-flex,-3,1.0
496,BWA-no-clip,-2,0.8
496,BWA-std,-2,0.6
496,NW-flex,-2,1.0
496,BWA-no-clip,-1,0.9
496,BWA-std,-1,0.7
496,NW-flex,-1,1.0
496,BWA-no-clip,0,1.0
496,BWA-std,0,1.0
496,NW-flex,0,1.0
496,BWA-no-clip,1,1.0
496,BWA-std,1,0.7
496,NW-flex,1,1.0
496,BWA-no-clip,2,0.9
496,BWA-std,2,0.5
496,NW-flex,2,1.0
496,BWA-no-clip,3,0.9
496,BWA-std,3,0.3
496,NW-flex,3,1.0
496,BWA-no-clip,4,0.9
496,BWA-std,4,0.1
496,NW-flex,4,1.0
496,BWA-no-clip,5,0.9
496,BWA-std,5,0.0
496,NW-flex,5,1.0
497,BWA-no-clip,-5,0.5
497,BWA-std,-5,0.1
497,NW-flex,-5,1.0
497,BWA-no-clip,-4,0.6
497,BWA-std,-4,0.2
497,NW-flex,-4,1.0
497,BWA-no-clip,-3,0.7
497,BWA-std,-3,0.4
497,NW-flex,-3,1.0
497,BWA-no-clip,-2,0.8
497,BWA-std,-2,0.6
497,NW-flex,-2,1.0
497,BWA-no-clip,-1,0.9
497,BWA-std,-1,0.7
497,NW-flex,-1,1.0
497,BWA-no-clip,0,1.0
497,BWA-std,0,1.0
497,NW-flex,0,1.0
497,BWA-no-clip,1,1.0
497,BWA-std,1,0.7
497,NW-flex,1,1.0
497,BWA-no-clip,2,1.0
497,BWA-std,2,0.5
497,NW-flex,2,1.0
497,BWA-no-clip,3,1.0
497,BWA-std,3,0.3
497,NW-flex,3,1.0
497,BWA-no-clip,4,1.0
497,BWA-std,4,0.1
497,NW-flex,4,1.0
497,BWA-no-clip,5,1.0
497,BWA-std,5,0.0
497,NW-flex,5,1.0
498,BWA-no-clip,-5,0.4
498,BWA-std,-5,0.1
498,NW-flex,-5,1.0
498,BWA-no-clip,-4,0.6
498,BWA-std,-4,0.2
498,NW-flex,-4,1.0
498,BWA-no-clip,-3,0.6
498,BWA-std,-3,0.4
498,NW-flex,-3,1.0
498,BWA-no-clip,-2,0.8
498,BWA-std,-2,0.5
498,NW-flex,-2,1.0
498,BWA-no-clip,-1,0.8
498,BWA-std,-1,0.7
498,NW-flex,-1,1.0
498,BWA-no-clip,0,1.0
498,BWA-std,0,1.0
498,NW-flex,0,1.0
498,BWA-no-clip,1,0.9
498,BWA-std,1,0.7
498,NW-flex,1,1.0
498,BWA-no-clip,2,0.9
498,BWA-std,2,0.5
498,NW-flex,2,1.0
498,BWA-no-clip,3,0.9
498,BWA-std,3,0.3
498,NW-flex,3,1.0
498,BWA-no-clip,4,0.9
498,BWA-std,4,0.1
498,NW-flex,4,1.0
498,BWA-no-clip,5,0.9
498,BWA-std,5,0.0
498,NW-flex,5,1.0
499,BWA-no-clip,-5,0.6
499,BWA-std,-5,0.1
499,NW-flex,-5,1.0
499,BWA-no-clip,-4,0.8
499,BWA-std,-4,0.2
499,NW-flex,-4,1.0
499,BWA-no-clip,-3,0.8
499,BWA-std,-3,0.4
499,NW-flex,-3,1.0
499,BWA-no-clip,-2,0.9
499,BWA-std,-2,0.6
499,NW-flex,-2,1.0
499,BWA-no-clip,-1,0.9
499,BWA-std,-1,0.7
499,NW-flex,-1,1.0
499,BWA-no-clip,0,1.0
499,BWA-std,0,1.0
499,NW-flex,0,1.0
499,BWA-no-clip,1,1.0
499,BWA-std,1,0.7
499,NW-flex,1,1.0
499,BWA-no-clip,2,1.0
499,BWA-std,2,0.5
499,NW-flex,2,1.0
499,BWA-no-clip,3,1.0
499,BWA-std,3,0.3
499,NW-flex,3,1.0
499,BWA-no-clip,4,1.0
499,BWA-std,4,0.1
499,NW-flex,4,1.0
499,BWA-no-clip,5,1.0
499,BWA-std,5,0.0
499,NW-flex,5,1.0
500,BWA-no-clip,-5,0.4
500,BWA-std,-5,0.1
500,NW-flex,-5,1.0
500,BWA-no-clip,-4,0.7
500,BWA-std,-4,0.2
500,NW-flex,-4,1.0
500,BWA-no-clip,-3,0.8
500,BWA-std,-3,0.4
500,NW-flex,-3,1.0
500,BWA-no-clip,-2,0.9
500,BWA-std,-2,0.6
500,NW-flex,-2,1.0
500,BWA-no-clip,-1,0.9
500,BWA-std,-1,0.7
500,NW-flex,-1,1.0
500,BWA-no-clip,0,1.0
500,BWA-std,0,1.0
500,NW-flex,0,1.0
500,BWA-no-clip,1,1.0
500,BWA-std,1,0.7
500,NW-flex,1,1.0
500,BWA-no-clip,2,1.0
500,BWA-std,2,0.5
500,NW-flex,2,1.0
500,BWA-no-clip,3,1.0
500,BWA-std,3,0.3
500,NW-flex,3,1.0
500,BWA-no-clip,4,1.0
500,BWA-std,4,0.1
500,NW-flex,4,1.0
500,BWA-no-clip,5,1.0
500,BWA-std,5,0.0
500,NW-flex,5,1.0
501,BWA-no-clip,-5,0.3
501,BWA-std,-5,0.1
501,NW-flex,-5,1.0
501,BWA-no-clip,-4,0.4
501,BWA-std,-4,0.16666666666666666
501,NW-flex,-4,1.0
501,BWA-no-clip,-3,0.5
501,BWA-std,-3,0.3
501,NW-flex,-3,1.0
501,BWA-no-clip,-2,0.7333333333333333
501,BWA-std,-2,0.5
501,NW-flex,-2,1.0
501,BWA-no-clip,-1,0.8333333333333334
501,BWA-std,-1,0.6
501,NW-flex,-1,1.0
501,BWA-no-clip,0,1.0
501,BWA-std,0,1.0
501,NW-flex,0,1.0
501,BWA-no-clip,1,1.0
501,BWA-std,1,0.7
501,NW-flex,1,1.0
501,BWA-no-clip,2,1.0
501,BWA-std,2,0.5
501,NW-flex,2,1.0
501,BWA-no-clip,3,1.0
501,BWA-std,3,0.3
501,NW-flex,3,1.0
501,BWA-no-clip,4,1.0
501,BWA-std,4,0.1
501,NW-flex,4,1.0
501,BWA-no-clip,5,1.0
501,BWA-std,5,0.0
501,NW-flex,5,1.0
502,BWA-no-clip,-5,0.5
502,BWA-std,-5,0.1
502,NW-flex,-5,1.0
502,BWA-no-clip,-4,0.7
502,BWA-std,-4,0.2
502,NW-flex,-4,1.0
502,BWA-no-clip,-3,0.7
502,BWA-std,-3,0.4
502,NW-flex,-3,1.0
502,BWA-no-clip,-2,0.9
502,BWA-std,-2,0.6
502,NW-flex,-2,1.0
502,BWA-no-clip,-1,0.9
502,BWA-std,-1,0.7
502,NW-flex,-1,1.0
502,BWA-no-clip,0,1.0
502,BWA-std,0,1.0
502,NW-flex,0,1.0
502,BWA-no-clip,1,1.0
502,BWA-std,1,0.7
502,NW-flex,1,1.0
502,BWA-no-clip,2,1.0
502,BWA-std,2,0.5
502,NW-flex,2,1.0
502,BWA-no-clip,3,1.0
502,BWA-std,3,0.3
502,NW-flex,3,1.0
502,BWA-no-clip,4,1.0
502,BWA-std,4,0.1
502,NW-flex,4,1.0
502,BWA-no-clip,5,1.0
502,BWA-std,5,0.0
502,NW-flex,5,1.0
503,BWA-no-clip,-5,0.4
503,BWA-std,-5,0.1
503,NW-flex,-5,1.0
503,BWA-no-clip,-4,0.5
503,BWA-std,-4,0.2
503,NW-flex,-4,1.0
503,BWA-no-clip,-3,0.5
503,BWA-std,-3,0.4
503,NW-flex,-3,1.0
503,BWA-no-clip,-2,0.9
503,BWA-std,-2,0.6
503,NW-flex,-2,1.0
503,BWA-no-clip,-1,0.9
503,BWA-std,-1,0.7
503,NW-flex,-1,1.0
503,BWA-no-clip,0,1.0
503,BWA-std,0,1.0
503,NW-flex,0,1.0
503,BWA-no-clip,1,1.0
503,BWA-std,1,0.7
503,NW-flex,1,1.0
503,BWA-no-clip,2,0.9
503,BWA-std,2,0.5
503,NW-flex,2,1.0
503,BWA-no-clip,3,0.7
503,BWA-std,3,0.3
503,NW-flex,3,1.0
503,BWA-no-clip,4,1.0
503,BWA-std,4,0.1
503,NW-flex,4,1.0
503,BWA-no-clip,5,1.0
503,BWA-std,5,0.0
503,NW-flex,5,1.0
504,BWA-no-clip,-5,0.4
504,BWA-std,-5,0.1
504,NW-flex,-5,1.0
504,BWA-no-clip,-4,0.6
504,BWA-std,-4,0.2
504,NW-flex,-4,1.0
504,BWA-no-clip,-3,0.7
504,BWA-std,-3,0.4
504,NW-flex,-3,1.0
504,BWA-no-clip,-2,0.8
504,BWA-std,-2,0.5
504,NW-flex,-2,1.0
504,BWA-no-clip,-1,0.8
504,BWA-std,-1,0.7
504,NW-flex,-1,1.0
504,BWA-no-clip,0,1.0
504,BWA-std,0,1.0
504,NW-flex,0,1.0
504,BWA-no-clip,1,0.9
504,BWA-std,1,0.7
504,NW-flex,1,1.0
504,BWA-no-clip,2,0.9
504,BWA-std,2,0.5
504,NW-flex,2,1.0
504,BWA-no-clip,3,0.9
504,BWA-std,3,0.3
504,NW-flex,3,1.0
504,BWA-no-clip,4,0.9
504,BWA-std,4,0.1
504,NW-flex,4,1.0
504,BWA-no-clip,5,0.9
504,BWA-std,5,0.0
504,NW-flex,5,1.0
505,BWA-no-clip,-5,0.6
505,BWA-std,-5,0.1
505,NW-flex,-5,1.0
505,BWA-no-clip,-4,0.6
505,BWA-std,-4,0.2
505,NW-flex,-4,1.0
505,BWA-no-clip,-3,0.7
505,BWA-std,-3,0.4
505,NW-flex,-3,1.0
505,BWA-no-clip,-2,0.7
505,BWA-std,-2,0.6
505,NW-flex,-2,1.0
505,BWA-no-clip,-1,0.9
505,BWA-std,-1,0.7
505,NW-flex,-1,1.0
505,BWA-no-clip,0,1.0
505,BWA-std,0,1.0
505,NW-flex,0,1.0
505,BWA-no-clip,1,0.9
505,BWA-std,1,0.7
505,NW-flex,1,1.0
505,BWA-no-clip,2,0.9
505,BWA-std,2,0.5
505,NW-flex,2,1.0
505,BWA-no-clip,3,0.9
505,BWA-std,3,0.3
505,NW-flex,3,1.0
505,BWA-no-clip,4,0.9
505,BWA-std,4,0.1
505,NW-flex,4,1.0
505,BWA-no-clip,5,0.9
505,BWA-std,5,0.0
505,NW-flex,5,1.0
506,BWA-no-clip,-5,0.7
506,BWA-std,-5,0.1
506,NW-flex,-5,1.0
506,BWA-no-clip,-4,0.8
506,BWA-std,-4,0.2
506,NW-flex,-4,1.0
506,BWA-no-clip,-3,0.8
506,BWA-std,-3,0.4
506,NW-flex,-3,1.0
506,BWA-no-clip,-2,0.9
506,BWA-std,-2,0.6
506,NW-flex,-2,1.0
506,BWA-no-clip,-1,0.9
506,BWA-std,-1,0.7
506,NW-flex,-1,1.0
506,BWA-no-clip,0,1.0
506,BWA-std,0,1.0
506,NW-flex,0,1.0
506,BWA-no-clip,1,1.0
506,BWA-std,1,0.7
506,NW-flex,1,1.0
506,BWA-no-clip,2,1.0
506,BWA-std,2,0.5
506,NW-flex,2,1.0
506,BWA-no-clip,3,1.0
506,BWA-std,3,0.3
506,NW-flex,3,1.0
506,BWA-no-clip,4,1.0
506,BWA-std,4,0.1
506,NW-flex,4,1.0
506,BWA-no-clip,5,1.0
506,BWA-std,5,0.0
506,NW-flex,5,1.0
507,BWA-no-clip,-5,0.7
507,BWA-std,-5,0.1
507,NW-flex,-5,1.0
507,BWA-no-clip,-4,0.7
507,BWA-std,-4,0.2
507,NW-flex,-4,1.0
507,BWA-no-clip,-3,0.8
507,BWA-std,-3,0.4
507,NW-flex,-3,1.0
507,BWA-no-clip,-2,0.9
507,BWA-std,-2,0.6
507,NW-flex,-2,1.0
507,BWA-no-clip,-1,0.9
507,BWA-std,-1,0.7
507,NW-flex,-1,1.0
507,BWA-no-clip,0,1.0
507,BWA-std,0,1.0
507,NW-flex,0,1.0
507,BWA-no-clip,1,1.0
507,BWA-std,1,0.7
507,NW-flex,1,1.0
507,BWA-no-clip,2,1.0
507,BWA-std,2,0.5
507,NW-flex,2,1.0
507,BWA-no-clip,3,1.0
507,BWA-std,3,0.3
507,NW-flex,3,1.0
507,BWA-no-clip,4,1.0
507,BWA-std,4,0.1
507,NW-flex,4,1.0
507,BWA-no-clip,5,1.0
507,BWA-std,5,0.0
507,NW-flex,5,1.0
508,BWA-no-clip,-5,0.5
508,BWA-std,-5,0.1
508,NW-flex,-5,1.0
508,BWA-no-clip,-4,0.5
508,BWA-std,-4,0.2
508,NW-flex,-4,1.0
508,BWA-no-clip,-3,0.7
508,BWA-std,-3,0.4
508,NW-flex,-3,1.0
508,BWA-no-clip,-2,0.8
508,BWA-std,-2,0.5
508,NW-flex,-2,1.0
508,BWA-no-clip,-1,0.8
508,BWA-std,-1,0.7
508,NW-flex,-1,1.0
508,BWA-no-clip,0,1.0
508,BWA-std,0,1.0
508,NW-flex,0,1.0
508,BWA-no-clip,1,0.9
508,BWA-std,1,0.7
508,NW-flex,1,1.0
508,BWA-no-clip,2,0.9
508,BWA-std,2,0.5
508,NW-flex,2,1.0
508,BWA-no-clip,3,0.9
508,BWA-std,3,0.3
508,NW-flex,3,1.0
508,BWA-no-clip,4,0.9
508,BWA-std,4,0.1
508,NW-flex,4,1.0
508,BWA-no-clip,5,0.9
508,BWA-std,5,0.0
508,NW-flex,5,1.0
509,BWA-no-clip,-5,0.5
509,BWA-std,-5,0.1
509,NW-flex,-5,1.0
509,BWA-no-clip,-4,0.5
509,BWA-std,-4,0.2
509,NW-flex,-4,1.0
509,BWA-no-clip,-3,0.7
509,BWA-std,-3,0.4
509,NW-flex,-3,1.0
509,BWA-no-clip,-2,0.7
509,BWA-std,-2,0.6
509,NW-flex,-2,1.0
509,BWA-no-clip,-1,0.9
509,BWA-std,-1,0.7
509,NW-flex,-1,1.0
509,BWA-no-clip,0,1.0
509,BWA-std,0,1.0
509,NW-flex,0,1.0
509,BWA-no-clip,1,1.0
509,BWA-std,1,0.7
509,NW-flex,1,1.0
509,BWA-no-clip,2,1.0
509,BWA-std,2,0.5
509,NW-flex,2,1.0
509,BWA-no-clip,3,1.0
509,BWA-std,3,0.3
509,NW-flex,3,1.0
509,BWA-no-clip,4,1.0
509,BWA-std,4,0.1
509,NW-flex,4,1.0
509,BWA-no-clip,5,1.0
509,BWA-std,5,0.0
509,NW-flex,5,1.0
510,BWA-no-clip,-5,0.6
510,BWA-std,-5,0.1
510,NW-flex,-5,1.0
510,BWA-no-clip,-4,0.8
510,BWA-std,-4,0.2
510,NW-flex,-4,1.0
510,BWA-no-clip,-3,0.8
510,BWA-std,-3,0.4
510,NW-flex,-3,1.0
510,BWA-no-clip,-2,0.9
510,BWA-std,-2,0.6
510,NW-flex,-2,1.0
510,BWA-no-clip,-1,0.9
510,BWA-std,-1,0.7
510,NW-flex,-1,1.0
510,BWA-no-clip,0,1.0
510,BWA-std,0,1.0
510,NW-flex,0,1.0
510,BWA-no-clip,1,1.0
510,BWA-std,1,0.7
510,NW-flex,1,1.0
510,BWA-no-clip,2,1.0
510,BWA-std,2,0.5
510,NW-flex,2,1.0
510,BWA-no-clip,3,1.0
510,BWA-std,3,0.3
510,NW-flex,3,1.0
510,BWA-no-clip,4,1.0
510,BWA-std,4,0.1
510,NW-flex,4,1.0
510,BWA-no-clip,5,1.0
510,BWA-std,5,0.0
510,NW-flex,5,1.0
511,BWA-no-clip,-5,0.4
511,BWA-std,-5,0.1
511,NW-flex,-5,1.0
511,BWA-no-clip,-4,0.5
511,BWA-std,-4,0.2
511,NW-flex,-4,1.0
511,BWA-no-clip,-3,0.5
511,BWA-std,-3,0.4
511,NW-flex,-3,1.0
511,BWA-no-clip,-2,0.9
511,BWA-std,-2,0.6
511,NW-flex,-2,1.0
511,BWA-no-clip,-1,0.9
511,BWA-std,-1,0.7
511,NW-flex,-1,1.0
511,BWA-no-clip,0,1.0
511,BWA-std,0,1.0
511,NW-flex,0,1.0
511,BWA-no-clip,1,1.0
511,BWA-std,1,0.7
511,NW-flex,1,1.0
511,BWA-no-clip,2,0.9
511,BWA-std,2,0.5
511,NW-flex,2,1.0
511,BWA-no-clip,3,0.7
511,BWA-std,3,0.3
511,NW-flex,3,1.0
511,BWA-no-clip,4,1.0
511,BWA-std,4,0.1
511,NW-flex,4,1.0
511,BWA-no-clip,5,1.0
511,BWA-std,5,0.0
511,NW-flex,5,1.0
512,BWA-no-clip,-5,0.5
512,BWA-std,-5,0.1
512,NW-flex,-5,1.0
512,BWA-no-clip,-4,0.6
512,BWA-std,-4,0.2
512,NW-flex,-4,1.0
512,BWA-no-clip,-3,0.7
512,BWA-std,-3,0.4
512,NW-flex,-3,1.0
512,BWA-no-clip,-2,0.8
512,BWA-std,-2,0.6
512,NW-flex,-2,1.0
512,BWA-no-clip,-1,0.9
512,BWA-std,-1,0.7
512,NW-flex,-1,1.0
512,BWA-no-clip,0,1.0
512,BWA-std,0,1.0
512,NW-flex,0,1.0
512,BWA-no-clip,1,1.0
512,BWA-std,1,0.7
512,NW-flex,1,1.0
512,BWA-no-clip,2,1.0
512,BWA-std,2,0.5
512,NW-flex,2,1.0
512,BWA-no-clip,3,1.0
512,BWA-std,3,0.3
512,NW-flex,3,1.0
512,BWA-no-clip,4,1.0
512,BWA-std,4,0.1
512,NW-flex,4,1.0
512,BWA-no-clip,5,1.0
512,BWA-std,5,0.0
512,NW-flex,5,1.0
513,BWA-no-clip,-5,0.5
513,BWA-std,-5,0.1
513,NW-flex,-5,1.0
513,BWA-no-clip,-4,0.8
513,BWA-std,-4,0.2
513,NW-flex,-4,1.0
513,BWA-no-clip,-3,0.8
513,BWA-std,-3,0.4
513,NW-flex,-3,1.0
513,BWA-no-clip,-2,0.9
513,BWA-std,-2,0.6
513,NW-flex,-2,1.0
513,BWA-no-clip,-1,0.9
513,BWA-std,-1,0.7
513,NW-flex,-1,1.0
513,BWA-no-clip,0,1.0
513,BWA-std,0,1.0
513,NW-flex,0,1.0
513,BWA-no-clip,1,1.0
513,BWA-std,1,0.7
513,NW-flex,1,1.0
513,BWA-no-clip,2,1.0
513,BWA-std,2,0.5
513,NW-flex,2,1.0
513,BWA-no-clip,3,1.0
513,BWA-std,3,0.3
513,NW-flex,3,1.0
513,BWA-no-clip,4,1.0
513,BWA-std,4,0.1
513,NW-flex,4,1.0
513,BWA-no-clip,5,1.0
513,BWA-std,5,0.0
513,NW-flex,5,1.0
514,BWA-no-clip,-5,0.3
514,BWA-std,-5,0.1
514,NW-flex,-5,1.0
514,BWA-no-clip,-4,0.4
514,BWA-std,-4,0.2
514,NW-flex,-4,1.0
514,BWA-no-clip,-3,0.8
514,BWA-std,-3,0.4
514,NW-flex,-3,1.0
514,BWA-no-clip,-2,0.9
514,BWA-std,-2,0.6
514,NW-flex,-2,1.0
514,BWA-no-clip,-1,0.9
514,BWA-std,-1,0.7
514,NW-flex,-1,1.0
514,BWA-no-clip,0,1.0
514,BWA-std,0,1.0
514,NW-flex,0,1.0
514,BWA-no-clip,1,1.0
514,BWA-std,1,0.7
514,NW-flex,1,1.0
514,BWA-no-clip,2,1.0
514,BWA-std,2,0.5
514,NW-flex,2,1.0
514,BWA-no-clip,3,1.0
514,BWA-std,3,0.3
514,NW-flex,3,1.0
514,BWA-no-clip,4,0.8
514,BWA-std,4,0.1
514,NW-flex,4,1.0
514,BWA-no-clip,5,0.8
514,BWA-std,5,0.0
514,NW-flex,5,1.0
515,BWA-no-clip,-5,0.4
515,BWA-std,-5,0.1
515,NW-flex,-5,1.0
515,BWA-no-clip,-4,0.6
515,BWA-std,-4,0.2
515,NW-flex,-4,1.0
515,BWA-no-clip,-3,0.7
515,BWA-std,-3,0.4
515,NW-flex,-3,1.0
515,BWA-no-clip,-2,0.8
515,BWA-std,-2,0.5
515,NW-flex,-2,1.0
515,BWA-no-clip,-1,0.8
515,BWA-std,-1,0.7
515,NW-flex,-1,1.0
515,BWA-no-clip,0,1.0
515,BWA-std,0,1.0
515,NW-flex,0,1.0
515,BWA-no-clip,1,0.9
515,BWA-std,1,0.7
515,NW-flex,1,1.0
515,BWA-no-clip,2,0.9
515,BWA-std,2,0.5
515,NW-flex,2,1.0
515,BWA-no-clip,3,0.9
515,BWA-std,3,0.3
515,NW-flex,3,1.0
515,BWA-no-clip,4,0.9
515,BWA-std,4,0.1
515,NW-flex,4,1.0
515,BWA-no-clip,5,0.9
515,BWA-std,5,0.0
515,NW-flex,5,1.0
516,BWA-no-clip,-5,0.4
516,BWA-std,-5,0.1
516,NW-flex,-5,1.0
516,BWA-no-clip,-4,0.6
516,BWA-std,-4,0.2
516,NW-flex,-4,1.0
516,BWA-no-clip,-3,0.7
516,BWA-std,-3,0.4
516,NW-flex,-3,1.0
516,BWA-no-clip,-2,0.8
516,BWA-std,-2,0.5
516,NW-flex,-2,1.0
516,BWA-no-clip,-1,0.8
516,BWA-std,-1,0.7
516,NW-flex,-1,1.0
516,BWA-no-clip,0,1.0
516,BWA-std,0,1.0
516,NW-flex,0,1.0
516,BWA-no-clip,1,0.9
516,BWA-std,1,0.7
516,NW-flex,1,1.0
516,BWA-no-clip,2,0.9
516,BWA-std,2,0.5
516,NW-flex,2,1.0
516,BWA-no-clip,3,0.9
516,BWA-std,3,0.3
516,NW-flex,3,1.0
516,BWA-no-clip,4,0.9
516,BWA-std,4,0.1
516,NW-flex,4,1.0
516,BWA-no-clip,5,0.9
516,BWA-std,5,0.0
516,NW-flex,5,1.0
517,BWA-no-clip,-5,0.4
517,BWA-std,-5,0.1
517,NW-flex,-5,1.0
517,BWA-no-clip,-4,0.4
517,BWA-std,-4,0.2
517,NW-flex,-4,1.0
517,BWA-no-clip,-3,0.4
517,BWA-std,-3,0.4
517,NW-flex,-3,1.0
517,BWA-no-clip,-2,0.5333333333333333
517,BWA-std,-2,0.43333333333333335
517,NW-flex,-2,1.0
517,BWA-no-clip,-1,0.4
517,BWA-std,-1,0.4
517,NW-flex,-1,1.0
517,BWA-no-clip,0,1.0
517,BWA-std,0,1.0
517,NW-flex,0,1.0
517,BWA-no-clip,1,0.5
517,BWA-std,1,0.5
517,NW-flex,1,1.0
517,BWA-no-clip,2,0.5
517,BWA-std,2,0.5
517,NW-flex,2,1.0
517,BWA-no-clip,3,0.5
517,BWA-std,3,0.3
517,NW-flex,3,1.0
517,BWA-no-clip,4,0.5
517,BWA-std,4,0.1
517,NW-flex,4,1.0
517,BWA-no-clip,5,0.5
517,BWA-std,5,0.0
517,NW-flex,5,1.0
518,BWA-no-clip,-5,0.4
518,BWA-std,-5,0.1
518,NW-flex,-5,1.0
518,BWA-no-clip,-4,0.6
518,BWA-std,-4,0.2
518,NW-flex,-4,1.0
518,BWA-no-clip,-3,0.6
518,BWA-std,-3,0.4
518,NW-flex,-3,1.0
518,BWA-no-clip,-2,0.8
518,BWA-std,-2,0.5
518,NW-flex,-2,1.0
518,BWA-no-clip,-1,0.8
518,BWA-std,-1,0.7
518,NW-flex,-1,1.0
518,BWA-no-clip,0,1.0
518,BWA-std,0,1.0
518,NW-flex,0,1.0
518,BWA-no-clip,1,1.0
518,BWA-std,1,0.7
518,NW-flex,1,1.0
518,BWA-no-clip,2,1.0
518,BWA-std,2,0.5
518,NW-flex,2,1.0
518,BWA-no-clip,3,0.8
518,BWA-std,3,0.3
518,NW-flex,3,1.0
518,BWA-no-clip,4,1.0
518,BWA-std,4,0.1
518,NW-flex,4,1.0
518,BWA-no-clip,5,1.0
518,BWA-std,5,0.0
518,NW-flex,5,1.0
519,BWA-no-clip,-5,0.5
519,BWA-std,-5,0.1
519,NW-flex,-5,1.0
519,BWA-no-clip,-4,0.5
519,BWA-std,-4,0.2
519,NW-flex,-4,1.0
519,BWA-no-clip,-3,0.7
519,BWA-std,-3,0.4
519,NW-flex,-3,1.0
519,BWA-no-clip,-2,0.9
519,BWA-std,-2,0.6
519,NW-flex,-2,1.0
519,BWA-no-clip,-1,0.9
519,BWA-std,-1,0.7
519,NW-flex,-1,1.0
519,BWA-no-clip,0,1.0
519,BWA-std,0,1.0
519,NW-flex,0,1.0
519,BWA-no-clip,1,1.0
519,BWA-std,1,0.7
519,NW-flex,1,1.0
519,BWA-no-clip,2,1.0
519,BWA-std,2,0.5
519,NW-flex,2,1.0
519,BWA-no-clip,3,1.0
519,BWA-std,3,0.3
519,NW-flex,3,1.0
519,BWA-no-clip,4,1.0
519,BWA-std,4,0.1
519,NW-flex,4,1.0
519,BWA-no-clip,5,1.0
519,BWA-std,5,0.0
519,NW-flex,5,1.0
520,BWA-no-clip,-5,0.4
520,BWA-std,-5,0.1
520,NW-flex,-5,1.0
520,BWA-no-clip,-4,0.6
520,BWA-std,-4,0.2
520,NW-flex,-4,1.0
520,BWA-no-clip,-3,0.6
520,BWA-std,-3,0.4
520,NW-flex,-3,1.0
520,BWA-no-clip,-2,0.8
520,BWA-std,-2,0.5
520,NW-flex,-2,1.0
520,BWA-no-clip,-1,0.2
520,BWA-std,-1,0.2
520,NW-flex,-1,1.0
520,BWA-no-clip,0,1.0
520,BWA-std,0,1.0
520,NW-flex,0,1.0
520,BWA-no-clip,1,0.4
520,BWA-std,1,0.4
520,NW-flex,1,1.0
520,BWA-no-clip,2,0.6
520,BWA-std,2,0.5
520,NW-flex,2,1.0
520,BWA-no-clip,3,0.8
520,BWA-std,3,0.3
520,NW-flex,3,1.0
520,BWA-no-clip,4,1.0
520,BWA-std,4,0.1
520,NW-flex,4,1.0
520,BWA-no-clip,5,1.0
520,BWA-std,5,0.0
520,NW-flex,5,1.0
521,BWA-no-clip,-5,0.6
521,BWA-std,-5,0.1
521,NW-flex,-5,1.0
521,BWA-no-clip,-4,0.7
521,BWA-std,-4,0.2
521,NW-flex,-4,1.0
521,BWA-no-clip,-3,0.7
521,BWA-std,-3,0.4
521,NW-flex,-3,1.0
521,BWA-no-clip,-2,0.8
521,BWA-std,-2,0.5
521,NW-flex,-2,1.0
521,BWA-no-clip,-1,0.8
521,BWA-std,-1,0.7
521,NW-flex,-1,1.0
521,BWA-no-clip,0,1.0
521,BWA-std,0,1.0
521,NW-flex,0,1.0
521,BWA-no-clip,1,1.0
521,BWA-std,1,0.7
521,NW-flex,1,1.0
521,BWA-no-clip,2,1.0
521,BWA-std,2,0.5
521,NW-flex,2,1.0
521,BWA-no-clip,3,1.0
521,BWA-std,3,0.3
521,NW-flex,3,1.0
521,BWA-no-clip,4,1.0
521,BWA-std,4,0.1
521,NW-flex,4,1.0
521,BWA-no-clip,5,1.0
521,BWA-std,5,0.0
521,NW-flex,5,1.0
522,BWA-no-clip,-5,0.7
522,BWA-std,-5,0.1
522,NW-flex,-5,1.0
522,BWA-no-clip,-4,0.8
522,BWA-std,-4,0.2
522,NW-flex,-4,1.0
522,BWA-no-clip,-3,0.8
522,BWA-std,-3,0.4
522,NW-flex,-3,1.0
522,BWA-no-clip,-2,0.9
522,BWA-std,-2,0.6
522,NW-flex,-2,1.0
522,BWA-no-clip,-1,0.9
522,BWA-std,-1,0.7
522,NW-flex,-1,1.0
522,BWA-no-clip,0,1.0
522,BWA-std,0,1.0
522,NW-flex,0,1.0
522,BWA-no-clip,1,1.0
522,BWA-std,1,0.7
522,NW-flex,1,1.0
522,BWA-no-clip,2,1.0
522,BWA-std,2,0.5
522,NW-flex,2,1.0
522,BWA-no-clip,3,1.0
522,BWA-std,3,0.3
522,NW-flex,3,1.0
522,BWA-no-clip,4,1.0
522,BWA-std,4,0.1
522,NW-flex,4,1.0
522,BWA-no-clip,5,1.0
522,BWA-std,5,0.0
522,NW-flex,5,1.0
523,BWA-no-clip,-5,0.3
523,BWA-std,-5,0.1
523,NW-flex,-5,1.0
523,BWA-no-clip,-4,0.5
523,BWA-std,-4,0.2
523,NW-flex,-4,1.0
523,BWA-no-clip,-3,0.5
523,BWA-std,-3,0.3
523,NW-flex,-3,1.0
523,BWA-no-clip,-2,0.7
523,BWA-std,-2,0.5
523,NW-flex,-2,1.0
523,BWA-no-clip,-1,0.8
523,BWA-std,-1,0.7
523,NW-flex,-1,1.0
523,BWA-no-clip,0,1.0
523,BWA-std,0,1.0
523,NW-flex,0,1.0
523,BWA-no-clip,1,0.9
523,BWA-std,1,0.7
523,NW-flex,1,1.0
523,BWA-no-clip,2,0.9
523,BWA-std,2,0.5
523,NW-flex,2,1.0
523,BWA-no-clip,3,0.9
523,BWA-std,3,0.3
523,NW-flex,3,1.0
523,BWA-no-clip,4,0.9
523,BWA-std,4,0.1
523,NW-flex,4,1.0
523,BWA-no-clip,5,0.9
523,BWA-std,5,0.0
523,NW-flex,5,1.0
524,BWA-no-clip,-5,0.6
524,BWA-std,-5,0.1
524,NW-flex,-5,1.0
524,BWA-no-clip,-4,0.7
524,BWA-std,-4,0.2
524,NW-flex,-4,1.0
524,BWA-no-clip,-3,0.7
524,BWA-std,-3,0.4
524,NW-flex,-3,1.0
524,BWA-no-clip,-2,0.8
524,BWA-std,-2,0.5
524,NW-flex,-2,1.0
524,BWA-no-clip,-1,0.7
524,BWA-std,-1,0.7
524,NW-flex,-1,1.0
524,BWA-no-clip,0,1.0
524,BWA-std,0,1.0
524,NW-flex,0,1.0
524,BWA-no-clip,1,0.9
524,BWA-std,1,0.7
524,NW-flex,1,1.0
524,BWA-no-clip,2,1.0
524,BWA-std,2,0.5
524,NW-flex,2,1.0
524,BWA-no-clip,3,1.0
524,BWA-std,3,0.3
524,NW-flex,3,1.0
524,BWA-no-clip,4,1.0
524,BWA-std,4,0.1
524,NW-flex,4,1.0
524,BWA-no-clip,5,1.0
524,BWA-std,5,0.0
524,NW-flex,5,1.0
525,BWA-no-clip,-5,0.6
525,BWA-std,-5,0.1
525,NW-flex,-5,1.0
525,BWA-no-clip,-4,0.6
525,BWA-std,-4,0.2
525,NW-flex,-4,1.0
525,BWA-no-clip,-3,0.7
525,BWA-std,-3,0.4
525,NW-flex,-3,1.0
525,BWA-no-clip,-2,0.7
525,BWA-std,-2,0.6
525,NW-flex,-2,1.0
525,BWA-no-clip,-1,0.9
525,BWA-std,-1,0.7
525,NW-flex,-1,1.0
525,BWA-no-clip,0,1.0
525,BWA-std,0,1.0
525,NW-flex,0,1.0
525,BWA-no-clip,1,0.9
525,BWA-std,1,0.7
525,NW-flex,1,1.0
525,BWA-no-clip,2,0.9
525,BWA-std,2,0.5
525,NW-flex,2,1.0
525,BWA-no-clip,3,0.9
525,BWA-std,3,0.3
525,NW-flex,3,1.0
525,BWA-no-clip,4,0.9
525,BWA-std,4,0.1
525,NW-flex,4,1.0
525,BWA-no-clip,5,0.9
525,BWA-std,5,0.0
525,NW-flex,5,1.0
526,BWA-no-clip,-5,0.5
526,BWA-std,-5,0.1
526,NW-flex,-5,1.0
526,BWA-no-clip,-4,0.7
526,BWA-std,-4,0.2
526,NW-flex,-4,1.0
526,BWA-no-clip,-3,0.8
526,BWA-std,-3,0.4
526,NW-flex,-3,1.0
526,BWA-no-clip,-2,0.9
526,BWA-std,-2,0.6
526,NW-flex,-2,1.0
526,BWA-no-clip,-1,0.9
526,BWA-std,-1,0.7
526,NW-flex,-1,1.0
526,BWA-no-clip,0,1.0
526,BWA-std,0,1.0
526,NW-flex,0,1.0
526,BWA-no-clip,1,1.0
526,BWA-std,1,0.7
526,NW-flex,1,1.0
526,BWA-no-clip,2,1.0
526,BWA-std,2,0.5
526,NW-flex,2,1.0
526,BWA-no-clip,3,1.0
526,BWA-std,3,0.3
526,NW-flex,3,1.0
526,BWA-no-clip,4,1.0
526,BWA-std,4,0.1
526,NW-flex,4,1.0
526,BWA-no-clip,5,1.0
526,BWA-std,5,0.0
526,NW-flex,5,1.0
527,BWA-no-clip,-5,0.6
527,BWA-std,-5,0.1
527,NW-flex,-5,1.0
527,BWA-no-clip,-4,0.7
527,BWA-std,-4,0.2
527,NW-flex,-4,1.0
527,BWA-no-clip,-3,0.8
527,BWA-std,-3,0.4
527,NW-flex,-3,1.0
527,BWA-no-clip,-2,0.8
527,BWA-std,-2,0.6
527,NW-flex,-2,1.0
527,BWA-no-clip,-1,0.9
527,BWA-std,-1,0.7
527,NW-flex,-1,1.0
527,BWA-no-clip,0,1.0
527,BWA-std,0,1.0
527,NW-flex,0,1.0
527,BWA-no-clip,1,1.0
527,BWA-std,1,0.7
527,NW-flex,1,1.0
527,BWA-no-clip,2,1.0
527,BWA-std,2,0.5
527,NW-flex,2,1.0
527,BWA-no-clip,3,1.0
527,BWA-std,3,0.3
527,NW-flex,3,1.0
527,BWA-no-clip,4,1.0
527,BWA-std,4,0.1
527,NW-flex,4,1.0
527,BWA-no-clip,5,1.0
527,BWA-std,5,0.0
527,NW-flex,5,1.0
528,BWA-no-clip,-5,0.4
528,BWA-std,-5,0.1
528,NW-flex,-5,1.0
528,BWA-no-clip,-4,0.6
528,BWA-std,-4,0.2
528,NW-flex,-4,1.0
528,BWA-no-clip,-3,0.6
528,BWA-std,-3,0.4
528,NW-flex,-3,1.0
528,BWA-no-clip,-2,0.9
528,BWA-std,-2,0.6
528,NW-flex,-2,1.0
528,BWA-no-clip,-1,0.9
528,BWA-std,-1,0.7
528,NW-flex,-1,1.0
528,BWA-no-clip,0,1.0
528,BWA-std,0,1.0
528,NW-flex,0,1.0
528,BWA-no-clip,1,1.0
528,BWA-std,1,0.7
528,NW-flex,1,1.0
528,BWA-no-clip,2,0.9
528,BWA-std,2,0.5
528,NW-flex,2,1.0
528,BWA-no-clip,3,0.9
528,BWA-std,3,0.3
528,NW-flex,3,1.0
528,BWA-no-clip,4,1.0
528,BWA-std,4,0.1
528,NW-flex,4,1.0
528,BWA-no-clip,5,1.0
528,BWA-std,5,0.0
528,NW-flex,5,1.0
529,BWA-no-clip,-5,0.2
529,BWA-std,-5,0.1
529,NW-flex,-5,1.0
529,BWA-no-clip,-4,0.6
529,BWA-std,-4,0.2
529,NW-flex,-4,1.0
529,BWA-no-clip,-3,0.6
529,BWA-std,-3,0.4
529,NW-flex,-3,1.0
529,BWA-no-clip,-2,0.8
529,BWA-std,-2,0.5
529,NW-flex,-2,1.0
529,BWA-no-clip,-1,0.8
529,BWA-std,-1,0.7
529,NW-flex,-1,1.0
529,BWA-no-clip,0,1.0
529,BWA-std,0,1.0
529,NW-flex,0,1.0
529,BWA-no-clip,1,1.0
529,BWA-std,1,0.7
529,NW-flex,1,1.0
529,BWA-no-clip,2,0.8
529,BWA-std,2,0.5
529,NW-flex,2,1.0
529,BWA-no-clip,3,1.0
529,BWA-std,3,0.3
529,NW-flex,3,1.0
529,BWA-no-clip,4,0.8
529,BWA-std,4,0.1
529,NW-flex,4,1.0
529,BWA-no-clip,5,0.8
529,BWA-std,5,0.0
529,NW-flex,5,1.0
530,BWA-no-clip,-5,0.7
530,BWA-std,-5,0.1
530,NW-flex,-5,1.0
530,BWA-no-clip,-4,0.7
530,BWA-std,-4,0.2
530,NW-flex,-4,1.0
530,BWA-no-clip,-3,0.8
530,BWA-std,-3,0.4
530,NW-flex,-3,1.0
530,BWA-no-clip,-2,0.8
530,BWA-std,-2,0.6
530,NW-flex,-2,1.0
530,BWA-no-clip,-1,0.9
530,BWA-std,-1,0.7
530,NW-flex,-1,1.0
530,BWA-no-clip,0,1.0
530,BWA-std,0,1.0
530,NW-flex,0,1.0
530,BWA-no-clip,1,1.0
530,BWA-std,1,0.7
530,NW-flex,1,1.0
530,BWA-no-clip,2,1.0
530,BWA-std,2,0.5
530,NW-flex,2,1.0
530,BWA-no-clip,3,1.0
530,BWA-std,3,0.3
530,NW-flex,3,1.0
530,BWA-no-clip,4,1.0
530,BWA-std,4,0.1
530,NW-flex,4,1.0
530,BWA-no-clip,5,1.0
530,BWA-std,5,0.0
530,NW-flex,5,1.0
531,BWA-no-clip,-5,0.6
531,BWA-std,-5,0.1
531,NW-flex,-5,1.0
531,BWA-no-clip,-4,0.7
531,BWA-std,-4,0.2
531,NW-flex,-4,1.0
531,BWA-no-clip,-3,0.8
531,BWA-std,-3,0.4
531,NW-flex,-3,1.0
531,BWA-no-clip,-2,0.8
531,BWA-std,-2,0.6
531,NW-flex,-2,1.0
531,BWA-no-clip,-1,0.9
531,BWA-std,-1,0.7
531,NW-flex,-1,1.0
531,BWA-no-clip,0,1.0
531,BWA-std,0,1.0
531,NW-flex,0,1.0
531,BWA-no-clip,1,1.0
531,BWA-std,1,0.7
531,NW-flex,1,1.0
531,BWA-no-clip,2,1.0
531,BWA-std,2,0.5
531,NW-flex,2,1.0
531,BWA-no-clip,3,1.0
531,BWA-std,3,0.3
531,NW-flex,3,1.0
531,BWA-no-clip,4,1.0
531,BWA-std,4,0.1
531,NW-flex,4,1.0
531,BWA-no-clip,5,1.0
531,BWA-std,5,0.0
531,NW-flex,5,1.0
532,BWA-no-clip,-5,0.5
532,BWA-std,-5,0.1
532,NW-flex,-5,1.0
532,BWA-no-clip,-4,0.6
532,BWA-std,-4,0.2
532,NW-flex,-4,1.0
532,BWA-no-clip,-3,0.6
532,BWA-std,-3,0.4
532,NW-flex,-3,1.0
532,BWA-no-clip,-2,0.8
532,BWA-std,-2,0.5
532,NW-flex,-2,1.0
532,BWA-no-clip,-1,0.8
532,BWA-std,-1,0.7
532,NW-flex,-1,1.0
532,BWA-no-clip,0,1.0
532,BWA-std,0,1.0
532,NW-flex,0,1.0
532,BWA-no-clip,1,1.0
532,BWA-std,1,0.7
532,NW-flex,1,1.0
532,BWA-no-clip,2,0.9
532,BWA-std,2,0.5
532,NW-flex,2,1.0
532,BWA-no-clip,3,1.0
532,BWA-std,3,0.3
532,NW-flex,3,1.0
532,BWA-no-clip,4,1.0
532,BWA-std,4,0.1
532,NW-flex,4,1.0
532,BWA-no-clip,5,1.0
532,BWA-std,5,0.0
532,NW-flex,5,1.0
533,BWA-no-clip,-5,0.5
533,BWA-std,-5,0.1
533,NW-flex,-5,1.0
533,BWA-no-clip,-4,0.5
533,BWA-std,-4,0.2
533,NW-flex,-4,1.0
533,BWA-no-clip,-3,0.6
533,BWA-std,-3,0.3
533,NW-flex,-3,1.0
533,BWA-no-clip,-2,0.7
533,BWA-std,-2,0.5
533,NW-flex,-2,1.0
533,BWA-no-clip,-1,0.8
533,BWA-std,-1,0.7
533,NW-flex,-1,1.0
533,BWA-no-clip,0,1.0
533,BWA-std,0,1.0
533,NW-flex,0,1.0
533,BWA-no-clip,1,1.0
533,BWA-std,1,0.7
533,NW-flex,1,1.0
533,BWA-no-clip,2,1.0
533,BWA-std,2,0.5
533,NW-flex,2,1.0
533,BWA-no-clip,3,1.0
533,BWA-std,3,0.3
533,NW-flex,3,1.0
533,BWA-no-clip,4,1.0
533,BWA-std,4,0.1
533,NW-flex,4,1.0
533,BWA-no-clip,5,1.0
533,BWA-std,5,0.0
533,NW-flex,5,1.0
534,BWA-no-clip,-5,0.5
534,BWA-std,-5,0.1
534,NW-flex,-5,1.0
534,BWA-no-clip,-4,0.6
534,BWA-std,-4,0.2
534,NW-flex,-4,1.0
534,BWA-no-clip,-3,0.6
534,BWA-std,-3,0.3
534,NW-flex,-3,1.0
534,BWA-no-clip,-2,0.7
534,BWA-std,-2,0.5
534,NW-flex,-2,1.0
534,BWA-no-clip,-1,0.8
534,BWA-std,-1,0.7
534,NW-flex,-1,1.0
534,BWA-no-clip,0,1.0
534,BWA-std,0,1.0
534,NW-flex,0,1.0
534,BWA-no-clip,1,0.9
534,BWA-std,1,0.7
534,NW-flex,1,1.0
534,BWA-no-clip,2,0.9
534,BWA-std,2,0.5
534,NW-flex,2,1.0
534,BWA-no-clip,3,0.9
534,BWA-std,3,0.3
534,NW-flex,3,1.0
534,BWA-no-clip,4,0.9
534,BWA-std,4,0.1
534,NW-flex,4,1.0
534,BWA-no-clip,5,0.9
534,BWA-std,5,0.0
534,NW-flex,5,1.0
535,BWA-no-clip,-5,0.3
535,BWA-std,-5,0.1
535,NW-flex,-5,1.0
535,BWA-no-clip,-4,0.6
535,BWA-std,-4,0.2
535,NW-flex,-4,1.0
535,BWA-no-clip,-3,0.6
535,BWA-std,-3,0.3
535,NW-flex,-3,1.0
535,BWA-no-clip,-2,0.7
535,BWA-std,-2,0.5
535,NW-flex,-2,1.0
535,BWA-no-clip,-1,0.8
535,BWA-std,-1,0.7
535,NW-flex,-1,1.0
535,BWA-no-clip,0,1.0
535,BWA-std,0,1.0
535,NW-flex,0,1.0
535,BWA-no-clip,1,0.9
535,BWA-std,1,0.7
535,NW-flex,1,1.0
535,BWA-no-clip,2,0.9
535,BWA-std,2,0.5
535,NW-flex,2,1.0
535,BWA-no-clip,3,0.9
535,BWA-std,3,0.3
535,NW-flex,3,1.0
535,BWA-no-clip,4,0.9
535,BWA-std,4,0.1
535,NW-flex,4,1.0
535,BWA-no-clip,5,0.9
535,BWA-std,5,0.0
535,NW-flex,5,1.0
536,BWA-no-clip,-5,0.6
536,BWA-std,-5,0.1
536,NW-flex,-5,1.0
536,BWA-no-clip,-4,0.7
536,BWA-std,-4,0.2
536,NW-flex,-4,1.0
536,BWA-no-clip,-3,0.7
536,BWA-std,-3,0.4
536,NW-flex,-3,1.0
536,BWA-no-clip,-2,0.9
536,BWA-std,-2,0.6
536,NW-flex,-2,1.0
536,BWA-no-clip,-1,0.9
536,BWA-std,-1,0.7
536,NW-flex,-1,1.0
536,BWA-no-clip,0,1.0
536,BWA-std,0,1.0
536,NW-flex,0,1.0
536,BWA-no-clip,1,1.0
536,BWA-std,1,0.7
536,NW-flex,1,1.0
536,BWA-no-clip,2,1.0
536,BWA-std,2,0.5
536,NW-flex,2,1.0
536,BWA-no-clip,3,1.0
536,BWA-std,3,0.3
536,NW-flex,3,1.0
536,BWA-no-clip,4,1.0
536,BWA-std,4,0.1
536,NW-flex,4,1.0
536,BWA-no-clip,5,1.0
536,BWA-std,5,0.0
536,NW-flex,5,1.0
537,BWA-no-clip,-5,0.5
537,BWA-std,-5,0.1
537,NW-flex,-5,1.0
537,BWA-no-clip,-4,0.6
537,BWA-std,-4,0.2
537,NW-flex,-4,1.0
537,BWA-no-clip,-3,0.6
537,BWA-std,-3,0.4
537,NW-flex,-3,1.0
537,BWA-no-clip,-2,0.6666666666666666
537,BWA-std,-2,0.5
537,NW-flex,-2,1.0
537,BWA-no-clip,-1,0.6
537,BWA-std,-1,0.6
537,NW-flex,-1,1.0
537,BWA-no-clip,0,1.0
537,BWA-std,0,1.0
537,NW-flex,0,1.0
537,BWA-no-clip,1,0.7
537,BWA-std,1,0.7
537,NW-flex,1,1.0
537,BWA-no-clip,2,0.7
537,BWA-std,2,0.5
537,NW-flex,2,1.0
537,BWA-no-clip,3,0.7
537,BWA-std,3,0.3
537,NW-flex,3,1.0
537,BWA-no-clip,4,0.7
537,BWA-std,4,0.1
537,NW-flex,4,1.0
537,BWA-no-clip,5,0.7
537,BWA-std,5,0.0
537,NW-flex,5,1.0
538,BWA-no-clip,-5,0.7
538,BWA-std,-5,0.1
538,NW-flex,-5,1.0
538,BWA-no-clip,-4,0.7
538,BWA-std,-4,0.2
538,NW-flex,-4,1.0
538,BWA-no-clip,-3,0.8
538,BWA-std,-3,0.4
538,NW-flex,-3,1.0
538,BWA-no-clip,-2,0.8
538,BWA-std,-2,0.6
538,NW-flex,-2,1.0
538,BWA-no-clip,-1,0.9
538,BWA-std,-1,0.7
538,NW-flex,-1,1.0
538,BWA-no-clip,0,1.0
538,BWA-std,0,1.0
538,NW-flex,0,1.0
538,BWA-no-clip,1,1.0
538,BWA-std,1,0.7
538,NW-flex,1,1.0
538,BWA-no-clip,2,1.0
538,BWA-std,2,0.5
538,NW-flex,2,1.0
538,BWA-no-clip,3,1.0
538,BWA-std,3,0.3
538,NW-flex,3,1.0
538,BWA-no-clip,4,1.0
538,BWA-std,4,0.1
538,NW-flex,4,1.0
538,BWA-no-clip,5,1.0
538,BWA-std,5,0.0
538,NW-flex,5,1.0
539,BWA-no-clip,-5,0.6
539,BWA-std,-5,0.1
539,NW-flex,-5,1.0
539,BWA-no-clip,-4,0.8
539,BWA-std,-4,0.2
539,NW-flex,-4,1.0
539,BWA-no-clip,-3,0.8
539,BWA-std,-3,0.4
539,NW-flex,-3,1.0
539,BWA-no-clip,-2,0.9
539,BWA-std,-2,0.6
539,NW-flex,-2,1.0
539,BWA-no-clip,-1,0.9
539,BWA-std,-1,0.7
539,NW-flex,-1,1.0
539,BWA-no-clip,0,1.0
539,BWA-std,0,1.0
539,NW-flex,0,1.0
539,BWA-no-clip,1,1.0
539,BWA-std,1,0.7
539,NW-flex,1,1.0
539,BWA-no-clip,2,1.0
539,BWA-std,2,0.5
539,NW-flex,2,1.0
539,BWA-no-clip,3,1.0
539,BWA-std,3,0.3
539,NW-flex,3,1.0
539,BWA-no-clip,4,1.0
539,BWA-std,4,0.1
539,NW-flex,4,1.0
539,BWA-no-clip,5,1.0
539,BWA-std,5,0.0
539,NW-flex,5,1.0
540,BWA-no-clip,-5,0.6
540,BWA-std,-5,0.1
540,NW-flex,-5,1.0
540,BWA-no-clip,-4,0.6
540,BWA-std,-4,0.2
540,NW-flex,-4,1.0
540,BWA-no-clip,-3,0.7
540,BWA-std,-3,0.4
540,NW-flex,-3,1.0
540,BWA-no-clip,-2,0.7
540,BWA-std,-2,0.6
540,NW-flex,-2,1.0
540,BWA-no-clip,-1,0.9
540,BWA-std,-1,0.7
540,NW-flex,-1,1.0
540,BWA-no-clip,0,1.0
540,BWA-std,0,1.0
540,NW-flex,0,1.0
540,BWA-no-clip,1,0.9
540,BWA-std,1,0.7
540,NW-flex,1,1.0
540,BWA-no-clip,2,0.9
540,BWA-std,2,0.5
540,NW-flex,2,1.0
540,BWA-no-clip,3,0.9
540,BWA-std,3,0.3
540,NW-flex,3,1.0
540,BWA-no-clip,4,0.9
540,BWA-std,4,0.1
540,NW-flex,4,1.0
540,BWA-no-clip,5,0.9
540,BWA-std,5,0.0
540,NW-flex,5,1.0
541,BWA-no-clip,-5,0.5
541,BWA-std,-5,0.1
541,NW-flex,-5,1.0
541,BWA-no-clip,-4,0.5
541,BWA-std,-4,0.2
541,NW-flex,-4,1.0
541,BWA-no-clip,-3,0.5
541,BWA-std,-3,0.4
541,NW-flex,-3,1.0
541,BWA-no-clip,-2,0.6
541,BWA-std,-2,0.5
541,NW-flex,-2,1.0
541,BWA-no-clip,-1,0.5
541,BWA-std,-1,0.5
541,NW-flex,-1,1.0
541,BWA-no-clip,0,1.0
541,BWA-std,0,1.0
541,NW-flex,0,1.0
541,BWA-no-clip,1,0.6
541,BWA-std,1,0.6
541,NW-flex,1,1.0
541,BWA-no-clip,2,0.6
541,BWA-std,2,0.5
541,NW-flex,2,1.0
541,BWA-no-clip,3,0.6
541,BWA-std,3,0.3
541,NW-flex,3,1.0
541,BWA-no-clip,4,0.6
541,BWA-std,4,0.1
541,NW-flex,4,1.0
541,BWA-no-clip,5,0.6
541,BWA-std,5,0.0
541,NW-flex,5,1.0
542,BWA-no-clip,-5,0.5
542,BWA-std,-5,0.1
542,NW-flex,-5,1.0
542,BWA-no-clip,-4,0.6
542,BWA-std,-4,0.2
542,NW-flex,-4,1.0
542,BWA-no-clip,-3,0.7
542,BWA-std,-3,0.4
542,NW-flex,-3,1.0
542,BWA-no-clip,-2,0.9
542,BWA-std,-2,0.6
542,NW-flex,-2,1.0
542,BWA-no-clip,-1,0.9
542,BWA-std,-1,0.7
542,NW-flex,-1,1.0
542,BWA-no-clip,0,1.0
542,BWA-std,0,1.0
542,NW-flex,0,1.0
542,BWA-no-clip,1,1.0
542,BWA-std,1,0.7
542,NW-flex,1,1.0
542,BWA-no-clip,2,1.0
542,BWA-std,2,0.5
542,NW-flex,2,1.0
542,BWA-no-clip,3,1.0
542,BWA-std,3,0.3
542,NW-flex,3,1.0
542,BWA-no-clip,4,1.0
542,BWA-std,4,0.1
542,NW-flex,4,1.0
542,BWA-no-clip,5,1.0
542,BWA-std,5,0.0
542,NW-flex,5,1.0
543,BWA-no-clip,-5,0.4
543,BWA-std,-5,0.1
543,NW-flex,-5,1.0
543,BWA-no-clip,-4,0.6
543,BWA-std,-4,0.2
543,NW-flex,-4,1.0
543,BWA-no-clip,-3,0.7
543,BWA-std,-3,0.4
543,NW-flex,-3,1.0
543,BWA-no-clip,-2,0.8
543,BWA-std,-2,0.5
543,NW-flex,-2,1.0
543,BWA-no-clip,-1,0.8
543,BWA-std,-1,0.7
543,NW-flex,-1,1.0
543,BWA-no-clip,0,1.0
543,BWA-std,0,1.0
543,NW-flex,0,1.0
543,BWA-no-clip,1,0.9
543,BWA-std,1,0.7
543,NW-flex,1,1.0
543,BWA-no-clip,2,0.9
543,BWA-std,2,0.5
543,NW-flex,2,1.0
543,BWA-no-clip,3,0.9
543,BWA-std,3,0.3
543,NW-flex,3,1.0
543,BWA-no-clip,4,0.9
543,BWA-std,4,0.1
543,NW-flex,4,1.0
543,BWA-no-clip,5,0.9
543,BWA-std,5,0.0
543,NW-flex,5,1.0
544,BWA-no-clip,-5,0.7
544,BWA-std,-5,0.1
544,NW-flex,-5,1.0
544,BWA-no-clip,-4,0.8
544,BWA-std,-4,0.2
544,NW-flex,-4,1.0
544,BWA-no-clip,-3,0.8
544,BWA-std,-3,0.4
544,NW-flex,-3,1.0
544,BWA-no-clip,-2,0.9
544,BWA-std,-2,0.6
544,NW-flex,-2,1.0
544,BWA-no-clip,-1,0.9
544,BWA-std,-1,0.7
544,NW-flex,-1,1.0
544,BWA-no-clip,0,1.0
544,BWA-std,0,1.0
544,NW-flex,0,1.0
544,BWA-no-clip,1,1.0
544,BWA-std,1,0.7
544,NW-flex,1,1.0
544,BWA-no-clip,2,1.0
544,BWA-std,2,0.5
544,NW-flex,2,1.0
544,BWA-no-clip,3,1.0
544,BWA-std,3,0.3
544,NW-flex,3,1.0
544,BWA-no-clip,4,1.0
544,BWA-std,4,0.1
544,NW-flex,4,1.0
544,BWA-no-clip,5,1.0
544,BWA-std,5,0.0
544,NW-flex,5,1.0
545,BWA-no-clip,-5,0.1
545,BWA-std,-5,0.1
545,NW-flex,-5,1.0
545,BWA-no-clip,-4,0.5
545,BWA-std,-4,0.2
545,NW-flex,-4,1.0
545,BWA-no-clip,-3,0.5
545,BWA-std,-3,0.4
545,NW-flex,-3,1.0
545,BWA-no-clip,-2,0.8
545,BWA-std,-2,0.5
545,NW-flex,-2,1.0
545,BWA-no-clip,-1,0.8
545,BWA-std,-1,0.7
545,NW-flex,-1,1.0
545,BWA-no-clip,0,1.0
545,BWA-std,0,1.0
545,NW-flex,0,1.0
545,BWA-no-clip,1,0.9
545,BWA-std,1,0.7
545,NW-flex,1,1.0
545,BWA-no-clip,2,0.9
545,BWA-std,2,0.5
545,NW-flex,2,1.0
545,BWA-no-clip,3,0.9
545,BWA-std,3,0.3
545,NW-flex,3,1.0
545,BWA-no-clip,4,0.9
545,BWA-std,4,0.1
545,NW-flex,4,1.0
545,BWA-no-clip,5,0.8
545,BWA-std,5,0.0
545,NW-flex,5,1.0
546,BWA-no-clip,-5,0.5
546,BWA-std,-5,0.1
546,NW-flex,-5,1.0
546,BWA-no-clip,-4,0.5
546,BWA-std,-4,0.2
546,NW-flex,-4,1.0
546,BWA-no-clip,-3,0.8
546,BWA-std,-3,0.4
546,NW-flex,-3,1.0
546,BWA-no-clip,-2,0.9
546,BWA-std,-2,0.6
546,NW-flex,-2,1.0
546,BWA-no-clip,-1,0.9
546,BWA-std,-1,0.7
546,NW-flex,-1,1.0
546,BWA-no-clip,0,1.0
546,BWA-std,0,1.0
546,NW-flex,0,1.0
546,BWA-no-clip,1,1.0
546,BWA-std,1,0.7
546,NW-flex,1,1.0
546,BWA-no-clip,2,1.0
546,BWA-std,2,0.5
546,NW-flex,2,1.0
546,BWA-no-clip,3,1.0
546,BWA-std,3,0.3
546,NW-flex,3,1.0
546,BWA-no-clip,4,1.0
546,BWA-std,4,0.1
546,NW-flex,4,1.0
546,BWA-no-clip,5,1.0
546,BWA-std,5,0.0
546,NW-flex,5,1.0
547,BWA-no-clip,-5,0.6
547,BWA-std,-5,0.1
547,NW-flex,-5,1.0
547,BWA-no-clip,-4,0.6
547,BWA-std,-4,0.2
547,NW-flex,-4,1.0
547,BWA-no-clip,-3,0.7
547,BWA-std,-3,0.4
547,NW-flex,-3,1.0
547,BWA-no-clip,-2,0.9
547,BWA-std,-2,0.6
547,NW-flex,-2,1.0
547,BWA-no-clip,-1,0.9
547,BWA-std,-1,0.7
547,NW-flex,-1,1.0
547,BWA-no-clip,0,1.0
547,BWA-std,0,1.0
547,NW-flex,0,1.0
547,BWA-no-clip,1,1.0
547,BWA-std,1,0.7
547,NW-flex,1,1.0
547,BWA-no-clip,2,1.0
547,BWA-std,2,0.5
547,NW-flex,2,1.0
547,BWA-no-clip,3,1.0
547,BWA-std,3,0.3
547,NW-flex,3,1.0
547,BWA-no-clip,4,1.0
547,BWA-std,4,0.1
547,NW-flex,4,1.0
547,BWA-no-clip,5,1.0
547,BWA-std,5,0.0
547,NW-flex,5,1.0
548,BWA-no-clip,-5,0.4
548,BWA-std,-5,0.1
548,NW-flex,-5,1.0
548,BWA-no-clip,-4,0.7
548,BWA-std,-4,0.2
548,NW-flex,-4,1.0
548,BWA-no-clip,-3,0.8
548,BWA-std,-3,0.4
548,NW-flex,-3,1.0
548,BWA-no-clip,-2,0.9
548,BWA-std,-2,0.6
548,NW-flex,-2,1.0
548,BWA-no-clip,-1,0.9
548,BWA-std,-1,0.7
548,NW-flex,-1,1.0
548,BWA-no-clip,0,1.0
548,BWA-std,0,1.0
548,NW-flex,0,1.0
548,BWA-no-clip,1,1.0
548,BWA-std,1,0.7
548,NW-flex,1,1.0
548,BWA-no-clip,2,1.0
548,BWA-std,2,0.5
548,NW-flex,2,1.0
548,BWA-no-clip,3,1.0
548,BWA-std,3,0.3
548,NW-flex,3,1.0
548,BWA-no-clip,4,1.0
548,BWA-std,4,0.1
548,NW-flex,4,1.0
548,BWA-no-clip,5,1.0
548,BWA-std,5,0.0
548,NW-flex,5,1.0
549,BWA-no-clip,-5,0.7
549,BWA-std,-5,0.1
549,NW-flex,-5,1.0
549,BWA-no-clip,-4,0.7
549,BWA-std,-4,0.2
549,NW-flex,-4,1.0
549,BWA-no-clip,-3,0.8
549,BWA-std,-3,0.4
549,NW-flex,-3,1.0
549,BWA-no-clip,-2,0.8
549,BWA-std,-2,0.6
549,NW-flex,-2,1.0
549,BWA-no-clip,-1,0.9
549,BWA-std,-1,0.7
549,NW-flex,-1,1.0
549,BWA-no-clip,0,1.0
549,BWA-std,0,1.0
549,NW-flex,0,1.0
549,BWA-no-clip,1,1.0
549,BWA-std,1,0.7
549,NW-flex,1,1.0
549,BWA-no-clip,2,1.0
549,BWA-std,2,0.5
549,NW-flex,2,1.0
549,BWA-no-clip,3,1.0
549,BWA-std,3,0.3
549,NW-flex,3,1.0
549,BWA-no-clip,4,1.0
549,BWA-std,4,0.1
549,NW-flex,4,1.0
549,BWA-no-clip,5,1.0
549,BWA-std,5,0.0
549,NW-flex,5,1.0
550,BWA-no-clip,-5,0.6
550,BWA-std,-5,0.1
550,NW-flex,-5,1.0
550,BWA-no-clip,-4,0.8
550,BWA-std,-4,0.2
550,NW-flex,-4,1.0
550,BWA-no-clip,-3,0.8
550,BWA-std,-3,0.4
550,NW-flex,-3,1.0
550,BWA-no-clip,-2,0.9
550,BWA-std,-2,0.6
550,NW-flex,-2,1.0
550,BWA-no-clip,-1,0.9
550,BWA-std,-1,0.7
550,NW-flex,-1,1.0
550,BWA-no-clip,0,1.0
550,BWA-std,0,1.0
550,NW-flex,0,1.0
550,BWA-no-clip,1,1.0
550,BWA-std,1,0.7
550,NW-flex,1,1.0
550,BWA-no-clip,2,1.0
550,BWA-std,2,0.5
550,NW-flex,2,1.0
550,BWA-no-clip,3,1.0
550,BWA-std,3,0.3
550,NW-flex,3,1.0
550,BWA-no-clip,4,1.0
550,BWA-std,4,0.1
550,NW-flex,4,1.0
550,BWA-no-clip,5,1.0
550,BWA-std,5,0.0
550,NW-flex,5,1.0
551,BWA-no-clip,-5,0.7
551,BWA-std,-5,0.1
551,NW-flex,-5,1.0
551,BWA-no-clip,-4,0.8
551,BWA-std,-4,0.2
551,NW-flex,-4,1.0
551,BWA-no-clip,-3,0.8
551,BWA-std,-3,0.4
551,NW-flex,-3,1.0
551,BWA-no-clip,-2,0.9
551,BWA-std,-2,0.6
551,NW-flex,-2,1.0
551,BWA-no-clip,-1,0.9
551,BWA-std,-1,0.7
551,NW-flex,-1,1.0
551,BWA-no-clip,0,1.0
551,BWA-std,0,1.0
551,NW-flex,0,1.0
551,BWA-no-clip,1,1.0
551,BWA-std,1,0.7
551,NW-flex,1,1.0
551,BWA-no-clip,2,1.0
551,BWA-std,2,0.5
551,NW-flex,2,1.0
551,BWA-no-clip,3,1.0
551,BWA-std,3,0.3
551,NW-flex,3,1.0
551,BWA-no-clip,4,1.0
551,BWA-std,4,0.1
551,NW-flex,4,1.0
551,BWA-no-clip,5,1.0
551,BWA-std,5,0.0
551,NW-flex,5,1.0
552,BWA-no-clip,-5,0.6
552,BWA-std,-5,0.1
552,NW-flex,-5,1.0
552,BWA-no-clip,-4,0.7
552,BWA-std,-4,0.2
552,NW-flex,-4,1.0
552,BWA-no-clip,-3,0.7
552,BWA-std,-3,0.4
552,NW-flex,-3,1.0
552,BWA-no-clip,-2,0.8
552,BWA-std,-2,0.6
552,NW-flex,-2,1.0
552,BWA-no-clip,-1,0.9
552,BWA-std,-1,0.7
552,NW-flex,-1,1.0
552,BWA-no-clip,0,1.0
552,BWA-std,0,1.0
552,NW-flex,0,1.0
552,BWA-no-clip,1,1.0
552,BWA-std,1,0.7
552,NW-flex,1,1.0
552,BWA-no-clip,2,1.0
552,BWA-std,2,0.5
552,NW-flex,2,1.0
552,BWA-no-clip,3,1.0
552,BWA-std,3,0.3
552,NW-flex,3,1.0
552,BWA-no-clip,4,1.0
552,BWA-std,4,0.1
552,NW-flex,4,1.0
552,BWA-no-clip,5,1.0
552,BWA-std,5,0.0
552,NW-flex,5,1.0
553,BWA-no-clip,-5,0.4
553,BWA-std,-5,0.1
553,NW-flex,-5,1.0
553,BWA-no-clip,-4,0.5
553,BWA-std,-4,0.2
553,NW-flex,-4,1.0
553,BWA-no-clip,-3,0.5
553,BWA-std,-3,0.4
553,NW-flex,-3,1.0
553,BWA-no-clip,-2,0.8
553,BWA-std,-2,0.6
553,NW-flex,-2,1.0
553,BWA-no-clip,-1,0.9
553,BWA-std,-1,0.7
553,NW-flex,-1,1.0
553,BWA-no-clip,0,1.0
553,BWA-std,0,1.0
553,NW-flex,0,1.0
553,BWA-no-clip,1,1.0
553,BWA-std,1,0.7
553,NW-flex,1,1.0
553,BWA-no-clip,2,1.0
553,BWA-std,2,0.5
553,NW-flex,2,1.0
553,BWA-no-clip,3,1.0
553,BWA-std,3,0.3
553,NW-flex,3,1.0
553,BWA-no-clip,4,1.0
553,BWA-std,4,0.1
553,NW-flex,4,1.0
553,BWA-no-clip,5,1.0
553,BWA-std,5,0.0
553,NW-flex,5,1.0
554,BWA-no-clip,-5,0.4
554,BWA-std,-5,0.1
554,NW-flex,-5,1.0
554,BWA-no-clip,-4,0.6
554,BWA-std,-4,0.2
554,NW-flex,-4,1.0
554,BWA-no-clip,-3,0.7
554,BWA-std,-3,0.4
554,NW-flex,-3,1.0
554,BWA-no-clip,-2,0.9
554,BWA-std,-2,0.6
554,NW-flex,-2,1.0
554,BWA-no-clip,-1,0.9
554,BWA-std,-1,0.7
554,NW-flex,-1,1.0
554,BWA-no-clip,0,1.0
554,BWA-std,0,1.0
554,NW-flex,0,1.0
554,BWA-no-clip,1,1.0
554,BWA-std,1,0.7
554,NW-flex,1,1.0
554,BWA-no-clip,2,0.9
554,BWA-std,2,0.5
554,NW-flex,2,1.0
554,BWA-no-clip,3,0.7
554,BWA-std,3,0.3
554,NW-flex,3,1.0
554,BWA-no-clip,4,1.0
554,BWA-std,4,0.1
554,NW-flex,4,1.0
554,BWA-no-clip,5,1.0
554,BWA-std,5,0.0
554,NW-flex,5,1.0
555,BWA-no-clip,-5,0.6
555,BWA-std,-5,0.1
555,NW-flex,-5,1.0
555,BWA-no-clip,-4,0.7
555,BWA-std,-4,0.2
555,NW-flex,-4,1.0
555,BWA-no-clip,-3,0.7
555,BWA-std,-3,0.4
555,NW-flex,-3,1.0
555,BWA-no-clip,-2,0.8
555,BWA-std,-2,0.6
555,NW-flex,-2,1.0
555,BWA-no-clip,-1,0.9
555,BWA-std,-1,0.7
555,NW-flex,-1,1.0
555,BWA-no-clip,0,1.0
555,BWA-std,0,1.0
555,NW-flex,0,1.0
555,BWA-no-clip,1,1.0
555,BWA-std,1,0.7
555,NW-flex,1,1.0
555,BWA-no-clip,2,1.0
555,BWA-std,2,0.5
555,NW-flex,2,1.0
555,BWA-no-clip,3,1.0
555,BWA-std,3,0.3
555,NW-flex,3,1.0
555,BWA-no-clip,4,1.0
555,BWA-std,4,0.1
555,NW-flex,4,1.0
555,BWA-no-clip,5,1.0
555,BWA-std,5,0.0
555,NW-flex,5,1.0
556,BWA-no-clip,-5,0.3
556,BWA-std,-5,0.1
556,NW-flex,-5,1.0
556,BWA-no-clip,-4,0.5
556,BWA-std,-4,0.2
556,NW-flex,-4,1.0
556,BWA-no-clip,-3,0.6
556,BWA-std,-3,0.3
556,NW-flex,-3,1.0
556,BWA-no-clip,-2,0.7
556,BWA-std,-2,0.5
556,NW-flex,-2,1.0
556,BWA-no-clip,-1,0.8
556,BWA-std,-1,0.7
556,NW-flex,-1,1.0
556,BWA-no-clip,0,1.0
556,BWA-std,0,1.0
556,NW-flex,0,1.0
556,BWA-no-clip,1,0.9
556,BWA-std,1,0.7
556,NW-flex,1,1.0
556,BWA-no-clip,2,0.7
556,BWA-std,2,0.5
556,NW-flex,2,1.0
556,BWA-no-clip,3,0.9
556,BWA-std,3,0.3
556,NW-flex,3,1.0
556,BWA-no-clip,4,0.9
556,BWA-std,4,0.1
556,NW-flex,4,1.0
556,BWA-no-clip,5,0.9
556,BWA-std,5,0.0
556,NW-flex,5,1.0
557,BWA-no-clip,-5,0.5
557,BWA-std,-5,0.1
557,NW-flex,-5,1.0
557,BWA-no-clip,-4,0.7
557,BWA-std,-4,0.2
557,NW-flex,-4,1.0
557,BWA-no-clip,-3,0.7
557,BWA-std,-3,0.4
557,NW-flex,-3,1.0
557,BWA-no-clip,-2,0.8
557,BWA-std,-2,0.5
557,NW-flex,-2,1.0
557,BWA-no-clip,-1,0.8
557,BWA-std,-1,0.7
557,NW-flex,-1,1.0
557,BWA-no-clip,0,1.0
557,BWA-std,0,1.0
557,NW-flex,0,1.0
557,BWA-no-clip,1,1.0
557,BWA-std,1,0.7
557,NW-flex,1,1.0
557,BWA-no-clip,2,1.0
557,BWA-std,2,0.5
557,NW-flex,2,1.0
557,BWA-no-clip,3,1.0
557,BWA-std,3,0.3
557,NW-flex,3,1.0
557,BWA-no-clip,4,1.0
557,BWA-std,4,0.1
557,NW-flex,4,1.0
557,BWA-no-clip,5,1.0
557,BWA-std,5,0.0
557,NW-flex,5,1.0
558,BWA-no-clip,-5,0.4
558,BWA-std,-5,0.1
558,NW-flex,-5,1.0
558,BWA-no-clip,-4,0.4
558,BWA-std,-4,0.2
558,NW-flex,-4,1.0
558,BWA-no-clip,-3,0.4
558,BWA-std,-3,0.4
558,NW-flex,-3,1.0
558,BWA-no-clip,-2,0.5333333333333333
558,BWA-std,-2,0.43333333333333335
558,NW-flex,-2,1.0
558,BWA-no-clip,-1,0.4
558,BWA-std,-1,0.4
558,NW-flex,-1,1.0
558,BWA-no-clip,0,1.0
558,BWA-std,0,1.0
558,NW-flex,0,1.0
558,BWA-no-clip,1,0.5
558,BWA-std,1,0.5
558,NW-flex,1,1.0
558,BWA-no-clip,2,0.5
558,BWA-std,2,0.5
558,NW-flex,2,1.0
558,BWA-no-clip,3,0.5
558,BWA-std,3,0.3
558,NW-flex,3,1.0
558,BWA-no-clip,4,0.5
558,BWA-std,4,0.1
558,NW-flex,4,1.0
558,BWA-no-clip,5,0.5
558,BWA-std,5,0.0
558,NW-flex,5,1.0
559,BWA-no-clip,-5,0.4
559,BWA-std,-5,0.1
559,NW-flex,-5,1.0
559,BWA-no-clip,-4,0.5
559,BWA-std,-4,0.2
559,NW-flex,-4,1.0
559,BWA-no-clip,-3,0.5
559,BWA-std,-3,0.4
559,NW-flex,-3,1.0
559,BWA-no-clip,-2,0.9
559,BWA-std,-2,0.6
559,NW-flex,-2,1.0
559,BWA-no-clip,-1,0.9
559,BWA-std,-1,0.7
559,NW-flex,-1,1.0
559,BWA-no-clip,0,1.0
559,BWA-std,0,1.0
559,NW-flex,0,1.0
559,BWA-no-clip,1,1.0
559,BWA-std,1,0.7
559,NW-flex,1,1.0
559,BWA-no-clip,2,0.8
559,BWA-std,2,0.5
559,NW-flex,2,1.0
559,BWA-no-clip,3,0.6
559,BWA-std,3,0.3
559,NW-flex,3,1.0
559,BWA-no-clip,4,1.0
559,BWA-std,4,0.1
559,NW-flex,4,1.0
559,BWA-no-clip,5,0.9
559,BWA-std,5,0.0
559,NW-flex,5,1.0
560,BWA-no-clip,-5,0.4
560,BWA-std,-5,0.1
560,NW-flex,-5,1.0
560,BWA-no-clip,-4,0.6
560,BWA-std,-4,0.2
560,NW-flex,-4,1.0
560,BWA-no-clip,-3,0.7
560,BWA-std,-3,0.4
560,NW-flex,-3,1.0
560,BWA-no-clip,-2,0.7333333333333333
560,BWA-std,-2,0.5
560,NW-flex,-2,1.0
560,BWA-no-clip,-1,0.7
560,BWA-std,-1,0.7
560,NW-flex,-1,1.0
560,BWA-no-clip,0,1.0
560,BWA-std,0,1.0
560,NW-flex,0,1.0
560,BWA-no-clip,1,0.8
560,BWA-std,1,0.7
560,NW-flex,1,1.0
560,BWA-no-clip,2,0.8
560,BWA-std,2,0.5
560,NW-flex,2,1.0
560,BWA-no-clip,3,0.8
560,BWA-std,3,0.3
560,NW-flex,3,1.0
560,BWA-no-clip,4,0.8
560,BWA-std,4,0.1
560,NW-flex,4,1.0
560,BWA-no-clip,5,0.8
560,BWA-std,5,0.0
560,NW-flex,5,1.0
561,BWA-no-clip,-5,0.4
561,BWA-std,-5,0.1
561,NW-flex,-5,1.0
561,BWA-no-clip,-4,0.6
561,BWA-std,-4,0.2
561,NW-flex,-4,1.0
561,BWA-no-clip,-3,0.7
561,BWA-std,-3,0.4
561,NW-flex,-3,1.0
561,BWA-no-clip,-2,0.7333333333333333
561,BWA-std,-2,0.5
561,NW-flex,-2,1.0
561,BWA-no-clip,-1,0.7
561,BWA-std,-1,0.7
561,NW-flex,-1,1.0
561,BWA-no-clip,0,1.0
561,BWA-std,0,1.0
561,NW-flex,0,1.0
561,BWA-no-clip,1,0.8
561,BWA-std,1,0.7
561,NW-flex,1,1.0
561,BWA-no-clip,2,0.8
561,BWA-std,2,0.5
561,NW-flex,2,1.0
561,BWA-no-clip,3,0.8
561,BWA-std,3,0.3
561,NW-flex,3,1.0
561,BWA-no-clip,4,0.8
561,BWA-std,4,0.1
561,NW-flex,4,1.0
561,BWA-no-clip,5,0.8
561,BWA-std,5,0.0
561,NW-flex,5,1.0
562,BWA-no-clip,-5,0.6
562,BWA-std,-5,0.1
562,NW-flex,-5,1.0
562,BWA-no-clip,-4,0.7
562,BWA-std,-4,0.2
562,NW-flex,-4,1.0
562,BWA-no-clip,-3,0.7
562,BWA-std,-3,0.4
562,NW-flex,-3,1.0
562,BWA-no-clip,-2,0.7333333333333333
562,BWA-std,-2,0.5
562,NW-flex,-2,1.0
562,BWA-no-clip,-1,0.7
562,BWA-std,-1,0.7
562,NW-flex,-1,1.0
562,BWA-no-clip,0,1.0
562,BWA-std,0,1.0
562,NW-flex,0,1.0
562,BWA-no-clip,1,0.8
562,BWA-std,1,0.7
562,NW-flex,1,1.0
562,BWA-no-clip,2,0.8
562,BWA-std,2,0.5
562,NW-flex,2,1.0
562,BWA-no-clip,3,0.8
562,BWA-std,3,0.3
562,NW-flex,3,1.0
562,BWA-no-clip,4,0.8
562,BWA-std,4,0.1
562,NW-flex,4,1.0
562,BWA-no-clip,5,0.8
562,BWA-std,5,0.0
562,NW-flex,5,1.0
563,BWA-no-clip,-5,0.5
563,BWA-std,-5,0.1
563,NW-flex,-5,1.0
563,BWA-no-clip,-4,0.7
563,BWA-std,-4,0.2
563,NW-flex,-4,1.0
563,BWA-no-clip,-3,0.8
563,BWA-std,-3,0.4
563,NW-flex,-3,1.0
563,BWA-no-clip,-2,0.9
563,BWA-std,-2,0.6
563,NW-flex,-2,1.0
563,BWA-no-clip,-1,0.9
563,BWA-std,-1,0.7
563,NW-flex,-1,1.0
563,BWA-no-clip,0,1.0
563,BWA-std,0,1.0
563,NW-flex,0,1.0
563,BWA-no-clip,1,1.0
563,BWA-std,1,0.7
563,NW-flex,1,1.0
563,BWA-no-clip,2,1.0
563,BWA-std,2,0.5
563,NW-flex,2,1.0
563,BWA-no-clip,3,1.0
563,BWA-std,3,0.3
563,NW-flex,3,1.0
563,BWA-no-clip,4,1.0
563,BWA-std,4,0.1
563,NW-flex,4,1.0
563,BWA-no-clip,5,1.0
563,BWA-std,5,0.0
563,NW-flex,5,1.0
564,BWA-no-clip,-5,0.6
564,BWA-std,-5,0.1
564,NW-flex,-5,1.0
564,BWA-no-clip,-4,0.8
564,BWA-std,-4,0.2
564,NW-flex,-4,1.0
564,BWA-no-clip,-3,0.8
564,BWA-std,-3,0.4
564,NW-flex,-3,1.0
564,BWA-no-clip,-2,0.9
564,BWA-std,-2,0.6
564,NW-flex,-2,1.0
564,BWA-no-clip,-1,0.9
564,BWA-std,-1,0.7
564,NW-flex,-1,1.0
564,BWA-no-clip,0,1.0
564,BWA-std,0,1.0
564,NW-flex,0,1.0
564,BWA-no-clip,1,1.0
564,BWA-std,1,0.7
564,NW-flex,1,1.0
564,BWA-no-clip,2,1.0
564,BWA-std,2,0.5
564,NW-flex,2,1.0
564,BWA-no-clip,3,1.0
564,BWA-std,3,0.3
564,NW-flex,3,1.0
564,BWA-no-clip,4,1.0
564,BWA-std,4,0.1
564,NW-flex,4,1.0
564,BWA-no-clip,5,1.0
564,BWA-std,5,0.0
564,NW-flex,5,1.0
565,BWA-no-clip,-5,0.7
565,BWA-std,-5,0.1
565,NW-flex,-5,1.0
565,BWA-no-clip,-4,0.8
565,BWA-std,-4,0.2
565,NW-flex,-4,1.0
565,BWA-no-clip,-3,0.8
565,BWA-std,-3,0.4
565,NW-flex,-3,1.0
565,BWA-no-clip,-2,0.9
565,BWA-std,-2,0.6
565,NW-flex,-2,1.0
565,BWA-no-clip,-1,0.9
565,BWA-std,-1,0.7
565,NW-flex,-1,1.0
565,BWA-no-clip,0,1.0
565,BWA-std,0,1.0
565,NW-flex,0,1.0
565,BWA-no-clip,1,1.0
565,BWA-std,1,0.7
565,NW-flex,1,1.0
565,BWA-no-clip,2,1.0
565,BWA-std,2,0.5
565,NW-flex,2,1.0
565,BWA-no-clip,3,1.0
565,BWA-std,3,0.3
565,NW-flex,3,1.0
565,BWA-no-clip,4,1.0
565,BWA-std,4,0.1
565,NW-flex,4,1.0
565,BWA-no-clip,5,1.0
565,BWA-std,5,0.0
565,NW-flex,5,1.0
566,BWA-no-clip,-5,0.3
566,BWA-std,-5,0.1
566,NW-flex,-5,1.0
566,BWA-no-clip,-4,0.4
566,BWA-std,-4,0.2
566,NW-flex,-4,1.0
566,BWA-no-clip,-3,0.4
566,BWA-std,-3,0.4
566,NW-flex,-3,1.0
566,BWA-no-clip,-2,0.5333333333333333
566,BWA-std,-2,0.43333333333333335
566,NW-flex,-2,1.0
566,BWA-no-clip,-1,0.4
566,BWA-std,-1,0.4
566,NW-flex,-1,1.0
566,BWA-no-clip,0,1.0
566,BWA-std,0,1.0
566,NW-flex,0,1.0
566,BWA-no-clip,1,0.5
566,BWA-std,1,0.5
566,NW-flex,1,1.0
566,BWA-no-clip,2,0.5
566,BWA-std,2,0.5
566,NW-flex,2,1.0
566,BWA-no-clip,3,0.5
566,BWA-std,3,0.3
566,NW-flex,3,1.0
566,BWA-no-clip,4,0.5
566,BWA-std,4,0.1
566,NW-flex,4,1.0
566,BWA-no-clip,5,0.5
566,BWA-std,5,0.0
566,NW-flex,5,1.0
567,BWA-no-clip,-5,0.7
567,BWA-std,-5,0.1
567,NW-flex,-5,1.0
567,BWA-no-clip,-4,0.7
567,BWA-std,-4,0.2
567,NW-flex,-4,1.0
567,BWA-no-clip,-3,0.8
567,BWA-std,-3,0.4
567,NW-flex,-3,1.0
567,BWA-no-clip,-2,0.8
567,BWA-std,-2,0.6
567,NW-flex,-2,1.0
567,BWA-no-clip,-1,0.9
567,BWA-std,-1,0.7
567,NW-flex,-1,1.0
567,BWA-no-clip,0,1.0
567,BWA-std,0,1.0
567,NW-flex,0,1.0
567,BWA-no-clip,1,1.0
567,BWA-std,1,0.7
567,NW-flex,1,1.0
567,BWA-no-clip,2,1.0
567,BWA-std,2,0.5
567,NW-flex,2,1.0
567,BWA-no-clip,3,1.0
567,BWA-std,3,0.3
567,NW-flex,3,1.0
567,BWA-no-clip,4,1.0
567,BWA-std,4,0.1
567,NW-flex,4,1.0
567,BWA-no-clip,5,1.0
567,BWA-std,5,0.0
567,NW-flex,5,1.0
568,BWA-no-clip,-5,0.2
568,BWA-std,-5,0.1
568,NW-flex,-5,1.0
568,BWA-no-clip,-4,0.3
568,BWA-std,-4,0.2
568,NW-flex,-4,1.0
568,BWA-no-clip,-3,0.4
568,BWA-std,-3,0.3
568,NW-flex,-3,1.0
568,BWA-no-clip,-2,0.7
568,BWA-std,-2,0.5
568,NW-flex,-2,1.0
568,BWA-no-clip,-1,0.8
568,BWA-std,-1,0.7
568,NW-flex,-1,1.0
568,BWA-no-clip,0,1.0
568,BWA-std,0,1.0
568,NW-flex,0,1.0
568,BWA-no-clip,1,0.9
568,BWA-std,1,0.7
568,NW-flex,1,1.0
568,BWA-no-clip,2,0.9
568,BWA-std,2,0.5
568,NW-flex,2,1.0
568,BWA-no-clip,3,0.9
568,BWA-std,3,0.3
568,NW-flex,3,1.0
568,BWA-no-clip,4,0.6
568,BWA-std,4,0.1
568,NW-flex,4,1.0
568,BWA-no-clip,5,0.9
568,BWA-std,5,0.0
568,NW-flex,5,1.0
569,BWA-no-clip,-5,0.5
569,BWA-std,-5,0.1
569,NW-flex,-5,1.0
569,BWA-no-clip,-4,0.5
569,BWA-std,-4,0.2
569,NW-flex,-4,1.0
569,BWA-no-clip,-3,0.7
569,BWA-std,-3,0.4
569,NW-flex,-3,1.0
569,BWA-no-clip,-2,0.7
569,BWA-std,-2,0.6
569,NW-flex,-2,1.0
569,BWA-no-clip,-1,0.9
569,BWA-std,-1,0.7
569,NW-flex,-1,1.0
569,BWA-no-clip,0,1.0
569,BWA-std,0,1.0
569,NW-flex,0,1.0
569,BWA-no-clip,1,1.0
569,BWA-std,1,0.7
569,NW-flex,1,1.0
569,BWA-no-clip,2,1.0
569,BWA-std,2,0.5
569,NW-flex,2,1.0
569,BWA-no-clip,3,1.0
569,BWA-std,3,0.3
569,NW-flex,3,1.0
569,BWA-no-clip,4,1.0
569,BWA-std,4,0.1
569,NW-flex,4,1.0
569,BWA-no-clip,5,1.0
569,BWA-std,5,0.0
569,NW-flex,5,1.0
570,BWA-no-clip,-5,0.7
570,BWA-std,-5,0.1
570,NW-flex,-5,1.0
570,BWA-no-clip,-4,0.8
570,BWA-std,-4,0.2
570,NW-flex,-4,1.0
570,BWA-no-clip,-3,0.8
570,BWA-std,-3,0.4
570,NW-flex,-3,1.0
570,BWA-no-clip,-2,0.9
570,BWA-std,-2,0.6
570,NW-flex,-2,1.0
570,BWA-no-clip,-1,0.9
570,BWA-std,-1,0.7
570,NW-flex,-1,1.0
570,BWA-no-clip,0,1.0
570,BWA-std,0,1.0
570,NW-flex,0,1.0
570,BWA-no-clip,1,1.0
570,BWA-std,1,0.7
570,NW-flex,1,1.0
570,BWA-no-clip,2,1.0
570,BWA-std,2,0.5
570,NW-flex,2,1.0
570,BWA-no-clip,3,1.0
570,BWA-std,3,0.3
570,NW-flex,3,1.0
570,BWA-no-clip,4,1.0
570,BWA-std,4,0.1
570,NW-flex,4,1.0
570,BWA-no-clip,5,1.0
570,BWA-std,5,0.0
570,NW-flex,5,1.0
571,BWA-no-clip,-5,0.5
571,BWA-std,-5,0.1
571,NW-flex,-5,1.0
571,BWA-no-clip,-4,0.7
571,BWA-std,-4,0.2
571,NW-flex,-4,1.0
571,BWA-no-clip,-3,0.7
571,BWA-std,-3,0.4
571,NW-flex,-3,1.0
571,BWA-no-clip,-2,0.8
571,BWA-std,-2,0.6
571,NW-flex,-2,1.0
571,BWA-no-clip,-1,0.9
571,BWA-std,-1,0.7
571,NW-flex,-1,1.0
571,BWA-no-clip,0,1.0
571,BWA-std,0,1.0
571,NW-flex,0,1.0
571,BWA-no-clip,1,1.0
571,BWA-std,1,0.7
571,NW-flex,1,1.0
571,BWA-no-clip,2,1.0
571,BWA-std,2,0.5
571,NW-flex,2,1.0
571,BWA-no-clip,3,1.0
571,BWA-std,3,0.3
571,NW-flex,3,1.0
571,BWA-no-clip,4,1.0
571,BWA-std,4,0.1
571,NW-flex,4,1.0
571,BWA-no-clip,5,1.0
571,BWA-std,5,0.0
571,NW-flex,5,1.0
572,BWA-no-clip,-5,0.7
572,BWA-std,-5,0.1
572,NW-flex,-5,1.0
572,BWA-no-clip,-4,0.8
572,BWA-std,-4,0.2
572,NW-flex,-4,1.0
572,BWA-no-clip,-3,0.8
572,BWA-std,-3,0.4
572,NW-flex,-3,1.0
572,BWA-no-clip,-2,0.9
572,BWA-std,-2,0.6
572,NW-flex,-2,1.0
572,BWA-no-clip,-1,0.9
572,BWA-std,-1,0.7
572,NW-flex,-1,1.0
572,BWA-no-clip,0,1.0
572,BWA-std,0,1.0
572,NW-flex,0,1.0
572,BWA-no-clip,1,1.0
572,BWA-std,1,0.7
572,NW-flex,1,1.0
572,BWA-no-clip,2,1.0
572,BWA-std,2,0.5
572,NW-flex,2,1.0
572,BWA-no-clip,3,1.0
572,BWA-std,3,0.3
572,NW-flex,3,1.0
572,BWA-no-clip,4,1.0
572,BWA-std,4,0.1
572,NW-flex,4,1.0
572,BWA-no-clip,5,1.0
572,BWA-std,5,0.0
572,NW-flex,5,1.0
573,BWA-no-clip,-5,0.5
573,BWA-std,-5,0.1
573,NW-flex,-5,1.0
573,BWA-no-clip,-4,0.6
573,BWA-std,-4,0.2
573,NW-flex,-4,1.0
573,BWA-no-clip,-3,0.6
573,BWA-std,-3,0.4
573,NW-flex,-3,1.0
573,BWA-no-clip,-2,0.8
573,BWA-std,-2,0.5
573,NW-flex,-2,1.0
573,BWA-no-clip,-1,0.8
573,BWA-std,-1,0.7
573,NW-flex,-1,1.0
573,BWA-no-clip,0,1.0
573,BWA-std,0,1.0
573,NW-flex,0,1.0
573,BWA-no-clip,1,0.9
573,BWA-std,1,0.7
573,NW-flex,1,1.0
573,BWA-no-clip,2,0.9
573,BWA-std,2,0.5
573,NW-flex,2,1.0
573,BWA-no-clip,3,0.9
573,BWA-std,3,0.3
573,NW-flex,3,1.0
573,BWA-no-clip,4,0.9
573,BWA-std,4,0.1
573,NW-flex,4,1.0
573,BWA-no-clip,5,0.9
573,BWA-std,5,0.0
573,NW-flex,5,1.0
574,BWA-no-clip,-5,0.4
574,BWA-std,-5,0.1
574,NW-flex,-5,1.0
574,BWA-no-clip,-4,0.4
574,BWA-std,-4,0.2
574,NW-flex,-4,1.0
574,BWA-no-clip,-3,0.4
574,BWA-std,-3,0.4
574,NW-flex,-3,1.0
574,BWA-no-clip,-2,0.5333333333333333
574,BWA-std,-2,0.43333333333333335
574,NW-flex,-2,1.0
574,BWA-no-clip,-1,0.4
574,BWA-std,-1,0.4
574,NW-flex,-1,1.0
574,BWA-no-clip,0,1.0
574,BWA-std,0,1.0
574,NW-flex,0,1.0
574,BWA-no-clip,1,0.5
574,BWA-std,1,0.5
574,NW-flex,1,1.0
574,BWA-no-clip,2,0.5
574,BWA-std,2,0.5
574,NW-flex,2,1.0
574,BWA-no-clip,3,0.5
574,BWA-std,3,0.3
574,NW-flex,3,1.0
574,BWA-no-clip,4,0.5
574,BWA-std,4,0.1
574,NW-flex,4,1.0
574,BWA-no-clip,5,0.5
574,BWA-std,5,0.0
574,NW-flex,5,1.0
575,BWA-no-clip,-5,0.5
575,BWA-std,-5,0.1
575,NW-flex,-5,1.0
575,BWA-no-clip,-4,0.5
575,BWA-std,-4,0.2
575,NW-flex,-4,1.0
575,BWA-no-clip,-3,0.7
575,BWA-std,-3,0.4
575,NW-flex,-3,1.0
575,BWA-no-clip,-2,0.8
575,BWA-std,-2,0.5
575,NW-flex,-2,1.0
575,BWA-no-clip,-1,0.7
575,BWA-std,-1,0.7
575,NW-flex,-1,1.0
575,BWA-no-clip,0,1.0
575,BWA-std,0,1.0
575,NW-flex,0,1.0
575,BWA-no-clip,1,0.9
575,BWA-std,1,0.7
575,NW-flex,1,1.0
575,BWA-no-clip,2,1.0
575,BWA-std,2,0.5
575,NW-flex,2,1.0
575,BWA-no-clip,3,1.0
575,BWA-std,3,0.3
575,NW-flex,3,1.0
575,BWA-no-clip,4,1.0
575,BWA-std,4,0.1
575,NW-flex,4,1.0
575,BWA-no-clip,5,1.0
575,BWA-std,5,0.0
575,NW-flex,5,1.0
576,BWA-no-clip,-5,0.4
576,BWA-std,-5,0.1
576,NW-flex,-5,1.0
576,BWA-no-clip,-4,0.4
576,BWA-std,-4,0.2
576,NW-flex,-4,1.0
576,BWA-no-clip,-3,0.7
576,BWA-std,-3,0.4
576,NW-flex,-3,1.0
576,BWA-no-clip,-2,0.9
576,BWA-std,-2,0.6
576,NW-flex,-2,1.0
576,BWA-no-clip,-1,0.9
576,BWA-std,-1,0.7
576,NW-flex,-1,1.0
576,BWA-no-clip,0,1.0
576,BWA-std,0,1.0
576,NW-flex,0,1.0
576,BWA-no-clip,1,1.0
576,BWA-std,1,0.7
576,NW-flex,1,1.0
576,BWA-no-clip,2,1.0
576,BWA-std,2,0.5
576,NW-flex,2,1.0
576,BWA-no-clip,3,1.0
576,BWA-std,3,0.3
576,NW-flex,3,1.0
576,BWA-no-clip,4,1.0
576,BWA-std,4,0.1
576,NW-flex,4,1.0
576,BWA-no-clip,5,1.0
576,BWA-std,5,0.0
576,NW-flex,5,1.0
577,BWA-no-clip,-5,0.6
577,BWA-std,-5,0.1
577,NW-flex,-5,1.0
577,BWA-no-clip,-4,0.7
577,BWA-std,-4,0.2
577,NW-flex,-4,1.0
577,BWA-no-clip,-3,0.7
577,BWA-std,-3,0.4
577,NW-flex,-3,1.0
577,BWA-no-clip,-2,0.8
577,BWA-std,-2,0.5
577,NW-flex,-2,1.0
577,BWA-no-clip,-1,0.8
577,BWA-std,-1,0.7
577,NW-flex,-1,1.0
577,BWA-no-clip,0,1.0
577,BWA-std,0,1.0
577,NW-flex,0,1.0
577,BWA-no-clip,1,1.0
577,BWA-std,1,0.7
577,NW-flex,1,1.0
577,BWA-no-clip,2,1.0
577,BWA-std,2,0.5
577,NW-flex,2,1.0
577,BWA-no-clip,3,1.0
577,BWA-std,3,0.3
577,NW-flex,3,1.0
577,BWA-no-clip,4,1.0
577,BWA-std,4,0.1
577,NW-flex,4,1.0
577,BWA-no-clip,5,1.0
577,BWA-std,5,0.0
577,NW-flex,5,1.0
578,BWA-no-clip,-5,0.2
578,BWA-std,-5,0.1
578,NW-flex,-5,1.0
578,BWA-no-clip,-4,0.6
578,BWA-std,-4,0.2
578,NW-flex,-4,1.0
578,BWA-no-clip,-3,0.6
578,BWA-std,-3,0.3
578,NW-flex,-3,1.0
578,BWA-no-clip,-2,0.7
578,BWA-std,-2,0.5
578,NW-flex,-2,1.0
578,BWA-no-clip,-1,0.8
578,BWA-std,-1,0.7
578,NW-flex,-1,1.0
578,BWA-no-clip,0,1.0
578,BWA-std,0,1.0
578,NW-flex,0,1.0
578,BWA-no-clip,1,0.9
578,BWA-std,1,0.7
578,NW-flex,1,1.0
578,BWA-no-clip,2,0.9
578,BWA-std,2,0.5
578,NW-flex,2,1.0
578,BWA-no-clip,3,0.9
578,BWA-std,3,0.3
578,NW-flex,3,1.0
578,BWA-no-clip,4,0.8
578,BWA-std,4,0.1
578,NW-flex,4,1.0
578,BWA-no-clip,5,0.9
578,BWA-std,5,0.0
578,NW-flex,5,1.0
579,BWA-no-clip,-5,0.6
579,BWA-std,-5,0.1
579,NW-flex,-5,1.0
579,BWA-no-clip,-4,0.7
579,BWA-std,-4,0.2
579,NW-flex,-4,1.0
579,BWA-no-clip,-3,0.7
579,BWA-std,-3,0.4
579,NW-flex,-3,1.0
579,BWA-no-clip,-2,0.8
579,BWA-std,-2,0.5
579,NW-flex,-2,1.0
579,BWA-no-clip,-1,0.8
579,BWA-std,-1,0.7
579,NW-flex,-1,1.0
579,BWA-no-clip,0,1.0
579,BWA-std,0,1.0
579,NW-flex,0,1.0
579,BWA-no-clip,1,1.0
579,BWA-std,1,0.7
579,NW-flex,1,1.0
579,BWA-no-clip,2,1.0
579,BWA-std,2,0.5
579,NW-flex,2,1.0
579,BWA-no-clip,3,1.0
579,BWA-std,3,0.3
579,NW-flex,3,1.0
579,BWA-no-clip,4,1.0
579,BWA-std,4,0.1
579,NW-flex,4,1.0
579,BWA-no-clip,5,1.0
579,BWA-std,5,0.0
579,NW-flex,5,1.0
580,BWA-no-clip,-5,0.7
580,BWA-std,-5,0.1
580,NW-flex,-5,1.0
580,BWA-no-clip,-4,0.8
580,BWA-std,-4,0.2
580,NW-flex,-4,1.0
580,BWA-no-clip,-3,0.8
580,BWA-std,-3,0.4
580,NW-flex,-3,1.0
580,BWA-no-clip,-2,0.9
580,BWA-std,-2,0.6
580,NW-flex,-2,1.0
580,BWA-no-clip,-1,0.9
580,BWA-std,-1,0.7
580,NW-flex,-1,1.0
580,BWA-no-clip,0,1.0
580,BWA-std,0,1.0
580,NW-flex,0,1.0
580,BWA-no-clip,1,1.0
580,BWA-std,1,0.7
580,NW-flex,1,1.0
580,BWA-no-clip,2,1.0
580,BWA-std,2,0.5
580,NW-flex,2,1.0
580,BWA-no-clip,3,1.0
580,BWA-std,3,0.3
580,NW-flex,3,1.0
580,BWA-no-clip,4,1.0
580,BWA-std,4,0.1
580,NW-flex,4,1.0
580,BWA-no-clip,5,1.0
580,BWA-std,5,0.0
580,NW-flex,5,1.0
581,BWA-no-clip,-5,0.5
581,BWA-std,-5,0.1
581,NW-flex,-5,1.0
581,BWA-no-clip,-4,0.5
581,BWA-std,-4,0.2
581,NW-flex,-4,1.0
581,BWA-no-clip,-3,0.7
581,BWA-std,-3,0.4
581,NW-flex,-3,1.0
581,BWA-no-clip,-2,0.8
581,BWA-std,-2,0.6
581,NW-flex,-2,1.0
581,BWA-no-clip,-1,0.9
581,BWA-std,-1,0.7
581,NW-flex,-1,1.0
581,BWA-no-clip,0,1.0
581,BWA-std,0,1.0
581,NW-flex,0,1.0
581,BWA-no-clip,1,1.0
581,BWA-std,1,0.7
581,NW-flex,1,1.0
581,BWA-no-clip,2,1.0
581,BWA-std,2,0.5
581,NW-flex,2,1.0
581,BWA-no-clip,3,1.0
581,BWA-std,3,0.3
581,NW-flex,3,1.0
581,BWA-no-clip,4,1.0
581,BWA-std,4,0.1
581,NW-flex,4,1.0
581,BWA-no-clip,5,1.0
581,BWA-std,5,0.0
581,NW-flex,5,1.0
582,BWA-no-clip,-5,0.7
582,BWA-std,-5,0.1
582,NW-flex,-5,1.0
582,BWA-no-clip,-4,0.8
582,BWA-std,-4,0.2
582,NW-flex,-4,1.0
582,BWA-no-clip,-3,0.8
582,BWA-std,-3,0.4
582,NW-flex,-3,1.0
582,BWA-no-clip,-2,0.9
582,BWA-std,-2,0.6
582,NW-flex,-2,1.0
582,BWA-no-clip,-1,0.9
582,BWA-std,-1,0.7
582,NW-flex,-1,1.0
582,BWA-no-clip,0,1.0
582,BWA-std,0,1.0
582,NW-flex,0,1.0
582,BWA-no-clip,1,1.0
582,BWA-std,1,0.7
582,NW-flex,1,1.0
582,BWA-no-clip,2,1.0
582,BWA-std,2,0.5
582,NW-flex,2,1.0
582,BWA-no-clip,3,1.0
582,BWA-std,3,0.3
582,NW-flex,3,1.0
582,BWA-no-clip,4,1.0
582,BWA-std,4,0.1
582,NW-flex,4,1.0
582,BWA-no-clip,5,1.0
582,BWA-std,5,0.0
582,NW-flex,5,1.0
583,BWA-no-clip,-5,0.5
583,BWA-std,-5,0.1
583,NW-flex,-5,1.0
583,BWA-no-clip,-4,0.6
583,BWA-std,-4,0.2
583,NW-flex,-4,1.0
583,BWA-no-clip,-3,0.7
583,BWA-std,-3,0.4
583,NW-flex,-3,1.0
583,BWA-no-clip,-2,0.9
583,BWA-std,-2,0.6
583,NW-flex,-2,1.0
583,BWA-no-clip,-1,0.9
583,BWA-std,-1,0.7
583,NW-flex,-1,1.0
583,BWA-no-clip,0,1.0
583,BWA-std,0,1.0
583,NW-flex,0,1.0
583,BWA-no-clip,1,1.0
583,BWA-std,1,0.7
583,NW-flex,1,1.0
583,BWA-no-clip,2,1.0
583,BWA-std,2,0.5
583,NW-flex,2,1.0
583,BWA-no-clip,3,1.0
583,BWA-std,3,0.3
583,NW-flex,3,1.0
583,BWA-no-clip,4,1.0
583,BWA-std,4,0.1
583,NW-flex,4,1.0
583,BWA-no-clip,5,1.0
583,BWA-std,5,0.0
583,NW-flex,5,1.0
584,BWA-no-clip,-5,0.5
584,BWA-std,-5,0.1
584,NW-flex,-5,1.0
584,BWA-no-clip,-4,0.6
584,BWA-std,-4,0.2
584,NW-flex,-4,1.0
584,BWA-no-clip,-3,0.6
584,BWA-std,-3,0.4
584,NW-flex,-3,1.0
584,BWA-no-clip,-2,0.6666666666666666
584,BWA-std,-2,0.5
584,NW-flex,-2,1.0
584,BWA-no-clip,-1,0.6
584,BWA-std,-1,0.6
584,NW-flex,-1,1.0
584,BWA-no-clip,0,1.0
584,BWA-std,0,1.0
584,NW-flex,0,1.0
584,BWA-no-clip,1,0.7
584,BWA-std,1,0.7
584,NW-flex,1,1.0
584,BWA-no-clip,2,0.7
584,BWA-std,2,0.5
584,NW-flex,2,1.0
584,BWA-no-clip,3,0.7
584,BWA-std,3,0.3
584,NW-flex,3,1.0
584,BWA-no-clip,4,0.7
584,BWA-std,4,0.1
584,NW-flex,4,1.0
584,BWA-no-clip,5,0.7
584,BWA-std,5,0.0
584,NW-flex,5,1.0
585,BWA-no-clip,-5,0.6
585,BWA-std,-5,0.1
585,NW-flex,-5,1.0
585,BWA-no-clip,-4,0.6
585,BWA-std,-4,0.2
585,NW-flex,-4,1.0
585,BWA-no-clip,-3,0.7
585,BWA-std,-3,0.4
585,NW-flex,-3,1.0
585,BWA-no-clip,-2,0.8
585,BWA-std,-2,0.5
585,NW-flex,-2,1.0
585,BWA-no-clip,-1,0.8
585,BWA-std,-1,0.7
585,NW-flex,-1,1.0
585,BWA-no-clip,0,1.0
585,BWA-std,0,1.0
585,NW-flex,0,1.0
585,BWA-no-clip,1,1.0
585,BWA-std,1,0.7
585,NW-flex,1,1.0
585,BWA-no-clip,2,1.0
585,BWA-std,2,0.5
585,NW-flex,2,1.0
585,BWA-no-clip,3,1.0
585,BWA-std,3,0.3
585,NW-flex,3,1.0
585,BWA-no-clip,4,1.0
585,BWA-std,4,0.1
585,NW-flex,4,1.0
585,BWA-no-clip,5,1.0
585,BWA-std,5,0.0
585,NW-flex,5,1.0
586,BWA-no-clip,-5,0.6
586,BWA-std,-5,0.1
586,NW-flex,-5,1.0
586,BWA-no-clip,-4,0.7
586,BWA-std,-4,0.2
586,NW-flex,-4,1.0
586,BWA-no-clip,-3,0.7
586,BWA-std,-3,0.4
586,NW-flex,-3,1.0
586,BWA-no-clip,-2,0.9
586,BWA-std,-2,0.6
586,NW-flex,-2,1.0
586,BWA-no-clip,-1,0.9
586,BWA-std,-1,0.7
586,NW-flex,-1,1.0
586,BWA-no-clip,0,1.0
586,BWA-std,0,1.0
586,NW-flex,0,1.0
586,BWA-no-clip,1,1.0
586,BWA-std,1,0.7
586,NW-flex,1,1.0
586,BWA-no-clip,2,1.0
586,BWA-std,2,0.5
586,NW-flex,2,1.0
586,BWA-no-clip,3,1.0
586,BWA-std,3,0.3
586,NW-flex,3,1.0
586,BWA-no-clip,4,1.0
586,BWA-std,4,0.1
586,NW-flex,4,1.0
586,BWA-no-clip,5,1.0
586,BWA-std,5,0.0
586,NW-flex,5,1.0
587,BWA-no-clip,-5,0.3
587,BWA-std,-5,0.1
587,NW-flex,-5,1.0
587,BWA-no-clip,-4,0.6
587,BWA-std,-4,0.2
587,NW-flex,-4,1.0
587,BWA-no-clip,-3,0.7
587,BWA-std,-3,0.4
587,NW-flex,-3,1.0
587,BWA-no-clip,-2,0.9
587,BWA-std,-2,0.6
587,NW-flex,-2,1.0
587,BWA-no-clip,-1,0.9
587,BWA-std,-1,0.7
587,NW-flex,-1,1.0
587,BWA-no-clip,0,1.0
587,BWA-std,0,1.0
587,NW-flex,0,1.0
587,BWA-no-clip,1,1.0
587,BWA-std,1,0.7
587,NW-flex,1,1.0
587,BWA-no-clip,2,1.0
587,BWA-std,2,0.5
587,NW-flex,2,1.0
587,BWA-no-clip,3,1.0
587,BWA-std,3,0.3
587,NW-flex,3,1.0
587,BWA-no-clip,4,1.0
587,BWA-std,4,0.1
587,NW-flex,4,1.0
587,BWA-no-clip,5,1.0
587,BWA-std,5,0.0
587,NW-flex,5,1.0
588,BWA-no-clip,-5,0.5
588,BWA-std,-5,0.1
588,NW-flex,-5,1.0
588,BWA-no-clip,-4,0.5
588,BWA-std,-4,0.2
588,NW-flex,-4,1.0
588,BWA-no-clip,-3,0.7
588,BWA-std,-3,0.4
588,NW-flex,-3,1.0
588,BWA-no-clip,-2,0.7
588,BWA-std,-2,0.6
588,NW-flex,-2,1.0
588,BWA-no-clip,-1,0.9
588,BWA-std,-1,0.7
588,NW-flex,-1,1.0
588,BWA-no-clip,0,1.0
588,BWA-std,0,1.0
588,NW-flex,0,1.0
588,BWA-no-clip,1,0.9
588,BWA-std,1,0.7
588,NW-flex,1,1.0
588,BWA-no-clip,2,0.9
588,BWA-std,2,0.5
588,NW-flex,2,1.0
588,BWA-no-clip,3,0.9
588,BWA-std,3,0.3
588,NW-flex,3,1.0
588,BWA-no-clip,4,0.9
588,BWA-std,4,0.1
588,NW-flex,4,1.0
588,BWA-no-clip,5,0.9
588,BWA-std,5,0.0
588,NW-flex,5,1.0
589,BWA-no-clip,-5,0.4
589,BWA-std,-5,0.1
589,NW-flex,-5,1.0
589,BWA-no-clip,-4,0.4
589,BWA-std,-4,0.2
589,NW-flex,-4,1.0
589,BWA-no-clip,-3,0.7
589,BWA-std,-3,0.4
589,NW-flex,-3,1.0
589,BWA-no-clip,-2,0.9
589,BWA-std,-2,0.6
589,NW-flex,-2,1.0
589,BWA-no-clip,-1,0.9
589,BWA-std,-1,0.7
589,NW-flex,-1,1.0
589,BWA-no-clip,0,1.0
589,BWA-std,0,1.0
589,NW-flex,0,1.0
589,BWA-no-clip,1,1.0
589,BWA-std,1,0.7
589,NW-flex,1,1.0
589,BWA-no-clip,2,1.0
589,BWA-std,2,0.5
589,NW-flex,2,1.0
589,BWA-no-clip,3,1.0
589,BWA-std,3,0.3
589,NW-flex,3,1.0
589,BWA-no-clip,4,1.0
589,BWA-std,4,0.1
589,NW-flex,4,1.0
589,BWA-no-clip,5,1.0
589,BWA-std,5,0.0
589,NW-flex,5,1.0
590,BWA-no-clip,-5,0.6
590,BWA-std,-5,0.1
590,NW-flex,-5,1.0
590,BWA-no-clip,-4,0.8
590,BWA-std,-4,0.2
590,NW-flex,-4,1.0
590,BWA-no-clip,-3,0.8
590,BWA-std,-3,0.4
590,NW-flex,-3,1.0
590,BWA-no-clip,-2,0.9
590,BWA-std,-2,0.6
590,NW-flex,-2,1.0
590,BWA-no-clip,-1,0.9
590,BWA-std,-1,0.7
590,NW-flex,-1,1.0
590,BWA-no-clip,0,1.0
590,BWA-std,0,1.0
590,NW-flex,0,1.0
590,BWA-no-clip,1,1.0
590,BWA-std,1,0.7
590,NW-flex,1,1.0
590,BWA-no-clip,2,1.0
590,BWA-std,2,0.5
590,NW-flex,2,1.0
590,BWA-no-clip,3,1.0
590,BWA-std,3,0.3
590,NW-flex,3,1.0
590,BWA-no-clip,4,1.0
590,BWA-std,4,0.1
590,NW-flex,4,1.0
590,BWA-no-clip,5,1.0
590,BWA-std,5,0.0
590,NW-flex,5,1.0
591,BWA-no-clip,-5,0.5
591,BWA-std,-5,0.1
591,NW-flex,-5,1.0
591,BWA-no-clip,-4,0.5
591,BWA-std,-4,0.2
591,NW-flex,-4,1.0
591,BWA-no-clip,-3,0.7
591,BWA-std,-3,0.4
591,NW-flex,-3,1.0
591,BWA-no-clip,-2,0.8
591,BWA-std,-2,0.5
591,NW-flex,-2,1.0
591,BWA-no-clip,-1,0.8
591,BWA-std,-1,0.7
591,NW-flex,-1,1.0
591,BWA-no-clip,0,1.0
591,BWA-std,0,1.0
591,NW-flex,0,1.0
591,BWA-no-clip,1,0.9
591,BWA-std,1,0.7
591,NW-flex,1,1.0
591,BWA-no-clip,2,0.9
591,BWA-std,2,0.5
591,NW-flex,2,1.0
591,BWA-no-clip,3,0.9
591,BWA-std,3,0.3
591,NW-flex,3,1.0
591,BWA-no-clip,4,0.9
591,BWA-std,4,0.1
591,NW-flex,4,1.0
591,BWA-no-clip,5,0.9
591,BWA-std,5,0.0
591,NW-flex,5,1.0
592,BWA-no-clip,-5,0.6
592,BWA-std,-5,0.1
592,NW-flex,-5,1.0
592,BWA-no-clip,-4,0.7
592,BWA-std,-4,0.2
592,NW-flex,-4,1.0
592,BWA-no-clip,-3,0.7
592,BWA-std,-3,0.4
592,NW-flex,-3,1.0
592,BWA-no-clip,-2,0.7333333333333333
592,BWA-std,-2,0.5
592,NW-flex,-2,1.0
592,BWA-no-clip,-1,0.7
592,BWA-std,-1,0.7
592,NW-flex,-1,1.0
592,BWA-no-clip,0,1.0
592,BWA-std,0,1.0
592,NW-flex,0,1.0
592,BWA-no-clip,1,0.8
592,BWA-std,1,0.7
592,NW-flex,1,1.0
592,BWA-no-clip,2,0.8
592,BWA-std,2,0.5
592,NW-flex,2,1.0
592,BWA-no-clip,3,0.8
592,BWA-std,3,0.3
592,NW-flex,3,1.0
592,BWA-no-clip,4,0.8
592,BWA-std,4,0.1
592,NW-flex,4,1.0
592,BWA-no-clip,5,0.8
592,BWA-std,5,0.0
592,NW-flex,5,1.0
593,BWA-no-clip,-5,0.6
593,BWA-std,-5,0.1
593,NW-flex,-5,1.0
593,BWA-no-clip,-4,0.6
593,BWA-std,-4,0.2
593,NW-flex,-4,1.0
593,BWA-no-clip,-3,0.7
593,BWA-std,-3,0.4
593,NW-flex,-3,1.0
593,BWA-no-clip,-2,0.8
593,BWA-std,-2,0.5
593,NW-flex,-2,1.0
593,BWA-no-clip,-1,0.7
593,BWA-std,-1,0.7
593,NW-flex,-1,1.0
593,BWA-no-clip,0,1.0
593,BWA-std,0,1.0
593,NW-flex,0,1.0
593,BWA-no-clip,1,0.9
593,BWA-std,1,0.7
593,NW-flex,1,1.0
593,BWA-no-clip,2,1.0
593,BWA-std,2,0.5
593,NW-flex,2,1.0
593,BWA-no-clip,3,1.0
593,BWA-std,3,0.3
593,NW-flex,3,1.0
593,BWA-no-clip,4,1.0
593,BWA-std,4,0.1
593,NW-flex,4,1.0
593,BWA-no-clip,5,1.0
593,BWA-std,5,0.0
593,NW-flex,5,1.0
594,BWA-no-clip,-5,0.6
594,BWA-std,-5,0.1
594,NW-flex,-5,1.0
594,BWA-no-clip,-4,0.7
594,BWA-std,-4,0.2
594,NW-flex,-4,1.0
594,BWA-no-clip,-3,0.8
594,BWA-std,-3,0.4
594,NW-flex,-3,1.0
594,BWA-no-clip,-2,0.9
594,BWA-std,-2,0.6
594,NW-flex,-2,1.0
594,BWA-no-clip,-1,0.9
594,BWA-std,-1,0.7
594,NW-flex,-1,1.0
594,BWA-no-clip,0,1.0
594,BWA-std,0,1.0
594,NW-flex,0,1.0
594,BWA-no-clip,1,1.0
594,BWA-std,1,0.7
594,NW-flex,1,1.0
594,BWA-no-clip,2,1.0
594,BWA-std,2,0.5
594,NW-flex,2,1.0
594,BWA-no-clip,3,1.0
594,BWA-std,3,0.3
594,NW-flex,3,1.0
594,BWA-no-clip,4,1.0
594,BWA-std,4,0.1
594,NW-flex,4,1.0
594,BWA-no-clip,5,1.0
594,BWA-std,5,0.0
594,NW-flex,5,1.0
595,BWA-no-clip,-5,0.7
595,BWA-std,-5,0.1
595,NW-flex,-5,1.0
595,BWA-no-clip,-4,0.8
595,BWA-std,-4,0.2
595,NW-flex,-4,1.0
595,BWA-no-clip,-3,0.8
595,BWA-std,-3,0.4
595,NW-flex,-3,1.0
595,BWA-no-clip,-2,0.9
595,BWA-std,-2,0.6
595,NW-flex,-2,1.0
595,BWA-no-clip,-1,0.9
595,BWA-std,-1,0.7
595,NW-flex,-1,1.0
595,BWA-no-clip,0,1.0
595,BWA-std,0,1.0
595,NW-flex,0,1.0
595,BWA-no-clip,1,1.0
595,BWA-std,1,0.7
595,NW-flex,1,1.0
595,BWA-no-clip,2,1.0
595,BWA-std,2,0.5
595,NW-flex,2,1.0
595,BWA-no-clip,3,1.0
595,BWA-std,3,0.3
595,NW-flex,3,1.0
595,BWA-no-clip,4,1.0
595,BWA-std,4,0.1
595,NW-flex,4,1.0
595,BWA-no-clip,5,1.0
595,BWA-std,5,0.0
595,NW-flex,5,1.0
596,BWA-no-clip,-5,0.7
596,BWA-std,-5,0.1
596,NW-flex,-5,1.0
596,BWA-no-clip,-4,0.8
596,BWA-std,-4,0.2
596,NW-flex,-4,1.0
596,BWA-no-clip,-3,0.8
596,BWA-std,-3,0.4
596,NW-flex,-3,1.0
596,BWA-no-clip,-2,0.9
596,BWA-std,-2,0.6
596,NW-flex,-2,1.0
596,BWA-no-clip,-1,0.9
596,BWA-std,-1,0.7
596,NW-flex,-1,1.0
596,BWA-no-clip,0,1.0
596,BWA-std,0,1.0
596,NW-flex,0,1.0
596,BWA-no-clip,1,1.0
596,BWA-std,1,0.7
596,NW-flex,1,1.0
596,BWA-no-clip,2,1.0
596,BWA-std,2,0.5
596,NW-flex,2,1.0
596,BWA-no-clip,3,1.0
596,BWA-std,3,0.3
596,NW-flex,3,1.0
596,BWA-no-clip,4,1.0
596,BWA-std,4,0.1
596,NW-flex,4,1.0
596,BWA-no-clip,5,1.0
596,BWA-std,5,0.0
596,NW-flex,5,1.0
597,BWA-no-clip,-5,0.5
597,BWA-std,-5,0.1
597,NW-flex,-5,1.0
597,BWA-no-clip,-4,0.6
597,BWA-std,-4,0.2
597,NW-flex,-4,1.0
597,BWA-no-clip,-3,0.6
597,BWA-std,-3,0.4
597,NW-flex,-3,1.0
597,BWA-no-clip,-2,0.8
597,BWA-std,-2,0.6
597,NW-flex,-2,1.0
597,BWA-no-clip,-1,0.9
597,BWA-std,-1,0.7
597,NW-flex,-1,1.0
597,BWA-no-clip,0,1.0
597,BWA-std,0,1.0
597,NW-flex,0,1.0
597,BWA-no-clip,1,1.0
597,BWA-std,1,0.7
597,NW-flex,1,1.0
597,BWA-no-clip,2,1.0
597,BWA-std,2,0.5
597,NW-flex,2,1.0
597,BWA-no-clip,3,1.0
597,BWA-std,3,0.3
597,NW-flex,3,1.0
597,BWA-no-clip,4,1.0
597,BWA-std,4,0.1
597,NW-flex,4,1.0
597,BWA-no-clip,5,1.0
597,BWA-std,5,0.0
597,NW-flex,5,1.0
598,BWA-no-clip,-5,0.4
598,BWA-std,-5,0.1
598,NW-flex,-5,1.0
598,BWA-no-clip,-4,0.6
598,BWA-std,-4,0.2
598,NW-flex,-4,1.0
598,BWA-no-clip,-3,0.7
598,BWA-std,-3,0.4
598,NW-flex,-3,1.0
598,BWA-no-clip,-2,0.7
598,BWA-std,-2,0.6
598,NW-flex,-2,1.0
598,BWA-no-clip,-1,0.9
598,BWA-std,-1,0.7
598,NW-flex,-1,1.0
598,BWA-no-clip,0,1.0
598,BWA-std,0,1.0
598,NW-flex,0,1.0
598,BWA-no-clip,1,1.0
598,BWA-std,1,0.7
598,NW-flex,1,1.0
598,BWA-no-clip,2,1.0
598,BWA-std,2,0.5
598,NW-flex,2,1.0
598,BWA-no-clip,3,0.9
598,BWA-std,3,0.3
598,NW-flex,3,1.0
598,BWA-no-clip,4,0.9
598,BWA-std,4,0.1
598,NW-flex,4,1.0
598,BWA-no-clip,5,0.9
598,BWA-std,5,0.0
598,NW-flex,5,1.0
599,BWA-no-clip,-5,0.4
599,BWA-std,-5,0.1
599,NW-flex,-5,1.0
599,BWA-no-clip,-4,0.7
599,BWA-std,-4,0.2
599,NW-flex,-4,1.0
599,BWA-no-clip,-3,0.8
599,BWA-std,-3,0.4
599,NW-flex,-3,1.0
599,BWA-no-clip,-2,0.9
599,BWA-std,-2,0.6
599,NW-flex,-2,1.0
599,BWA-no-clip,-1,0.9
599,BWA-std,-1,0.7
599,NW-flex,-1,1.0
599,BWA-no-clip,0,1.0
599,BWA-std,0,1.0
599,NW-flex,0,1.0
599,BWA-no-clip,1,1.0
599,BWA-std,1,0.7
599,NW-flex,1,1.0
599,BWA-no-clip,2,1.0
599,BWA-std,2,0.5
599,NW-flex,2,1.0
599,BWA-no-clip,3,1.0
599,BWA-std,3,0.3
599,NW-flex,3,1.0
599,BWA-no-clip,4,1.0
599,BWA-std,4,0.1
599,NW-flex,4,1.0
599,BWA-no-clip,5,1.0
599,BWA-std,5,0.0
599,NW-flex,5,1.0
600,BWA-no-clip,-5,0.6
600,BWA-std,-5,0.1
600,NW-flex,-5,1.0
600,BWA-no-clip,-4,0.6
600,BWA-std,-4,0.2
600,NW-flex,-4,1.0
600,BWA-no-clip,-3,0.8
600,BWA-std,-3,0.4
600,NW-flex,-3,1.0
600,BWA-no-clip,-2,0.8
600,BWA-std,-2,0.6
600,NW-flex,-2,1.0
600,BWA-no-clip,-1,0.9
600,BWA-std,-1,0.7
600,NW-flex,-1,1.0
600,BWA-no-clip,0,1.0
600,BWA-std,0,1.0
600,NW-flex,0,1.0
600,BWA-no-clip,1,1.0
600,BWA-std,1,0.7
600,NW-flex,1,1.0
600,BWA-no-clip,2,1.0
600,BWA-std,2,0.5
600,NW-flex,2,1.0
600,BWA-no-clip,3,1.0
600,BWA-std,3,0.3
600,NW-flex,3,1.0
600,BWA-no-clip,4,1.0
600,BWA-std,4,0.1
600,NW-flex,4,1.0
600,BWA-no-clip,5,1.0
600,BWA-std,5,0.0
600,NW-flex,5,1.0
601,BWA-no-clip,-5,0.4
601,BWA-std,-5,0.1
601,NW-flex,-5,1.0
601,BWA-no-clip,-4,0.4
601,BWA-std,-4,0.2
601,NW-flex,-4,1.0
601,BWA-no-clip,-3,0.4
601,BWA-std,-3,0.4
601,NW-flex,-3,1.0
601,BWA-no-clip,-2,0.5333333333333333
601,BWA-std,-2,0.43333333333333335
601,NW-flex,-2,1.0
601,BWA-no-clip,-1,0.4
601,BWA-std,-1,0.4
601,NW-flex,-1,1.0
601,BWA-no-clip,0,1.0
601,BWA-std,0,1.0
601,NW-flex,0,1.0
601,BWA-no-clip,1,0.5
601,BWA-std,1,0.5
601,NW-flex,1,1.0
601,BWA-no-clip,2,0.5
601,BWA-std,2,0.5
601,NW-flex,2,1.0
601,BWA-no-clip,3,0.5
601,BWA-std,3,0.3
601,NW-flex,3,1.0
601,BWA-no-clip,4,0.5
601,BWA-std,4,0.1
601,NW-flex,4,1.0
601,BWA-no-clip,5,0.5
601,BWA-std,5,0.0
601,NW-flex,5,1.0
602,BWA-no-clip,-5,0.5
602,BWA-std,-5,0.1
602,NW-flex,-5,1.0
602,BWA-no-clip,-4,0.5
602,BWA-std,-4,0.2
602,NW-flex,-4,1.0
602,BWA-no-clip,-3,0.5
602,BWA-std,-3,0.4
602,NW-flex,-3,1.0
602,BWA-no-clip,-2,0.6
602,BWA-std,-2,0.5
602,NW-flex,-2,1.0
602,BWA-no-clip,-1,0.5
602,BWA-std,-1,0.5
602,NW-flex,-1,1.0
602,BWA-no-clip,0,1.0
602,BWA-std,0,1.0
602,NW-flex,0,1.0
602,BWA-no-clip,1,0.6
602,BWA-std,1,0.6
602,NW-flex,1,1.0
602,BWA-no-clip,2,0.6
602,BWA-std,2,0.5
602,NW-flex,2,1.0
602,BWA-no-clip,3,0.6
602,BWA-std,3,0.3
602,NW-flex,3,1.0
602,BWA-no-clip,4,0.6
602,BWA-std,4,0.1
602,NW-flex,4,1.0
602,BWA-no-clip,5,0.6
602,BWA-std,5,0.0
602,NW-flex,5,1.0
603,BWA-no-clip,-5,0.6
603,BWA-std,-5,0.1
603,NW-flex,-5,1.0
603,BWA-no-clip,-4,0.6
603,BWA-std,-4,0.2
603,NW-flex,-4,1.0
603,BWA-no-clip,-3,0.7
603,BWA-std,-3,0.4
603,NW-flex,-3,1.0
603,BWA-no-clip,-2,0.8
603,BWA-std,-2,0.5
603,NW-flex,-2,1.0
603,BWA-no-clip,-1,0.8
603,BWA-std,-1,0.7
603,NW-flex,-1,1.0
603,BWA-no-clip,0,1.0
603,BWA-std,0,1.0
603,NW-flex,0,1.0
603,BWA-no-clip,1,0.9
603,BWA-std,1,0.7
603,NW-flex,1,1.0
603,BWA-no-clip,2,0.9
603,BWA-std,2,0.5
603,NW-flex,2,1.0
603,BWA-no-clip,3,0.9
603,BWA-std,3,0.3
603,NW-flex,3,1.0
603,BWA-no-clip,4,0.9
603,BWA-std,4,0.1
603,NW-flex,4,1.0
603,BWA-no-clip,5,0.9
603,BWA-std,5,0.0
603,NW-flex,5,1.0
604,BWA-no-clip,-5,0.5
604,BWA-std,-5,0.1
604,NW-flex,-5,1.0
604,BWA-no-clip,-4,0.7
604,BWA-std,-4,0.2
604,NW-flex,-4,1.0
604,BWA-no-clip,-3,0.8
604,BWA-std,-3,0.4
604,NW-flex,-3,1.0
604,BWA-no-clip,-2,0.9
604,BWA-std,-2,0.6
604,NW-flex,-2,1.0
604,BWA-no-clip,-1,0.9
604,BWA-std,-1,0.7
604,NW-flex,-1,1.0
604,BWA-no-clip,0,1.0
604,BWA-std,0,1.0
604,NW-flex,0,1.0
604,BWA-no-clip,1,1.0
604,BWA-std,1,0.7
604,NW-flex,1,1.0
604,BWA-no-clip,2,1.0
604,BWA-std,2,0.5
604,NW-flex,2,1.0
604,BWA-no-clip,3,1.0
604,BWA-std,3,0.3
604,NW-flex,3,1.0
604,BWA-no-clip,4,1.0
604,BWA-std,4,0.1
604,NW-flex,4,1.0
604,BWA-no-clip,5,1.0
604,BWA-std,5,0.0
604,NW-flex,5,1.0
605,BWA-no-clip,-5,0.3
605,BWA-std,-5,0.1
605,NW-flex,-5,1.0
605,BWA-no-clip,-4,0.5
605,BWA-std,-4,0.2
605,NW-flex,-4,1.0
605,BWA-no-clip,-3,0.5
605,BWA-std,-3,0.4
605,NW-flex,-3,1.0
605,BWA-no-clip,-2,0.6666666666666666
605,BWA-std,-2,0.5
605,NW-flex,-2,1.0
605,BWA-no-clip,-1,0.6
605,BWA-std,-1,0.6
605,NW-flex,-1,1.0
605,BWA-no-clip,0,1.0
605,BWA-std,0,1.0
605,NW-flex,0,1.0
605,BWA-no-clip,1,0.7
605,BWA-std,1,0.7
605,NW-flex,1,1.0
605,BWA-no-clip,2,0.7
605,BWA-std,2,0.5
605,NW-flex,2,1.0
605,BWA-no-clip,3,0.7
605,BWA-std,3,0.3
605,NW-flex,3,1.0
605,BWA-no-clip,4,0.7
605,BWA-std,4,0.1
605,NW-flex,4,1.0
605,BWA-no-clip,5,0.7
605,BWA-std,5,0.0
605,NW-flex,5,1.0
606,BWA-no-clip,-5,0.5
606,BWA-std,-5,0.1
606,NW-flex,-5,1.0
606,BWA-no-clip,-4,0.8
606,BWA-std,-4,0.2
606,NW-flex,-4,1.0
606,BWA-no-clip,-3,0.8
606,BWA-std,-3,0.4
606,NW-flex,-3,1.0
606,BWA-no-clip,-2,0.9
606,BWA-std,-2,0.6
606,NW-flex,-2,1.0
606,BWA-no-clip,-1,0.9
606,BWA-std,-1,0.7
606,NW-flex,-1,1.0
606,BWA-no-clip,0,1.0
606,BWA-std,0,1.0
606,NW-flex,0,1.0
606,BWA-no-clip,1,1.0
606,BWA-std,1,0.7
606,NW-flex,1,1.0
606,BWA-no-clip,2,1.0
606,BWA-std,2,0.5
606,NW-flex,2,1.0
606,BWA-no-clip,3,1.0
606,BWA-std,3,0.3
606,NW-flex,3,1.0
606,BWA-no-clip,4,1.0
606,BWA-std,4,0.1
606,NW-flex,4,1.0
606,BWA-no-clip,5,1.0
606,BWA-std,5,0.0
606,NW-flex,5,1.0
607,BWA-no-clip,-5,0.4
607,BWA-std,-5,0.1
607,NW-flex,-5,1.0
607,BWA-no-clip,-4,0.6
607,BWA-std,-4,0.2
607,NW-flex,-4,1.0
607,BWA-no-clip,-3,0.6
607,BWA-std,-3,0.4
607,NW-flex,-3,1.0
607,BWA-no-clip,-2,0.8
607,BWA-std,-2,0.5
607,NW-flex,-2,1.0
607,BWA-no-clip,-1,0.6
607,BWA-std,-1,0.6
607,NW-flex,-1,1.0
607,BWA-no-clip,0,1.0
607,BWA-std,0,1.0
607,NW-flex,0,1.0
607,BWA-no-clip,1,0.8
607,BWA-std,1,0.7
607,NW-flex,1,1.0
607,BWA-no-clip,2,1.0
607,BWA-std,2,0.5
607,NW-flex,2,1.0
607,BWA-no-clip,3,1.0
607,BWA-std,3,0.3
607,NW-flex,3,1.0
607,BWA-no-clip,4,1.0
607,BWA-std,4,0.1
607,NW-flex,4,1.0
607,BWA-no-clip,5,1.0
607,BWA-std,5,0.0
607,NW-flex,5,1.0
608,BWA-no-clip,-5,0.2
608,BWA-std,-5,0.1
608,NW-flex,-5,1.0
608,BWA-no-clip,-4,0.4
608,BWA-std,-4,0.2
608,NW-flex,-4,1.0
608,BWA-no-clip,-3,0.2
608,BWA-std,-3,0.3
608,NW-flex,-3,1.0
608,BWA-no-clip,-2,0.8
608,BWA-std,-2,0.5
608,NW-flex,-2,1.0
608,BWA-no-clip,-1,0.8
608,BWA-std,-1,0.7
608,NW-flex,-1,1.0
608,BWA-no-clip,0,1.0
608,BWA-std,0,1.0
608,NW-flex,0,1.0
608,BWA-no-clip,1,0.9
608,BWA-std,1,0.7
608,NW-flex,1,1.0
608,BWA-no-clip,2,0.9
608,BWA-std,2,0.5
608,NW-flex,2,1.0
608,BWA-no-clip,3,0.5
608,BWA-std,3,0.3
608,NW-flex,3,1.0
608,BWA-no-clip,4,0.7
608,BWA-std,4,0.1
608,NW-flex,4,1.0
608,BWA-no-clip,5,0.8
608,BWA-std,5,0.0
608,NW-flex,5,1.0
609,BWA-no-clip,-5,0.5
609,BWA-std,-5,0.1
609,NW-flex,-5,1.0
609,BWA-no-clip,-4,0.6
609,BWA-std,-4,0.2
609,NW-flex,-4,1.0
609,BWA-no-clip,-3,0.6
609,BWA-std,-3,0.4
609,NW-flex,-3,1.0
609,BWA-no-clip,-2,0.8
609,BWA-std,-2,0.5
609,NW-flex,-2,1.0
609,BWA-no-clip,-1,0.8
609,BWA-std,-1,0.7
609,NW-flex,-1,1.0
609,BWA-no-clip,0,1.0
609,BWA-std,0,1.0
609,NW-flex,0,1.0
609,BWA-no-clip,1,0.9
609,BWA-std,1,0.7
609,NW-flex,1,1.0
609,BWA-no-clip,2,0.9
609,BWA-std,2,0.5
609,NW-flex,2,1.0
609,BWA-no-clip,3,0.8
609,BWA-std,3,0.3
609,NW-flex,3,1.0
609,BWA-no-clip,4,0.8
609,BWA-std,4,0.1
609,NW-flex,4,1.0
609,BWA-no-clip,5,0.8
609,BWA-std,5,0.0
609,NW-flex,5,1.0
610,BWA-no-clip,-5,0.2
610,BWA-std,-5,0.1
610,NW-flex,-5,1.0
610,BWA-no-clip,-4,0.2
610,BWA-std,-4,0.2
610,NW-flex,-4,1.0
610,BWA-no-clip,-3,0.2
610,BWA-std,-3,0.3
610,NW-flex,-3,1.0
610,BWA-no-clip,-2,0.36666666666666664
610,BWA-std,-2,0.26666666666666666
610,NW-flex,-2,1.0
610,BWA-no-clip,-1,0.2
610,BWA-std,-1,0.2
610,NW-flex,-1,1.0
610,BWA-no-clip,0,1.0
610,BWA-std,0,1.0
610,NW-flex,0,1.0
610,BWA-no-clip,1,0.3
610,BWA-std,1,0.3
610,NW-flex,1,1.0
610,BWA-no-clip,2,0.3
610,BWA-std,2,0.3
610,NW-flex,2,1.0
610,BWA-no-clip,3,0.3
610,BWA-std,3,0.3
610,NW-flex,3,1.0
610,BWA-no-clip,4,0.3
610,BWA-std,4,0.1
610,NW-flex,4,1.0
610,BWA-no-clip,5,0.3
610,BWA-std,5,0.0
610,NW-flex,5,1.0
611,BWA-no-clip,-5,0.4
611,BWA-std,-5,0.1
611,NW-flex,-5,1.0
611,BWA-no-clip,-4,0.7
611,BWA-std,-4,0.2
611,NW-flex,-4,1.0
611,BWA-no-clip,-3,0.7
611,BWA-std,-3,0.4
611,NW-flex,-3,1.0
611,BWA-no-clip,-2,0.8
611,BWA-std,-2,0.6
611,NW-flex,-2,1.0
611,BWA-no-clip,-1,0.9
611,BWA-std,-1,0.7
611,NW-flex,-1,1.0
611,BWA-no-clip,0,1.0
611,BWA-std,0,1.0
611,NW-flex,0,1.0
611,BWA-no-clip,1,1.0
611,BWA-std,1,0.7
611,NW-flex,1,1.0
611,BWA-no-clip,2,1.0
611,BWA-std,2,0.5
611,NW-flex,2,1.0
611,BWA-no-clip,3,0.8
611,BWA-std,3,0.3
611,NW-flex,3,1.0
611,BWA-no-clip,4,1.0
611,BWA-std,4,0.1
611,NW-flex,4,1.0
611,BWA-no-clip,5,1.0
611,BWA-std,5,0.0
611,NW-flex,5,1.0
612,BWA-no-clip,-5,0.5
612,BWA-std,-5,0.1
612,NW-flex,-5,1.0
612,BWA-no-clip,-4,0.5
612,BWA-std,-4,0.2
612,NW-flex,-4,1.0
612,BWA-no-clip,-3,0.5
612,BWA-std,-3,0.4
612,NW-flex,-3,1.0
612,BWA-no-clip,-2,0.6
612,BWA-std,-2,0.5
612,NW-flex,-2,1.0
612,BWA-no-clip,-1,0.5
612,BWA-std,-1,0.5
612,NW-flex,-1,1.0
612,BWA-no-clip,0,1.0
612,BWA-std,0,1.0
612,NW-flex,0,1.0
612,BWA-no-clip,1,0.6
612,BWA-std,1,0.6
612,NW-flex,1,1.0
612,BWA-no-clip,2,0.6
612,BWA-std,2,0.5
612,NW-flex,2,1.0
612,BWA-no-clip,3,0.6
612,BWA-std,3,0.3
612,NW-flex,3,1.0
612,BWA-no-clip,4,0.6
612,BWA-std,4,0.1
612,NW-flex,4,1.0
612,BWA-no-clip,5,0.6
612,BWA-std,5,0.0
612,NW-flex,5,1.0
613,BWA-no-clip,-5,0.5
613,BWA-std,-5,0.1
613,NW-flex,-5,1.0
613,BWA-no-clip,-4,0.6
613,BWA-std,-4,0.2
613,NW-flex,-4,1.0
613,BWA-no-clip,-3,0.6
613,BWA-std,-3,0.4
613,NW-flex,-3,1.0
613,BWA-no-clip,-2,0.6666666666666666
613,BWA-std,-2,0.5
613,NW-flex,-2,1.0
613,BWA-no-clip,-1,0.6
613,BWA-std,-1,0.6
613,NW-flex,-1,1.0
613,BWA-no-clip,0,1.0
613,BWA-std,0,1.0
613,NW-flex,0,1.0
613,BWA-no-clip,1,0.7
613,BWA-std,1,0.7
613,NW-flex,1,1.0
613,BWA-no-clip,2,0.7
613,BWA-std,2,0.5
613,NW-flex,2,1.0
613,BWA-no-clip,3,0.7
613,BWA-std,3,0.3
613,NW-flex,3,1.0
613,BWA-no-clip,4,0.7
613,BWA-std,4,0.1
613,NW-flex,4,1.0
613,BWA-no-clip,5,0.7
613,BWA-std,5,0.0
613,NW-flex,5,1.0
614,BWA-no-clip,-5,0.7
614,BWA-std,-5,0.1
614,NW-flex,-5,1.0
614,BWA-no-clip,-4,0.7
614,BWA-std,-4,0.2
614,NW-flex,-4,1.0
614,BWA-no-clip,-3,0.8
614,BWA-std,-3,0.4
614,NW-flex,-3,1.0
614,BWA-no-clip,-2,0.8
614,BWA-std,-2,0.6
614,NW-flex,-2,1.0
614,BWA-no-clip,-1,0.9
614,BWA-std,-1,0.7
614,NW-flex,-1,1.0
614,BWA-no-clip,0,1.0
614,BWA-std,0,1.0
614,NW-flex,0,1.0
614,BWA-no-clip,1,1.0
614,BWA-std,1,0.7
614,NW-flex,1,1.0
614,BWA-no-clip,2,1.0
614,BWA-std,2,0.5
614,NW-flex,2,1.0
614,BWA-no-clip,3,1.0
614,BWA-std,3,0.3
614,NW-flex,3,1.0
614,BWA-no-clip,4,1.0
614,BWA-std,4,0.1
614,NW-flex,4,1.0
614,BWA-no-clip,5,1.0
614,BWA-std,5,0.0
614,NW-flex,5,1.0
615,BWA-no-clip,-5,0.5
615,BWA-std,-5,0.1
615,NW-flex,-5,1.0
615,BWA-no-clip,-4,0.5
615,BWA-std,-4,0.2
615,NW-flex,-4,1.0
615,BWA-no-clip,-3,0.7
615,BWA-std,-3,0.4
615,NW-flex,-3,1.0
615,BWA-no-clip,-2,0.7333333333333333
615,BWA-std,-2,0.5
615,NW-flex,-2,1.0
615,BWA-no-clip,-1,0.7
615,BWA-std,-1,0.7
615,NW-flex,-1,1.0
615,BWA-no-clip,0,1.0
615,BWA-std,0,1.0
615,NW-flex,0,1.0
615,BWA-no-clip,1,0.8
615,BWA-std,1,0.7
615,NW-flex,1,1.0
615,BWA-no-clip,2,0.8
615,BWA-std,2,0.5
615,NW-flex,2,1.0
615,BWA-no-clip,3,0.8
615,BWA-std,3,0.3
615,NW-flex,3,1.0
615,BWA-no-clip,4,0.8
615,BWA-std,4,0.1
615,NW-flex,4,1.0
615,BWA-no-clip,5,0.8
615,BWA-std,5,0.0
615,NW-flex,5,1.0
616,BWA-no-clip,-5,0.0
616,BWA-std,-5,0.1
616,NW-flex,-5,1.0
616,BWA-no-clip,-4,0.6
616,BWA-std,-4,0.2
616,NW-flex,-4,1.0
616,BWA-no-clip,-3,0.6
616,BWA-std,-3,0.4
616,NW-flex,-3,1.0
616,BWA-no-clip,-2,0.9
616,BWA-std,-2,0.6
616,NW-flex,-2,1.0
616,BWA-no-clip,-1,0.9
616,BWA-std,-1,0.7
616,NW-flex,-1,1.0
616,BWA-no-clip,0,1.0
616,BWA-std,0,1.0
616,NW-flex,0,1.0
616,BWA-no-clip,1,1.0
616,BWA-std,1,0.7
616,NW-flex,1,1.0
616,BWA-no-clip,2,0.9
616,BWA-std,2,0.5
616,NW-flex,2,1.0
616,BWA-no-clip,3,1.0
616,BWA-std,3,0.3
616,NW-flex,3,1.0
616,BWA-no-clip,4,0.9
616,BWA-std,4,0.1
616,NW-flex,4,1.0
616,BWA-no-clip,5,0.7
616,BWA-std,5,0.0
616,NW-flex,5,1.0
617,BWA-no-clip,-5,0.6
617,BWA-std,-5,0.1
617,NW-flex,-5,1.0
617,BWA-no-clip,-4,0.7
617,BWA-std,-4,0.2
617,NW-flex,-4,1.0
617,BWA-no-clip,-3,0.7
617,BWA-std,-3,0.4
617,NW-flex,-3,1.0
617,BWA-no-clip,-2,0.8
617,BWA-std,-2,0.5
617,NW-flex,-2,1.0
617,BWA-no-clip,-1,0.8
617,BWA-std,-1,0.7
617,NW-flex,-1,1.0
617,BWA-no-clip,0,1.0
617,BWA-std,0,1.0
617,NW-flex,0,1.0
617,BWA-no-clip,1,1.0
617,BWA-std,1,0.7
617,NW-flex,1,1.0
617,BWA-no-clip,2,1.0
617,BWA-std,2,0.5
617,NW-flex,2,1.0
617,BWA-no-clip,3,1.0
617,BWA-std,3,0.3
617,NW-flex,3,1.0
617,BWA-no-clip,4,1.0
617,BWA-std,4,0.1
617,NW-flex,4,1.0
617,BWA-no-clip,5,1.0
617,BWA-std,5,0.0
617,NW-flex,5,1.0
618,BWA-no-clip,-5,0.4
618,BWA-std,-5,0.1
618,NW-flex,-5,1.0
618,BWA-no-clip,-4,0.7
618,BWA-std,-4,0.2
618,NW-flex,-4,1.0
618,BWA-no-clip,-3,0.7
618,BWA-std,-3,0.4
618,NW-flex,-3,1.0
618,BWA-no-clip,-2,0.8
618,BWA-std,-2,0.5
618,NW-flex,-2,1.0
618,BWA-no-clip,-1,0.8
618,BWA-std,-1,0.7
618,NW-flex,-1,1.0
618,BWA-no-clip,0,1.0
618,BWA-std,0,1.0
618,NW-flex,0,1.0
618,BWA-no-clip,1,0.9
618,BWA-std,1,0.7
618,NW-flex,1,1.0
618,BWA-no-clip,2,0.9
618,BWA-std,2,0.5
618,NW-flex,2,1.0
618,BWA-no-clip,3,0.8
618,BWA-std,3,0.3
618,NW-flex,3,1.0
618,BWA-no-clip,4,0.9
618,BWA-std,4,0.1
618,NW-flex,4,1.0
618,BWA-no-clip,5,0.9
618,BWA-std,5,0.0
618,NW-flex,5,1.0
619,BWA-no-clip,-5,0.4
619,BWA-std,-5,0.1
619,NW-flex,-5,1.0
619,BWA-no-clip,-4,0.5
619,BWA-std,-4,0.2
619,NW-flex,-4,1.0
619,BWA-no-clip,-3,0.5
619,BWA-std,-3,0.3
619,NW-flex,-3,1.0
619,BWA-no-clip,-2,0.7
619,BWA-std,-2,0.5
619,NW-flex,-2,1.0
619,BWA-no-clip,-1,0.8
619,BWA-std,-1,0.7
619,NW-flex,-1,1.0
619,BWA-no-clip,0,1.0
619,BWA-std,0,1.0
619,NW-flex,0,1.0
619,BWA-no-clip,1,0.9
619,BWA-std,1,0.7
619,NW-flex,1,1.0
619,BWA-no-clip,2,0.9
619,BWA-std,2,0.5
619,NW-flex,2,1.0
619,BWA-no-clip,3,0.9
619,BWA-std,3,0.3
619,NW-flex,3,1.0
619,BWA-no-clip,4,0.9
619,BWA-std,4,0.1
619,NW-flex,4,1.0
619,BWA-no-clip,5,0.9
619,BWA-std,5,0.0
619,NW-flex,5,1.0
620,BWA-no-clip,-5,0.4
620,BWA-std,-5,0.1
620,NW-flex,-5,1.0
620,BWA-no-clip,-4,0.6
620,BWA-std,-4,0.2
620,NW-flex,-4,1.0
620,BWA-no-clip,-3,0.6
620,BWA-std,-3,0.4
620,NW-flex,-3,1.0
620,BWA-no-clip,-2,0.8
620,BWA-std,-2,0.5
620,NW-flex,-2,1.0
620,BWA-no-clip,-1,0.8
620,BWA-std,-1,0.7
620,NW-flex,-1,1.0
620,BWA-no-clip,0,1.0
620,BWA-std,0,1.0
620,NW-flex,0,1.0
620,BWA-no-clip,1,0.9
620,BWA-std,1,0.7
620,NW-flex,1,1.0
620,BWA-no-clip,2,0.8
620,BWA-std,2,0.5
620,NW-flex,2,1.0
620,BWA-no-clip,3,0.7
620,BWA-std,3,0.3
620,NW-flex,3,1.0
620,BWA-no-clip,4,0.9
620,BWA-std,4,0.1
620,NW-flex,4,1.0
620,BWA-no-clip,5,0.9
620,BWA-std,5,0.0
620,NW-flex,5,1.0
621,BWA-no-clip,-5,0.4
621,BWA-std,-5,0.1
621,NW-flex,-5,1.0
621,BWA-no-clip,-4,0.6
621,BWA-std,-4,0.2
621,NW-flex,-4,1.0
621,BWA-no-clip,-3,0.6
621,BWA-std,-3,0.4
621,NW-flex,-3,1.0
621,BWA-no-clip,-2,0.8
621,BWA-std,-2,0.6
621,NW-flex,-2,1.0
621,BWA-no-clip,-1,0.9
621,BWA-std,-1,0.7
621,NW-flex,-1,1.0
621,BWA-no-clip,0,1.0
621,BWA-std,0,1.0
621,NW-flex,0,1.0
621,BWA-no-clip,1,1.0
621,BWA-std,1,0.7
621,NW-flex,1,1.0
621,BWA-no-clip,2,1.0
621,BWA-std,2,0.5
621,NW-flex,2,1.0
621,BWA-no-clip,3,1.0
621,BWA-std,3,0.3
621,NW-flex,3,1.0
621,BWA-no-clip,4,1.0
621,BWA-std,4,0.1
621,NW-flex,4,1.0
621,BWA-no-clip,5,1.0
621,BWA-std,5,0.0
621,NW-flex,5,1.0
622,BWA-no-clip,-5,0.5
622,BWA-std,-5,0.1
622,NW-flex,-5,1.0
622,BWA-no-clip,-4,0.5
622,BWA-std,-4,0.2
622,NW-flex,-4,1.0
622,BWA-no-clip,-3,0.8
622,BWA-std,-3,0.4
622,NW-flex,-3,1.0
622,BWA-no-clip,-2,0.9
622,BWA-std,-2,0.6
622,NW-flex,-2,1.0
622,BWA-no-clip,-1,0.9
622,BWA-std,-1,0.7
622,NW-flex,-1,1.0
622,BWA-no-clip,0,1.0
622,BWA-std,0,1.0
622,NW-flex,0,1.0
622,BWA-no-clip,1,1.0
622,BWA-std,1,0.7
622,NW-flex,1,1.0
622,BWA-no-clip,2,1.0
622,BWA-std,2,0.5
622,NW-flex,2,1.0
622,BWA-no-clip,3,1.0
622,BWA-std,3,0.3
622,NW-flex,3,1.0
622,BWA-no-clip,4,1.0
622,BWA-std,4,0.1
622,NW-flex,4,1.0
622,BWA-no-clip,5,1.0
622,BWA-std,5,0.0
622,NW-flex,5,1.0
623,BWA-no-clip,-5,0.3
623,BWA-std,-5,0.1
623,NW-flex,-5,1.0
623,BWA-no-clip,-4,0.4
623,BWA-std,-4,0.2
623,NW-flex,-4,1.0
623,BWA-no-clip,-3,0.4
623,BWA-std,-3,0.4
623,NW-flex,-3,1.0
623,BWA-no-clip,-2,0.5333333333333333
623,BWA-std,-2,0.43333333333333335
623,NW-flex,-2,1.0
623,BWA-no-clip,-1,0.4
623,BWA-std,-1,0.4
623,NW-flex,-1,1.0
623,BWA-no-clip,0,1.0
623,BWA-std,0,1.0
623,NW-flex,0,1.0
623,BWA-no-clip,1,0.5
623,BWA-std,1,0.5
623,NW-flex,1,1.0
623,BWA-no-clip,2,0.5
623,BWA-std,2,0.5
623,NW-flex,2,1.0
623,BWA-no-clip,3,0.5
623,BWA-std,3,0.3
623,NW-flex,3,1.0
623,BWA-no-clip,4,0.5
623,BWA-std,4,0.1
623,NW-flex,4,1.0
623,BWA-no-clip,5,0.5
623,BWA-std,5,0.0
623,NW-flex,5,1.0
624,BWA-no-clip,-5,0.5
624,BWA-std,-5,0.1
624,NW-flex,-5,1.0
624,BWA-no-clip,-4,0.6
624,BWA-std,-4,0.2
624,NW-flex,-4,1.0
624,BWA-no-clip,-3,0.7
624,BWA-std,-3,0.4
624,NW-flex,-3,1.0
624,BWA-no-clip,-2,0.9
624,BWA-std,-2,0.6
624,NW-flex,-2,1.0
624,BWA-no-clip,-1,0.9
624,BWA-std,-1,0.7
624,NW-flex,-1,1.0
624,BWA-no-clip,0,1.0
624,BWA-std,0,1.0
624,NW-flex,0,1.0
624,BWA-no-clip,1,1.0
624,BWA-std,1,0.7
624,NW-flex,1,1.0
624,BWA-no-clip,2,1.0
624,BWA-std,2,0.5
624,NW-flex,2,1.0
624,BWA-no-clip,3,1.0
624,BWA-std,3,0.3
624,NW-flex,3,1.0
624,BWA-no-clip,4,1.0
624,BWA-std,4,0.1
624,NW-flex,4,1.0
624,BWA-no-clip,5,1.0
624,BWA-std,5,0.0
624,NW-flex,5,1.0
625,BWA-no-clip,-5,0.6
625,BWA-std,-5,0.1
625,NW-flex,-5,1.0
625,BWA-no-clip,-4,0.7
625,BWA-std,-4,0.2
625,NW-flex,-4,1.0
625,BWA-no-clip,-3,0.7
625,BWA-std,-3,0.4
625,NW-flex,-3,1.0
625,BWA-no-clip,-2,0.8
625,BWA-std,-2,0.5
625,NW-flex,-2,1.0
625,BWA-no-clip,-1,0.7
625,BWA-std,-1,0.7
625,NW-flex,-1,1.0
625,BWA-no-clip,0,1.0
625,BWA-std,0,1.0
625,NW-flex,0,1.0
625,BWA-no-clip,1,0.9
625,BWA-std,1,0.7
625,NW-flex,1,1.0
625,BWA-no-clip,2,1.0
625,BWA-std,2,0.5
625,NW-flex,2,1.0
625,BWA-no-clip,3,1.0
625,BWA-std,3,0.3
625,NW-flex,3,1.0
625,BWA-no-clip,4,1.0
625,BWA-std,4,0.1
625,NW-flex,4,1.0
625,BWA-no-clip,5,1.0
625,BWA-std,5,0.0
625,NW-flex,5,1.0
626,BWA-no-clip,-5,0.6
626,BWA-std,-5,0.1
626,NW-flex,-5,1.0
626,BWA-no-clip,-4,0.7
626,BWA-std,-4,0.2
626,NW-flex,-4,1.0
626,BWA-no-clip,-3,0.7
626,BWA-std,-3,0.4
626,NW-flex,-3,1.0
626,BWA-no-clip,-2,0.8
626,BWA-std,-2,0.5
626,NW-flex,-2,1.0
626,BWA-no-clip,-1,0.7
626,BWA-std,-1,0.7
626,NW-flex,-1,1.0
626,BWA-no-clip,0,1.0
626,BWA-std,0,1.0
626,NW-flex,0,1.0
626,BWA-no-clip,1,0.9
626,BWA-std,1,0.7
626,NW-flex,1,1.0
626,BWA-no-clip,2,1.0
626,BWA-std,2,0.5
626,NW-flex,2,1.0
626,BWA-no-clip,3,1.0
626,BWA-std,3,0.3
626,NW-flex,3,1.0
626,BWA-no-clip,4,1.0
626,BWA-std,4,0.1
626,NW-flex,4,1.0
626,BWA-no-clip,5,1.0
626,BWA-std,5,0.0
626,NW-flex,5,1.0
627,BWA-no-clip,-5,0.5
627,BWA-std,-5,0.1
627,NW-flex,-5,1.0
627,BWA-no-clip,-4,0.6
627,BWA-std,-4,0.2
627,NW-flex,-4,1.0
627,BWA-no-clip,-3,0.6
627,BWA-std,-3,0.4
627,NW-flex,-3,1.0
627,BWA-no-clip,-2,0.8
627,BWA-std,-2,0.5
627,NW-flex,-2,1.0
627,BWA-no-clip,-1,0.8
627,BWA-std,-1,0.7
627,NW-flex,-1,1.0
627,BWA-no-clip,0,1.0
627,BWA-std,0,1.0
627,NW-flex,0,1.0
627,BWA-no-clip,1,1.0
627,BWA-std,1,0.7
627,NW-flex,1,1.0
627,BWA-no-clip,2,1.0
627,BWA-std,2,0.5
627,NW-flex,2,1.0
627,BWA-no-clip,3,1.0
627,BWA-std,3,0.3
627,NW-flex,3,1.0
627,BWA-no-clip,4,1.0
627,BWA-std,4,0.1
627,NW-flex,4,1.0
627,BWA-no-clip,5,1.0
627,BWA-std,5,0.0
627,NW-flex,5,1.0
628,BWA-no-clip,-5,0.4
628,BWA-std,-5,0.1
628,NW-flex,-5,1.0
628,BWA-no-clip,-4,0.6
628,BWA-std,-4,0.2
628,NW-flex,-4,1.0
628,BWA-no-clip,-3,0.8
628,BWA-std,-3,0.4
628,NW-flex,-3,1.0
628,BWA-no-clip,-2,0.9
628,BWA-std,-2,0.6
628,NW-flex,-2,1.0
628,BWA-no-clip,-1,0.9
628,BWA-std,-1,0.7
628,NW-flex,-1,1.0
628,BWA-no-clip,0,1.0
628,BWA-std,0,1.0
628,NW-flex,0,1.0
628,BWA-no-clip,1,1.0
628,BWA-std,1,0.7
628,NW-flex,1,1.0
628,BWA-no-clip,2,1.0
628,BWA-std,2,0.5
628,NW-flex,2,1.0
628,BWA-no-clip,3,1.0
628,BWA-std,3,0.3
628,NW-flex,3,1.0
628,BWA-no-clip,4,1.0
628,BWA-std,4,0.1
628,NW-flex,4,1.0
628,BWA-no-clip,5,1.0
628,BWA-std,5,0.0
628,NW-flex,5,1.0
629,BWA-no-clip,-5,0.5
629,BWA-std,-5,0.1
629,NW-flex,-5,1.0
629,BWA-no-clip,-4,0.6
629,BWA-std,-4,0.2
629,NW-flex,-4,1.0
629,BWA-no-clip,-3,0.6
629,BWA-std,-3,0.4
629,NW-flex,-3,1.0
629,BWA-no-clip,-2,0.8
629,BWA-std,-2,0.5
629,NW-flex,-2,1.0
629,BWA-no-clip,-1,0.8
629,BWA-std,-1,0.7
629,NW-flex,-1,1.0
629,BWA-no-clip,0,1.0
629,BWA-std,0,1.0
629,NW-flex,0,1.0
629,BWA-no-clip,1,1.0
629,BWA-std,1,0.7
629,NW-flex,1,1.0
629,BWA-no-clip,2,1.0
629,BWA-std,2,0.5
629,NW-flex,2,1.0
629,BWA-no-clip,3,1.0
629,BWA-std,3,0.3
629,NW-flex,3,1.0
629,BWA-no-clip,4,1.0
629,BWA-std,4,0.1
629,NW-flex,4,1.0
629,BWA-no-clip,5,1.0
629,BWA-std,5,0.0
629,NW-flex,5,1.0
630,BWA-no-clip,-5,0.3
630,BWA-std,-5,0.1
630,NW-flex,-5,1.0
630,BWA-no-clip,-4,0.4
630,BWA-std,-4,0.2
630,NW-flex,-4,1.0
630,BWA-no-clip,-3,0.4
630,BWA-std,-3,0.4
630,NW-flex,-3,1.0
630,BWA-no-clip,-2,0.8
630,BWA-std,-2,0.5
630,NW-flex,-2,1.0
630,BWA-no-clip,-1,0.8
630,BWA-std,-1,0.7
630,NW-flex,-1,1.0
630,BWA-no-clip,0,1.0
630,BWA-std,0,1.0
630,NW-flex,0,1.0
630,BWA-no-clip,1,1.0
630,BWA-std,1,0.7
630,NW-flex,1,1.0
630,BWA-no-clip,2,1.0
630,BWA-std,2,0.5
630,NW-flex,2,1.0
630,BWA-no-clip,3,0.9
630,BWA-std,3,0.3
630,NW-flex,3,1.0
630,BWA-no-clip,4,1.0
630,BWA-std,4,0.1
630,NW-flex,4,1.0
630,BWA-no-clip,5,1.0
630,BWA-std,5,0.0
630,NW-flex,5,1.0
631,BWA-no-clip,-5,0.6
631,BWA-std,-5,0.1
631,NW-flex,-5,1.0
631,BWA-no-clip,-4,0.6
631,BWA-std,-4,0.2
631,NW-flex,-4,1.0
631,BWA-no-clip,-3,0.7
631,BWA-std,-3,0.4
631,NW-flex,-3,1.0
631,BWA-no-clip,-2,0.7333333333333333
631,BWA-std,-2,0.5
631,NW-flex,-2,1.0
631,BWA-no-clip,-1,0.7
631,BWA-std,-1,0.7
631,NW-flex,-1,1.0
631,BWA-no-clip,0,1.0
631,BWA-std,0,1.0
631,NW-flex,0,1.0
631,BWA-no-clip,1,0.8
631,BWA-std,1,0.7
631,NW-flex,1,1.0
631,BWA-no-clip,2,0.8
631,BWA-std,2,0.5
631,NW-flex,2,1.0
631,BWA-no-clip,3,0.8
631,BWA-std,3,0.3
631,NW-flex,3,1.0
631,BWA-no-clip,4,0.8
631,BWA-std,4,0.1
631,NW-flex,4,1.0
631,BWA-no-clip,5,0.8
631,BWA-std,5,0.0
631,NW-flex,5,1.0
632,BWA-no-clip,-5,0.4
632,BWA-std,-5,0.1
632,NW-flex,-5,1.0
632,BWA-no-clip,-4,0.6
632,BWA-std,-4,0.2
632,NW-flex,-4,1.0
632,BWA-no-clip,-3,0.7
632,BWA-std,-3,0.4
632,NW-flex,-3,1.0
632,BWA-no-clip,-2,0.8
632,BWA-std,-2,0.5
632,NW-flex,-2,1.0
632,BWA-no-clip,-1,0.8
632,BWA-std,-1,0.7
632,NW-flex,-1,1.0
632,BWA-no-clip,0,1.0
632,BWA-std,0,1.0
632,NW-flex,0,1.0
632,BWA-no-clip,1,0.9
632,BWA-std,1,0.7
632,NW-flex,1,1.0
632,BWA-no-clip,2,0.9
632,BWA-std,2,0.5
632,NW-flex,2,1.0
632,BWA-no-clip,3,0.9
632,BWA-std,3,0.3
632,NW-flex,3,1.0
632,BWA-no-clip,4,0.9
632,BWA-std,4,0.1
632,NW-flex,4,1.0
632,BWA-no-clip,5,0.9
632,BWA-std,5,0.0
632,NW-flex,5,1.0
633,BWA-no-clip,-5,0.6
633,BWA-std,-5,0.1
633,NW-flex,-5,1.0
633,BWA-no-clip,-4,0.8
633,BWA-std,-4,0.2
633,NW-flex,-4,1.0
633,BWA-no-clip,-3,0.8
633,BWA-std,-3,0.4
633,NW-flex,-3,1.0
633,BWA-no-clip,-2,0.9
633,BWA-std,-2,0.6
633,NW-flex,-2,1.0
633,BWA-no-clip,-1,0.9
633,BWA-std,-1,0.7
633,NW-flex,-1,1.0
633,BWA-no-clip,0,1.0
633,BWA-std,0,1.0
633,NW-flex,0,1.0
633,BWA-no-clip,1,1.0
633,BWA-std,1,0.7
633,NW-flex,1,1.0
633,BWA-no-clip,2,1.0
633,BWA-std,2,0.5
633,NW-flex,2,1.0
633,BWA-no-clip,3,1.0
633,BWA-std,3,0.3
633,NW-flex,3,1.0
633,BWA-no-clip,4,1.0
633,BWA-std,4,0.1
633,NW-flex,4,1.0
633,BWA-no-clip,5,1.0
633,BWA-std,5,0.0
633,NW-flex,5,1.0
634,BWA-no-clip,-5,0.4
634,BWA-std,-5,0.1
634,NW-flex,-5,1.0
634,BWA-no-clip,-4,0.4
634,BWA-std,-4,0.2
634,NW-flex,-4,1.0
634,BWA-no-clip,-3,0.7
634,BWA-std,-3,0.4
634,NW-flex,-3,1.0
634,BWA-no-clip,-2,0.7
634,BWA-std,-2,0.6
634,NW-flex,-2,1.0
634,BWA-no-clip,-1,0.9
634,BWA-std,-1,0.7
634,NW-flex,-1,1.0
634,BWA-no-clip,0,1.0
634,BWA-std,0,1.0
634,NW-flex,0,1.0
634,BWA-no-clip,1,1.0
634,BWA-std,1,0.7
634,NW-flex,1,1.0
634,BWA-no-clip,2,1.0
634,BWA-std,2,0.5
634,NW-flex,2,1.0
634,BWA-no-clip,3,1.0
634,BWA-std,3,0.3
634,NW-flex,3,1.0
634,BWA-no-clip,4,1.0
634,BWA-std,4,0.1
634,NW-flex,4,1.0
634,BWA-no-clip,5,1.0
634,BWA-std,5,0.0
634,NW-flex,5,1.0
635,BWA-no-clip,-5,0.4
635,BWA-std,-5,0.1
635,NW-flex,-5,1.0
635,BWA-no-clip,-4,0.7
635,BWA-std,-4,0.2
635,NW-flex,-4,1.0
635,BWA-no-clip,-3,0.7
635,BWA-std,-3,0.4
635,NW-flex,-3,1.0
635,BWA-no-clip,-2,0.8
635,BWA-std,-2,0.5
635,NW-flex,-2,1.0
635,BWA-no-clip,-1,0.8
635,BWA-std,-1,0.7
635,NW-flex,-1,1.0
635,BWA-no-clip,0,1.0
635,BWA-std,0,1.0
635,NW-flex,0,1.0
635,BWA-no-clip,1,1.0
635,BWA-std,1,0.7
635,NW-flex,1,1.0
635,BWA-no-clip,2,1.0
635,BWA-std,2,0.5
635,NW-flex,2,1.0
635,BWA-no-clip,3,1.0
635,BWA-std,3,0.3
635,NW-flex,3,1.0
635,BWA-no-clip,4,1.0
635,BWA-std,4,0.1
635,NW-flex,4,1.0
635,BWA-no-clip,5,1.0
635,BWA-std,5,0.0
635,NW-flex,5,1.0
636,BWA-no-clip,-5,0.3
636,BWA-std,-5,0.1
636,NW-flex,-5,1.0
636,BWA-no-clip,-4,0.5
636,BWA-std,-4,0.2
636,NW-flex,-4,1.0
636,BWA-no-clip,-3,0.5
636,BWA-std,-3,0.4
636,NW-flex,-3,1.0
636,BWA-no-clip,-2,0.8
636,BWA-std,-2,0.5
636,NW-flex,-2,1.0
636,BWA-no-clip,-1,0.8
636,BWA-std,-1,0.7
636,NW-flex,-1,1.0
636,BWA-no-clip,0,1.0
636,BWA-std,0,1.0
636,NW-flex,0,1.0
636,BWA-no-clip,1,0.9
636,BWA-std,1,0.7
636,NW-flex,1,1.0
636,BWA-no-clip,2,0.9
636,BWA-std,2,0.5
636,NW-flex,2,1.0
636,BWA-no-clip,3,0.9
636,BWA-std,3,0.3
636,NW-flex,3,1.0
636,BWA-no-clip,4,0.9
636,BWA-std,4,0.1
636,NW-flex,4,1.0
636,BWA-no-clip,5,0.9
636,BWA-std,5,0.0
636,NW-flex,5,1.0
637,BWA-no-clip,-5,0.4
637,BWA-std,-5,0.1
637,NW-flex,-5,1.0
637,BWA-no-clip,-4,0.5
637,BWA-std,-4,0.2
637,NW-flex,-4,1.0
637,BWA-no-clip,-3,0.6
637,BWA-std,-3,0.3
637,NW-flex,-3,1.0
637,BWA-no-clip,-2,0.7
637,BWA-std,-2,0.5
637,NW-flex,-2,1.0
637,BWA-no-clip,-1,0.8
637,BWA-std,-1,0.7
637,NW-flex,-1,1.0
637,BWA-no-clip,0,1.0
637,BWA-std,0,1.0
637,NW-flex,0,1.0
637,BWA-no-clip,1,1.0
637,BWA-std,1,0.7
637,NW-flex,1,1.0
637,BWA-no-clip,2,1.0
637,BWA-std,2,0.5
637,NW-flex,2,1.0
637,BWA-no-clip,3,1.0
637,BWA-std,3,0.3
637,NW-flex,3,1.0
637,BWA-no-clip,4,1.0
637,BWA-std,4,0.1
637,NW-flex,4,1.0
637,BWA-no-clip,5,0.7
637,BWA-std,5,0.0
637,NW-flex,5,1.0
638,BWA-no-clip,-5,0.5
638,BWA-std,-5,0.1
638,NW-flex,-5,1.0
638,BWA-no-clip,-4,0.6
638,BWA-std,-4,0.2
638,NW-flex,-4,1.0
638,BWA-no-clip,-3,0.8
638,BWA-std,-3,0.4
638,NW-flex,-3,1.0
638,BWA-no-clip,-2,0.9
638,BWA-std,-2,0.6
638,NW-flex,-2,1.0
638,BWA-no-clip,-1,0.9
638,BWA-std,-1,0.7
638,NW-flex,-1,1.0
638,BWA-no-clip,0,1.0
638,BWA-std,0,1.0
638,NW-flex,0,1.0
638,BWA-no-clip,1,1.0
638,BWA-std,1,0.7
638,NW-flex,1,1.0
638,BWA-no-clip,2,1.0
638,BWA-std,2,0.5
638,NW-flex,2,1.0
638,BWA-no-clip,3,1.0
638,BWA-std,3,0.3
638,NW-flex,3,1.0
638,BWA-no-clip,4,1.0
638,BWA-std,4,0.1
638,NW-flex,4,1.0
638,BWA-no-clip,5,1.0
638,BWA-std,5,0.0
638,NW-flex,5,1.0
639,BWA-no-clip,-5,0.5
639,BWA-std,-5,0.1
639,NW-flex,-5,1.0
639,BWA-no-clip,-4,0.6
639,BWA-std,-4,0.2
639,NW-flex,-4,1.0
639,BWA-no-clip,-3,0.7
639,BWA-std,-3,0.4
639,NW-flex,-3,1.0
639,BWA-no-clip,-2,0.7333333333333333
639,BWA-std,-2,0.5
639,NW-flex,-2,1.0
639,BWA-no-clip,-1,0.7
639,BWA-std,-1,0.7
639,NW-flex,-1,1.0
639,BWA-no-clip,0,1.0
639,BWA-std,0,1.0
639,NW-flex,0,1.0
639,BWA-no-clip,1,0.8
639,BWA-std,1,0.7
639,NW-flex,1,1.0
639,BWA-no-clip,2,0.8
639,BWA-std,2,0.5
639,NW-flex,2,1.0
639,BWA-no-clip,3,0.8
639,BWA-std,3,0.3
639,NW-flex,3,1.0
639,BWA-no-clip,4,0.8
639,BWA-std,4,0.1
639,NW-flex,4,1.0
639,BWA-no-clip,5,0.7
639,BWA-std,5,0.0
639,NW-flex,5,1.0
640,BWA-no-clip,-5,0.2
640,BWA-std,-5,0.1
640,NW-flex,-5,1.0
640,BWA-no-clip,-4,0.2
640,BWA-std,-4,0.2
640,NW-flex,-4,1.0
640,BWA-no-clip,-3,0.2
640,BWA-std,-3,0.3
640,NW-flex,-3,1.0
640,BWA-no-clip,-2,0.36666666666666664
640,BWA-std,-2,0.26666666666666666
640,NW-flex,-2,1.0
640,BWA-no-clip,-1,0.2
640,BWA-std,-1,0.2
640,NW-flex,-1,1.0
640,BWA-no-clip,0,1.0
640,BWA-std,0,1.0
640,NW-flex,0,1.0
640,BWA-no-clip,1,0.3
640,BWA-std,1,0.3
640,NW-flex,1,1.0
640,BWA-no-clip,2,0.3
640,BWA-std,2,0.3
640,NW-flex,2,1.0
640,BWA-no-clip,3,0.3
640,BWA-std,3,0.3
640,NW-flex,3,1.0
640,BWA-no-clip,4,0.3
640,BWA-std,4,0.1
640,NW-flex,4,1.0
640,BWA-no-clip,5,0.3
640,BWA-std,5,0.0
640,NW-flex,5,1.0
641,BWA-no-clip,-5,0.2
641,BWA-std,-5,0.1
641,NW-flex,-5,1.0
641,BWA-no-clip,-4,0.5
641,BWA-std,-4,0.2
641,NW-flex,-4,1.0
641,BWA-no-clip,-3,0.5
641,BWA-std,-3,0.3
641,NW-flex,-3,1.0
641,BWA-no-clip,-2,0.7
641,BWA-std,-2,0.5
641,NW-flex,-2,1.0
641,BWA-no-clip,-1,0.8
641,BWA-std,-1,0.7
641,NW-flex,-1,1.0
641,BWA-no-clip,0,1.0
641,BWA-std,0,1.0
641,NW-flex,0,1.0
641,BWA-no-clip,1,0.9
641,BWA-std,1,0.7
641,NW-flex,1,1.0
641,BWA-no-clip,2,0.9
641,BWA-std,2,0.5
641,NW-flex,2,1.0
641,BWA-no-clip,3,0.9
641,BWA-std,3,0.3
641,NW-flex,3,1.0
641,BWA-no-clip,4,0.9
641,BWA-std,4,0.1
641,NW-flex,4,1.0
641,BWA-no-clip,5,0.8
641,BWA-std,5,0.0
641,NW-flex,5,1.0
642,BWA-no-clip,-5,0.5
642,BWA-std,-5,0.1
642,NW-flex,-5,1.0
642,BWA-no-clip,-4,0.5
642,BWA-std,-4,0.2
642,NW-flex,-4,1.0
642,BWA-no-clip,-3,0.5
642,BWA-std,-3,0.4
642,NW-flex,-3,1.0
642,BWA-no-clip,-2,0.6
642,BWA-std,-2,0.5
642,NW-flex,-2,1.0
642,BWA-no-clip,-1,0.5
642,BWA-std,-1,0.5
642,NW-flex,-1,1.0
642,BWA-no-clip,0,1.0
642,BWA-std,0,1.0
642,NW-flex,0,1.0
642,BWA-no-clip,1,0.6
642,BWA-std,1,0.6
642,NW-flex,1,1.0
642,BWA-no-clip,2,0.6
642,BWA-std,2,0.5
642,NW-flex,2,1.0
642,BWA-no-clip,3,0.6
642,BWA-std,3,0.3
642,NW-flex,3,1.0
642,BWA-no-clip,4,0.6
642,BWA-std,4,0.1
642,NW-flex,4,1.0
642,BWA-no-clip,5,0.6
642,BWA-std,5,0.0
642,NW-flex,5,1.0
643,BWA-no-clip,-5,0.6
643,BWA-std,-5,0.1
643,NW-flex,-5,1.0
643,BWA-no-clip,-4,0.7
643,BWA-std,-4,0.2
643,NW-flex,-4,1.0
643,BWA-no-clip,-3,0.7
643,BWA-std,-3,0.4
643,NW-flex,-3,1.0
643,BWA-no-clip,-2,0.8
643,BWA-std,-2,0.5
643,NW-flex,-2,1.0
643,BWA-no-clip,-1,0.8
643,BWA-std,-1,0.7
643,NW-flex,-1,1.0
643,BWA-no-clip,0,1.0
643,BWA-std,0,1.0
643,NW-flex,0,1.0
643,BWA-no-clip,1,0.9
643,BWA-std,1,0.7
643,NW-flex,1,1.0
643,BWA-no-clip,2,0.9
643,BWA-std,2,0.5
643,NW-flex,2,1.0
643,BWA-no-clip,3,0.9
643,BWA-std,3,0.3
643,NW-flex,3,1.0
643,BWA-no-clip,4,0.9
643,BWA-std,4,0.1
643,NW-flex,4,1.0
643,BWA-no-clip,5,0.9
643,BWA-std,5,0.0
643,NW-flex,5,1.0
644,BWA-no-clip,-5,0.5
644,BWA-std,-5,0.1
644,NW-flex,-5,1.0
644,BWA-no-clip,-4,0.7
644,BWA-std,-4,0.2
644,NW-flex,-4,1.0
644,BWA-no-clip,-3,0.7
644,BWA-std,-3,0.4
644,NW-flex,-3,1.0
644,BWA-no-clip,-2,0.8
644,BWA-std,-2,0.5
644,NW-flex,-2,1.0
644,BWA-no-clip,-1,0.8
644,BWA-std,-1,0.7
644,NW-flex,-1,1.0
644,BWA-no-clip,0,1.0
644,BWA-std,0,1.0
644,NW-flex,0,1.0
644,BWA-no-clip,1,1.0
644,BWA-std,1,0.7
644,NW-flex,1,1.0
644,BWA-no-clip,2,0.9
644,BWA-std,2,0.5
644,NW-flex,2,1.0
644,BWA-no-clip,3,0.9
644,BWA-std,3,0.3
644,NW-flex,3,1.0
644,BWA-no-clip,4,0.8
644,BWA-std,4,0.1
644,NW-flex,4,1.0
644,BWA-no-clip,5,0.8
644,BWA-std,5,0.0
644,NW-flex,5,1.0
645,BWA-no-clip,-5,0.6
645,BWA-std,-5,0.1
645,NW-flex,-5,1.0
645,BWA-no-clip,-4,0.7
645,BWA-std,-4,0.2
645,NW-flex,-4,1.0
645,BWA-no-clip,-3,0.8
645,BWA-std,-3,0.4
645,NW-flex,-3,1.0
645,BWA-no-clip,-2,0.8
645,BWA-std,-2,0.6
645,NW-flex,-2,1.0
645,BWA-no-clip,-1,0.9
645,BWA-std,-1,0.7
645,NW-flex,-1,1.0
645,BWA-no-clip,0,1.0
645,BWA-std,0,1.0
645,NW-flex,0,1.0
645,BWA-no-clip,1,1.0
645,BWA-std,1,0.7
645,NW-flex,1,1.0
645,BWA-no-clip,2,1.0
645,BWA-std,2,0.5
645,NW-flex,2,1.0
645,BWA-no-clip,3,1.0
645,BWA-std,3,0.3
645,NW-flex,3,1.0
645,BWA-no-clip,4,1.0
645,BWA-std,4,0.1
645,NW-flex,4,1.0
645,BWA-no-clip,5,1.0
645,BWA-std,5,0.0
645,NW-flex,5,1.0
646,BWA-no-clip,-5,0.7
646,BWA-std,-5,0.1
646,NW-flex,-5,1.0
646,BWA-no-clip,-4,0.7
646,BWA-std,-4,0.2
646,NW-flex,-4,1.0
646,BWA-no-clip,-3,0.8
646,BWA-std,-3,0.4
646,NW-flex,-3,1.0
646,BWA-no-clip,-2,0.8
646,BWA-std,-2,0.6
646,NW-flex,-2,1.0
646,BWA-no-clip,-1,0.9
646,BWA-std,-1,0.7
646,NW-flex,-1,1.0
646,BWA-no-clip,0,1.0
646,BWA-std,0,1.0
646,NW-flex,0,1.0
646,BWA-no-clip,1,1.0
646,BWA-std,1,0.7
646,NW-flex,1,1.0
646,BWA-no-clip,2,1.0
646,BWA-std,2,0.5
646,NW-flex,2,1.0
646,BWA-no-clip,3,1.0
646,BWA-std,3,0.3
646,NW-flex,3,1.0
646,BWA-no-clip,4,1.0
646,BWA-std,4,0.1
646,NW-flex,4,1.0
646,BWA-no-clip,5,1.0
646,BWA-std,5,0.0
646,NW-flex,5,1.0
647,BWA-no-clip,-5,0.7
647,BWA-std,-5,0.1
647,NW-flex,-5,1.0
647,BWA-no-clip,-4,0.8
647,BWA-std,-4,0.2
647,NW-flex,-4,1.0
647,BWA-no-clip,-3,0.8
647,BWA-std,-3,0.4
647,NW-flex,-3,1.0
647,BWA-no-clip,-2,0.9
647,BWA-std,-2,0.6
647,NW-flex,-2,1.0
647,BWA-no-clip,-1,0.9
647,BWA-std,-1,0.7
647,NW-flex,-1,1.0
647,BWA-no-clip,0,1.0
647,BWA-std,0,1.0
647,NW-flex,0,1.0
647,BWA-no-clip,1,1.0
647,BWA-std,1,0.7
647,NW-flex,1,1.0
647,BWA-no-clip,2,1.0
647,BWA-std,2,0.5
647,NW-flex,2,1.0
647,BWA-no-clip,3,1.0
647,BWA-std,3,0.3
647,NW-flex,3,1.0
647,BWA-no-clip,4,1.0
647,BWA-std,4,0.1
647,NW-flex,4,1.0
647,BWA-no-clip,5,1.0
647,BWA-std,5,0.0
647,NW-flex,5,1.0
648,BWA-no-clip,-5,0.5
648,BWA-std,-5,0.1
648,NW-flex,-5,1.0
648,BWA-no-clip,-4,0.7
648,BWA-std,-4,0.2
648,NW-flex,-4,1.0
648,BWA-no-clip,-3,0.7
648,BWA-std,-3,0.4
648,NW-flex,-3,1.0
648,BWA-no-clip,-2,0.7333333333333333
648,BWA-std,-2,0.5
648,NW-flex,-2,1.0
648,BWA-no-clip,-1,0.7
648,BWA-std,-1,0.7
648,NW-flex,-1,1.0
648,BWA-no-clip,0,1.0
648,BWA-std,0,1.0
648,NW-flex,0,1.0
648,BWA-no-clip,1,0.8
648,BWA-std,1,0.7
648,NW-flex,1,1.0
648,BWA-no-clip,2,0.8
648,BWA-std,2,0.5
648,NW-flex,2,1.0
648,BWA-no-clip,3,0.8
648,BWA-std,3,0.3
648,NW-flex,3,1.0
648,BWA-no-clip,4,0.8
648,BWA-std,4,0.1
648,NW-flex,4,1.0
648,BWA-no-clip,5,0.8
648,BWA-std,5,0.0
648,NW-flex,5,1.0
649,BWA-no-clip,-5,0.4
649,BWA-std,-5,0.1
649,NW-flex,-5,1.0
649,BWA-no-clip,-4,0.5
649,BWA-std,-4,0.2
649,NW-flex,-4,1.0
649,BWA-no-clip,-3,0.5
649,BWA-std,-3,0.3
649,NW-flex,-3,1.0
649,BWA-no-clip,-2,0.7
649,BWA-std,-2,0.5
649,NW-flex,-2,1.0
649,BWA-no-clip,-1,0.8
649,BWA-std,-1,0.7
649,NW-flex,-1,1.0
649,BWA-no-clip,0,1.0
649,BWA-std,0,1.0
649,NW-flex,0,1.0
649,BWA-no-clip,1,0.9
649,BWA-std,1,0.7
649,NW-flex,1,1.0
649,BWA-no-clip,2,0.9
649,BWA-std,2,0.5
649,NW-flex,2,1.0
649,BWA-no-clip,3,0.9
649,BWA-std,3,0.3
649,NW-flex,3,1.0
649,BWA-no-clip,4,0.9
649,BWA-std,4,0.1
649,NW-flex,4,1.0
649,BWA-no-clip,5,0.9
649,BWA-std,5,0.0
649,NW-flex,5,1.0
650,BWA-no-clip,-5,0.4
650,BWA-std,-5,0.1
650,NW-flex,-5,1.0
650,BWA-no-clip,-4,0.5
650,BWA-std,-4,0.2
650,NW-flex,-4,1.0
650,BWA-no-clip,-3,0.5
650,BWA-std,-3,0.3
650,NW-flex,-3,1.0
650,BWA-no-clip,-2,0.7
650,BWA-std,-2,0.5
650,NW-flex,-2,1.0
650,BWA-no-clip,-1,0.8
650,BWA-std,-1,0.7
650,NW-flex,-1,1.0
650,BWA-no-clip,0,1.0
650,BWA-std,0,1.0
650,NW-flex,0,1.0
650,BWA-no-clip,1,0.9
650,BWA-std,1,0.7
650,NW-flex,1,1.0
650,BWA-no-clip,2,0.9
650,BWA-std,2,0.5
650,NW-flex,2,1.0
650,BWA-no-clip,3,0.7
650,BWA-std,3,0.3
650,NW-flex,3,1.0
650,BWA-no-clip,4,0.9
650,BWA-std,4,0.1
650,NW-flex,4,1.0
650,BWA-no-clip,5,0.9
650,BWA-std,5,0.0
650,NW-flex,5,1.0
651,BWA-no-clip,-5,0.6
651,BWA-std,-5,0.1
651,NW-flex,-5,1.0
651,BWA-no-clip,-4,0.6
651,BWA-std,-4,0.2
651,NW-flex,-4,1.0
651,BWA-no-clip,-3,0.8
651,BWA-std,-3,0.4
651,NW-flex,-3,1.0
651,BWA-no-clip,-2,0.8
651,BWA-std,-2,0.6
651,NW-flex,-2,1.0
651,BWA-no-clip,-1,0.9
651,BWA-std,-1,0.7
651,NW-flex,-1,1.0
651,BWA-no-clip,0,1.0
651,BWA-std,0,1.0
651,NW-flex,0,1.0
651,BWA-no-clip,1,1.0
651,BWA-std,1,0.7
651,NW-flex,1,1.0
651,BWA-no-clip,2,1.0
651,BWA-std,2,0.5
651,NW-flex,2,1.0
651,BWA-no-clip,3,1.0
651,BWA-std,3,0.3
651,NW-flex,3,1.0
651,BWA-no-clip,4,1.0
651,BWA-std,4,0.1
651,NW-flex,4,1.0
651,BWA-no-clip,5,1.0
651,BWA-std,5,0.0
651,NW-flex,5,1.0
652,BWA-no-clip,-5,0.6
652,BWA-std,-5,0.1
652,NW-flex,-5,1.0
652,BWA-no-clip,-4,0.7
652,BWA-std,-4,0.2
652,NW-flex,-4,1.0
652,BWA-no-clip,-3,0.7
652,BWA-std,-3,0.4
652,NW-flex,-3,1.0
652,BWA-no-clip,-2,0.7333333333333333
652,BWA-std,-2,0.5
652,NW-flex,-2,1.0
652,BWA-no-clip,-1,0.7
652,BWA-std,-1,0.7
652,NW-flex,-1,1.0
652,BWA-no-clip,0,1.0
652,BWA-std,0,1.0
652,NW-flex,0,1.0
652,BWA-no-clip,1,0.8
652,BWA-std,1,0.7
652,NW-flex,1,1.0
652,BWA-no-clip,2,0.8
652,BWA-std,2,0.5
652,NW-flex,2,1.0
652,BWA-no-clip,3,0.8
652,BWA-std,3,0.3
652,NW-flex,3,1.0
652,BWA-no-clip,4,0.8
652,BWA-std,4,0.1
652,NW-flex,4,1.0
652,BWA-no-clip,5,0.8
652,BWA-std,5,0.0
652,NW-flex,5,1.0
653,BWA-no-clip,-5,0.5
653,BWA-std,-5,0.1
653,NW-flex,-5,1.0
653,BWA-no-clip,-4,0.6
653,BWA-std,-4,0.2
653,NW-flex,-4,1.0
653,BWA-no-clip,-3,0.7
653,BWA-std,-3,0.4
653,NW-flex,-3,1.0
653,BWA-no-clip,-2,0.8
653,BWA-std,-2,0.6
653,NW-flex,-2,1.0
653,BWA-no-clip,-1,0.9
653,BWA-std,-1,0.7
653,NW-flex,-1,1.0
653,BWA-no-clip,0,1.0
653,BWA-std,0,1.0
653,NW-flex,0,1.0
653,BWA-no-clip,1,1.0
653,BWA-std,1,0.7
653,NW-flex,1,1.0
653,BWA-no-clip,2,1.0
653,BWA-std,2,0.5
653,NW-flex,2,1.0
653,BWA-no-clip,3,1.0
653,BWA-std,3,0.3
653,NW-flex,3,1.0
653,BWA-no-clip,4,1.0
653,BWA-std,4,0.1
653,NW-flex,4,1.0
653,BWA-no-clip,5,1.0
653,BWA-std,5,0.0
653,NW-flex,5,1.0
654,BWA-no-clip,-5,0.5
654,BWA-std,-5,0.1
654,NW-flex,-5,1.0
654,BWA-no-clip,-4,0.5
654,BWA-std,-4,0.2
654,NW-flex,-4,1.0
654,BWA-no-clip,-3,0.8
654,BWA-std,-3,0.4
654,NW-flex,-3,1.0
654,BWA-no-clip,-2,0.8
654,BWA-std,-2,0.6
654,NW-flex,-2,1.0
654,BWA-no-clip,-1,0.9
654,BWA-std,-1,0.7
654,NW-flex,-1,1.0
654,BWA-no-clip,0,1.0
654,BWA-std,0,1.0
654,NW-flex,0,1.0
654,BWA-no-clip,1,1.0
654,BWA-std,1,0.7
654,NW-flex,1,1.0
654,BWA-no-clip,2,0.9
654,BWA-std,2,0.5
654,NW-flex,2,1.0
654,BWA-no-clip,3,1.0
654,BWA-std,3,0.3
654,NW-flex,3,1.0
654,BWA-no-clip,4,1.0
654,BWA-std,4,0.1
654,NW-flex,4,1.0
654,BWA-no-clip,5,0.9
654,BWA-std,5,0.0
654,NW-flex,5,1.0
655,BWA-no-clip,-5,0.5
655,BWA-std,-5,0.1
655,NW-flex,-5,1.0
655,BWA-no-clip,-4,0.7
655,BWA-std,-4,0.2
655,NW-flex,-4,1.0
655,BWA-no-clip,-3,0.7
655,BWA-std,-3,0.4
655,NW-flex,-3,1.0
655,BWA-no-clip,-2,0.8
655,BWA-std,-2,0.5
655,NW-flex,-2,1.0
655,BWA-no-clip,-1,0.8
655,BWA-std,-1,0.7
655,NW-flex,-1,1.0
655,BWA-no-clip,0,1.0
655,BWA-std,0,1.0
655,NW-flex,0,1.0
655,BWA-no-clip,1,0.9
655,BWA-std,1,0.7
655,NW-flex,1,1.0
655,BWA-no-clip,2,0.9
655,BWA-std,2,0.5
655,NW-flex,2,1.0
655,BWA-no-clip,3,0.9
655,BWA-std,3,0.3
655,NW-flex,3,1.0
655,BWA-no-clip,4,0.5
655,BWA-std,4,0.1
655,NW-flex,4,1.0
655,BWA-no-clip,5,0.9
655,BWA-std,5,0.0
655,NW-flex,5,1.0
656,BWA-no-clip,-5,0.6
656,BWA-std,-5,0.1
656,NW-flex,-5,1.0
656,BWA-no-clip,-4,0.6
656,BWA-std,-4,0.2
656,NW-flex,-4,1.0
656,BWA-no-clip,-3,0.7
656,BWA-std,-3,0.4
656,NW-flex,-3,1.0
656,BWA-no-clip,-2,0.7333333333333333
656,BWA-std,-2,0.5
656,NW-flex,-2,1.0
656,BWA-no-clip,-1,0.7
656,BWA-std,-1,0.7
656,NW-flex,-1,1.0
656,BWA-no-clip,0,1.0
656,BWA-std,0,1.0
656,NW-flex,0,1.0
656,BWA-no-clip,1,0.8
656,BWA-std,1,0.7
656,NW-flex,1,1.0
656,BWA-no-clip,2,0.8
656,BWA-std,2,0.5
656,NW-flex,2,1.0
656,BWA-no-clip,3,0.8
656,BWA-std,3,0.3
656,NW-flex,3,1.0
656,BWA-no-clip,4,0.8
656,BWA-std,4,0.1
656,NW-flex,4,1.0
656,BWA-no-clip,5,0.8
656,BWA-std,5,0.0
656,NW-flex,5,1.0
657,BWA-no-clip,-5,0.5
657,BWA-std,-5,0.1
657,NW-flex,-5,1.0
657,BWA-no-clip,-4,0.6
657,BWA-std,-4,0.2
657,NW-flex,-4,1.0
657,BWA-no-clip,-3,0.6
657,BWA-std,-3,0.4
657,NW-flex,-3,1.0
657,BWA-no-clip,-2,0.6666666666666666
657,BWA-std,-2,0.5
657,NW-flex,-2,1.0
657,BWA-no-clip,-1,0.6
657,BWA-std,-1,0.6
657,NW-flex,-1,1.0
657,BWA-no-clip,0,1.0
657,BWA-std,0,1.0
657,NW-flex,0,1.0
657,BWA-no-clip,1,0.7
657,BWA-std,1,0.7
657,NW-flex,1,1.0
657,BWA-no-clip,2,0.7
657,BWA-std,2,0.5
657,NW-flex,2,1.0
657,BWA-no-clip,3,0.7
657,BWA-std,3,0.3
657,NW-flex,3,1.0
657,BWA-no-clip,4,0.7
657,BWA-std,4,0.1
657,NW-flex,4,1.0
657,BWA-no-clip,5,0.7
657,BWA-std,5,0.0
657,NW-flex,5,1.0
658,BWA-no-clip,-5,0.3
658,BWA-std,-5,0.1
658,NW-flex,-5,1.0
658,BWA-no-clip,-4,0.6
658,BWA-std,-4,0.2
658,NW-flex,-4,1.0
658,BWA-no-clip,-3,0.6
658,BWA-std,-3,0.4
658,NW-flex,-3,1.0
658,BWA-no-clip,-2,0.6666666666666666
658,BWA-std,-2,0.5
658,NW-flex,-2,1.0
658,BWA-no-clip,-1,0.6
658,BWA-std,-1,0.6
658,NW-flex,-1,1.0
658,BWA-no-clip,0,1.0
658,BWA-std,0,1.0
658,NW-flex,0,1.0
658,BWA-no-clip,1,0.7
658,BWA-std,1,0.7
658,NW-flex,1,1.0
658,BWA-no-clip,2,0.7
658,BWA-std,2,0.5
658,NW-flex,2,1.0
658,BWA-no-clip,3,0.7
658,BWA-std,3,0.3
658,NW-flex,3,1.0
658,BWA-no-clip,4,0.7
658,BWA-std,4,0.1
658,NW-flex,4,1.0
658,BWA-no-clip,5,0.7
658,BWA-std,5,0.0
658,NW-flex,5,1.0
659,BWA-no-clip,-5,0.5
659,BWA-std,-5,0.1
659,NW-flex,-5,1.0
659,BWA-no-clip,-4,0.6
659,BWA-std,-4,0.2
659,NW-flex,-4,1.0
659,BWA-no-clip,-3,0.8
659,BWA-std,-3,0.4
659,NW-flex,-3,1.0
659,BWA-no-clip,-2,0.9
659,BWA-std,-2,0.6
659,NW-flex,-2,1.0
659,BWA-no-clip,-1,0.9
659,BWA-std,-1,0.7
659,NW-flex,-1,1.0
659,BWA-no-clip,0,1.0
659,BWA-std,0,1.0
659,NW-flex,0,1.0
659,BWA-no-clip,1,1.0
659,BWA-std,1,0.7
659,NW-flex,1,1.0
659,BWA-no-clip,2,1.0
659,BWA-std,2,0.5
659,NW-flex,2,1.0
659,BWA-no-clip,3,1.0
659,BWA-std,3,0.3
659,NW-flex,3,1.0
659,BWA-no-clip,4,1.0
659,BWA-std,4,0.1
659,NW-flex,4,1.0
659,BWA-no-clip,5,1.0
659,BWA-std,5,0.0
659,NW-flex,5,1.0
660,BWA-no-clip,-5,0.5
660,BWA-std,-5,0.1
660,NW-flex,-5,1.0
660,BWA-no-clip,-4,0.6
660,BWA-std,-4,0.2
660,NW-flex,-4,1.0
660,BWA-no-clip,-3,0.7
660,BWA-std,-3,0.4
660,NW-flex,-3,1.0
660,BWA-no-clip,-2,0.9
660,BWA-std,-2,0.6
660,NW-flex,-2,1.0
660,BWA-no-clip,-1,0.9
660,BWA-std,-1,0.7
660,NW-flex,-1,1.0
660,BWA-no-clip,0,1.0
660,BWA-std,0,1.0
660,NW-flex,0,1.0
660,BWA-no-clip,1,1.0
660,BWA-std,1,0.7
660,NW-flex,1,1.0
660,BWA-no-clip,2,1.0
660,BWA-std,2,0.5
660,NW-flex,2,1.0
660,BWA-no-clip,3,1.0
660,BWA-std,3,0.3
660,NW-flex,3,1.0
660,BWA-no-clip,4,1.0
660,BWA-std,4,0.1
660,NW-flex,4,1.0
660,BWA-no-clip,5,1.0
660,BWA-std,5,0.0
660,NW-flex,5,1.0
661,BWA-no-clip,-5,0.5
661,BWA-std,-5,0.1
661,NW-flex,-5,1.0
661,BWA-no-clip,-4,0.5
661,BWA-std,-4,0.2
661,NW-flex,-4,1.0
661,BWA-no-clip,-3,0.5
661,BWA-std,-3,0.4
661,NW-flex,-3,1.0
661,BWA-no-clip,-2,0.6
661,BWA-std,-2,0.5
661,NW-flex,-2,1.0
661,BWA-no-clip,-1,0.5
661,BWA-std,-1,0.5
661,NW-flex,-1,1.0
661,BWA-no-clip,0,1.0
661,BWA-std,0,1.0
661,NW-flex,0,1.0
661,BWA-no-clip,1,0.6
661,BWA-std,1,0.6
661,NW-flex,1,1.0
661,BWA-no-clip,2,0.6
661,BWA-std,2,0.5
661,NW-flex,2,1.0
661,BWA-no-clip,3,0.6
661,BWA-std,3,0.3
661,NW-flex,3,1.0
661,BWA-no-clip,4,0.6
661,BWA-std,4,0.1
661,NW-flex,4,1.0
661,BWA-no-clip,5,0.6
661,BWA-std,5,0.0
661,NW-flex,5,1.0
662,BWA-no-clip,-5,0.6
662,BWA-std,-5,0.1
662,NW-flex,-5,1.0
662,BWA-no-clip,-4,0.6
662,BWA-std,-4,0.2
662,NW-flex,-4,1.0
662,BWA-no-clip,-3,0.7
662,BWA-std,-3,0.4
662,NW-flex,-3,1.0
662,BWA-no-clip,-2,0.7333333333333333
662,BWA-std,-2,0.5
662,NW-flex,-2,1.0
662,BWA-no-clip,-1,0.7
662,BWA-std,-1,0.7
662,NW-flex,-1,1.0
662,BWA-no-clip,0,1.0
662,BWA-std,0,1.0
662,NW-flex,0,1.0
662,BWA-no-clip,1,0.8
662,BWA-std,1,0.7
662,NW-flex,1,1.0
662,BWA-no-clip,2,0.8
662,BWA-std,2,0.5
662,NW-flex,2,1.0
662,BWA-no-clip,3,0.8
662,BWA-std,3,0.3
662,NW-flex,3,1.0
662,BWA-no-clip,4,0.8
662,BWA-std,4,0.1
662,NW-flex,4,1.0
662,BWA-no-clip,5,0.8
662,BWA-std,5,0.0
662,NW-flex,5,1.0
663,BWA-no-clip,-5,0.5
663,BWA-std,-5,0.1
663,NW-flex,-5,1.0
663,BWA-no-clip,-4,0.6
663,BWA-std,-4,0.2
663,NW-flex,-4,1.0
663,BWA-no-clip,-3,0.7
663,BWA-std,-3,0.4
663,NW-flex,-3,1.0
663,BWA-no-clip,-2,0.7333333333333333
663,BWA-std,-2,0.5
663,NW-flex,-2,1.0
663,BWA-no-clip,-1,0.7
663,BWA-std,-1,0.7
663,NW-flex,-1,1.0
663,BWA-no-clip,0,1.0
663,BWA-std,0,1.0
663,NW-flex,0,1.0
663,BWA-no-clip,1,0.8
663,BWA-std,1,0.7
663,NW-flex,1,1.0
663,BWA-no-clip,2,0.8
663,BWA-std,2,0.5
663,NW-flex,2,1.0
663,BWA-no-clip,3,0.8
663,BWA-std,3,0.3
663,NW-flex,3,1.0
663,BWA-no-clip,4,0.8
663,BWA-std,4,0.1
663,NW-flex,4,1.0
663,BWA-no-clip,5,0.8
663,BWA-std,5,0.0
663,NW-flex,5,1.0
664,BWA-no-clip,-5,0.4
664,BWA-std,-5,0.1
664,NW-flex,-5,1.0
664,BWA-no-clip,-4,0.7
664,BWA-std,-4,0.2
664,NW-flex,-4,1.0
664,BWA-no-clip,-3,0.8
664,BWA-std,-3,0.4
664,NW-flex,-3,1.0
664,BWA-no-clip,-2,0.9
664,BWA-std,-2,0.6
664,NW-flex,-2,1.0
664,BWA-no-clip,-1,0.9
664,BWA-std,-1,0.7
664,NW-flex,-1,1.0
664,BWA-no-clip,0,1.0
664,BWA-std,0,1.0
664,NW-flex,0,1.0
664,BWA-no-clip,1,1.0
664,BWA-std,1,0.7
664,NW-flex,1,1.0
664,BWA-no-clip,2,1.0
664,BWA-std,2,0.5
664,NW-flex,2,1.0
664,BWA-no-clip,3,0.9
664,BWA-std,3,0.3
664,NW-flex,3,1.0
664,BWA-no-clip,4,1.0
664,BWA-std,4,0.1
664,NW-flex,4,1.0
664,BWA-no-clip,5,1.0
664,BWA-std,5,0.0
664,NW-flex,5,1.0
665,BWA-no-clip,-5,0.7
665,BWA-std,-5,0.1
665,NW-flex,-5,1.0
665,BWA-no-clip,-4,0.7
665,BWA-std,-4,0.2
665,NW-flex,-4,1.0
665,BWA-no-clip,-3,0.8
665,BWA-std,-3,0.4
665,NW-flex,-3,1.0
665,BWA-no-clip,-2,0.8
665,BWA-std,-2,0.6
665,NW-flex,-2,1.0
665,BWA-no-clip,-1,0.9
665,BWA-std,-1,0.7
665,NW-flex,-1,1.0
665,BWA-no-clip,0,1.0
665,BWA-std,0,1.0
665,NW-flex,0,1.0
665,BWA-no-clip,1,1.0
665,BWA-std,1,0.7
665,NW-flex,1,1.0
665,BWA-no-clip,2,1.0
665,BWA-std,2,0.5
665,NW-flex,2,1.0
665,BWA-no-clip,3,1.0
665,BWA-std,3,0.3
665,NW-flex,3,1.0
665,BWA-no-clip,4,1.0
665,BWA-std,4,0.1
665,NW-flex,4,1.0
665,BWA-no-clip,5,1.0
665,BWA-std,5,0.0
665,NW-flex,5,1.0
666,BWA-no-clip,-5,0.4
666,BWA-std,-5,0.1
666,NW-flex,-5,1.0
666,BWA-no-clip,-4,0.5
666,BWA-std,-4,0.2
666,NW-flex,-4,1.0
666,BWA-no-clip,-3,0.5
666,BWA-std,-3,0.4
666,NW-flex,-3,1.0
666,BWA-no-clip,-2,0.6666666666666666
666,BWA-std,-2,0.5
666,NW-flex,-2,1.0
666,BWA-no-clip,-1,0.6
666,BWA-std,-1,0.6
666,NW-flex,-1,1.0
666,BWA-no-clip,0,1.0
666,BWA-std,0,1.0
666,NW-flex,0,1.0
666,BWA-no-clip,1,0.7
666,BWA-std,1,0.7
666,NW-flex,1,1.0
666,BWA-no-clip,2,0.7
666,BWA-std,2,0.5
666,NW-flex,2,1.0
666,BWA-no-clip,3,0.7
666,BWA-std,3,0.3
666,NW-flex,3,1.0
666,BWA-no-clip,4,0.7
666,BWA-std,4,0.1
666,NW-flex,4,1.0
666,BWA-no-clip,5,0.7
666,BWA-std,5,0.0
666,NW-flex,5,1.0
667,BWA-no-clip,-5,0.7
667,BWA-std,-5,0.1
667,NW-flex,-5,1.0
667,BWA-no-clip,-4,0.8
667,BWA-std,-4,0.2
667,NW-flex,-4,1.0
667,BWA-no-clip,-3,0.8
667,BWA-std,-3,0.4
667,NW-flex,-3,1.0
667,BWA-no-clip,-2,0.9
667,BWA-std,-2,0.6
667,NW-flex,-2,1.0
667,BWA-no-clip,-1,0.9
667,BWA-std,-1,0.7
667,NW-flex,-1,1.0
667,BWA-no-clip,0,1.0
667,BWA-std,0,1.0
667,NW-flex,0,1.0
667,BWA-no-clip,1,1.0
667,BWA-std,1,0.7
667,NW-flex,1,1.0
667,BWA-no-clip,2,1.0
667,BWA-std,2,0.5
667,NW-flex,2,1.0
667,BWA-no-clip,3,1.0
667,BWA-std,3,0.3
667,NW-flex,3,1.0
667,BWA-no-clip,4,1.0
667,BWA-std,4,0.1
667,NW-flex,4,1.0
667,BWA-no-clip,5,1.0
667,BWA-std,5,0.0
667,NW-flex,5,1.0
668,BWA-no-clip,-5,0.4
668,BWA-std,-5,0.1
668,NW-flex,-5,1.0
668,BWA-no-clip,-4,0.6
668,BWA-std,-4,0.2
668,NW-flex,-4,1.0
668,BWA-no-clip,-3,0.7
668,BWA-std,-3,0.4
668,NW-flex,-3,1.0
668,BWA-no-clip,-2,0.7333333333333333
668,BWA-std,-2,0.5
668,NW-flex,-2,1.0
668,BWA-no-clip,-1,0.7
668,BWA-std,-1,0.7
668,NW-flex,-1,1.0
668,BWA-no-clip,0,1.0
668,BWA-std,0,1.0
668,NW-flex,0,1.0
668,BWA-no-clip,1,0.8
668,BWA-std,1,0.7
668,NW-flex,1,1.0
668,BWA-no-clip,2,0.8
668,BWA-std,2,0.5
668,NW-flex,2,1.0
668,BWA-no-clip,3,0.8
668,BWA-std,3,0.3
668,NW-flex,3,1.0
668,BWA-no-clip,4,0.8
668,BWA-std,4,0.1
668,NW-flex,4,1.0
668,BWA-no-clip,5,0.8
668,BWA-std,5,0.0
668,NW-flex,5,1.0
669,BWA-no-clip,-5,0.6
669,BWA-std,-5,0.1
669,NW-flex,-5,1.0
669,BWA-no-clip,-4,0.8
669,BWA-std,-4,0.2
669,NW-flex,-4,1.0
669,BWA-no-clip,-3,0.8
669,BWA-std,-3,0.4
669,NW-flex,-3,1.0
669,BWA-no-clip,-2,0.9
669,BWA-std,-2,0.6
669,NW-flex,-2,1.0
669,BWA-no-clip,-1,0.9
669,BWA-std,-1,0.7
669,NW-flex,-1,1.0
669,BWA-no-clip,0,1.0
669,BWA-std,0,1.0
669,NW-flex,0,1.0
669,BWA-no-clip,1,1.0
669,BWA-std,1,0.7
669,NW-flex,1,1.0
669,BWA-no-clip,2,1.0
669,BWA-std,2,0.5
669,NW-flex,2,1.0
669,BWA-no-clip,3,1.0
669,BWA-std,3,0.3
669,NW-flex,3,1.0
669,BWA-no-clip,4,1.0
669,BWA-std,4,0.1
669,NW-flex,4,1.0
669,BWA-no-clip,5,1.0
669,BWA-std,5,0.0
669,NW-flex,5,1.0
670,BWA-no-clip,-5,0.5
670,BWA-std,-5,0.1
670,NW-flex,-5,1.0
670,BWA-no-clip,-4,0.5
670,BWA-std,-4,0.2
670,NW-flex,-4,1.0
670,BWA-no-clip,-3,0.5
670,BWA-std,-3,0.4
670,NW-flex,-3,1.0
670,BWA-no-clip,-2,0.6
670,BWA-std,-2,0.5
670,NW-flex,-2,1.0
670,BWA-no-clip,-1,0.5
670,BWA-std,-1,0.5
670,NW-flex,-1,1.0
670,BWA-no-clip,0,1.0
670,BWA-std,0,1.0
670,NW-flex,0,1.0
670,BWA-no-clip,1,0.6
670,BWA-std,1,0.6
670,NW-flex,1,1.0
670,BWA-no-clip,2,0.6
670,BWA-std,2,0.5
670,NW-flex,2,1.0
670,BWA-no-clip,3,0.6
670,BWA-std,3,0.3
670,NW-flex,3,1.0
670,BWA-no-clip,4,0.6
670,BWA-std,4,0.1
670,NW-flex,4,1.0
670,BWA-no-clip,5,0.6
670,BWA-std,5,0.0
670,NW-flex,5,1.0
671,BWA-no-clip,-5,0.4
671,BWA-std,-5,0.1
671,NW-flex,-5,1.0
671,BWA-no-clip,-4,0.6
671,BWA-std,-4,0.2
671,NW-flex,-4,1.0
671,BWA-no-clip,-3,0.6
671,BWA-std,-3,0.4
671,NW-flex,-3,1.0
671,BWA-no-clip,-2,0.8
671,BWA-std,-2,0.6
671,NW-flex,-2,1.0
671,BWA-no-clip,-1,0.9
671,BWA-std,-1,0.7
671,NW-flex,-1,1.0
671,BWA-no-clip,0,1.0
671,BWA-std,0,1.0
671,NW-flex,0,1.0
671,BWA-no-clip,1,1.0
671,BWA-std,1,0.7
671,NW-flex,1,1.0
671,BWA-no-clip,2,0.9
671,BWA-std,2,0.5
671,NW-flex,2,1.0
671,BWA-no-clip,3,0.8
671,BWA-std,3,0.3
671,NW-flex,3,1.0
671,BWA-no-clip,4,0.8
671,BWA-std,4,0.1
671,NW-flex,4,1.0
671,BWA-no-clip,5,0.8
671,BWA-std,5,0.0
671,NW-flex,5,1.0
672,BWA-no-clip,-5,0.6
672,BWA-std,-5,0.1
672,NW-flex,-5,1.0
672,BWA-no-clip,-4,0.7
672,BWA-std,-4,0.2
672,NW-flex,-4,1.0
672,BWA-no-clip,-3,0.7
672,BWA-std,-3,0.4
672,NW-flex,-3,1.0
672,BWA-no-clip,-2,0.8
672,BWA-std,-2,0.5
672,NW-flex,-2,1.0
672,BWA-no-clip,-1,0.8
672,BWA-std,-1,0.7
672,NW-flex,-1,1.0
672,BWA-no-clip,0,1.0
672,BWA-std,0,1.0
672,NW-flex,0,1.0
672,BWA-no-clip,1,1.0
672,BWA-std,1,0.7
672,NW-flex,1,1.0
672,BWA-no-clip,2,0.7
672,BWA-std,2,0.5
672,NW-flex,2,1.0
672,BWA-no-clip,3,0.7
672,BWA-std,3,0.3
672,NW-flex,3,1.0
672,BWA-no-clip,4,0.7
672,BWA-std,4,0.1
672,NW-flex,4,1.0
672,BWA-no-clip,5,0.7
672,BWA-std,5,0.0
672,NW-flex,5,1.0
673,BWA-no-clip,-5,0.5
673,BWA-std,-5,0.1
673,NW-flex,-5,1.0
673,BWA-no-clip,-4,0.6
673,BWA-std,-4,0.2
673,NW-flex,-4,1.0
673,BWA-no-clip,-3,0.6
673,BWA-std,-3,0.4
673,NW-flex,-3,1.0
673,BWA-no-clip,-2,0.9
673,BWA-std,-2,0.6
673,NW-flex,-2,1.0
673,BWA-no-clip,-1,0.9
673,BWA-std,-1,0.7
673,NW-flex,-1,1.0
673,BWA-no-clip,0,1.0
673,BWA-std,0,1.0
673,NW-flex,0,1.0
673,BWA-no-clip,1,1.0
673,BWA-std,1,0.7
673,NW-flex,1,1.0
673,BWA-no-clip,2,1.0
673,BWA-std,2,0.5
673,NW-flex,2,1.0
673,BWA-no-clip,3,1.0
673,BWA-std,3,0.3
673,NW-flex,3,1.0
673,BWA-no-clip,4,1.0
673,BWA-std,4,0.1
673,NW-flex,4,1.0
673,BWA-no-clip,5,1.0
673,BWA-std,5,0.0
673,NW-flex,5,1.0
674,BWA-no-clip,-5,0.5
674,BWA-std,-5,0.1
674,NW-flex,-5,1.0
674,BWA-no-clip,-4,0.6
674,BWA-std,-4,0.2
674,NW-flex,-4,1.0
674,BWA-no-clip,-3,0.6
674,BWA-std,-3,0.4
674,NW-flex,-3,1.0
674,BWA-no-clip,-2,0.6666666666666666
674,BWA-std,-2,0.5
674,NW-flex,-2,1.0
674,BWA-no-clip,-1,0.6
674,BWA-std,-1,0.6
674,NW-flex,-1,1.0
674,BWA-no-clip,0,1.0
674,BWA-std,0,1.0
674,NW-flex,0,1.0
674,BWA-no-clip,1,0.7
674,BWA-std,1,0.7
674,NW-flex,1,1.0
674,BWA-no-clip,2,0.7
674,BWA-std,2,0.5
674,NW-flex,2,1.0
674,BWA-no-clip,3,0.7
674,BWA-std,3,0.3
674,NW-flex,3,1.0
674,BWA-no-clip,4,0.7
674,BWA-std,4,0.1
674,NW-flex,4,1.0
674,BWA-no-clip,5,0.7
674,BWA-std,5,0.0
674,NW-flex,5,1.0
675,BWA-no-clip,-5,0.6
675,BWA-std,-5,0.1
675,NW-flex,-5,1.0
675,BWA-no-clip,-4,0.7
675,BWA-std,-4,0.2
675,NW-flex,-4,1.0
675,BWA-no-clip,-3,0.7
675,BWA-std,-3,0.4
675,NW-flex,-3,1.0
675,BWA-no-clip,-2,0.8
675,BWA-std,-2,0.5
675,NW-flex,-2,1.0
675,BWA-no-clip,-1,0.8
675,BWA-std,-1,0.7
675,NW-flex,-1,1.0
675,BWA-no-clip,0,1.0
675,BWA-std,0,1.0
675,NW-flex,0,1.0
675,BWA-no-clip,1,0.9
675,BWA-std,1,0.7
675,NW-flex,1,1.0
675,BWA-no-clip,2,0.9
675,BWA-std,2,0.5
675,NW-flex,2,1.0
675,BWA-no-clip,3,0.9
675,BWA-std,3,0.3
675,NW-flex,3,1.0
675,BWA-no-clip,4,0.9
675,BWA-std,4,0.1
675,NW-flex,4,1.0
675,BWA-no-clip,5,0.9
675,BWA-std,5,0.0
675,NW-flex,5,1.0
676,BWA-no-clip,-5,0.4
676,BWA-std,-5,0.1
676,NW-flex,-5,1.0
676,BWA-no-clip,-4,0.6
676,BWA-std,-4,0.2
676,NW-flex,-4,1.0
676,BWA-no-clip,-3,0.6
676,BWA-std,-3,0.4
676,NW-flex,-3,1.0
676,BWA-no-clip,-2,0.8
676,BWA-std,-2,0.5
676,NW-flex,-2,1.0
676,BWA-no-clip,-1,0.8
676,BWA-std,-1,0.7
676,NW-flex,-1,1.0
676,BWA-no-clip,0,1.0
676,BWA-std,0,1.0
676,NW-flex,0,1.0
676,BWA-no-clip,1,1.0
676,BWA-std,1,0.7
676,NW-flex,1,1.0
676,BWA-no-clip,2,1.0
676,BWA-std,2,0.5
676,NW-flex,2,1.0
676,BWA-no-clip,3,1.0
676,BWA-std,3,0.3
676,NW-flex,3,1.0
676,BWA-no-clip,4,1.0
676,BWA-std,4,0.1
676,NW-flex,4,1.0
676,BWA-no-clip,5,1.0
676,BWA-std,5,0.0
676,NW-flex,5,1.0
677,BWA-no-clip,-5,0.5
677,BWA-std,-5,0.1
677,NW-flex,-5,1.0
677,BWA-no-clip,-4,0.5
677,BWA-std,-4,0.2
677,NW-flex,-4,1.0
677,BWA-no-clip,-3,0.5
677,BWA-std,-3,0.4
677,NW-flex,-3,1.0
677,BWA-no-clip,-2,0.6
677,BWA-std,-2,0.5
677,NW-flex,-2,1.0
677,BWA-no-clip,-1,0.5
677,BWA-std,-1,0.5
677,NW-flex,-1,1.0
677,BWA-no-clip,0,1.0
677,BWA-std,0,1.0
677,NW-flex,0,1.0
677,BWA-no-clip,1,0.6
677,BWA-std,1,0.6
677,NW-flex,1,1.0
677,BWA-no-clip,2,0.6
677,BWA-std,2,0.5
677,NW-flex,2,1.0
677,BWA-no-clip,3,0.6
677,BWA-std,3,0.3
677,NW-flex,3,1.0
677,BWA-no-clip,4,0.6
677,BWA-std,4,0.1
677,NW-flex,4,1.0
677,BWA-no-clip,5,0.6
677,BWA-std,5,0.0
677,NW-flex,5,1.0
678,BWA-no-clip,-5,0.5
678,BWA-std,-5,0.1
678,NW-flex,-5,1.0
678,BWA-no-clip,-4,0.5
678,BWA-std,-4,0.2
678,NW-flex,-4,1.0
678,BWA-no-clip,-3,0.7
678,BWA-std,-3,0.4
678,NW-flex,-3,1.0
678,BWA-no-clip,-2,0.8
678,BWA-std,-2,0.6
678,NW-flex,-2,1.0
678,BWA-no-clip,-1,0.9
678,BWA-std,-1,0.7
678,NW-flex,-1,1.0
678,BWA-no-clip,0,1.0
678,BWA-std,0,1.0
678,NW-flex,0,1.0
678,BWA-no-clip,1,1.0
678,BWA-std,1,0.7
678,NW-flex,1,1.0
678,BWA-no-clip,2,1.0
678,BWA-std,2,0.5
678,NW-flex,2,1.0
678,BWA-no-clip,3,1.0
678,BWA-std,3,0.3
678,NW-flex,3,1.0
678,BWA-no-clip,4,1.0
678,BWA-std,4,0.1
678,NW-flex,4,1.0
678,BWA-no-clip,5,1.0
678,BWA-std,5,0.0
678,NW-flex,5,1.0
679,BWA-no-clip,-5,0.6
679,BWA-std,-5,0.1
679,NW-flex,-5,1.0
679,BWA-no-clip,-4,0.7
679,BWA-std,-4,0.2
679,NW-flex,-4,1.0
679,BWA-no-clip,-3,0.7
679,BWA-std,-3,0.4
679,NW-flex,-3,1.0
679,BWA-no-clip,-2,0.9
679,BWA-std,-2,0.6
679,NW-flex,-2,1.0
679,BWA-no-clip,-1,0.9
679,BWA-std,-1,0.7
679,NW-flex,-1,1.0
679,BWA-no-clip,0,1.0
679,BWA-std,0,1.0
679,NW-flex,0,1.0
679,BWA-no-clip,1,1.0
679,BWA-std,1,0.7
679,NW-flex,1,1.0
679,BWA-no-clip,2,1.0
679,BWA-std,2,0.5
679,NW-flex,2,1.0
679,BWA-no-clip,3,1.0
679,BWA-std,3,0.3
679,NW-flex,3,1.0
679,BWA-no-clip,4,1.0
679,BWA-std,4,0.1
679,NW-flex,4,1.0
679,BWA-no-clip,5,1.0
679,BWA-std,5,0.0
679,NW-flex,5,1.0
680,BWA-no-clip,-5,0.5
680,BWA-std,-5,0.1
680,NW-flex,-5,1.0
680,BWA-no-clip,-4,0.5
680,BWA-std,-4,0.2
680,NW-flex,-4,1.0
680,BWA-no-clip,-3,0.5
680,BWA-std,-3,0.4
680,NW-flex,-3,1.0
680,BWA-no-clip,-2,0.6
680,BWA-std,-2,0.5
680,NW-flex,-2,1.0
680,BWA-no-clip,-1,0.5
680,BWA-std,-1,0.5
680,NW-flex,-1,1.0
680,BWA-no-clip,0,1.0
680,BWA-std,0,1.0
680,NW-flex,0,1.0
680,BWA-no-clip,1,0.6
680,BWA-std,1,0.6
680,NW-flex,1,1.0
680,BWA-no-clip,2,0.6
680,BWA-std,2,0.5
680,NW-flex,2,1.0
680,BWA-no-clip,3,0.6
680,BWA-std,3,0.3
680,NW-flex,3,1.0
680,BWA-no-clip,4,0.6
680,BWA-std,4,0.1
680,NW-flex,4,1.0
680,BWA-no-clip,5,0.6
680,BWA-std,5,0.0
680,NW-flex,5,1.0
681,BWA-no-clip,-5,0.6
681,BWA-std,-5,0.1
681,NW-flex,-5,1.0
681,BWA-no-clip,-4,0.7
681,BWA-std,-4,0.2
681,NW-flex,-4,1.0
681,BWA-no-clip,-3,0.8
681,BWA-std,-3,0.4
681,NW-flex,-3,1.0
681,BWA-no-clip,-2,0.9
681,BWA-std,-2,0.6
681,NW-flex,-2,1.0
681,BWA-no-clip,-1,0.9
681,BWA-std,-1,0.7
681,NW-flex,-1,1.0
681,BWA-no-clip,0,1.0
681,BWA-std,0,1.0
681,NW-flex,0,1.0
681,BWA-no-clip,1,1.0
681,BWA-std,1,0.7
681,NW-flex,1,1.0
681,BWA-no-clip,2,1.0
681,BWA-std,2,0.5
681,NW-flex,2,1.0
681,BWA-no-clip,3,1.0
681,BWA-std,3,0.3
681,NW-flex,3,1.0
681,BWA-no-clip,4,1.0
681,BWA-std,4,0.1
681,NW-flex,4,1.0
681,BWA-no-clip,5,1.0
681,BWA-std,5,0.0
681,NW-flex,5,1.0
682,BWA-no-clip,-5,0.5
682,BWA-std,-5,0.1
682,NW-flex,-5,1.0
682,BWA-no-clip,-4,0.5
682,BWA-std,-4,0.2
682,NW-flex,-4,1.0
682,BWA-no-clip,-3,0.7
682,BWA-std,-3,0.4
682,NW-flex,-3,1.0
682,BWA-no-clip,-2,0.8
682,BWA-std,-2,0.5
682,NW-flex,-2,1.0
682,BWA-no-clip,-1,0.7
682,BWA-std,-1,0.7
682,NW-flex,-1,1.0
682,BWA-no-clip,0,1.0
682,BWA-std,0,1.0
682,NW-flex,0,1.0
682,BWA-no-clip,1,0.9
682,BWA-std,1,0.7
682,NW-flex,1,1.0
682,BWA-no-clip,2,1.0
682,BWA-std,2,0.5
682,NW-flex,2,1.0
682,BWA-no-clip,3,1.0
682,BWA-std,3,0.3
682,NW-flex,3,1.0
682,BWA-no-clip,4,1.0
682,BWA-std,4,0.1
682,NW-flex,4,1.0
682,BWA-no-clip,5,1.0
682,BWA-std,5,0.0
682,NW-flex,5,1.0
683,BWA-no-clip,-5,0.6
683,BWA-std,-5,0.1
683,NW-flex,-5,1.0
683,BWA-no-clip,-4,0.7
683,BWA-std,-4,0.2
683,NW-flex,-4,1.0
683,BWA-no-clip,-3,0.7
683,BWA-std,-3,0.4
683,NW-flex,-3,1.0
683,BWA-no-clip,-2,0.8
683,BWA-std,-2,0.5
683,NW-flex,-2,1.0
683,BWA-no-clip,-1,0.7
683,BWA-std,-1,0.7
683,NW-flex,-1,1.0
683,BWA-no-clip,0,1.0
683,BWA-std,0,1.0
683,NW-flex,0,1.0
683,BWA-no-clip,1,0.9
683,BWA-std,1,0.7
683,NW-flex,1,1.0
683,BWA-no-clip,2,1.0
683,BWA-std,2,0.5
683,NW-flex,2,1.0
683,BWA-no-clip,3,1.0
683,BWA-std,3,0.3
683,NW-flex,3,1.0
683,BWA-no-clip,4,1.0
683,BWA-std,4,0.1
683,NW-flex,4,1.0
683,BWA-no-clip,5,1.0
683,BWA-std,5,0.0
683,NW-flex,5,1.0
684,BWA-no-clip,-5,0.6
684,BWA-std,-5,0.1
684,NW-flex,-5,1.0
684,BWA-no-clip,-4,0.6
684,BWA-std,-4,0.2
684,NW-flex,-4,1.0
684,BWA-no-clip,-3,0.7
684,BWA-std,-3,0.4
684,NW-flex,-3,1.0
684,BWA-no-clip,-2,0.8
684,BWA-std,-2,0.5
684,NW-flex,-2,1.0
684,BWA-no-clip,-1,0.7
684,BWA-std,-1,0.7
684,NW-flex,-1,1.0
684,BWA-no-clip,0,1.0
684,BWA-std,0,1.0
684,NW-flex,0,1.0
684,BWA-no-clip,1,0.9
684,BWA-std,1,0.7
684,NW-flex,1,1.0
684,BWA-no-clip,2,1.0
684,BWA-std,2,0.5
684,NW-flex,2,1.0
684,BWA-no-clip,3,1.0
684,BWA-std,3,0.3
684,NW-flex,3,1.0
684,BWA-no-clip,4,1.0
684,BWA-std,4,0.1
684,NW-flex,4,1.0
684,BWA-no-clip,5,1.0
684,BWA-std,5,0.0
684,NW-flex,5,1.0
685,BWA-no-clip,-5,0.6
685,BWA-std,-5,0.1
685,NW-flex,-5,1.0
685,BWA-no-clip,-4,0.6
685,BWA-std,-4,0.2
685,NW-flex,-4,1.0
685,BWA-no-clip,-3,0.8
685,BWA-std,-3,0.4
685,NW-flex,-3,1.0
685,BWA-no-clip,-2,0.9
685,BWA-std,-2,0.6
685,NW-flex,-2,1.0
685,BWA-no-clip,-1,0.9
685,BWA-std,-1,0.7
685,NW-flex,-1,1.0
685,BWA-no-clip,0,1.0
685,BWA-std,0,1.0
685,NW-flex,0,1.0
685,BWA-no-clip,1,1.0
685,BWA-std,1,0.7
685,NW-flex,1,1.0
685,BWA-no-clip,2,1.0
685,BWA-std,2,0.5
685,NW-flex,2,1.0
685,BWA-no-clip,3,1.0
685,BWA-std,3,0.3
685,NW-flex,3,1.0
685,BWA-no-clip,4,1.0
685,BWA-std,4,0.1
685,NW-flex,4,1.0
685,BWA-no-clip,5,1.0
685,BWA-std,5,0.0
685,NW-flex,5,1.0
686,BWA-no-clip,-5,0.5
686,BWA-std,-5,0.1
686,NW-flex,-5,1.0
686,BWA-no-clip,-4,0.6
686,BWA-std,-4,0.2
686,NW-flex,-4,1.0
686,BWA-no-clip,-3,0.7
686,BWA-std,-3,0.4
686,NW-flex,-3,1.0
686,BWA-no-clip,-2,0.7333333333333333
686,BWA-std,-2,0.5
686,NW-flex,-2,1.0
686,BWA-no-clip,-1,0.7
686,BWA-std,-1,0.7
686,NW-flex,-1,1.0
686,BWA-no-clip,0,1.0
686,BWA-std,0,1.0
686,NW-flex,0,1.0
686,BWA-no-clip,1,0.8
686,BWA-std,1,0.7
686,NW-flex,1,1.0
686,BWA-no-clip,2,0.8
686,BWA-std,2,0.5
686,NW-flex,2,1.0
686,BWA-no-clip,3,0.8
686,BWA-std,3,0.3
686,NW-flex,3,1.0
686,BWA-no-clip,4,0.8
686,BWA-std,4,0.1
686,NW-flex,4,1.0
686,BWA-no-clip,5,0.8
686,BWA-std,5,0.0
686,NW-flex,5,1.0
687,BWA-no-clip,-5,0.6
687,BWA-std,-5,0.1
687,NW-flex,-5,1.0
687,BWA-no-clip,-4,0.6
687,BWA-std,-4,0.2
687,NW-flex,-4,1.0
687,BWA-no-clip,-3,0.7
687,BWA-std,-3,0.4
687,NW-flex,-3,1.0
687,BWA-no-clip,-2,0.8
687,BWA-std,-2,0.5
687,NW-flex,-2,1.0
687,BWA-no-clip,-1,0.8
687,BWA-std,-1,0.7
687,NW-flex,-1,1.0
687,BWA-no-clip,0,1.0
687,BWA-std,0,1.0
687,NW-flex,0,1.0
687,BWA-no-clip,1,0.9
687,BWA-std,1,0.7
687,NW-flex,1,1.0
687,BWA-no-clip,2,0.9
687,BWA-std,2,0.5
687,NW-flex,2,1.0
687,BWA-no-clip,3,0.9
687,BWA-std,3,0.3
687,NW-flex,3,1.0
687,BWA-no-clip,4,0.9
687,BWA-std,4,0.1
687,NW-flex,4,1.0
687,BWA-no-clip,5,0.9
687,BWA-std,5,0.0
687,NW-flex,5,1.0
688,BWA-no-clip,-5,0.6
688,BWA-std,-5,0.1
688,NW-flex,-5,1.0
688,BWA-no-clip,-4,0.6
688,BWA-std,-4,0.2
688,NW-flex,-4,1.0
688,BWA-no-clip,-3,0.7
688,BWA-std,-3,0.4
688,NW-flex,-3,1.0
688,BWA-no-clip,-2,0.8
688,BWA-std,-2,0.5
688,NW-flex,-2,1.0
688,BWA-no-clip,-1,0.8
688,BWA-std,-1,0.7
688,NW-flex,-1,1.0
688,BWA-no-clip,0,1.0
688,BWA-std,0,1.0
688,NW-flex,0,1.0
688,BWA-no-clip,1,1.0
688,BWA-std,1,0.7
688,NW-flex,1,1.0
688,BWA-no-clip,2,1.0
688,BWA-std,2,0.5
688,NW-flex,2,1.0
688,BWA-no-clip,3,1.0
688,BWA-std,3,0.3
688,NW-flex,3,1.0
688,BWA-no-clip,4,1.0
688,BWA-std,4,0.1
688,NW-flex,4,1.0
688,BWA-no-clip,5,1.0
688,BWA-std,5,0.0
688,NW-flex,5,1.0
689,BWA-no-clip,-5,0.6
689,BWA-std,-5,0.1
689,NW-flex,-5,1.0
689,BWA-no-clip,-4,0.6
689,BWA-std,-4,0.2
689,NW-flex,-4,1.0
689,BWA-no-clip,-3,0.7
689,BWA-std,-3,0.4
689,NW-flex,-3,1.0
689,BWA-no-clip,-2,0.8
689,BWA-std,-2,0.5
689,NW-flex,-2,1.0
689,BWA-no-clip,-1,0.7
689,BWA-std,-1,0.7
689,NW-flex,-1,1.0
689,BWA-no-clip,0,1.0
689,BWA-std,0,1.0
689,NW-flex,0,1.0
689,BWA-no-clip,1,0.9
689,BWA-std,1,0.7
689,NW-flex,1,1.0
689,BWA-no-clip,2,1.0
689,BWA-std,2,0.5
689,NW-flex,2,1.0
689,BWA-no-clip,3,1.0
689,BWA-std,3,0.3
689,NW-flex,3,1.0
689,BWA-no-clip,4,1.0
689,BWA-std,4,0.1
689,NW-flex,4,1.0
689,BWA-no-clip,5,1.0
689,BWA-std,5,0.0
689,NW-flex,5,1.0
690,BWA-no-clip,-5,0.5
690,BWA-std,-5,0.1
690,NW-flex,-5,1.0
690,BWA-no-clip,-4,0.7
690,BWA-std,-4,0.2
690,NW-flex,-4,1.0
690,BWA-no-clip,-3,0.7
690,BWA-std,-3,0.4
690,NW-flex,-3,1.0
690,BWA-no-clip,-2,0.8
690,BWA-std,-2,0.5
690,NW-flex,-2,1.0
690,BWA-no-clip,-1,0.8
690,BWA-std,-1,0.7
690,NW-flex,-1,1.0
690,BWA-no-clip,0,1.0
690,BWA-std,0,1.0
690,NW-flex,0,1.0
690,BWA-no-clip,1,1.0
690,BWA-std,1,0.7
690,NW-flex,1,1.0
690,BWA-no-clip,2,1.0
690,BWA-std,2,0.5
690,NW-flex,2,1.0
690,BWA-no-clip,3,1.0
690,BWA-std,3,0.3
690,NW-flex,3,1.0
690,BWA-no-clip,4,1.0
690,BWA-std,4,0.1
690,NW-flex,4,1.0
690,BWA-no-clip,5,1.0
690,BWA-std,5,0.0
690,NW-flex,5,1.0
691,BWA-no-clip,-5,0.6
691,BWA-std,-5,0.1
691,NW-flex,-5,1.0
691,BWA-no-clip,-4,0.7
691,BWA-std,-4,0.2
691,NW-flex,-4,1.0
691,BWA-no-clip,-3,0.7
691,BWA-std,-3,0.4
691,NW-flex,-3,1.0
691,BWA-no-clip,-2,0.8
691,BWA-std,-2,0.5
691,NW-flex,-2,1.0
691,BWA-no-clip,-1,0.8
691,BWA-std,-1,0.7
691,NW-flex,-1,1.0
691,BWA-no-clip,0,1.0
691,BWA-std,0,1.0
691,NW-flex,0,1.0
691,BWA-no-clip,1,1.0
691,BWA-std,1,0.7
691,NW-flex,1,1.0
691,BWA-no-clip,2,1.0
691,BWA-std,2,0.5
691,NW-flex,2,1.0
691,BWA-no-clip,3,1.0
691,BWA-std,3,0.3
691,NW-flex,3,1.0
691,BWA-no-clip,4,1.0
691,BWA-std,4,0.1
691,NW-flex,4,1.0
691,BWA-no-clip,5,1.0
691,BWA-std,5,0.0
691,NW-flex,5,1.0
692,BWA-no-clip,-5,0.7
692,BWA-std,-5,0.1
692,NW-flex,-5,1.0
692,BWA-no-clip,-4,0.7
692,BWA-std,-4,0.2
692,NW-flex,-4,1.0
692,BWA-no-clip,-3,0.8
692,BWA-std,-3,0.4
692,NW-flex,-3,1.0
692,BWA-no-clip,-2,0.9
692,BWA-std,-2,0.6
692,NW-flex,-2,1.0
692,BWA-no-clip,-1,0.9
692,BWA-std,-1,0.7
692,NW-flex,-1,1.0
692,BWA-no-clip,0,1.0
692,BWA-std,0,1.0
692,NW-flex,0,1.0
692,BWA-no-clip,1,1.0
692,BWA-std,1,0.7
692,NW-flex,1,1.0
692,BWA-no-clip,2,1.0
692,BWA-std,2,0.5
692,NW-flex,2,1.0
692,BWA-no-clip,3,1.0
692,BWA-std,3,0.3
692,NW-flex,3,1.0
692,BWA-no-clip,4,1.0
692,BWA-std,4,0.1
692,NW-flex,4,1.0
692,BWA-no-clip,5,1.0
692,BWA-std,5,0.0
692,NW-flex,5,1.0
693,BWA-no-clip,-5,0.5
693,BWA-std,-5,0.1
693,NW-flex,-5,1.0
693,BWA-no-clip,-4,0.6
693,BWA-std,-4,0.2
693,NW-flex,-4,1.0
693,BWA-no-clip,-3,0.7
693,BWA-std,-3,0.4
693,NW-flex,-3,1.0
693,BWA-no-clip,-2,0.7333333333333333
693,BWA-std,-2,0.5
693,NW-flex,-2,1.0
693,BWA-no-clip,-1,0.7
693,BWA-std,-1,0.7
693,NW-flex,-1,1.0
693,BWA-no-clip,0,1.0
693,BWA-std,0,1.0
693,NW-flex,0,1.0
693,BWA-no-clip,1,0.8
693,BWA-std,1,0.7
693,NW-flex,1,1.0
693,BWA-no-clip,2,0.8
693,BWA-std,2,0.5
693,NW-flex,2,1.0
693,BWA-no-clip,3,0.8
693,BWA-std,3,0.3
693,NW-flex,3,1.0
693,BWA-no-clip,4,0.8
693,BWA-std,4,0.1
693,NW-flex,4,1.0
693,BWA-no-clip,5,0.8
693,BWA-std,5,0.0
693,NW-flex,5,1.0
694,BWA-no-clip,-5,0.2
694,BWA-std,-5,0.1
694,NW-flex,-5,1.0
694,BWA-no-clip,-4,0.5
694,BWA-std,-4,0.2
694,NW-flex,-4,1.0
694,BWA-no-clip,-3,0.5
694,BWA-std,-3,0.4
694,NW-flex,-3,1.0
694,BWA-no-clip,-2,0.8
694,BWA-std,-2,0.5
694,NW-flex,-2,1.0
694,BWA-no-clip,-1,0.8
694,BWA-std,-1,0.7
694,NW-flex,-1,1.0
694,BWA-no-clip,0,1.0
694,BWA-std,0,1.0
694,NW-flex,0,1.0
694,BWA-no-clip,1,0.9
694,BWA-std,1,0.7
694,NW-flex,1,1.0
694,BWA-no-clip,2,0.9
694,BWA-std,2,0.5
694,NW-flex,2,1.0
694,BWA-no-clip,3,0.9
694,BWA-std,3,0.3
694,NW-flex,3,1.0
694,BWA-no-clip,4,0.8
694,BWA-std,4,0.1
694,NW-flex,4,1.0
694,BWA-no-clip,5,0.9
694,BWA-std,5,0.0
694,NW-flex,5,1.0
695,BWA-no-clip,-5,0.2
695,BWA-std,-5,0.1
695,NW-flex,-5,1.0
695,BWA-no-clip,-4,0.6
695,BWA-std,-4,0.2
695,NW-flex,-4,1.0
695,BWA-no-clip,-3,0.6
695,BWA-std,-3,0.4
695,NW-flex,-3,1.0
695,BWA-no-clip,-2,0.8
695,BWA-std,-2,0.5
695,NW-flex,-2,1.0
695,BWA-no-clip,-1,0.8
695,BWA-std,-1,0.7
695,NW-flex,-1,1.0
695,BWA-no-clip,0,1.0
695,BWA-std,0,1.0
695,NW-flex,0,1.0
695,BWA-no-clip,1,0.9
695,BWA-std,1,0.7
695,NW-flex,1,1.0
695,BWA-no-clip,2,0.9
695,BWA-std,2,0.5
695,NW-flex,2,1.0
695,BWA-no-clip,3,0.9
695,BWA-std,3,0.3
695,NW-flex,3,1.0
695,BWA-no-clip,4,0.8
695,BWA-std,4,0.1
695,NW-flex,4,1.0
695,BWA-no-clip,5,0.8
695,BWA-std,5,0.0
695,NW-flex,5,1.0
696,BWA-no-clip,-5,0.6
696,BWA-std,-5,0.1
696,NW-flex,-5,1.0
696,BWA-no-clip,-4,0.7
696,BWA-std,-4,0.2
696,NW-flex,-4,1.0
696,BWA-no-clip,-3,0.8
696,BWA-std,-3,0.4
696,NW-flex,-3,1.0
696,BWA-no-clip,-2,0.8
696,BWA-std,-2,0.6
696,NW-flex,-2,1.0
696,BWA-no-clip,-1,0.9
696,BWA-std,-1,0.7
696,NW-flex,-1,1.0
696,BWA-no-clip,0,1.0
696,BWA-std,0,1.0
696,NW-flex,0,1.0
696,BWA-no-clip,1,1.0
696,BWA-std,1,0.7
696,NW-flex,1,1.0
696,BWA-no-clip,2,0.9
696,BWA-std,2,0.5
696,NW-flex,2,1.0
696,BWA-no-clip,3,0.9
696,BWA-std,3,0.3
696,NW-flex,3,1.0
696,BWA-no-clip,4,0.9
696,BWA-std,4,0.1
696,NW-flex,4,1.0
696,BWA-no-clip,5,0.9
696,BWA-std,5,0.0
696,NW-flex,5,1.0
697,BWA-no-clip,-5,0.6
697,BWA-std,-5,0.1
697,NW-flex,-5,1.0
697,BWA-no-clip,-4,0.7
697,BWA-std,-4,0.2
697,NW-flex,-4,1.0
697,BWA-no-clip,-3,0.7
697,BWA-std,-3,0.4
697,NW-flex,-3,1.0
697,BWA-no-clip,-2,0.8
697,BWA-std,-2,0.6
697,NW-flex,-2,1.0
697,BWA-no-clip,-1,0.9
697,BWA-std,-1,0.7
697,NW-flex,-1,1.0
697,BWA-no-clip,0,1.0
697,BWA-std,0,1.0
697,NW-flex,0,1.0
697,BWA-no-clip,1,1.0
697,BWA-std,1,0.7
697,NW-flex,1,1.0
697,BWA-no-clip,2,1.0
697,BWA-std,2,0.5
697,NW-flex,2,1.0
697,BWA-no-clip,3,1.0
697,BWA-std,3,0.3
697,NW-flex,3,1.0
697,BWA-no-clip,4,1.0
697,BWA-std,4,0.1
697,NW-flex,4,1.0
697,BWA-no-clip,5,1.0
697,BWA-std,5,0.0
697,NW-flex,5,1.0
698,BWA-no-clip,-5,0.4
698,BWA-std,-5,0.1
698,NW-flex,-5,1.0
698,BWA-no-clip,-4,0.5
698,BWA-std,-4,0.2
698,NW-flex,-4,1.0
698,BWA-no-clip,-3,0.5
698,BWA-std,-3,0.4
698,NW-flex,-3,1.0
698,BWA-no-clip,-2,0.8
698,BWA-std,-2,0.6
698,NW-flex,-2,1.0
698,BWA-no-clip,-1,0.9
698,BWA-std,-1,0.7
698,NW-flex,-1,1.0
698,BWA-no-clip,0,1.0
698,BWA-std,0,1.0
698,NW-flex,0,1.0
698,BWA-no-clip,1,1.0
698,BWA-std,1,0.7
698,NW-flex,1,1.0
698,BWA-no-clip,2,1.0
698,BWA-std,2,0.5
698,NW-flex,2,1.0
698,BWA-no-clip,3,1.0
698,BWA-std,3,0.3
698,NW-flex,3,1.0
698,BWA-no-clip,4,1.0
698,BWA-std,4,0.1
698,NW-flex,4,1.0
698,BWA-no-clip,5,1.0
698,BWA-std,5,0.0
698,NW-flex,5,1.0
699,BWA-no-clip,-5,0.6
699,BWA-std,-5,0.1
699,NW-flex,-5,1.0
699,BWA-no-clip,-4,0.7
699,BWA-std,-4,0.2
699,NW-flex,-4,1.0
699,BWA-no-clip,-3,0.7
699,BWA-std,-3,0.4
699,NW-flex,-3,1.0
699,BWA-no-clip,-2,0.7333333333333333
699,BWA-std,-2,0.5
699,NW-flex,-2,1.0
699,BWA-no-clip,-1,0.7
699,BWA-std,-1,0.7
699,NW-flex,-1,1.0
699,BWA-no-clip,0,1.0
699,BWA-std,0,1.0
699,NW-flex,0,1.0
699,BWA-no-clip,1,0.8
699,BWA-std,1,0.7
699,NW-flex,1,1.0
699,BWA-no-clip,2,0.8
699,BWA-std,2,0.5
699,NW-flex,2,1.0
699,BWA-no-clip,3,0.8
699,BWA-std,3,0.3
699,NW-flex,3,1.0
699,BWA-no-clip,4,0.8
699,BWA-std,4,0.1
699,NW-flex,4,1.0
699,BWA-no-clip,5,0.8
699,BWA-std,5,0.0
699,NW-flex,5,1.0
700,BWA-no-clip,-5,0.7
700,BWA-std,-5,0.1
700,NW-flex,-5,1.0
700,BWA-no-clip,-4,0.8
700,BWA-std,-4,0.2
700,NW-flex,-4,1.0
700,BWA-no-clip,-3,0.8
700,BWA-std,-3,0.4
700,NW-flex,-3,1.0
700,BWA-no-clip,-2,0.9
700,BWA-std,-2,0.6
700,NW-flex,-2,1.0
700,BWA-no-clip,-1,0.9
700,BWA-std,-1,0.7
700,NW-flex,-1,1.0
700,BWA-no-clip,0,1.0
700,BWA-std,0,1.0
700,NW-flex,0,1.0
700,BWA-no-clip,1,1.0
700,BWA-std,1,0.7
700,NW-flex,1,1.0
700,BWA-no-clip,2,1.0
700,BWA-std,2,0.5
700,NW-flex,2,1.0
700,BWA-no-clip,3,1.0
700,BWA-std,3,0.3
700,NW-flex,3,1.0
700,BWA-no-clip,4,1.0
700,BWA-std,4,0.1
700,NW-flex,4,1.0
700,BWA-no-clip,5,1.0
700,BWA-std,5,0.0
700,NW-flex,5,1.0
701,BWA-no-clip,-5,0.5
701,BWA-std,-5,0.1
701,NW-flex,-5,1.0
701,BWA-no-clip,-4,0.7
701,BWA-std,-4,0.2
701,NW-flex,-4,1.0
701,BWA-no-clip,-3,0.7
701,BWA-std,-3,0.4
701,NW-flex,-3,1.0
701,BWA-no-clip,-2,0.9
701,BWA-std,-2,0.6
701,NW-flex,-2,1.0
701,BWA-no-clip,-1,0.9
701,BWA-std,-1,0.7
701,NW-flex,-1,1.0
701,BWA-no-clip,0,1.0
701,BWA-std,0,1.0
701,NW-flex,0,1.0
701,BWA-no-clip,1,1.0
701,BWA-std,1,0.7
701,NW-flex,1,1.0
701,BWA-no-clip,2,1.0
701,BWA-std,2,0.5
701,NW-flex,2,1.0
701,BWA-no-clip,3,1.0
701,BWA-std,3,0.3
701,NW-flex,3,1.0
701,BWA-no-clip,4,1.0
701,BWA-std,4,0.1
701,NW-flex,4,1.0
701,BWA-no-clip,5,1.0
701,BWA-std,5,0.0
701,NW-flex,5,1.0
702,BWA-no-clip,-5,0.6
702,BWA-std,-5,0.1
702,NW-flex,-5,1.0
702,BWA-no-clip,-4,0.8
702,BWA-std,-4,0.2
702,NW-flex,-4,1.0
702,BWA-no-clip,-3,0.8
702,BWA-std,-3,0.4
702,NW-flex,-3,1.0
702,BWA-no-clip,-2,0.9
702,BWA-std,-2,0.6
702,NW-flex,-2,1.0
702,BWA-no-clip,-1,0.9
702,BWA-std,-1,0.7
702,NW-flex,-1,1.0
702,BWA-no-clip,0,1.0
702,BWA-std,0,1.0
702,NW-flex,0,1.0
702,BWA-no-clip,1,1.0
702,BWA-std,1,0.7
702,NW-flex,1,1.0
702,BWA-no-clip,2,1.0
702,BWA-std,2,0.5
702,NW-flex,2,1.0
702,BWA-no-clip,3,1.0
702,BWA-std,3,0.3
702,NW-flex,3,1.0
702,BWA-no-clip,4,1.0
702,BWA-std,4,0.1
702,NW-flex,4,1.0
702,BWA-no-clip,5,1.0
702,BWA-std,5,0.0
702,NW-flex,5,1.0
703,BWA-no-clip,-5,0.6
703,BWA-std,-5,0.1
703,NW-flex,-5,1.0
703,BWA-no-clip,-4,0.7
703,BWA-std,-4,0.2
703,NW-flex,-4,1.0
703,BWA-no-clip,-3,0.7
703,BWA-std,-3,0.4
703,NW-flex,-3,1.0
703,BWA-no-clip,-2,0.8
703,BWA-std,-2,0.6
703,NW-flex,-2,1.0
703,BWA-no-clip,-1,0.9
703,BWA-std,-1,0.7
703,NW-flex,-1,1.0
703,BWA-no-clip,0,1.0
703,BWA-std,0,1.0
703,NW-flex,0,1.0
703,BWA-no-clip,1,1.0
703,BWA-std,1,0.7
703,NW-flex,1,1.0
703,BWA-no-clip,2,1.0
703,BWA-std,2,0.5
703,NW-flex,2,1.0
703,BWA-no-clip,3,1.0
703,BWA-std,3,0.3
703,NW-flex,3,1.0
703,BWA-no-clip,4,1.0
703,BWA-std,4,0.1
703,NW-flex,4,1.0
703,BWA-no-clip,5,1.0
703,BWA-std,5,0.0
703,NW-flex,5,1.0
704,BWA-no-clip,-5,0.5
704,BWA-std,-5,0.1
704,NW-flex,-5,1.0
704,BWA-no-clip,-4,0.7
704,BWA-std,-4,0.2
704,NW-flex,-4,1.0
704,BWA-no-clip,-3,0.8
704,BWA-std,-3,0.4
704,NW-flex,-3,1.0
704,BWA-no-clip,-2,0.9
704,BWA-std,-2,0.6
704,NW-flex,-2,1.0
704,BWA-no-clip,-1,0.9
704,BWA-std,-1,0.7
704,NW-flex,-1,1.0
704,BWA-no-clip,0,1.0
704,BWA-std,0,1.0
704,NW-flex,0,1.0
704,BWA-no-clip,1,1.0
704,BWA-std,1,0.7
704,NW-flex,1,1.0
704,BWA-no-clip,2,1.0
704,BWA-std,2,0.5
704,NW-flex,2,1.0
704,BWA-no-clip,3,1.0
704,BWA-std,3,0.3
704,NW-flex,3,1.0
704,BWA-no-clip,4,1.0
704,BWA-std,4,0.1
704,NW-flex,4,1.0
704,BWA-no-clip,5,1.0
704,BWA-std,5,0.0
704,NW-flex,5,1.0
705,BWA-no-clip,-5,0.5
705,BWA-std,-5,0.1
705,NW-flex,-5,1.0
705,BWA-no-clip,-4,0.6
705,BWA-std,-4,0.2
705,NW-flex,-4,1.0
705,BWA-no-clip,-3,0.8
705,BWA-std,-3,0.4
705,NW-flex,-3,1.0
705,BWA-no-clip,-2,0.9
705,BWA-std,-2,0.6
705,NW-flex,-2,1.0
705,BWA-no-clip,-1,0.9
705,BWA-std,-1,0.7
705,NW-flex,-1,1.0
705,BWA-no-clip,0,1.0
705,BWA-std,0,1.0
705,NW-flex,0,1.0
705,BWA-no-clip,1,1.0
705,BWA-std,1,0.7
705,NW-flex,1,1.0
705,BWA-no-clip,2,1.0
705,BWA-std,2,0.5
705,NW-flex,2,1.0
705,BWA-no-clip,3,1.0
705,BWA-std,3,0.3
705,NW-flex,3,1.0
705,BWA-no-clip,4,1.0
705,BWA-std,4,0.1
705,NW-flex,4,1.0
705,BWA-no-clip,5,1.0
705,BWA-std,5,0.0
705,NW-flex,5,1.0
706,BWA-no-clip,-5,0.7
706,BWA-std,-5,0.1
706,NW-flex,-5,1.0
706,BWA-no-clip,-4,0.8
706,BWA-std,-4,0.2
706,NW-flex,-4,1.0
706,BWA-no-clip,-3,0.8
706,BWA-std,-3,0.4
706,NW-flex,-3,1.0
706,BWA-no-clip,-2,0.9
706,BWA-std,-2,0.6
706,NW-flex,-2,1.0
706,BWA-no-clip,-1,0.9
706,BWA-std,-1,0.7
706,NW-flex,-1,1.0
706,BWA-no-clip,0,1.0
706,BWA-std,0,1.0
706,NW-flex,0,1.0
706,BWA-no-clip,1,1.0
706,BWA-std,1,0.7
706,NW-flex,1,1.0
706,BWA-no-clip,2,1.0
706,BWA-std,2,0.5
706,NW-flex,2,1.0
706,BWA-no-clip,3,1.0
706,BWA-std,3,0.3
706,NW-flex,3,1.0
706,BWA-no-clip,4,1.0
706,BWA-std,4,0.1
706,NW-flex,4,1.0
706,BWA-no-clip,5,1.0
706,BWA-std,5,0.0
706,NW-flex,5,1.0
707,BWA-no-clip,-5,0.2
707,BWA-std,-5,0.1
707,NW-flex,-5,1.0
707,BWA-no-clip,-4,0.4
707,BWA-std,-4,0.2
707,NW-flex,-4,1.0
707,BWA-no-clip,-3,0.4
707,BWA-std,-3,0.4
707,NW-flex,-3,1.0
707,BWA-no-clip,-2,0.5333333333333333
707,BWA-std,-2,0.43333333333333335
707,NW-flex,-2,1.0
707,BWA-no-clip,-1,0.4
707,BWA-std,-1,0.4
707,NW-flex,-1,1.0
707,BWA-no-clip,0,1.0
707,BWA-std,0,1.0
707,NW-flex,0,1.0
707,BWA-no-clip,1,0.5
707,BWA-std,1,0.5
707,NW-flex,1,1.0
707,BWA-no-clip,2,0.5
707,BWA-std,2,0.5
707,NW-flex,2,1.0
707,BWA-no-clip,3,0.5
707,BWA-std,3,0.3
707,NW-flex,3,1.0
707,BWA-no-clip,4,0.5
707,BWA-std,4,0.1
707,NW-flex,4,1.0
707,BWA-no-clip,5,0.5
707,BWA-std,5,0.0
707,NW-flex,5,1.0
708,BWA-no-clip,-5,0.5
708,BWA-std,-5,0.1
708,NW-flex,-5,1.0
708,BWA-no-clip,-4,0.8
708,BWA-std,-4,0.2
708,NW-flex,-4,1.0
708,BWA-no-clip,-3,0.8
708,BWA-std,-3,0.4
708,NW-flex,-3,1.0
708,BWA-no-clip,-2,0.9
708,BWA-std,-2,0.6
708,NW-flex,-2,1.0
708,BWA-no-clip,-1,0.9
708,BWA-std,-1,0.7
708,NW-flex,-1,1.0
708,BWA-no-clip,0,1.0
708,BWA-std,0,1.0
708,NW-flex,0,1.0
708,BWA-no-clip,1,1.0
708,BWA-std,1,0.7
708,NW-flex,1,1.0
708,BWA-no-clip,2,1.0
708,BWA-std,2,0.5
708,NW-flex,2,1.0
708,BWA-no-clip,3,1.0
708,BWA-std,3,0.3
708,NW-flex,3,1.0
708,BWA-no-clip,4,1.0
708,BWA-std,4,0.1
708,NW-flex,4,1.0
708,BWA-no-clip,5,0.9
708,BWA-std,5,0.0
708,NW-flex,5,1.0
709,BWA-no-clip,-5,0.5
709,BWA-std,-5,0.1
709,NW-flex,-5,1.0
709,BWA-no-clip,-4,0.8
709,BWA-std,-4,0.2
709,NW-flex,-4,1.0
709,BWA-no-clip,-3,0.8
709,BWA-std,-3,0.4
709,NW-flex,-3,1.0
709,BWA-no-clip,-2,0.9
709,BWA-std,-2,0.6
709,NW-flex,-2,1.0
709,BWA-no-clip,-1,0.9
709,BWA-std,-1,0.7
709,NW-flex,-1,1.0
709,BWA-no-clip,0,1.0
709,BWA-std,0,1.0
709,NW-flex,0,1.0
709,BWA-no-clip,1,1.0
709,BWA-std,1,0.7
709,NW-flex,1,1.0
709,BWA-no-clip,2,1.0
709,BWA-std,2,0.5
709,NW-flex,2,1.0
709,BWA-no-clip,3,1.0
709,BWA-std,3,0.3
709,NW-flex,3,1.0
709,BWA-no-clip,4,1.0
709,BWA-std,4,0.1
709,NW-flex,4,1.0
709,BWA-no-clip,5,1.0
709,BWA-std,5,0.0
709,NW-flex,5,1.0
710,BWA-no-clip,-5,0.6
710,BWA-std,-5,0.1
710,NW-flex,-5,1.0
710,BWA-no-clip,-4,0.7
710,BWA-std,-4,0.2
710,NW-flex,-4,1.0
710,BWA-no-clip,-3,0.8
710,BWA-std,-3,0.4
710,NW-flex,-3,1.0
710,BWA-no-clip,-2,0.9
710,BWA-std,-2,0.6
710,NW-flex,-2,1.0
710,BWA-no-clip,-1,0.9
710,BWA-std,-1,0.7
710,NW-flex,-1,1.0
710,BWA-no-clip,0,1.0
710,BWA-std,0,1.0
710,NW-flex,0,1.0
710,BWA-no-clip,1,1.0
710,BWA-std,1,0.7
710,NW-flex,1,1.0
710,BWA-no-clip,2,0.9
710,BWA-std,2,0.5
710,NW-flex,2,1.0
710,BWA-no-clip,3,0.9
710,BWA-std,3,0.3
710,NW-flex,3,1.0
710,BWA-no-clip,4,0.9
710,BWA-std,4,0.1
710,NW-flex,4,1.0
710,BWA-no-clip,5,0.9
710,BWA-std,5,0.0
710,NW-flex,5,1.0
711,BWA-no-clip,-5,0.7
711,BWA-std,-5,0.1
711,NW-flex,-5,1.0
711,BWA-no-clip,-4,0.7
711,BWA-std,-4,0.2
711,NW-flex,-4,1.0
711,BWA-no-clip,-3,0.8
711,BWA-std,-3,0.4
711,NW-flex,-3,1.0
711,BWA-no-clip,-2,0.9
711,BWA-std,-2,0.6
711,NW-flex,-2,1.0
711,BWA-no-clip,-1,0.9
711,BWA-std,-1,0.7
711,NW-flex,-1,1.0
711,BWA-no-clip,0,1.0
711,BWA-std,0,1.0
711,NW-flex,0,1.0
711,BWA-no-clip,1,1.0
711,BWA-std,1,0.7
711,NW-flex,1,1.0
711,BWA-no-clip,2,1.0
711,BWA-std,2,0.5
711,NW-flex,2,1.0
711,BWA-no-clip,3,1.0
711,BWA-std,3,0.3
711,NW-flex,3,1.0
711,BWA-no-clip,4,1.0
711,BWA-std,4,0.1
711,NW-flex,4,1.0
711,BWA-no-clip,5,1.0
711,BWA-std,5,0.0
711,NW-flex,5,1.0
712,BWA-no-clip,-5,0.4
712,BWA-std,-5,0.1
712,NW-flex,-5,1.0
712,BWA-no-clip,-4,0.8
712,BWA-std,-4,0.2
712,NW-flex,-4,1.0
712,BWA-no-clip,-3,0.8
712,BWA-std,-3,0.4
712,NW-flex,-3,1.0
712,BWA-no-clip,-2,0.9
712,BWA-std,-2,0.6
712,NW-flex,-2,1.0
712,BWA-no-clip,-1,0.9
712,BWA-std,-1,0.7
712,NW-flex,-1,1.0
712,BWA-no-clip,0,1.0
712,BWA-std,0,1.0
712,NW-flex,0,1.0
712,BWA-no-clip,1,1.0
712,BWA-std,1,0.7
712,NW-flex,1,1.0
712,BWA-no-clip,2,1.0
712,BWA-std,2,0.5
712,NW-flex,2,1.0
712,BWA-no-clip,3,1.0
712,BWA-std,3,0.3
712,NW-flex,3,1.0
712,BWA-no-clip,4,1.0
712,BWA-std,4,0.1
712,NW-flex,4,1.0
712,BWA-no-clip,5,1.0
712,BWA-std,5,0.0
712,NW-flex,5,1.0
713,BWA-no-clip,-5,0.6
713,BWA-std,-5,0.1
713,NW-flex,-5,1.0
713,BWA-no-clip,-4,0.7
713,BWA-std,-4,0.2
713,NW-flex,-4,1.0
713,BWA-no-clip,-3,0.7
713,BWA-std,-3,0.4
713,NW-flex,-3,1.0
713,BWA-no-clip,-2,0.9
713,BWA-std,-2,0.6
713,NW-flex,-2,1.0
713,BWA-no-clip,-1,0.9
713,BWA-std,-1,0.7
713,NW-flex,-1,1.0
713,BWA-no-clip,0,1.0
713,BWA-std,0,1.0
713,NW-flex,0,1.0
713,BWA-no-clip,1,1.0
713,BWA-std,1,0.7
713,NW-flex,1,1.0
713,BWA-no-clip,2,1.0
713,BWA-std,2,0.5
713,NW-flex,2,1.0
713,BWA-no-clip,3,1.0
713,BWA-std,3,0.3
713,NW-flex,3,1.0
713,BWA-no-clip,4,1.0
713,BWA-std,4,0.1
713,NW-flex,4,1.0
713,BWA-no-clip,5,1.0
713,BWA-std,5,0.0
713,NW-flex,5,1.0
714,BWA-no-clip,-5,0.5
714,BWA-std,-5,0.1
714,NW-flex,-5,1.0
714,BWA-no-clip,-4,0.8
714,BWA-std,-4,0.2
714,NW-flex,-4,1.0
714,BWA-no-clip,-3,0.8
714,BWA-std,-3,0.4
714,NW-flex,-3,1.0
714,BWA-no-clip,-2,0.9
714,BWA-std,-2,0.6
714,NW-flex,-2,1.0
714,BWA-no-clip,-1,0.9
714,BWA-std,-1,0.7
714,NW-flex,-1,1.0
714,BWA-no-clip,0,1.0
714,BWA-std,0,1.0
714,NW-flex,0,1.0
714,BWA-no-clip,1,1.0
714,BWA-std,1,0.7
714,NW-flex,1,1.0
714,BWA-no-clip,2,1.0
714,BWA-std,2,0.5
714,NW-flex,2,1.0
714,BWA-no-clip,3,1.0
714,BWA-std,3,0.3
714,NW-flex,3,1.0
714,BWA-no-clip,4,1.0
714,BWA-std,4,0.1
714,NW-flex,4,1.0
714,BWA-no-clip,5,1.0
714,BWA-std,5,0.0
714,NW-flex,5,1.0
715,BWA-no-clip,-5,0.4
715,BWA-std,-5,0.1
715,NW-flex,-5,1.0
715,BWA-no-clip,-4,0.6
715,BWA-std,-4,0.2
715,NW-flex,-4,1.0
715,BWA-no-clip,-3,0.6
715,BWA-std,-3,0.4
715,NW-flex,-3,1.0
715,BWA-no-clip,-2,0.8
715,BWA-std,-2,0.5
715,NW-flex,-2,1.0
715,BWA-no-clip,-1,0.3
715,BWA-std,-1,0.3
715,NW-flex,-1,1.0
715,BWA-no-clip,0,1.0
715,BWA-std,0,1.0
715,NW-flex,0,1.0
715,BWA-no-clip,1,0.5
715,BWA-std,1,0.5
715,NW-flex,1,1.0
715,BWA-no-clip,2,0.7
715,BWA-std,2,0.5
715,NW-flex,2,1.0
715,BWA-no-clip,3,0.9
715,BWA-std,3,0.3
715,NW-flex,3,1.0
715,BWA-no-clip,4,1.0
715,BWA-std,4,0.1
715,NW-flex,4,1.0
715,BWA-no-clip,5,1.0
715,BWA-std,5,0.0
715,NW-flex,5,1.0
716,BWA-no-clip,-5,0.6
716,BWA-std,-5,0.1
716,NW-flex,-5,1.0
716,BWA-no-clip,-4,0.7
716,BWA-std,-4,0.2
716,NW-flex,-4,1.0
716,BWA-no-clip,-3,0.8
716,BWA-std,-3,0.4
716,NW-flex,-3,1.0
716,BWA-no-clip,-2,0.9
716,BWA-std,-2,0.6
716,NW-flex,-2,1.0
716,BWA-no-clip,-1,0.9
716,BWA-std,-1,0.7
716,NW-flex,-1,1.0
716,BWA-no-clip,0,1.0
716,BWA-std,0,1.0
716,NW-flex,0,1.0
716,BWA-no-clip,1,1.0
716,BWA-std,1,0.7
716,NW-flex,1,1.0
716,BWA-no-clip,2,1.0
716,BWA-std,2,0.5
716,NW-flex,2,1.0
716,BWA-no-clip,3,1.0
716,BWA-std,3,0.3
716,NW-flex,3,1.0
716,BWA-no-clip,4,1.0
716,BWA-std,4,0.1
716,NW-flex,4,1.0
716,BWA-no-clip,5,1.0
716,BWA-std,5,0.0
716,NW-flex,5,1.0
717,BWA-no-clip,-5,0.6
717,BWA-std,-5,0.1
717,NW-flex,-5,1.0
717,BWA-no-clip,-4,0.7
717,BWA-std,-4,0.2
717,NW-flex,-4,1.0
717,BWA-no-clip,-3,0.7
717,BWA-std,-3,0.4
717,NW-flex,-3,1.0
717,BWA-no-clip,-2,0.9
717,BWA-std,-2,0.6
717,NW-flex,-2,1.0
717,BWA-no-clip,-1,0.9
717,BWA-std,-1,0.7
717,NW-flex,-1,1.0
717,BWA-no-clip,0,1.0
717,BWA-std,0,1.0
717,NW-flex,0,1.0
717,BWA-no-clip,1,1.0
717,BWA-std,1,0.7
717,NW-flex,1,1.0
717,BWA-no-clip,2,1.0
717,BWA-std,2,0.5
717,NW-flex,2,1.0
717,BWA-no-clip,3,1.0
717,BWA-std,3,0.3
717,NW-flex,3,1.0
717,BWA-no-clip,4,1.0
717,BWA-std,4,0.1
717,NW-flex,4,1.0
717,BWA-no-clip,5,1.0
717,BWA-std,5,0.0
717,NW-flex,5,1.0
718,BWA-no-clip,-5,0.5
718,BWA-std,-5,0.1
718,NW-flex,-5,1.0
718,BWA-no-clip,-4,0.8
718,BWA-std,-4,0.2
718,NW-flex,-4,1.0
718,BWA-no-clip,-3,0.8
718,BWA-std,-3,0.4
718,NW-flex,-3,1.0
718,BWA-no-clip,-2,0.9
718,BWA-std,-2,0.6
718,NW-flex,-2,1.0
718,BWA-no-clip,-1,0.9
718,BWA-std,-1,0.7
718,NW-flex,-1,1.0
718,BWA-no-clip,0,1.0
718,BWA-std,0,1.0
718,NW-flex,0,1.0
718,BWA-no-clip,1,1.0
718,BWA-std,1,0.7
718,NW-flex,1,1.0
718,BWA-no-clip,2,1.0
718,BWA-std,2,0.5
718,NW-flex,2,1.0
718,BWA-no-clip,3,1.0
718,BWA-std,3,0.3
718,NW-flex,3,1.0
718,BWA-no-clip,4,1.0
718,BWA-std,4,0.1
718,NW-flex,4,1.0
718,BWA-no-clip,5,1.0
718,BWA-std,5,0.0
718,NW-flex,5,1.0
719,BWA-no-clip,-5,0.7
719,BWA-std,-5,0.1
719,NW-flex,-5,1.0
719,BWA-no-clip,-4,0.7
719,BWA-std,-4,0.2
719,NW-flex,-4,1.0
719,BWA-no-clip,-3,0.8
719,BWA-std,-3,0.4
719,NW-flex,-3,1.0
719,BWA-no-clip,-2,0.8
719,BWA-std,-2,0.6
719,NW-flex,-2,1.0
719,BWA-no-clip,-1,0.9
719,BWA-std,-1,0.7
719,NW-flex,-1,1.0
719,BWA-no-clip,0,1.0
719,BWA-std,0,1.0
719,NW-flex,0,1.0
719,BWA-no-clip,1,1.0
719,BWA-std,1,0.7
719,NW-flex,1,1.0
719,BWA-no-clip,2,1.0
719,BWA-std,2,0.5
719,NW-flex,2,1.0
719,BWA-no-clip,3,1.0
719,BWA-std,3,0.3
719,NW-flex,3,1.0
719,BWA-no-clip,4,1.0
719,BWA-std,4,0.1
719,NW-flex,4,1.0
719,BWA-no-clip,5,1.0
719,BWA-std,5,0.0
719,NW-flex,5,1.0
720,BWA-no-clip,-5,0.6
720,BWA-std,-5,0.1
720,NW-flex,-5,1.0
720,BWA-no-clip,-4,0.7
720,BWA-std,-4,0.2
720,NW-flex,-4,1.0
720,BWA-no-clip,-3,0.8
720,BWA-std,-3,0.4
720,NW-flex,-3,1.0
720,BWA-no-clip,-2,0.9
720,BWA-std,-2,0.6
720,NW-flex,-2,1.0
720,BWA-no-clip,-1,0.9
720,BWA-std,-1,0.7
720,NW-flex,-1,1.0
720,BWA-no-clip,0,1.0
720,BWA-std,0,1.0
720,NW-flex,0,1.0
720,BWA-no-clip,1,1.0
720,BWA-std,1,0.7
720,NW-flex,1,1.0
720,BWA-no-clip,2,0.9
720,BWA-std,2,0.5
720,NW-flex,2,1.0
720,BWA-no-clip,3,0.9
720,BWA-std,3,0.3
720,NW-flex,3,1.0
720,BWA-no-clip,4,0.9
720,BWA-std,4,0.1
720,NW-flex,4,1.0
720,BWA-no-clip,5,0.9
720,BWA-std,5,0.0
720,NW-flex,5,1.0
721,BWA-no-clip,-5,0.6
721,BWA-std,-5,0.1
721,NW-flex,-5,1.0
721,BWA-no-clip,-4,0.7
721,BWA-std,-4,0.2
721,NW-flex,-4,1.0
721,BWA-no-clip,-3,0.7
721,BWA-std,-3,0.4
721,NW-flex,-3,1.0
721,BWA-no-clip,-2,0.8
721,BWA-std,-2,0.5
721,NW-flex,-2,1.0
721,BWA-no-clip,-1,0.7
721,BWA-std,-1,0.7
721,NW-flex,-1,1.0
721,BWA-no-clip,0,1.0
721,BWA-std,0,1.0
721,NW-flex,0,1.0
721,BWA-no-clip,1,0.9
721,BWA-std,1,0.7
721,NW-flex,1,1.0
721,BWA-no-clip,2,1.0
721,BWA-std,2,0.5
721,NW-flex,2,1.0
721,BWA-no-clip,3,1.0
721,BWA-std,3,0.3
721,NW-flex,3,1.0
721,BWA-no-clip,4,1.0
721,BWA-std,4,0.1
721,NW-flex,4,1.0
721,BWA-no-clip,5,1.0
721,BWA-std,5,0.0
721,NW-flex,5,1.0
722,BWA-no-clip,-5,0.4
722,BWA-std,-5,0.1
722,NW-flex,-5,1.0
722,BWA-no-clip,-4,0.7
722,BWA-std,-4,0.2
722,NW-flex,-4,1.0
722,BWA-no-clip,-3,0.7
722,BWA-std,-3,0.4
722,NW-flex,-3,1.0
722,BWA-no-clip,-2,0.9
722,BWA-std,-2,0.6
722,NW-flex,-2,1.0
722,BWA-no-clip,-1,0.9
722,BWA-std,-1,0.7
722,NW-flex,-1,1.0
722,BWA-no-clip,0,1.0
722,BWA-std,0,1.0
722,NW-flex,0,1.0
722,BWA-no-clip,1,1.0
722,BWA-std,1,0.7
722,NW-flex,1,1.0
722,BWA-no-clip,2,1.0
722,BWA-std,2,0.5
722,NW-flex,2,1.0
722,BWA-no-clip,3,1.0
722,BWA-std,3,0.3
722,NW-flex,3,1.0
722,BWA-no-clip,4,1.0
722,BWA-std,4,0.1
722,NW-flex,4,1.0
722,BWA-no-clip,5,1.0
722,BWA-std,5,0.0
722,NW-flex,5,1.0
723,BWA-no-clip,-5,0.6
723,BWA-std,-5,0.1
723,NW-flex,-5,1.0
723,BWA-no-clip,-4,0.6
723,BWA-std,-4,0.2
723,NW-flex,-4,1.0
723,BWA-no-clip,-3,0.7
723,BWA-std,-3,0.4
723,NW-flex,-3,1.0
723,BWA-no-clip,-2,0.7
723,BWA-std,-2,0.6
723,NW-flex,-2,1.0
723,BWA-no-clip,-1,0.9
723,BWA-std,-1,0.7
723,NW-flex,-1,1.0
723,BWA-no-clip,0,1.0
723,BWA-std,0,1.0
723,NW-flex,0,1.0
723,BWA-no-clip,1,1.0
723,BWA-std,1,0.7
723,NW-flex,1,1.0
723,BWA-no-clip,2,1.0
723,BWA-std,2,0.5
723,NW-flex,2,1.0
723,BWA-no-clip,3,1.0
723,BWA-std,3,0.3
723,NW-flex,3,1.0
723,BWA-no-clip,4,1.0
723,BWA-std,4,0.1
723,NW-flex,4,1.0
723,BWA-no-clip,5,1.0
723,BWA-std,5,0.0
723,NW-flex,5,1.0
724,BWA-no-clip,-5,0.5
724,BWA-std,-5,0.1
724,NW-flex,-5,1.0
724,BWA-no-clip,-4,0.6
724,BWA-std,-4,0.2
724,NW-flex,-4,1.0
724,BWA-no-clip,-3,0.6
724,BWA-std,-3,0.3
724,NW-flex,-3,1.0
724,BWA-no-clip,-2,0.7
724,BWA-std,-2,0.5
724,NW-flex,-2,1.0
724,BWA-no-clip,-1,0.8
724,BWA-std,-1,0.7
724,NW-flex,-1,1.0
724,BWA-no-clip,0,1.0
724,BWA-std,0,1.0
724,NW-flex,0,1.0
724,BWA-no-clip,1,0.9
724,BWA-std,1,0.7
724,NW-flex,1,1.0
724,BWA-no-clip,2,0.9
724,BWA-std,2,0.5
724,NW-flex,2,1.0
724,BWA-no-clip,3,0.9
724,BWA-std,3,0.3
724,NW-flex,3,1.0
724,BWA-no-clip,4,0.9
724,BWA-std,4,0.1
724,NW-flex,4,1.0
724,BWA-no-clip,5,0.9
724,BWA-std,5,0.0
724,NW-flex,5,1.0
725,BWA-no-clip,-5,0.5
725,BWA-std,-5,0.1
725,NW-flex,-5,1.0
725,BWA-no-clip,-4,0.6
725,BWA-std,-4,0.2
725,NW-flex,-4,1.0
725,BWA-no-clip,-3,0.8
725,BWA-std,-3,0.4
725,NW-flex,-3,1.0
725,BWA-no-clip,-2,0.8
725,BWA-std,-2,0.6
725,NW-flex,-2,1.0
725,BWA-no-clip,-1,0.9
725,BWA-std,-1,0.7
725,NW-flex,-1,1.0
725,BWA-no-clip,0,1.0
725,BWA-std,0,1.0
725,NW-flex,0,1.0
725,BWA-no-clip,1,1.0
725,BWA-std,1,0.7
725,NW-flex,1,1.0
725,BWA-no-clip,2,1.0
725,BWA-std,2,0.5
725,NW-flex,2,1.0
725,BWA-no-clip,3,1.0
725,BWA-std,3,0.3
725,NW-flex,3,1.0
725,BWA-no-clip,4,1.0
725,BWA-std,4,0.1
725,NW-flex,4,1.0
725,BWA-no-clip,5,1.0
725,BWA-std,5,0.0
725,NW-flex,5,1.0
726,BWA-no-clip,-5,0.6
726,BWA-std,-5,0.1
726,NW-flex,-5,1.0
726,BWA-no-clip,-4,0.8
726,BWA-std,-4,0.2
726,NW-flex,-4,1.0
726,BWA-no-clip,-3,0.8
726,BWA-std,-3,0.4
726,NW-flex,-3,1.0
726,BWA-no-clip,-2,0.9
726,BWA-std,-2,0.6
726,NW-flex,-2,1.0
726,BWA-no-clip,-1,0.9
726,BWA-std,-1,0.7
726,NW-flex,-1,1.0
726,BWA-no-clip,0,1.0
726,BWA-std,0,1.0
726,NW-flex,0,1.0
726,BWA-no-clip,1,1.0
726,BWA-std,1,0.7
726,NW-flex,1,1.0
726,BWA-no-clip,2,1.0
726,BWA-std,2,0.5
726,NW-flex,2,1.0
726,BWA-no-clip,3,1.0
726,BWA-std,3,0.3
726,NW-flex,3,1.0
726,BWA-no-clip,4,1.0
726,BWA-std,4,0.1
726,NW-flex,4,1.0
726,BWA-no-clip,5,1.0
726,BWA-std,5,0.0
726,NW-flex,5,1.0
727,BWA-no-clip,-5,0.6
727,BWA-std,-5,0.1
727,NW-flex,-5,1.0
727,BWA-no-clip,-4,0.7
727,BWA-std,-4,0.2
727,NW-flex,-4,1.0
727,BWA-no-clip,-3,0.8
727,BWA-std,-3,0.4
727,NW-flex,-3,1.0
727,BWA-no-clip,-2,0.9
727,BWA-std,-2,0.6
727,NW-flex,-2,1.0
727,BWA-no-clip,-1,0.9
727,BWA-std,-1,0.7
727,NW-flex,-1,1.0
727,BWA-no-clip,0,1.0
727,BWA-std,0,1.0
727,NW-flex,0,1.0
727,BWA-no-clip,1,1.0
727,BWA-std,1,0.7
727,NW-flex,1,1.0
727,BWA-no-clip,2,1.0
727,BWA-std,2,0.5
727,NW-flex,2,1.0
727,BWA-no-clip,3,1.0
727,BWA-std,3,0.3
727,NW-flex,3,1.0
727,BWA-no-clip,4,1.0
727,BWA-std,4,0.1
727,NW-flex,4,1.0
727,BWA-no-clip,5,1.0
727,BWA-std,5,0.0
727,NW-flex,5,1.0
728,BWA-no-clip,-5,0.5
728,BWA-std,-5,0.1
728,NW-flex,-5,1.0
728,BWA-no-clip,-4,0.6
728,BWA-std,-4,0.2
728,NW-flex,-4,1.0
728,BWA-no-clip,-3,0.7
728,BWA-std,-3,0.4
728,NW-flex,-3,1.0
728,BWA-no-clip,-2,0.9
728,BWA-std,-2,0.6
728,NW-flex,-2,1.0
728,BWA-no-clip,-1,0.9
728,BWA-std,-1,0.7
728,NW-flex,-1,1.0
728,BWA-no-clip,0,1.0
728,BWA-std,0,1.0
728,NW-flex,0,1.0
728,BWA-no-clip,1,1.0
728,BWA-std,1,0.7
728,NW-flex,1,1.0
728,BWA-no-clip,2,1.0
728,BWA-std,2,0.5
728,NW-flex,2,1.0
728,BWA-no-clip,3,1.0
728,BWA-std,3,0.3
728,NW-flex,3,1.0
728,BWA-no-clip,4,1.0
728,BWA-std,4,0.1
728,NW-flex,4,1.0
728,BWA-no-clip,5,1.0
728,BWA-std,5,0.0
728,NW-flex,5,1.0
729,BWA-no-clip,-5,0.5
729,BWA-std,-5,0.1
729,NW-flex,-5,1.0
729,BWA-no-clip,-4,0.5
729,BWA-std,-4,0.2
729,NW-flex,-4,1.0
729,BWA-no-clip,-3,0.6
729,BWA-std,-3,0.3
729,NW-flex,-3,1.0
729,BWA-no-clip,-2,0.7
729,BWA-std,-2,0.5
729,NW-flex,-2,1.0
729,BWA-no-clip,-1,0.8
729,BWA-std,-1,0.7
729,NW-flex,-1,1.0
729,BWA-no-clip,0,1.0
729,BWA-std,0,1.0
729,NW-flex,0,1.0
729,BWA-no-clip,1,0.9
729,BWA-std,1,0.7
729,NW-flex,1,1.0
729,BWA-no-clip,2,0.9
729,BWA-std,2,0.5
729,NW-flex,2,1.0
729,BWA-no-clip,3,0.9
729,BWA-std,3,0.3
729,NW-flex,3,1.0
729,BWA-no-clip,4,0.9
729,BWA-std,4,0.1
729,NW-flex,4,1.0
729,BWA-no-clip,5,0.9
729,BWA-std,5,0.0
729,NW-flex,5,1.0
730,BWA-no-clip,-5,0.4
730,BWA-std,-5,0.1
730,NW-flex,-5,1.0
730,BWA-no-clip,-4,0.8
730,BWA-std,-4,0.2
730,NW-flex,-4,1.0
730,BWA-no-clip,-3,0.8
730,BWA-std,-3,0.4
730,NW-flex,-3,1.0
730,BWA-no-clip,-2,0.9
730,BWA-std,-2,0.6
730,NW-flex,-2,1.0
730,BWA-no-clip,-1,0.9
730,BWA-std,-1,0.7
730,NW-flex,-1,1.0
730,BWA-no-clip,0,1.0
730,BWA-std,0,1.0
730,NW-flex,0,1.0
730,BWA-no-clip,1,1.0
730,BWA-std,1,0.7
730,NW-flex,1,1.0
730,BWA-no-clip,2,1.0
730,BWA-std,2,0.5
730,NW-flex,2,1.0
730,BWA-no-clip,3,0.9
730,BWA-std,3,0.3
730,NW-flex,3,1.0
730,BWA-no-clip,4,1.0
730,BWA-std,4,0.1
730,NW-flex,4,1.0
730,BWA-no-clip,5,1.0
730,BWA-std,5,0.0
730,NW-flex,5,1.0
731,BWA-no-clip,-5,0.6
731,BWA-std,-5,0.1
731,NW-flex,-5,1.0
731,BWA-no-clip,-4,0.7
731,BWA-std,-4,0.2
731,NW-flex,-4,1.0
731,BWA-no-clip,-3,0.7
731,BWA-std,-3,0.4
731,NW-flex,-3,1.0
731,BWA-no-clip,-2,0.9
731,BWA-std,-2,0.6
731,NW-flex,-2,1.0
731,BWA-no-clip,-1,0.9
731,BWA-std,-1,0.7
731,NW-flex,-1,1.0
731,BWA-no-clip,0,1.0
731,BWA-std,0,1.0
731,NW-flex,0,1.0
731,BWA-no-clip,1,1.0
731,BWA-std,1,0.7
731,NW-flex,1,1.0
731,BWA-no-clip,2,1.0
731,BWA-std,2,0.5
731,NW-flex,2,1.0
731,BWA-no-clip,3,1.0
731,BWA-std,3,0.3
731,NW-flex,3,1.0
731,BWA-no-clip,4,1.0
731,BWA-std,4,0.1
731,NW-flex,4,1.0
731,BWA-no-clip,5,1.0
731,BWA-std,5,0.0
731,NW-flex,5,1.0
732,BWA-no-clip,-5,0.1
732,BWA-std,-5,0.1
732,NW-flex,-5,1.0
732,BWA-no-clip,-4,0.6
732,BWA-std,-4,0.2
732,NW-flex,-4,1.0
732,BWA-no-clip,-3,0.6
732,BWA-std,-3,0.4
732,NW-flex,-3,1.0
732,BWA-no-clip,-2,0.9
732,BWA-std,-2,0.6
732,NW-flex,-2,1.0
732,BWA-no-clip,-1,0.9
732,BWA-std,-1,0.7
732,NW-flex,-1,1.0
732,BWA-no-clip,0,1.0
732,BWA-std,0,1.0
732,NW-flex,0,1.0
732,BWA-no-clip,1,1.0
732,BWA-std,1,0.7
732,NW-flex,1,1.0
732,BWA-no-clip,2,0.9
732,BWA-std,2,0.5
732,NW-flex,2,1.0
732,BWA-no-clip,3,1.0
732,BWA-std,3,0.3
732,NW-flex,3,1.0
732,BWA-no-clip,4,0.9
732,BWA-std,4,0.1
732,NW-flex,4,1.0
732,BWA-no-clip,5,0.9
732,BWA-std,5,0.0
732,NW-flex,5,1.0
733,BWA-no-clip,-5,0.4
733,BWA-std,-5,0.1
733,NW-flex,-5,1.0
733,BWA-no-clip,-4,0.5
733,BWA-std,-4,0.2
733,NW-flex,-4,1.0
733,BWA-no-clip,-3,0.5
733,BWA-std,-3,0.4
733,NW-flex,-3,1.0
733,BWA-no-clip,-2,0.8
733,BWA-std,-2,0.5
733,NW-flex,-2,1.0
733,BWA-no-clip,-1,0.8
733,BWA-std,-1,0.7
733,NW-flex,-1,1.0
733,BWA-no-clip,0,1.0
733,BWA-std,0,1.0
733,NW-flex,0,1.0
733,BWA-no-clip,1,1.0
733,BWA-std,1,0.7
733,NW-flex,1,1.0
733,BWA-no-clip,2,1.0
733,BWA-std,2,0.5
733,NW-flex,2,1.0
733,BWA-no-clip,3,1.0
733,BWA-std,3,0.3
733,NW-flex,3,1.0
733,BWA-no-clip,4,1.0
733,BWA-std,4,0.1
733,NW-flex,4,1.0
733,BWA-no-clip,5,1.0
733,BWA-std,5,0.0
733,NW-flex,5,1.0
734,BWA-no-clip,-5,0.6
734,BWA-std,-5,0.1
734,NW-flex,-5,1.0
734,BWA-no-clip,-4,0.7
734,BWA-std,-4,0.2
734,NW-flex,-4,1.0
734,BWA-no-clip,-3,0.7
734,BWA-std,-3,0.4
734,NW-flex,-3,1.0
734,BWA-no-clip,-2,0.8
734,BWA-std,-2,0.5
734,NW-flex,-2,1.0
734,BWA-no-clip,-1,0.8
734,BWA-std,-1,0.7
734,NW-flex,-1,1.0
734,BWA-no-clip,0,1.0
734,BWA-std,0,1.0
734,NW-flex,0,1.0
734,BWA-no-clip,1,1.0
734,BWA-std,1,0.7
734,NW-flex,1,1.0
734,BWA-no-clip,2,0.9
734,BWA-std,2,0.5
734,NW-flex,2,1.0
734,BWA-no-clip,3,0.9
734,BWA-std,3,0.3
734,NW-flex,3,1.0
734,BWA-no-clip,4,0.9
734,BWA-std,4,0.1
734,NW-flex,4,1.0
734,BWA-no-clip,5,0.9
734,BWA-std,5,0.0
734,NW-flex,5,1.0
735,BWA-no-clip,-5,0.6
735,BWA-std,-5,0.1
735,NW-flex,-5,1.0
735,BWA-no-clip,-4,0.7
735,BWA-std,-4,0.2
735,NW-flex,-4,1.0
735,BWA-no-clip,-3,0.8
735,BWA-std,-3,0.4
735,NW-flex,-3,1.0
735,BWA-no-clip,-2,0.9
735,BWA-std,-2,0.6
735,NW-flex,-2,1.0
735,BWA-no-clip,-1,0.9
735,BWA-std,-1,0.7
735,NW-flex,-1,1.0
735,BWA-no-clip,0,1.0
735,BWA-std,0,1.0
735,NW-flex,0,1.0
735,BWA-no-clip,1,1.0
735,BWA-std,1,0.7
735,NW-flex,1,1.0
735,BWA-no-clip,2,1.0
735,BWA-std,2,0.5
735,NW-flex,2,1.0
735,BWA-no-clip,3,1.0
735,BWA-std,3,0.3
735,NW-flex,3,1.0
735,BWA-no-clip,4,1.0
735,BWA-std,4,0.1
735,NW-flex,4,1.0
735,BWA-no-clip,5,1.0
735,BWA-std,5,0.0
735,NW-flex,5,1.0
736,BWA-no-clip,-5,0.6
736,BWA-std,-5,0.1
736,NW-flex,-5,1.0
736,BWA-no-clip,-4,0.7
736,BWA-std,-4,0.2
736,NW-flex,-4,1.0
736,BWA-no-clip,-3,0.8
736,BWA-std,-3,0.4
736,NW-flex,-3,1.0
736,BWA-no-clip,-2,0.9
736,BWA-std,-2,0.6
736,NW-flex,-2,1.0
736,BWA-no-clip,-1,0.9
736,BWA-std,-1,0.7
736,NW-flex,-1,1.0
736,BWA-no-clip,0,1.0
736,BWA-std,0,1.0
736,NW-flex,0,1.0
736,BWA-no-clip,1,1.0
736,BWA-std,1,0.7
736,NW-flex,1,1.0
736,BWA-no-clip,2,1.0
736,BWA-std,2,0.5
736,NW-flex,2,1.0
736,BWA-no-clip,3,1.0
736,BWA-std,3,0.3
736,NW-flex,3,1.0
736,BWA-no-clip,4,1.0
736,BWA-std,4,0.1
736,NW-flex,4,1.0
736,BWA-no-clip,5,1.0
736,BWA-std,5,0.0
736,NW-flex,5,1.0
737,BWA-no-clip,-5,0.6
737,BWA-std,-5,0.1
737,NW-flex,-5,1.0
737,BWA-no-clip,-4,0.7
737,BWA-std,-4,0.2
737,NW-flex,-4,1.0
737,BWA-no-clip,-3,0.8
737,BWA-std,-3,0.4
737,NW-flex,-3,1.0
737,BWA-no-clip,-2,0.9
737,BWA-std,-2,0.6
737,NW-flex,-2,1.0
737,BWA-no-clip,-1,0.9
737,BWA-std,-1,0.7
737,NW-flex,-1,1.0
737,BWA-no-clip,0,1.0
737,BWA-std,0,1.0
737,NW-flex,0,1.0
737,BWA-no-clip,1,1.0
737,BWA-std,1,0.7
737,NW-flex,1,1.0
737,BWA-no-clip,2,1.0
737,BWA-std,2,0.5
737,NW-flex,2,1.0
737,BWA-no-clip,3,1.0
737,BWA-std,3,0.3
737,NW-flex,3,1.0
737,BWA-no-clip,4,1.0
737,BWA-std,4,0.1
737,NW-flex,4,1.0
737,BWA-no-clip,5,1.0
737,BWA-std,5,0.0
737,NW-flex,5,1.0
738,BWA-no-clip,-5,0.7
738,BWA-std,-5,0.1
738,NW-flex,-5,1.0
738,BWA-no-clip,-4,0.8
738,BWA-std,-4,0.2
738,NW-flex,-4,1.0
738,BWA-no-clip,-3,0.8
738,BWA-std,-3,0.4
738,NW-flex,-3,1.0
738,BWA-no-clip,-2,0.9
738,BWA-std,-2,0.6
738,NW-flex,-2,1.0
738,BWA-no-clip,-1,0.9
738,BWA-std,-1,0.7
738,NW-flex,-1,1.0
738,BWA-no-clip,0,1.0
738,BWA-std,0,1.0
738,NW-flex,0,1.0
738,BWA-no-clip,1,1.0
738,BWA-std,1,0.7
738,NW-flex,1,1.0
738,BWA-no-clip,2,1.0
738,BWA-std,2,0.5
738,NW-flex,2,1.0
738,BWA-no-clip,3,1.0
738,BWA-std,3,0.3
738,NW-flex,3,1.0
738,BWA-no-clip,4,1.0
738,BWA-std,4,0.1
738,NW-flex,4,1.0
738,BWA-no-clip,5,1.0
738,BWA-std,5,0.0
738,NW-flex,5,1.0
739,BWA-no-clip,-5,0.6
739,BWA-std,-5,0.1
739,NW-flex,-5,1.0
739,BWA-no-clip,-4,0.7
739,BWA-std,-4,0.2
739,NW-flex,-4,1.0
739,BWA-no-clip,-3,0.8
739,BWA-std,-3,0.4
739,NW-flex,-3,1.0
739,BWA-no-clip,-2,0.9
739,BWA-std,-2,0.6
739,NW-flex,-2,1.0
739,BWA-no-clip,-1,0.9
739,BWA-std,-1,0.7
739,NW-flex,-1,1.0
739,BWA-no-clip,0,1.0
739,BWA-std,0,1.0
739,NW-flex,0,1.0
739,BWA-no-clip,1,1.0
739,BWA-std,1,0.7
739,NW-flex,1,1.0
739,BWA-no-clip,2,1.0
739,BWA-std,2,0.5
739,NW-flex,2,1.0
739,BWA-no-clip,3,1.0
739,BWA-std,3,0.3
739,NW-flex,3,1.0
739,BWA-no-clip,4,1.0
739,BWA-std,4,0.1
739,NW-flex,4,1.0
739,BWA-no-clip,5,1.0
739,BWA-std,5,0.0
739,NW-flex,5,1.0
740,BWA-no-clip,-5,0.7
740,BWA-std,-5,0.1
740,NW-flex,-5,1.0
740,BWA-no-clip,-4,0.7
740,BWA-std,-4,0.2
740,NW-flex,-4,1.0
740,BWA-no-clip,-3,0.8
740,BWA-std,-3,0.4
740,NW-flex,-3,1.0
740,BWA-no-clip,-2,0.8
740,BWA-std,-2,0.6
740,NW-flex,-2,1.0
740,BWA-no-clip,-1,0.9
740,BWA-std,-1,0.7
740,NW-flex,-1,1.0
740,BWA-no-clip,0,1.0
740,BWA-std,0,1.0
740,NW-flex,0,1.0
740,BWA-no-clip,1,1.0
740,BWA-std,1,0.7
740,NW-flex,1,1.0
740,BWA-no-clip,2,1.0
740,BWA-std,2,0.5
740,NW-flex,2,1.0
740,BWA-no-clip,3,1.0
740,BWA-std,3,0.3
740,NW-flex,3,1.0
740,BWA-no-clip,4,1.0
740,BWA-std,4,0.1
740,NW-flex,4,1.0
740,BWA-no-clip,5,1.0
740,BWA-std,5,0.0
740,NW-flex,5,1.0
741,BWA-no-clip,-5,0.6
741,BWA-std,-5,0.1
741,NW-flex,-5,1.0
741,BWA-no-clip,-4,0.7
741,BWA-std,-4,0.2
741,NW-flex,-4,1.0
741,BWA-no-clip,-3,0.7
741,BWA-std,-3,0.4
741,NW-flex,-3,1.0
741,BWA-no-clip,-2,0.8
741,BWA-std,-2,0.5
741,NW-flex,-2,1.0
741,BWA-no-clip,-1,0.8
741,BWA-std,-1,0.7
741,NW-flex,-1,1.0
741,BWA-no-clip,0,1.0
741,BWA-std,0,1.0
741,NW-flex,0,1.0
741,BWA-no-clip,1,1.0
741,BWA-std,1,0.7
741,NW-flex,1,1.0
741,BWA-no-clip,2,1.0
741,BWA-std,2,0.5
741,NW-flex,2,1.0
741,BWA-no-clip,3,1.0
741,BWA-std,3,0.3
741,NW-flex,3,1.0
741,BWA-no-clip,4,1.0
741,BWA-std,4,0.1
741,NW-flex,4,1.0
741,BWA-no-clip,5,1.0
741,BWA-std,5,0.0
741,NW-flex,5,1.0
742,BWA-no-clip,-5,0.5
742,BWA-std,-5,0.1
742,NW-flex,-5,1.0
742,BWA-no-clip,-4,0.6
742,BWA-std,-4,0.2
742,NW-flex,-4,1.0
742,BWA-no-clip,-3,0.8
742,BWA-std,-3,0.4
742,NW-flex,-3,1.0
742,BWA-no-clip,-2,0.8
742,BWA-std,-2,0.6
742,NW-flex,-2,1.0
742,BWA-no-clip,-1,0.9
742,BWA-std,-1,0.7
742,NW-flex,-1,1.0
742,BWA-no-clip,0,1.0
742,BWA-std,0,1.0
742,NW-flex,0,1.0
742,BWA-no-clip,1,1.0
742,BWA-std,1,0.7
742,NW-flex,1,1.0
742,BWA-no-clip,2,1.0
742,BWA-std,2,0.5
742,NW-flex,2,1.0
742,BWA-no-clip,3,1.0
742,BWA-std,3,0.3
742,NW-flex,3,1.0
742,BWA-no-clip,4,1.0
742,BWA-std,4,0.1
742,NW-flex,4,1.0
742,BWA-no-clip,5,1.0
742,BWA-std,5,0.0
742,NW-flex,5,1.0
743,BWA-no-clip,-5,0.5
743,BWA-std,-5,0.1
743,NW-flex,-5,1.0
743,BWA-no-clip,-4,0.6
743,BWA-std,-4,0.2
743,NW-flex,-4,1.0
743,BWA-no-clip,-3,0.8
743,BWA-std,-3,0.4
743,NW-flex,-3,1.0
743,BWA-no-clip,-2,0.9
743,BWA-std,-2,0.6
743,NW-flex,-2,1.0
743,BWA-no-clip,-1,0.9
743,BWA-std,-1,0.7
743,NW-flex,-1,1.0
743,BWA-no-clip,0,1.0
743,BWA-std,0,1.0
743,NW-flex,0,1.0
743,BWA-no-clip,1,1.0
743,BWA-std,1,0.7
743,NW-flex,1,1.0
743,BWA-no-clip,2,1.0
743,BWA-std,2,0.5
743,NW-flex,2,1.0
743,BWA-no-clip,3,1.0
743,BWA-std,3,0.3
743,NW-flex,3,1.0
743,BWA-no-clip,4,1.0
743,BWA-std,4,0.1
743,NW-flex,4,1.0
743,BWA-no-clip,5,1.0
743,BWA-std,5,0.0
743,NW-flex,5,1.0
744,BWA-no-clip,-5,0.6
744,BWA-std,-5,0.1
744,NW-flex,-5,1.0
744,BWA-no-clip,-4,0.7
744,BWA-std,-4,0.2
744,NW-flex,-4,1.0
744,BWA-no-clip,-3,0.7
744,BWA-std,-3,0.4
744,NW-flex,-3,1.0
744,BWA-no-clip,-2,0.8
744,BWA-std,-2,0.5
744,NW-flex,-2,1.0
744,BWA-no-clip,-1,0.7
744,BWA-std,-1,0.7
744,NW-flex,-1,1.0
744,BWA-no-clip,0,1.0
744,BWA-std,0,1.0
744,NW-flex,0,1.0
744,BWA-no-clip,1,0.9
744,BWA-std,1,0.7
744,NW-flex,1,1.0
744,BWA-no-clip,2,1.0
744,BWA-std,2,0.5
744,NW-flex,2,1.0
744,BWA-no-clip,3,1.0
744,BWA-std,3,0.3
744,NW-flex,3,1.0
744,BWA-no-clip,4,0.8
744,BWA-std,4,0.1
744,NW-flex,4,1.0
744,BWA-no-clip,5,0.9
744,BWA-std,5,0.0
744,NW-flex,5,1.0
745,BWA-no-clip,-5,0.6
745,BWA-std,-5,0.1
745,NW-flex,-5,1.0
745,BWA-no-clip,-4,0.7
745,BWA-std,-4,0.2
745,NW-flex,-4,1.0
745,BWA-no-clip,-3,0.7
745,BWA-std,-3,0.4
745,NW-flex,-3,1.0
745,BWA-no-clip,-2,0.8
745,BWA-std,-2,0.5
745,NW-flex,-2,1.0
745,BWA-no-clip,-1,0.8
745,BWA-std,-1,0.7
745,NW-flex,-1,1.0
745,BWA-no-clip,0,1.0
745,BWA-std,0,1.0
745,NW-flex,0,1.0
745,BWA-no-clip,1,0.9
745,BWA-std,1,0.7
745,NW-flex,1,1.0
745,BWA-no-clip,2,0.9
745,BWA-std,2,0.5
745,NW-flex,2,1.0
745,BWA-no-clip,3,0.9
745,BWA-std,3,0.3
745,NW-flex,3,1.0
745,BWA-no-clip,4,0.9
745,BWA-std,4,0.1
745,NW-flex,4,1.0
745,BWA-no-clip,5,0.9
745,BWA-std,5,0.0
745,NW-flex,5,1.0
746,BWA-no-clip,-5,0.5
746,BWA-std,-5,0.1
746,NW-flex,-5,1.0
746,BWA-no-clip,-4,0.6
746,BWA-std,-4,0.2
746,NW-flex,-4,1.0
746,BWA-no-clip,-3,0.6
746,BWA-std,-3,0.4
746,NW-flex,-3,1.0
746,BWA-no-clip,-2,0.9
746,BWA-std,-2,0.6
746,NW-flex,-2,1.0
746,BWA-no-clip,-1,0.9
746,BWA-std,-1,0.7
746,NW-flex,-1,1.0
746,BWA-no-clip,0,1.0
746,BWA-std,0,1.0
746,NW-flex,0,1.0
746,BWA-no-clip,1,1.0
746,BWA-std,1,0.7
746,NW-flex,1,1.0
746,BWA-no-clip,2,0.8
746,BWA-std,2,0.5
746,NW-flex,2,1.0
746,BWA-no-clip,3,1.0
746,BWA-std,3,0.3
746,NW-flex,3,1.0
746,BWA-no-clip,4,1.0
746,BWA-std,4,0.1
746,NW-flex,4,1.0
746,BWA-no-clip,5,1.0
746,BWA-std,5,0.0
746,NW-flex,5,1.0
747,BWA-no-clip,-5,0.5
747,BWA-std,-5,0.1
747,NW-flex,-5,1.0
747,BWA-no-clip,-4,0.5
747,BWA-std,-4,0.2
747,NW-flex,-4,1.0
747,BWA-no-clip,-3,0.7
747,BWA-std,-3,0.4
747,NW-flex,-3,1.0
747,BWA-no-clip,-2,0.9
747,BWA-std,-2,0.6
747,NW-flex,-2,1.0
747,BWA-no-clip,-1,0.9
747,BWA-std,-1,0.7
747,NW-flex,-1,1.0
747,BWA-no-clip,0,1.0
747,BWA-std,0,1.0
747,NW-flex,0,1.0
747,BWA-no-clip,1,1.0
747,BWA-std,1,0.7
747,NW-flex,1,1.0
747,BWA-no-clip,2,1.0
747,BWA-std,2,0.5
747,NW-flex,2,1.0
747,BWA-no-clip,3,1.0
747,BWA-std,3,0.3
747,NW-flex,3,1.0
747,BWA-no-clip,4,1.0
747,BWA-std,4,0.1
747,NW-flex,4,1.0
747,BWA-no-clip,5,1.0
747,BWA-std,5,0.0
747,NW-flex,5,1.0
748,BWA-no-clip,-5,0.6
748,BWA-std,-5,0.1
748,NW-flex,-5,1.0
748,BWA-no-clip,-4,0.8
748,BWA-std,-4,0.2
748,NW-flex,-4,1.0
748,BWA-no-clip,-3,0.8
748,BWA-std,-3,0.4
748,NW-flex,-3,1.0
748,BWA-no-clip,-2,0.9
748,BWA-std,-2,0.6
748,NW-flex,-2,1.0
748,BWA-no-clip,-1,0.9
748,BWA-std,-1,0.7
748,NW-flex,-1,1.0
748,BWA-no-clip,0,1.0
748,BWA-std,0,1.0
748,NW-flex,0,1.0
748,BWA-no-clip,1,1.0
748,BWA-std,1,0.7
748,NW-flex,1,1.0
748,BWA-no-clip,2,1.0
748,BWA-std,2,0.5
748,NW-flex,2,1.0
748,BWA-no-clip,3,1.0
748,BWA-std,3,0.3
748,NW-flex,3,1.0
748,BWA-no-clip,4,1.0
748,BWA-std,4,0.1
748,NW-flex,4,1.0
748,BWA-no-clip,5,1.0
748,BWA-std,5,0.0
748,NW-flex,5,1.0
749,BWA-no-clip,-5,0.5
749,BWA-std,-5,0.1
749,NW-flex,-5,1.0
749,BWA-no-clip,-4,0.6
749,BWA-std,-4,0.2
749,NW-flex,-4,1.0
749,BWA-no-clip,-3,0.6
749,BWA-std,-3,0.4
749,NW-flex,-3,1.0
749,BWA-no-clip,-2,0.9
749,BWA-std,-2,0.6
749,NW-flex,-2,1.0
749,BWA-no-clip,-1,0.9
749,BWA-std,-1,0.7
749,NW-flex,-1,1.0
749,BWA-no-clip,0,1.0
749,BWA-std,0,1.0
749,NW-flex,0,1.0
749,BWA-no-clip,1,1.0
749,BWA-std,1,0.7
749,NW-flex,1,1.0
749,BWA-no-clip,2,1.0
749,BWA-std,2,0.5
749,NW-flex,2,1.0
749,BWA-no-clip,3,1.0
749,BWA-std,3,0.3
749,NW-flex,3,1.0
749,BWA-no-clip,4,1.0
749,BWA-std,4,0.1
749,NW-flex,4,1.0
749,BWA-no-clip,5,1.0
749,BWA-std,5,0.0
749,NW-flex,5,1.0
750,BWA-no-clip,-5,0.4
750,BWA-std,-5,0.1
750,NW-flex,-5,1.0
750,BWA-no-clip,-4,0.6
750,BWA-std,-4,0.2
750,NW-flex,-4,1.0
750,BWA-no-clip,-3,0.6
750,BWA-std,-3,0.4
750,NW-flex,-3,1.0
750,BWA-no-clip,-2,0.9
750,BWA-std,-2,0.6
750,NW-flex,-2,1.0
750,BWA-no-clip,-1,0.9
750,BWA-std,-1,0.7
750,NW-flex,-1,1.0
750,BWA-no-clip,0,1.0
750,BWA-std,0,1.0
750,NW-flex,0,1.0
750,BWA-no-clip,1,1.0
750,BWA-std,1,0.7
750,NW-flex,1,1.0
750,BWA-no-clip,2,1.0
750,BWA-std,2,0.5
750,NW-flex,2,1.0
750,BWA-no-clip,3,1.0
750,BWA-std,3,0.3
750,NW-flex,3,1.0
750,BWA-no-clip,4,1.0
750,BWA-std,4,0.1
750,NW-flex,4,1.0
750,BWA-no-clip,5,1.0
750,BWA-std,5,0.0
750,NW-flex,5,1.0
751,BWA-no-clip,-5,0.3
751,BWA-std,-5,0.1
751,NW-flex,-5,1.0
751,BWA-no-clip,-4,0.4
751,BWA-std,-4,0.2
751,NW-flex,-4,1.0
751,BWA-no-clip,-3,0.4
751,BWA-std,-3,0.4
751,NW-flex,-3,1.0
751,BWA-no-clip,-2,0.9
751,BWA-std,-2,0.6
751,NW-flex,-2,1.0
751,BWA-no-clip,-1,0.9
751,BWA-std,-1,0.7
751,NW-flex,-1,1.0
751,BWA-no-clip,0,1.0
751,BWA-std,0,1.0
751,NW-flex,0,1.0
751,BWA-no-clip,1,1.0
751,BWA-std,1,0.7
751,NW-flex,1,1.0
751,BWA-no-clip,2,1.0
751,BWA-std,2,0.5
751,NW-flex,2,1.0
751,BWA-no-clip,3,0.9
751,BWA-std,3,0.3
751,NW-flex,3,1.0
751,BWA-no-clip,4,0.8
751,BWA-std,4,0.1
751,NW-flex,4,1.0
751,BWA-no-clip,5,0.8
751,BWA-std,5,0.0
751,NW-flex,5,1.0
752,BWA-no-clip,-5,0.6
752,BWA-std,-5,0.1
752,NW-flex,-5,1.0
752,BWA-no-clip,-4,0.7
752,BWA-std,-4,0.2
752,NW-flex,-4,1.0
752,BWA-no-clip,-3,0.8
752,BWA-std,-3,0.4
752,NW-flex,-3,1.0
752,BWA-no-clip,-2,0.9
752,BWA-std,-2,0.6
752,NW-flex,-2,1.0
752,BWA-no-clip,-1,0.9
752,BWA-std,-1,0.7
752,NW-flex,-1,1.0
752,BWA-no-clip,0,1.0
752,BWA-std,0,1.0
752,NW-flex,0,1.0
752,BWA-no-clip,1,1.0
752,BWA-std,1,0.7
752,NW-flex,1,1.0
752,BWA-no-clip,2,1.0
752,BWA-std,2,0.5
752,NW-flex,2,1.0
752,BWA-no-clip,3,1.0
752,BWA-std,3,0.3
752,NW-flex,3,1.0
752,BWA-no-clip,4,1.0
752,BWA-std,4,0.1
752,NW-flex,4,1.0
752,BWA-no-clip,5,1.0
752,BWA-std,5,0.0
752,NW-flex,5,1.0
753,BWA-no-clip,-5,0.7
753,BWA-std,-5,0.1
753,NW-flex,-5,1.0
753,BWA-no-clip,-4,0.8
753,BWA-std,-4,0.2
753,NW-flex,-4,1.0
753,BWA-no-clip,-3,0.8
753,BWA-std,-3,0.4
753,NW-flex,-3,1.0
753,BWA-no-clip,-2,0.9
753,BWA-std,-2,0.6
753,NW-flex,-2,1.0
753,BWA-no-clip,-1,0.9
753,BWA-std,-1,0.7
753,NW-flex,-1,1.0
753,BWA-no-clip,0,1.0
753,BWA-std,0,1.0
753,NW-flex,0,1.0
753,BWA-no-clip,1,1.0
753,BWA-std,1,0.7
753,NW-flex,1,1.0
753,BWA-no-clip,2,1.0
753,BWA-std,2,0.5
753,NW-flex,2,1.0
753,BWA-no-clip,3,1.0
753,BWA-std,3,0.3
753,NW-flex,3,1.0
753,BWA-no-clip,4,1.0
753,BWA-std,4,0.1
753,NW-flex,4,1.0
753,BWA-no-clip,5,1.0
753,BWA-std,5,0.0
753,NW-flex,5,1.0
754,BWA-no-clip,-5,0.4
754,BWA-std,-5,0.1
754,NW-flex,-5,1.0
754,BWA-no-clip,-4,0.5
754,BWA-std,-4,0.2
754,NW-flex,-4,1.0
754,BWA-no-clip,-3,0.5
754,BWA-std,-3,0.3
754,NW-flex,-3,1.0
754,BWA-no-clip,-2,0.7
754,BWA-std,-2,0.5
754,NW-flex,-2,1.0
754,BWA-no-clip,-1,0.8
754,BWA-std,-1,0.7
754,NW-flex,-1,1.0
754,BWA-no-clip,0,1.0
754,BWA-std,0,1.0
754,NW-flex,0,1.0
754,BWA-no-clip,1,1.0
754,BWA-std,1,0.7
754,NW-flex,1,1.0
754,BWA-no-clip,2,1.0
754,BWA-std,2,0.5
754,NW-flex,2,1.0
754,BWA-no-clip,3,0.9
754,BWA-std,3,0.3
754,NW-flex,3,1.0
754,BWA-no-clip,4,1.0
754,BWA-std,4,0.1
754,NW-flex,4,1.0
754,BWA-no-clip,5,1.0
754,BWA-std,5,0.0
754,NW-flex,5,1.0
755,BWA-no-clip,-5,0.7
755,BWA-std,-5,0.1
755,NW-flex,-5,1.0
755,BWA-no-clip,-4,0.8
755,BWA-std,-4,0.2
755,NW-flex,-4,1.0
755,BWA-no-clip,-3,0.8
755,BWA-std,-3,0.4
755,NW-flex,-3,1.0
755,BWA-no-clip,-2,0.9
755,BWA-std,-2,0.6
755,NW-flex,-2,1.0
755,BWA-no-clip,-1,0.9
755,BWA-std,-1,0.7
755,NW-flex,-1,1.0
755,BWA-no-clip,0,1.0
755,BWA-std,0,1.0
755,NW-flex,0,1.0
755,BWA-no-clip,1,1.0
755,BWA-std,1,0.7
755,NW-flex,1,1.0
755,BWA-no-clip,2,1.0
755,BWA-std,2,0.5
755,NW-flex,2,1.0
755,BWA-no-clip,3,1.0
755,BWA-std,3,0.3
755,NW-flex,3,1.0
755,BWA-no-clip,4,1.0
755,BWA-std,4,0.1
755,NW-flex,4,1.0
755,BWA-no-clip,5,1.0
755,BWA-std,5,0.0
755,NW-flex,5,1.0
756,BWA-no-clip,-5,0.6
756,BWA-std,-5,0.1
756,NW-flex,-5,1.0
756,BWA-no-clip,-4,0.7
756,BWA-std,-4,0.2
756,NW-flex,-4,1.0
756,BWA-no-clip,-3,0.8
756,BWA-std,-3,0.4
756,NW-flex,-3,1.0
756,BWA-no-clip,-2,0.9
756,BWA-std,-2,0.6
756,NW-flex,-2,1.0
756,BWA-no-clip,-1,0.9
756,BWA-std,-1,0.7
756,NW-flex,-1,1.0
756,BWA-no-clip,0,1.0
756,BWA-std,0,1.0
756,NW-flex,0,1.0
756,BWA-no-clip,1,1.0
756,BWA-std,1,0.7
756,NW-flex,1,1.0
756,BWA-no-clip,2,0.9
756,BWA-std,2,0.5
756,NW-flex,2,1.0
756,BWA-no-clip,3,0.9
756,BWA-std,3,0.3
756,NW-flex,3,1.0
756,BWA-no-clip,4,0.9
756,BWA-std,4,0.1
756,NW-flex,4,1.0
756,BWA-no-clip,5,0.9
756,BWA-std,5,0.0
756,NW-flex,5,1.0
757,BWA-no-clip,-5,0.5
757,BWA-std,-5,0.1
757,NW-flex,-5,1.0
757,BWA-no-clip,-4,0.6
757,BWA-std,-4,0.2
757,NW-flex,-4,1.0
757,BWA-no-clip,-3,0.6
757,BWA-std,-3,0.4
757,NW-flex,-3,1.0
757,BWA-no-clip,-2,0.8
757,BWA-std,-2,0.5
757,NW-flex,-2,1.0
757,BWA-no-clip,-1,0.8
757,BWA-std,-1,0.7
757,NW-flex,-1,1.0
757,BWA-no-clip,0,1.0
757,BWA-std,0,1.0
757,NW-flex,0,1.0
757,BWA-no-clip,1,1.0
757,BWA-std,1,0.7
757,NW-flex,1,1.0
757,BWA-no-clip,2,1.0
757,BWA-std,2,0.5
757,NW-flex,2,1.0
757,BWA-no-clip,3,1.0
757,BWA-std,3,0.3
757,NW-flex,3,1.0
757,BWA-no-clip,4,1.0
757,BWA-std,4,0.1
757,NW-flex,4,1.0
757,BWA-no-clip,5,1.0
757,BWA-std,5,0.0
757,NW-flex,5,1.0
758,BWA-no-clip,-5,0.6
758,BWA-std,-5,0.1
758,NW-flex,-5,1.0
758,BWA-no-clip,-4,0.6
758,BWA-std,-4,0.2
758,NW-flex,-4,1.0
758,BWA-no-clip,-3,0.7
758,BWA-std,-3,0.4
758,NW-flex,-3,1.0
758,BWA-no-clip,-2,0.8
758,BWA-std,-2,0.5
758,NW-flex,-2,1.0
758,BWA-no-clip,-1,0.8
758,BWA-std,-1,0.7
758,NW-flex,-1,1.0
758,BWA-no-clip,0,1.0
758,BWA-std,0,1.0
758,NW-flex,0,1.0
758,BWA-no-clip,1,1.0
758,BWA-std,1,0.7
758,NW-flex,1,1.0
758,BWA-no-clip,2,1.0
758,BWA-std,2,0.5
758,NW-flex,2,1.0
758,BWA-no-clip,3,1.0
758,BWA-std,3,0.3
758,NW-flex,3,1.0
758,BWA-no-clip,4,1.0
758,BWA-std,4,0.1
758,NW-flex,4,1.0
758,BWA-no-clip,5,1.0
758,BWA-std,5,0.0
758,NW-flex,5,1.0
759,BWA-no-clip,-5,0.5
759,BWA-std,-5,0.1
759,NW-flex,-5,1.0
759,BWA-no-clip,-4,0.6
759,BWA-std,-4,0.2
759,NW-flex,-4,1.0
759,BWA-no-clip,-3,0.6
759,BWA-std,-3,0.4
759,NW-flex,-3,1.0
759,BWA-no-clip,-2,0.9
759,BWA-std,-2,0.6
759,NW-flex,-2,1.0
759,BWA-no-clip,-1,0.9
759,BWA-std,-1,0.7
759,NW-flex,-1,1.0
759,BWA-no-clip,0,1.0
759,BWA-std,0,1.0
759,NW-flex,0,1.0
759,BWA-no-clip,1,1.0
759,BWA-std,1,0.7
759,NW-flex,1,1.0
759,BWA-no-clip,2,1.0
759,BWA-std,2,0.5
759,NW-flex,2,1.0
759,BWA-no-clip,3,1.0
759,BWA-std,3,0.3
759,NW-flex,3,1.0
759,BWA-no-clip,4,1.0
759,BWA-std,4,0.1
759,NW-flex,4,1.0
759,BWA-no-clip,5,1.0
759,BWA-std,5,0.0
759,NW-flex,5,1.0
760,BWA-no-clip,-5,0.6
760,BWA-std,-5,0.1
760,NW-flex,-5,1.0
760,BWA-no-clip,-4,0.7
760,BWA-std,-4,0.2
760,NW-flex,-4,1.0
760,BWA-no-clip,-3,0.8
760,BWA-std,-3,0.4
760,NW-flex,-3,1.0
760,BWA-no-clip,-2,0.9
760,BWA-std,-2,0.6
760,NW-flex,-2,1.0
760,BWA-no-clip,-1,0.9
760,BWA-std,-1,0.7
760,NW-flex,-1,1.0
760,BWA-no-clip,0,1.0
760,BWA-std,0,1.0
760,NW-flex,0,1.0
760,BWA-no-clip,1,1.0
760,BWA-std,1,0.7
760,NW-flex,1,1.0
760,BWA-no-clip,2,1.0
760,BWA-std,2,0.5
760,NW-flex,2,1.0
760,BWA-no-clip,3,1.0
760,BWA-std,3,0.3
760,NW-flex,3,1.0
760,BWA-no-clip,4,1.0
760,BWA-std,4,0.1
760,NW-flex,4,1.0
760,BWA-no-clip,5,1.0
760,BWA-std,5,0.0
760,NW-flex,5,1.0
761,BWA-no-clip,-5,0.7
761,BWA-std,-5,0.1
761,NW-flex,-5,1.0
761,BWA-no-clip,-4,0.7
761,BWA-std,-4,0.2
761,NW-flex,-4,1.0
761,BWA-no-clip,-3,0.8
761,BWA-std,-3,0.4
761,NW-flex,-3,1.0
761,BWA-no-clip,-2,0.9
761,BWA-std,-2,0.6
761,NW-flex,-2,1.0
761,BWA-no-clip,-1,0.9
761,BWA-std,-1,0.7
761,NW-flex,-1,1.0
761,BWA-no-clip,0,1.0
761,BWA-std,0,1.0
761,NW-flex,0,1.0
761,BWA-no-clip,1,1.0
761,BWA-std,1,0.7
761,NW-flex,1,1.0
761,BWA-no-clip,2,1.0
761,BWA-std,2,0.5
761,NW-flex,2,1.0
761,BWA-no-clip,3,1.0
761,BWA-std,3,0.3
761,NW-flex,3,1.0
761,BWA-no-clip,4,1.0
761,BWA-std,4,0.1
761,NW-flex,4,1.0
761,BWA-no-clip,5,1.0
761,BWA-std,5,0.0
761,NW-flex,5,1.0
762,BWA-no-clip,-5,0.5
762,BWA-std,-5,0.1
762,NW-flex,-5,1.0
762,BWA-no-clip,-4,0.5
762,BWA-std,-4,0.2
762,NW-flex,-4,1.0
762,BWA-no-clip,-3,0.7
762,BWA-std,-3,0.4
762,NW-flex,-3,1.0
762,BWA-no-clip,-2,0.7
762,BWA-std,-2,0.6
762,NW-flex,-2,1.0
762,BWA-no-clip,-1,0.9
762,BWA-std,-1,0.7
762,NW-flex,-1,1.0
762,BWA-no-clip,0,1.0
762,BWA-std,0,1.0
762,NW-flex,0,1.0
762,BWA-no-clip,1,1.0
762,BWA-std,1,0.7
762,NW-flex,1,1.0
762,BWA-no-clip,2,1.0
762,BWA-std,2,0.5
762,NW-flex,2,1.0
762,BWA-no-clip,3,1.0
762,BWA-std,3,0.3
762,NW-flex,3,1.0
762,BWA-no-clip,4,1.0
762,BWA-std,4,0.1
762,NW-flex,4,1.0
762,BWA-no-clip,5,1.0
762,BWA-std,5,0.0
762,NW-flex,5,1.0
763,BWA-no-clip,-5,0.5
763,BWA-std,-5,0.1
763,NW-flex,-5,1.0
763,BWA-no-clip,-4,0.5
763,BWA-std,-4,0.2
763,NW-flex,-4,1.0
763,BWA-no-clip,-3,0.7
763,BWA-std,-3,0.4
763,NW-flex,-3,1.0
763,BWA-no-clip,-2,0.9
763,BWA-std,-2,0.6
763,NW-flex,-2,1.0
763,BWA-no-clip,-1,0.9
763,BWA-std,-1,0.7
763,NW-flex,-1,1.0
763,BWA-no-clip,0,1.0
763,BWA-std,0,1.0
763,NW-flex,0,1.0
763,BWA-no-clip,1,1.0
763,BWA-std,1,0.7
763,NW-flex,1,1.0
763,BWA-no-clip,2,1.0
763,BWA-std,2,0.5
763,NW-flex,2,1.0
763,BWA-no-clip,3,1.0
763,BWA-std,3,0.3
763,NW-flex,3,1.0
763,BWA-no-clip,4,1.0
763,BWA-std,4,0.1
763,NW-flex,4,1.0
763,BWA-no-clip,5,1.0
763,BWA-std,5,0.0
763,NW-flex,5,1.0
764,BWA-no-clip,-5,0.5
764,BWA-std,-5,0.1
764,NW-flex,-5,1.0
764,BWA-no-clip,-4,0.5
764,BWA-std,-4,0.2
764,NW-flex,-4,1.0
764,BWA-no-clip,-3,0.7
764,BWA-std,-3,0.4
764,NW-flex,-3,1.0
764,BWA-no-clip,-2,0.8
764,BWA-std,-2,0.6
764,NW-flex,-2,1.0
764,BWA-no-clip,-1,0.9
764,BWA-std,-1,0.7
764,NW-flex,-1,1.0
764,BWA-no-clip,0,1.0
764,BWA-std,0,1.0
764,NW-flex,0,1.0
764,BWA-no-clip,1,1.0
764,BWA-std,1,0.7
764,NW-flex,1,1.0
764,BWA-no-clip,2,1.0
764,BWA-std,2,0.5
764,NW-flex,2,1.0
764,BWA-no-clip,3,1.0
764,BWA-std,3,0.3
764,NW-flex,3,1.0
764,BWA-no-clip,4,1.0
764,BWA-std,4,0.1
764,NW-flex,4,1.0
764,BWA-no-clip,5,1.0
764,BWA-std,5,0.0
764,NW-flex,5,1.0
765,BWA-no-clip,-5,0.5
765,BWA-std,-5,0.1
765,NW-flex,-5,1.0
765,BWA-no-clip,-4,0.6
765,BWA-std,-4,0.2
765,NW-flex,-4,1.0
765,BWA-no-clip,-3,0.6
765,BWA-std,-3,0.4
765,NW-flex,-3,1.0
765,BWA-no-clip,-2,0.9
765,BWA-std,-2,0.6
765,NW-flex,-2,1.0
765,BWA-no-clip,-1,0.9
765,BWA-std,-1,0.7
765,NW-flex,-1,1.0
765,BWA-no-clip,0,1.0
765,BWA-std,0,1.0
765,NW-flex,0,1.0
765,BWA-no-clip,1,1.0
765,BWA-std,1,0.7
765,NW-flex,1,1.0
765,BWA-no-clip,2,1.0
765,BWA-std,2,0.5
765,NW-flex,2,1.0
765,BWA-no-clip,3,1.0
765,BWA-std,3,0.3
765,NW-flex,3,1.0
765,BWA-no-clip,4,0.6
765,BWA-std,4,0.1
765,NW-flex,4,1.0
765,BWA-no-clip,5,0.6
765,BWA-std,5,0.0
765,NW-flex,5,1.0
766,BWA-no-clip,-5,0.7
766,BWA-std,-5,0.1
766,NW-flex,-5,1.0
766,BWA-no-clip,-4,0.7
766,BWA-std,-4,0.2
766,NW-flex,-4,1.0
766,BWA-no-clip,-3,0.8
766,BWA-std,-3,0.4
766,NW-flex,-3,1.0
766,BWA-no-clip,-2,0.8
766,BWA-std,-2,0.6
766,NW-flex,-2,1.0
766,BWA-no-clip,-1,0.9
766,BWA-std,-1,0.7
766,NW-flex,-1,1.0
766,BWA-no-clip,0,1.0
766,BWA-std,0,1.0
766,NW-flex,0,1.0
766,BWA-no-clip,1,1.0
766,BWA-std,1,0.7
766,NW-flex,1,1.0
766,BWA-no-clip,2,1.0
766,BWA-std,2,0.5
766,NW-flex,2,1.0
766,BWA-no-clip,3,1.0
766,BWA-std,3,0.3
766,NW-flex,3,1.0
766,BWA-no-clip,4,1.0
766,BWA-std,4,0.1
766,NW-flex,4,1.0
766,BWA-no-clip,5,1.0
766,BWA-std,5,0.0
766,NW-flex,5,1.0
767,BWA-no-clip,-5,0.2
767,BWA-std,-5,0.1
767,NW-flex,-5,1.0
767,BWA-no-clip,-4,0.4
767,BWA-std,-4,0.2
767,NW-flex,-4,1.0
767,BWA-no-clip,-3,0.4
767,BWA-std,-3,0.4
767,NW-flex,-3,1.0
767,BWA-no-clip,-2,0.8
767,BWA-std,-2,0.5
767,NW-flex,-2,1.0
767,BWA-no-clip,-1,0.8
767,BWA-std,-1,0.7
767,NW-flex,-1,1.0
767,BWA-no-clip,0,1.0
767,BWA-std,0,1.0
767,NW-flex,0,1.0
767,BWA-no-clip,1,1.0
767,BWA-std,1,0.7
767,NW-flex,1,1.0
767,BWA-no-clip,2,1.0
767,BWA-std,2,0.5
767,NW-flex,2,1.0
767,BWA-no-clip,3,0.6
767,BWA-std,3,0.3
767,NW-flex,3,1.0
767,BWA-no-clip,4,0.8
767,BWA-std,4,0.1
767,NW-flex,4,1.0
767,BWA-no-clip,5,0.7
767,BWA-std,5,0.0
767,NW-flex,5,1.0
768,BWA-no-clip,-5,0.7
768,BWA-std,-5,0.1
768,NW-flex,-5,1.0
768,BWA-no-clip,-4,0.8
768,BWA-std,-4,0.2
768,NW-flex,-4,1.0
768,BWA-no-clip,-3,0.8
768,BWA-std,-3,0.4
768,NW-flex,-3,1.0
768,BWA-no-clip,-2,0.9
768,BWA-std,-2,0.6
768,NW-flex,-2,1.0
768,BWA-no-clip,-1,0.9
768,BWA-std,-1,0.7
768,NW-flex,-1,1.0
768,BWA-no-clip,0,1.0
768,BWA-std,0,1.0
768,NW-flex,0,1.0
768,BWA-no-clip,1,1.0
768,BWA-std,1,0.7
768,NW-flex,1,1.0
768,BWA-no-clip,2,1.0
768,BWA-std,2,0.5
768,NW-flex,2,1.0
768,BWA-no-clip,3,1.0
768,BWA-std,3,0.3
768,NW-flex,3,1.0
768,BWA-no-clip,4,1.0
768,BWA-std,4,0.1
768,NW-flex,4,1.0
768,BWA-no-clip,5,1.0
768,BWA-std,5,0.0
768,NW-flex,5,1.0
769,BWA-no-clip,-5,0.7
769,BWA-std,-5,0.1
769,NW-flex,-5,1.0
769,BWA-no-clip,-4,0.7
769,BWA-std,-4,0.2
769,NW-flex,-4,1.0
769,BWA-no-clip,-3,0.8
769,BWA-std,-3,0.4
769,NW-flex,-3,1.0
769,BWA-no-clip,-2,0.9
769,BWA-std,-2,0.6
769,NW-flex,-2,1.0
769,BWA-no-clip,-1,0.9
769,BWA-std,-1,0.7
769,NW-flex,-1,1.0
769,BWA-no-clip,0,1.0
769,BWA-std,0,1.0
769,NW-flex,0,1.0
769,BWA-no-clip,1,1.0
769,BWA-std,1,0.7
769,NW-flex,1,1.0
769,BWA-no-clip,2,1.0
769,BWA-std,2,0.5
769,NW-flex,2,1.0
769,BWA-no-clip,3,1.0
769,BWA-std,3,0.3
769,NW-flex,3,1.0
769,BWA-no-clip,4,1.0
769,BWA-std,4,0.1
769,NW-flex,4,1.0
769,BWA-no-clip,5,1.0
769,BWA-std,5,0.0
769,NW-flex,5,1.0
770,BWA-no-clip,-5,0.6
770,BWA-std,-5,0.1
770,NW-flex,-5,1.0
770,BWA-no-clip,-4,0.8
770,BWA-std,-4,0.2
770,NW-flex,-4,1.0
770,BWA-no-clip,-3,0.8
770,BWA-std,-3,0.4
770,NW-flex,-3,1.0
770,BWA-no-clip,-2,0.9
770,BWA-std,-2,0.6
770,NW-flex,-2,1.0
770,BWA-no-clip,-1,0.9
770,BWA-std,-1,0.7
770,NW-flex,-1,1.0
770,BWA-no-clip,0,1.0
770,BWA-std,0,1.0
770,NW-flex,0,1.0
770,BWA-no-clip,1,1.0
770,BWA-std,1,0.7
770,NW-flex,1,1.0
770,BWA-no-clip,2,1.0
770,BWA-std,2,0.5
770,NW-flex,2,1.0
770,BWA-no-clip,3,1.0
770,BWA-std,3,0.3
770,NW-flex,3,1.0
770,BWA-no-clip,4,1.0
770,BWA-std,4,0.1
770,NW-flex,4,1.0
770,BWA-no-clip,5,1.0
770,BWA-std,5,0.0
770,NW-flex,5,1.0
771,BWA-no-clip,-5,0.6
771,BWA-std,-5,0.1
771,NW-flex,-5,1.0
771,BWA-no-clip,-4,0.7
771,BWA-std,-4,0.2
771,NW-flex,-4,1.0
771,BWA-no-clip,-3,0.7
771,BWA-std,-3,0.4
771,NW-flex,-3,1.0
771,BWA-no-clip,-2,0.8
771,BWA-std,-2,0.5
771,NW-flex,-2,1.0
771,BWA-no-clip,-1,0.7
771,BWA-std,-1,0.7
771,NW-flex,-1,1.0
771,BWA-no-clip,0,1.0
771,BWA-std,0,1.0
771,NW-flex,0,1.0
771,BWA-no-clip,1,0.9
771,BWA-std,1,0.7
771,NW-flex,1,1.0
771,BWA-no-clip,2,1.0
771,BWA-std,2,0.5
771,NW-flex,2,1.0
771,BWA-no-clip,3,1.0
771,BWA-std,3,0.3
771,NW-flex,3,1.0
771,BWA-no-clip,4,1.0
771,BWA-std,4,0.1
771,NW-flex,4,1.0
771,BWA-no-clip,5,1.0
771,BWA-std,5,0.0
771,NW-flex,5,1.0
772,BWA-no-clip,-5,0.3
772,BWA-std,-5,0.1
772,NW-flex,-5,1.0
772,BWA-no-clip,-4,0.7
772,BWA-std,-4,0.2
772,NW-flex,-4,1.0
772,BWA-no-clip,-3,0.7
772,BWA-std,-3,0.4
772,NW-flex,-3,1.0
772,BWA-no-clip,-2,0.9
772,BWA-std,-2,0.6
772,NW-flex,-2,1.0
772,BWA-no-clip,-1,0.9
772,BWA-std,-1,0.7
772,NW-flex,-1,1.0
772,BWA-no-clip,0,1.0
772,BWA-std,0,1.0
772,NW-flex,0,1.0
772,BWA-no-clip,1,1.0
772,BWA-std,1,0.7
772,NW-flex,1,1.0
772,BWA-no-clip,2,1.0
772,BWA-std,2,0.5
772,NW-flex,2,1.0
772,BWA-no-clip,3,1.0
772,BWA-std,3,0.3
772,NW-flex,3,1.0
772,BWA-no-clip,4,1.0
772,BWA-std,4,0.1
772,NW-flex,4,1.0
772,BWA-no-clip,5,1.0
772,BWA-std,5,0.0
772,NW-flex,5,1.0
773,BWA-no-clip,-5,0.6
773,BWA-std,-5,0.1
773,NW-flex,-5,1.0
773,BWA-no-clip,-4,0.7
773,BWA-std,-4,0.2
773,NW-flex,-4,1.0
773,BWA-no-clip,-3,0.7
773,BWA-std,-3,0.4
773,NW-flex,-3,1.0
773,BWA-no-clip,-2,0.8
773,BWA-std,-2,0.6
773,NW-flex,-2,1.0
773,BWA-no-clip,-1,0.9
773,BWA-std,-1,0.7
773,NW-flex,-1,1.0
773,BWA-no-clip,0,1.0
773,BWA-std,0,1.0
773,NW-flex,0,1.0
773,BWA-no-clip,1,1.0
773,BWA-std,1,0.7
773,NW-flex,1,1.0
773,BWA-no-clip,2,1.0
773,BWA-std,2,0.5
773,NW-flex,2,1.0
773,BWA-no-clip,3,1.0
773,BWA-std,3,0.3
773,NW-flex,3,1.0
773,BWA-no-clip,4,1.0
773,BWA-std,4,0.1
773,NW-flex,4,1.0
773,BWA-no-clip,5,1.0
773,BWA-std,5,0.0
773,NW-flex,5,1.0
774,BWA-no-clip,-5,0.6
774,BWA-std,-5,0.1
774,NW-flex,-5,1.0
774,BWA-no-clip,-4,0.7
774,BWA-std,-4,0.2
774,NW-flex,-4,1.0
774,BWA-no-clip,-3,0.8
774,BWA-std,-3,0.4
774,NW-flex,-3,1.0
774,BWA-no-clip,-2,0.9
774,BWA-std,-2,0.6
774,NW-flex,-2,1.0
774,BWA-no-clip,-1,0.9
774,BWA-std,-1,0.7
774,NW-flex,-1,1.0
774,BWA-no-clip,0,1.0
774,BWA-std,0,1.0
774,NW-flex,0,1.0
774,BWA-no-clip,1,1.0
774,BWA-std,1,0.7
774,NW-flex,1,1.0
774,BWA-no-clip,2,1.0
774,BWA-std,2,0.5
774,NW-flex,2,1.0
774,BWA-no-clip,3,1.0
774,BWA-std,3,0.3
774,NW-flex,3,1.0
774,BWA-no-clip,4,1.0
774,BWA-std,4,0.1
774,NW-flex,4,1.0
774,BWA-no-clip,5,1.0
774,BWA-std,5,0.0
774,NW-flex,5,1.0
775,BWA-no-clip,-5,0.7
775,BWA-std,-5,0.1
775,NW-flex,-5,1.0
775,BWA-no-clip,-4,0.8
775,BWA-std,-4,0.2
775,NW-flex,-4,1.0
775,BWA-no-clip,-3,0.8
775,BWA-std,-3,0.4
775,NW-flex,-3,1.0
775,BWA-no-clip,-2,0.9
775,BWA-std,-2,0.6
775,NW-flex,-2,1.0
775,BWA-no-clip,-1,0.9
775,BWA-std,-1,0.7
775,NW-flex,-1,1.0
775,BWA-no-clip,0,1.0
775,BWA-std,0,1.0
775,NW-flex,0,1.0
775,BWA-no-clip,1,1.0
775,BWA-std,1,0.7
775,NW-flex,1,1.0
775,BWA-no-clip,2,1.0
775,BWA-std,2,0.5
775,NW-flex,2,1.0
775,BWA-no-clip,3,1.0
775,BWA-std,3,0.3
775,NW-flex,3,1.0
775,BWA-no-clip,4,1.0
775,BWA-std,4,0.1
775,NW-flex,4,1.0
775,BWA-no-clip,5,1.0
775,BWA-std,5,0.0
775,NW-flex,5,1.0
776,BWA-no-clip,-5,0.7
776,BWA-std,-5,0.1
776,NW-flex,-5,1.0
776,BWA-no-clip,-4,0.8
776,BWA-std,-4,0.2
776,NW-flex,-4,1.0
776,BWA-no-clip,-3,0.8
776,BWA-std,-3,0.4
776,NW-flex,-3,1.0
776,BWA-no-clip,-2,0.9
776,BWA-std,-2,0.6
776,NW-flex,-2,1.0
776,BWA-no-clip,-1,0.9
776,BWA-std,-1,0.7
776,NW-flex,-1,1.0
776,BWA-no-clip,0,1.0
776,BWA-std,0,1.0
776,NW-flex,0,1.0
776,BWA-no-clip,1,1.0
776,BWA-std,1,0.7
776,NW-flex,1,1.0
776,BWA-no-clip,2,1.0
776,BWA-std,2,0.5
776,NW-flex,2,1.0
776,BWA-no-clip,3,1.0
776,BWA-std,3,0.3
776,NW-flex,3,1.0
776,BWA-no-clip,4,1.0
776,BWA-std,4,0.1
776,NW-flex,4,1.0
776,BWA-no-clip,5,1.0
776,BWA-std,5,0.0
776,NW-flex,5,1.0
777,BWA-no-clip,-5,0.6
777,BWA-std,-5,0.1
777,NW-flex,-5,1.0
777,BWA-no-clip,-4,0.7
777,BWA-std,-4,0.2
777,NW-flex,-4,1.0
777,BWA-no-clip,-3,0.8
777,BWA-std,-3,0.4
777,NW-flex,-3,1.0
777,BWA-no-clip,-2,0.8
777,BWA-std,-2,0.6
777,NW-flex,-2,1.0
777,BWA-no-clip,-1,0.9
777,BWA-std,-1,0.7
777,NW-flex,-1,1.0
777,BWA-no-clip,0,1.0
777,BWA-std,0,1.0
777,NW-flex,0,1.0
777,BWA-no-clip,1,1.0
777,BWA-std,1,0.7
777,NW-flex,1,1.0
777,BWA-no-clip,2,1.0
777,BWA-std,2,0.5
777,NW-flex,2,1.0
777,BWA-no-clip,3,1.0
777,BWA-std,3,0.3
777,NW-flex,3,1.0
777,BWA-no-clip,4,1.0
777,BWA-std,4,0.1
777,NW-flex,4,1.0
777,BWA-no-clip,5,1.0
777,BWA-std,5,0.0
777,NW-flex,5,1.0
778,BWA-no-clip,-5,0.5
778,BWA-std,-5,0.1
778,NW-flex,-5,1.0
778,BWA-no-clip,-4,0.6
778,BWA-std,-4,0.2
778,NW-flex,-4,1.0
778,BWA-no-clip,-3,0.7
778,BWA-std,-3,0.4
778,NW-flex,-3,1.0
778,BWA-no-clip,-2,0.8
778,BWA-std,-2,0.5
778,NW-flex,-2,1.0
778,BWA-no-clip,-1,0.8
778,BWA-std,-1,0.7
778,NW-flex,-1,1.0
778,BWA-no-clip,0,1.0
778,BWA-std,0,1.0
778,NW-flex,0,1.0
778,BWA-no-clip,1,1.0
778,BWA-std,1,0.7
778,NW-flex,1,1.0
778,BWA-no-clip,2,1.0
778,BWA-std,2,0.5
778,NW-flex,2,1.0
778,BWA-no-clip,3,1.0
778,BWA-std,3,0.3
778,NW-flex,3,1.0
778,BWA-no-clip,4,0.9
778,BWA-std,4,0.1
778,NW-flex,4,1.0
778,BWA-no-clip,5,0.8
778,BWA-std,5,0.0
778,NW-flex,5,1.0
779,BWA-no-clip,-5,0.6
779,BWA-std,-5,0.1
779,NW-flex,-5,1.0
779,BWA-no-clip,-4,0.7
779,BWA-std,-4,0.2
779,NW-flex,-4,1.0
779,BWA-no-clip,-3,0.8
779,BWA-std,-3,0.4
779,NW-flex,-3,1.0
779,BWA-no-clip,-2,0.8
779,BWA-std,-2,0.6
779,NW-flex,-2,1.0
779,BWA-no-clip,-1,0.9
779,BWA-std,-1,0.7
779,NW-flex,-1,1.0
779,BWA-no-clip,0,1.0
779,BWA-std,0,1.0
779,NW-flex,0,1.0
779,BWA-no-clip,1,1.0
779,BWA-std,1,0.7
779,NW-flex,1,1.0
779,BWA-no-clip,2,0.9
779,BWA-std,2,0.5
779,NW-flex,2,1.0
779,BWA-no-clip,3,0.9
779,BWA-std,3,0.3
779,NW-flex,3,1.0
779,BWA-no-clip,4,0.9
779,BWA-std,4,0.1
779,NW-flex,4,1.0
779,BWA-no-clip,5,0.9
779,BWA-std,5,0.0
779,NW-flex,5,1.0
780,BWA-no-clip,-5,0.3
780,BWA-std,-5,0.1
780,NW-flex,-5,1.0
780,BWA-no-clip,-4,0.6
780,BWA-std,-4,0.2
780,NW-flex,-4,1.0
780,BWA-no-clip,-3,0.7
780,BWA-std,-3,0.4
780,NW-flex,-3,1.0
780,BWA-no-clip,-2,0.9
780,BWA-std,-2,0.6
780,NW-flex,-2,1.0
780,BWA-no-clip,-1,0.9
780,BWA-std,-1,0.7
780,NW-flex,-1,1.0
780,BWA-no-clip,0,1.0
780,BWA-std,0,1.0
780,NW-flex,0,1.0
780,BWA-no-clip,1,1.0
780,BWA-std,1,0.7
780,NW-flex,1,1.0
780,BWA-no-clip,2,1.0
780,BWA-std,2,0.5
780,NW-flex,2,1.0
780,BWA-no-clip,3,1.0
780,BWA-std,3,0.3
780,NW-flex,3,1.0
780,BWA-no-clip,4,0.8
780,BWA-std,4,0.1
780,NW-flex,4,1.0
780,BWA-no-clip,5,0.7
780,BWA-std,5,0.0
780,NW-flex,5,1.0
781,BWA-no-clip,-5,0.5
781,BWA-std,-5,0.1
781,NW-flex,-5,1.0
781,BWA-no-clip,-4,0.8
781,BWA-std,-4,0.2
781,NW-flex,-4,1.0
781,BWA-no-clip,-3,0.8
781,BWA-std,-3,0.4
781,NW-flex,-3,1.0
781,BWA-no-clip,-2,0.9
781,BWA-std,-2,0.6
781,NW-flex,-2,1.0
781,BWA-no-clip,-1,0.9
781,BWA-std,-1,0.7
781,NW-flex,-1,1.0
781,BWA-no-clip,0,1.0
781,BWA-std,0,1.0
781,NW-flex,0,1.0
781,BWA-no-clip,1,1.0
781,BWA-std,1,0.7
781,NW-flex,1,1.0
781,BWA-no-clip,2,1.0
781,BWA-std,2,0.5
781,NW-flex,2,1.0
781,BWA-no-clip,3,1.0
781,BWA-std,3,0.3
781,NW-flex,3,1.0
781,BWA-no-clip,4,1.0
781,BWA-std,4,0.1
781,NW-flex,4,1.0
781,BWA-no-clip,5,1.0
781,BWA-std,5,0.0
781,NW-flex,5,1.0
782,BWA-no-clip,-5,0.7
782,BWA-std,-5,0.1
782,NW-flex,-5,1.0
782,BWA-no-clip,-4,0.7
782,BWA-std,-4,0.2
782,NW-flex,-4,1.0
782,BWA-no-clip,-3,0.8
782,BWA-std,-3,0.4
782,NW-flex,-3,1.0
782,BWA-no-clip,-2,0.8
782,BWA-std,-2,0.6
782,NW-flex,-2,1.0
782,BWA-no-clip,-1,0.9
782,BWA-std,-1,0.7
782,NW-flex,-1,1.0
782,BWA-no-clip,0,1.0
782,BWA-std,0,1.0
782,NW-flex,0,1.0
782,BWA-no-clip,1,1.0
782,BWA-std,1,0.7
782,NW-flex,1,1.0
782,BWA-no-clip,2,1.0
782,BWA-std,2,0.5
782,NW-flex,2,1.0
782,BWA-no-clip,3,1.0
782,BWA-std,3,0.3
782,NW-flex,3,1.0
782,BWA-no-clip,4,1.0
782,BWA-std,4,0.1
782,NW-flex,4,1.0
782,BWA-no-clip,5,1.0
782,BWA-std,5,0.0
782,NW-flex,5,1.0
783,BWA-no-clip,-5,0.5
783,BWA-std,-5,0.1
783,NW-flex,-5,1.0
783,BWA-no-clip,-4,0.7
783,BWA-std,-4,0.2
783,NW-flex,-4,1.0
783,BWA-no-clip,-3,0.8
783,BWA-std,-3,0.4
783,NW-flex,-3,1.0
783,BWA-no-clip,-2,0.9
783,BWA-std,-2,0.6
783,NW-flex,-2,1.0
783,BWA-no-clip,-1,0.9
783,BWA-std,-1,0.7
783,NW-flex,-1,1.0
783,BWA-no-clip,0,1.0
783,BWA-std,0,1.0
783,NW-flex,0,1.0
783,BWA-no-clip,1,1.0
783,BWA-std,1,0.7
783,NW-flex,1,1.0
783,BWA-no-clip,2,1.0
783,BWA-std,2,0.5
783,NW-flex,2,1.0
783,BWA-no-clip,3,1.0
783,BWA-std,3,0.3
783,NW-flex,3,1.0
783,BWA-no-clip,4,1.0
783,BWA-std,4,0.1
783,NW-flex,4,1.0
783,BWA-no-clip,5,1.0
783,BWA-std,5,0.0
783,NW-flex,5,1.0
784,BWA-no-clip,-5,0.5
784,BWA-std,-5,0.1
784,NW-flex,-5,1.0
784,BWA-no-clip,-4,0.6
784,BWA-std,-4,0.2
784,NW-flex,-4,1.0
784,BWA-no-clip,-3,0.6
784,BWA-std,-3,0.4
784,NW-flex,-3,1.0
784,BWA-no-clip,-2,0.9
784,BWA-std,-2,0.6
784,NW-flex,-2,1.0
784,BWA-no-clip,-1,0.9
784,BWA-std,-1,0.7
784,NW-flex,-1,1.0
784,BWA-no-clip,0,1.0
784,BWA-std,0,1.0
784,NW-flex,0,1.0
784,BWA-no-clip,1,1.0
784,BWA-std,1,0.7
784,NW-flex,1,1.0
784,BWA-no-clip,2,1.0
784,BWA-std,2,0.5
784,NW-flex,2,1.0
784,BWA-no-clip,3,1.0
784,BWA-std,3,0.3
784,NW-flex,3,1.0
784,BWA-no-clip,4,1.0
784,BWA-std,4,0.1
784,NW-flex,4,1.0
784,BWA-no-clip,5,1.0
784,BWA-std,5,0.0
784,NW-flex,5,1.0
785,BWA-no-clip,-5,0.6
785,BWA-std,-5,0.1
785,NW-flex,-5,1.0
785,BWA-no-clip,-4,0.7
785,BWA-std,-4,0.2
785,NW-flex,-4,1.0
785,BWA-no-clip,-3,0.7
785,BWA-std,-3,0.4
785,NW-flex,-3,1.0
785,BWA-no-clip,-2,0.8
785,BWA-std,-2,0.5
785,NW-flex,-2,1.0
785,BWA-no-clip,-1,0.8
785,BWA-std,-1,0.7
785,NW-flex,-1,1.0
785,BWA-no-clip,0,1.0
785,BWA-std,0,1.0
785,NW-flex,0,1.0
785,BWA-no-clip,1,1.0
785,BWA-std,1,0.7
785,NW-flex,1,1.0
785,BWA-no-clip,2,1.0
785,BWA-std,2,0.5
785,NW-flex,2,1.0
785,BWA-no-clip,3,1.0
785,BWA-std,3,0.3
785,NW-flex,3,1.0
785,BWA-no-clip,4,1.0
785,BWA-std,4,0.1
785,NW-flex,4,1.0
785,BWA-no-clip,5,1.0
785,BWA-std,5,0.0
785,NW-flex,5,1.0
786,BWA-no-clip,-5,0.5
786,BWA-std,-5,0.1
786,NW-flex,-5,1.0
786,BWA-no-clip,-4,0.6
786,BWA-std,-4,0.2
786,NW-flex,-4,1.0
786,BWA-no-clip,-3,0.7
786,BWA-std,-3,0.4
786,NW-flex,-3,1.0
786,BWA-no-clip,-2,0.8
786,BWA-std,-2,0.6
786,NW-flex,-2,1.0
786,BWA-no-clip,-1,0.9
786,BWA-std,-1,0.7
786,NW-flex,-1,1.0
786,BWA-no-clip,0,1.0
786,BWA-std,0,1.0
786,NW-flex,0,1.0
786,BWA-no-clip,1,1.0
786,BWA-std,1,0.7
786,NW-flex,1,1.0
786,BWA-no-clip,2,1.0
786,BWA-std,2,0.5
786,NW-flex,2,1.0
786,BWA-no-clip,3,1.0
786,BWA-std,3,0.3
786,NW-flex,3,1.0
786,BWA-no-clip,4,1.0
786,BWA-std,4,0.1
786,NW-flex,4,1.0
786,BWA-no-clip,5,1.0
786,BWA-std,5,0.0
786,NW-flex,5,1.0
787,BWA-no-clip,-5,0.3
787,BWA-std,-5,0.1
787,NW-flex,-5,1.0
787,BWA-no-clip,-4,0.4
787,BWA-std,-4,0.2
787,NW-flex,-4,1.0
787,BWA-no-clip,-3,0.3
787,BWA-std,-3,0.3
787,NW-flex,-3,1.0
787,BWA-no-clip,-2,0.7
787,BWA-std,-2,0.5
787,NW-flex,-2,1.0
787,BWA-no-clip,-1,0.8
787,BWA-std,-1,0.7
787,NW-flex,-1,1.0
787,BWA-no-clip,0,1.0
787,BWA-std,0,1.0
787,NW-flex,0,1.0
787,BWA-no-clip,1,0.9
787,BWA-std,1,0.7
787,NW-flex,1,1.0
787,BWA-no-clip,2,0.9
787,BWA-std,2,0.5
787,NW-flex,2,1.0
787,BWA-no-clip,3,0.5
787,BWA-std,3,0.3
787,NW-flex,3,1.0
787,BWA-no-clip,4,0.9
787,BWA-std,4,0.1
787,NW-flex,4,1.0
787,BWA-no-clip,5,0.9
787,BWA-std,5,0.0
787,NW-flex,5,1.0
788,BWA-no-clip,-5,0.5
788,BWA-std,-5,0.1
788,NW-flex,-5,1.0
788,BWA-no-clip,-4,0.6
788,BWA-std,-4,0.2
788,NW-flex,-4,1.0
788,BWA-no-clip,-3,0.8
788,BWA-std,-3,0.4
788,NW-flex,-3,1.0
788,BWA-no-clip,-2,0.9
788,BWA-std,-2,0.6
788,NW-flex,-2,1.0
788,BWA-no-clip,-1,0.9
788,BWA-std,-1,0.7
788,NW-flex,-1,1.0
788,BWA-no-clip,0,1.0
788,BWA-std,0,1.0
788,NW-flex,0,1.0
788,BWA-no-clip,1,1.0
788,BWA-std,1,0.7
788,NW-flex,1,1.0
788,BWA-no-clip,2,1.0
788,BWA-std,2,0.5
788,NW-flex,2,1.0
788,BWA-no-clip,3,1.0
788,BWA-std,3,0.3
788,NW-flex,3,1.0
788,BWA-no-clip,4,1.0
788,BWA-std,4,0.1
788,NW-flex,4,1.0
788,BWA-no-clip,5,1.0
788,BWA-std,5,0.0
788,NW-flex,5,1.0
789,BWA-no-clip,-5,0.6
789,BWA-std,-5,0.1
789,NW-flex,-5,1.0
789,BWA-no-clip,-4,0.6
789,BWA-std,-4,0.2
789,NW-flex,-4,1.0
789,BWA-no-clip,-3,0.7
789,BWA-std,-3,0.4
789,NW-flex,-3,1.0
789,BWA-no-clip,-2,0.8
789,BWA-std,-2,0.5
789,NW-flex,-2,1.0
789,BWA-no-clip,-1,0.8
789,BWA-std,-1,0.7
789,NW-flex,-1,1.0
789,BWA-no-clip,0,1.0
789,BWA-std,0,1.0
789,NW-flex,0,1.0
789,BWA-no-clip,1,1.0
789,BWA-std,1,0.7
789,NW-flex,1,1.0
789,BWA-no-clip,2,1.0
789,BWA-std,2,0.5
789,NW-flex,2,1.0
789,BWA-no-clip,3,1.0
789,BWA-std,3,0.3
789,NW-flex,3,1.0
789,BWA-no-clip,4,1.0
789,BWA-std,4,0.1
789,NW-flex,4,1.0
789,BWA-no-clip,5,1.0
789,BWA-std,5,0.0
789,NW-flex,5,1.0
790,BWA-no-clip,-5,0.5
790,BWA-std,-5,0.1
790,NW-flex,-5,1.0
790,BWA-no-clip,-4,0.7
790,BWA-std,-4,0.2
790,NW-flex,-4,1.0
790,BWA-no-clip,-3,0.7
790,BWA-std,-3,0.4
790,NW-flex,-3,1.0
790,BWA-no-clip,-2,0.8
790,BWA-std,-2,0.5
790,NW-flex,-2,1.0
790,BWA-no-clip,-1,0.7
790,BWA-std,-1,0.7
790,NW-flex,-1,1.0
790,BWA-no-clip,0,1.0
790,BWA-std,0,1.0
790,NW-flex,0,1.0
790,BWA-no-clip,1,0.9
790,BWA-std,1,0.7
790,NW-flex,1,1.0
790,BWA-no-clip,2,1.0
790,BWA-std,2,0.5
790,NW-flex,2,1.0
790,BWA-no-clip,3,1.0
790,BWA-std,3,0.3
790,NW-flex,3,1.0
790,BWA-no-clip,4,1.0
790,BWA-std,4,0.1
790,NW-flex,4,1.0
790,BWA-no-clip,5,1.0
790,BWA-std,5,0.0
790,NW-flex,5,1.0
791,BWA-no-clip,-5,0.5
791,BWA-std,-5,0.1
791,NW-flex,-5,1.0
791,BWA-no-clip,-4,0.5
791,BWA-std,-4,0.2
791,NW-flex,-4,1.0
791,BWA-no-clip,-3,0.7
791,BWA-std,-3,0.4
791,NW-flex,-3,1.0
791,BWA-no-clip,-2,0.8
791,BWA-std,-2,0.5
791,NW-flex,-2,1.0
791,BWA-no-clip,-1,0.8
791,BWA-std,-1,0.7
791,NW-flex,-1,1.0
791,BWA-no-clip,0,1.0
791,BWA-std,0,1.0
791,NW-flex,0,1.0
791,BWA-no-clip,1,1.0
791,BWA-std,1,0.7
791,NW-flex,1,1.0
791,BWA-no-clip,2,1.0
791,BWA-std,2,0.5
791,NW-flex,2,1.0
791,BWA-no-clip,3,1.0
791,BWA-std,3,0.3
791,NW-flex,3,1.0
791,BWA-no-clip,4,1.0
791,BWA-std,4,0.1
791,NW-flex,4,1.0
791,BWA-no-clip,5,1.0
791,BWA-std,5,0.0
791,NW-flex,5,1.0
792,BWA-no-clip,-5,0.5
792,BWA-std,-5,0.1
792,NW-flex,-5,1.0
792,BWA-no-clip,-4,0.5
792,BWA-std,-4,0.2
792,NW-flex,-4,1.0
792,BWA-no-clip,-3,0.7
792,BWA-std,-3,0.4
792,NW-flex,-3,1.0
792,BWA-no-clip,-2,0.8
792,BWA-std,-2,0.5
792,NW-flex,-2,1.0
792,BWA-no-clip,-1,0.7
792,BWA-std,-1,0.7
792,NW-flex,-1,1.0
792,BWA-no-clip,0,1.0
792,BWA-std,0,1.0
792,NW-flex,0,1.0
792,BWA-no-clip,1,0.9
792,BWA-std,1,0.7
792,NW-flex,1,1.0
792,BWA-no-clip,2,1.0
792,BWA-std,2,0.5
792,NW-flex,2,1.0
792,BWA-no-clip,3,1.0
792,BWA-std,3,0.3
792,NW-flex,3,1.0
792,BWA-no-clip,4,1.0
792,BWA-std,4,0.1
792,NW-flex,4,1.0
792,BWA-no-clip,5,1.0
792,BWA-std,5,0.0
792,NW-flex,5,1.0
793,BWA-no-clip,-5,0.5
793,BWA-std,-5,0.1
793,NW-flex,-5,1.0
793,BWA-no-clip,-4,0.5
793,BWA-std,-4,0.2
793,NW-flex,-4,1.0
793,BWA-no-clip,-3,0.5
793,BWA-std,-3,0.4
793,NW-flex,-3,1.0
793,BWA-no-clip,-2,0.6
793,BWA-std,-2,0.5
793,NW-flex,-2,1.0
793,BWA-no-clip,-1,0.5
793,BWA-std,-1,0.5
793,NW-flex,-1,1.0
793,BWA-no-clip,0,1.0
793,BWA-std,0,1.0
793,NW-flex,0,1.0
793,BWA-no-clip,1,0.6
793,BWA-std,1,0.6
793,NW-flex,1,1.0
793,BWA-no-clip,2,0.6
793,BWA-std,2,0.5
793,NW-flex,2,1.0
793,BWA-no-clip,3,0.6
793,BWA-std,3,0.3
793,NW-flex,3,1.0
793,BWA-no-clip,4,0.6
793,BWA-std,4,0.1
793,NW-flex,4,1.0
793,BWA-no-clip,5,0.6
793,BWA-std,5,0.0
793,NW-flex,5,1.0
794,BWA-no-clip,-5,0.6
794,BWA-std,-5,0.1
794,NW-flex,-5,1.0
794,BWA-no-clip,-4,0.6
794,BWA-std,-4,0.2
794,NW-flex,-4,1.0
794,BWA-no-clip,-3,0.7
794,BWA-std,-3,0.4
794,NW-flex,-3,1.0
794,BWA-no-clip,-2,0.8
794,BWA-std,-2,0.5
794,NW-flex,-2,1.0
794,BWA-no-clip,-1,0.7
794,BWA-std,-1,0.7
794,NW-flex,-1,1.0
794,BWA-no-clip,0,1.0
794,BWA-std,0,1.0
794,NW-flex,0,1.0
794,BWA-no-clip,1,0.9
794,BWA-std,1,0.7
794,NW-flex,1,1.0
794,BWA-no-clip,2,1.0
794,BWA-std,2,0.5
794,NW-flex,2,1.0
794,BWA-no-clip,3,1.0
794,BWA-std,3,0.3
794,NW-flex,3,1.0
794,BWA-no-clip,4,1.0
794,BWA-std,4,0.1
794,NW-flex,4,1.0
794,BWA-no-clip,5,1.0
794,BWA-std,5,0.0
794,NW-flex,5,1.0
795,BWA-no-clip,-5,0.5
795,BWA-std,-5,0.1
795,NW-flex,-5,1.0
795,BWA-no-clip,-4,0.6
795,BWA-std,-4,0.2
795,NW-flex,-4,1.0
795,BWA-no-clip,-3,0.6
795,BWA-std,-3,0.4
795,NW-flex,-3,1.0
795,BWA-no-clip,-2,0.8
795,BWA-std,-2,0.5
795,NW-flex,-2,1.0
795,BWA-no-clip,-1,0.8
795,BWA-std,-1,0.7
795,NW-flex,-1,1.0
795,BWA-no-clip,0,1.0
795,BWA-std,0,1.0
795,NW-flex,0,1.0
795,BWA-no-clip,1,1.0
795,BWA-std,1,0.7
795,NW-flex,1,1.0
795,BWA-no-clip,2,0.9
795,BWA-std,2,0.5
795,NW-flex,2,1.0
795,BWA-no-clip,3,1.0
795,BWA-std,3,0.3
795,NW-flex,3,1.0
795,BWA-no-clip,4,1.0
795,BWA-std,4,0.1
795,NW-flex,4,1.0
795,BWA-no-clip,5,0.7
795,BWA-std,5,0.0
795,NW-flex,5,1.0
796,BWA-no-clip,-5,0.3
796,BWA-std,-5,0.1
796,NW-flex,-5,1.0
796,BWA-no-clip,-4,0.4
796,BWA-std,-4,0.2
796,NW-flex,-4,1.0
796,BWA-no-clip,-3,0.4
796,BWA-std,-3,0.4
796,NW-flex,-3,1.0
796,BWA-no-clip,-2,0.9
796,BWA-std,-2,0.6
796,NW-flex,-2,1.0
796,BWA-no-clip,-1,0.9
796,BWA-std,-1,0.7
796,NW-flex,-1,1.0
796,BWA-no-clip,0,1.0
796,BWA-std,0,1.0
796,NW-flex,0,1.0
796,BWA-no-clip,1,1.0
796,BWA-std,1,0.7
796,NW-flex,1,1.0
796,BWA-no-clip,2,1.0
796,BWA-std,2,0.5
796,NW-flex,2,1.0
796,BWA-no-clip,3,0.9
796,BWA-std,3,0.3
796,NW-flex,3,1.0
796,BWA-no-clip,4,1.0
796,BWA-std,4,0.1
796,NW-flex,4,1.0
796,BWA-no-clip,5,1.0
796,BWA-std,5,0.0
796,NW-flex,5,1.0
797,BWA-no-clip,-5,0.6
797,BWA-std,-5,0.1
797,NW-flex,-5,1.0
797,BWA-no-clip,-4,0.7
797,BWA-std,-4,0.2
797,NW-flex,-4,1.0
797,BWA-no-clip,-3,0.8
797,BWA-std,-3,0.4
797,NW-flex,-3,1.0
797,BWA-no-clip,-2,0.9
797,BWA-std,-2,0.6
797,NW-flex,-2,1.0
797,BWA-no-clip,-1,0.9
797,BWA-std,-1,0.7
797,NW-flex,-1,1.0
797,BWA-no-clip,0,1.0
797,BWA-std,0,1.0
797,NW-flex,0,1.0
797,BWA-no-clip,1,1.0
797,BWA-std,1,0.7
797,NW-flex,1,1.0
797,BWA-no-clip,2,0.9
797,BWA-std,2,0.5
797,NW-flex,2,1.0
797,BWA-no-clip,3,0.9
797,BWA-std,3,0.3
797,NW-flex,3,1.0
797,BWA-no-clip,4,0.9
797,BWA-std,4,0.1
797,NW-flex,4,1.0
797,BWA-no-clip,5,0.9
797,BWA-std,5,0.0
797,NW-flex,5,1.0
798,BWA-no-clip,-5,0.7
798,BWA-std,-5,0.1
798,NW-flex,-5,1.0
798,BWA-no-clip,-4,0.8
798,BWA-std,-4,0.2
798,NW-flex,-4,1.0
798,BWA-no-clip,-3,0.8
798,BWA-std,-3,0.4
798,NW-flex,-3,1.0
798,BWA-no-clip,-2,0.9
798,BWA-std,-2,0.6
798,NW-flex,-2,1.0
798,BWA-no-clip,-1,0.9
798,BWA-std,-1,0.7
798,NW-flex,-1,1.0
798,BWA-no-clip,0,1.0
798,BWA-std,0,1.0
798,NW-flex,0,1.0
798,BWA-no-clip,1,1.0
798,BWA-std,1,0.7
798,NW-flex,1,1.0
798,BWA-no-clip,2,1.0
798,BWA-std,2,0.5
798,NW-flex,2,1.0
798,BWA-no-clip,3,1.0
798,BWA-std,3,0.3
798,NW-flex,3,1.0
798,BWA-no-clip,4,1.0
798,BWA-std,4,0.1
798,NW-flex,4,1.0
798,BWA-no-clip,5,1.0
798,BWA-std,5,0.0
798,NW-flex,5,1.0
799,BWA-no-clip,-5,0.4
799,BWA-std,-5,0.1
799,NW-flex,-5,1.0
799,BWA-no-clip,-4,0.6
799,BWA-std,-4,0.2
799,NW-flex,-4,1.0
799,BWA-no-clip,-3,0.8
799,BWA-std,-3,0.4
799,NW-flex,-3,1.0
799,BWA-no-clip,-2,0.9
799,BWA-std,-2,0.6
799,NW-flex,-2,1.0
799,BWA-no-clip,-1,0.9
799,BWA-std,-1,0.7
799,NW-flex,-1,1.0
799,BWA-no-clip,0,1.0
799,BWA-std,0,1.0
799,NW-flex,0,1.0
799,BWA-no-clip,1,1.0
799,BWA-std,1,0.7
799,NW-flex,1,1.0
799,BWA-no-clip,2,1.0
799,BWA-std,2,0.5
799,NW-flex,2,1.0
799,BWA-no-clip,3,1.0
799,BWA-std,3,0.3
799,NW-flex,3,1.0
799,BWA-no-clip,4,1.0
799,BWA-std,4,0.1
799,NW-flex,4,1.0
799,BWA-no-clip,5,1.0
799,BWA-std,5,0.0
799,NW-flex,5,1.0
800,BWA-no-clip,-5,0.6
800,BWA-std,-5,0.1
800,NW-flex,-5,1.0
800,BWA-no-clip,-4,0.7
800,BWA-std,-4,0.2
800,NW-flex,-4,1.0
800,BWA-no-clip,-3,0.7
800,BWA-std,-3,0.4
800,NW-flex,-3,1.0
800,BWA-no-clip,-2,0.8
800,BWA-std,-2,0.6
800,NW-flex,-2,1.0
800,BWA-no-clip,-1,0.9
800,BWA-std,-1,0.7
800,NW-flex,-1,1.0
800,BWA-no-clip,0,1.0
800,BWA-std,0,1.0
800,NW-flex,0,1.0
800,BWA-no-clip,1,1.0
800,BWA-std,1,0.7
800,NW-flex,1,1.0
800,BWA-no-clip,2,1.0
800,BWA-std,2,0.5
800,NW-flex,2,1.0
800,BWA-no-clip,3,1.0
800,BWA-std,3,0.3
800,NW-flex,3,1.0
800,BWA-no-clip,4,1.0
800,BWA-std,4,0.1
800,NW-flex,4,1.0
800,BWA-no-clip,5,0.9
800,BWA-std,5,0.0
800,NW-flex,5,1.0
801,BWA-no-clip,-5,0.5
801,BWA-std,-5,0.1
801,NW-flex,-5,1.0
801,BWA-no-clip,-4,0.7
801,BWA-std,-4,0.2
801,NW-flex,-4,1.0
801,BWA-no-clip,-3,0.8
801,BWA-std,-3,0.4
801,NW-flex,-3,1.0
801,BWA-no-clip,-2,0.9
801,BWA-std,-2,0.6
801,NW-flex,-2,1.0
801,BWA-no-clip,-1,0.9
801,BWA-std,-1,0.7
801,NW-flex,-1,1.0
801,BWA-no-clip,0,1.0
801,BWA-std,0,1.0
801,NW-flex,0,1.0
801,BWA-no-clip,1,1.0
801,BWA-std,1,0.7
801,NW-flex,1,1.0
801,BWA-no-clip,2,0.9
801,BWA-std,2,0.5
801,NW-flex,2,1.0
801,BWA-no-clip,3,0.9
801,BWA-std,3,0.3
801,NW-flex,3,1.0
801,BWA-no-clip,4,0.9
801,BWA-std,4,0.1
801,NW-flex,4,1.0
801,BWA-no-clip,5,0.9
801,BWA-std,5,0.0
801,NW-flex,5,1.0
802,BWA-no-clip,-5,0.5
802,BWA-std,-5,0.1
802,NW-flex,-5,1.0
802,BWA-no-clip,-4,0.6
802,BWA-std,-4,0.2
802,NW-flex,-4,1.0
802,BWA-no-clip,-3,0.7
802,BWA-std,-3,0.4
802,NW-flex,-3,1.0
802,BWA-no-clip,-2,0.7
802,BWA-std,-2,0.6
802,NW-flex,-2,1.0
802,BWA-no-clip,-1,0.9
802,BWA-std,-1,0.7
802,NW-flex,-1,1.0
802,BWA-no-clip,0,1.0
802,BWA-std,0,1.0
802,NW-flex,0,1.0
802,BWA-no-clip,1,0.8
802,BWA-std,1,0.7
802,NW-flex,1,1.0
802,BWA-no-clip,2,0.8
802,BWA-std,2,0.5
802,NW-flex,2,1.0
802,BWA-no-clip,3,0.8
802,BWA-std,3,0.3
802,NW-flex,3,1.0
802,BWA-no-clip,4,0.8
802,BWA-std,4,0.1
802,NW-flex,4,1.0
802,BWA-no-clip,5,0.8
802,BWA-std,5,0.0
802,NW-flex,5,1.0
803,BWA-no-clip,-5,0.5
803,BWA-std,-5,0.1
803,NW-flex,-5,1.0
803,BWA-no-clip,-4,0.6
803,BWA-std,-4,0.2
803,NW-flex,-4,1.0
803,BWA-no-clip,-3,0.7
803,BWA-std,-3,0.4
803,NW-flex,-3,1.0
803,BWA-no-clip,-2,0.9
803,BWA-std,-2,0.6
803,NW-flex,-2,1.0
803,BWA-no-clip,-1,0.9
803,BWA-std,-1,0.7
803,NW-flex,-1,1.0
803,BWA-no-clip,0,1.0
803,BWA-std,0,1.0
803,NW-flex,0,1.0
803,BWA-no-clip,1,1.0
803,BWA-std,1,0.7
803,NW-flex,1,1.0
803,BWA-no-clip,2,1.0
803,BWA-std,2,0.5
803,NW-flex,2,1.0
803,BWA-no-clip,3,1.0
803,BWA-std,3,0.3
803,NW-flex,3,1.0
803,BWA-no-clip,4,1.0
803,BWA-std,4,0.1
803,NW-flex,4,1.0
803,BWA-no-clip,5,1.0
803,BWA-std,5,0.0
803,NW-flex,5,1.0
804,BWA-no-clip,-5,0.6
804,BWA-std,-5,0.1
804,NW-flex,-5,1.0
804,BWA-no-clip,-4,0.8
804,BWA-std,-4,0.2
804,NW-flex,-4,1.0
804,BWA-no-clip,-3,0.8
804,BWA-std,-3,0.4
804,NW-flex,-3,1.0
804,BWA-no-clip,-2,0.9
804,BWA-std,-2,0.6
804,NW-flex,-2,1.0
804,BWA-no-clip,-1,0.9
804,BWA-std,-1,0.7
804,NW-flex,-1,1.0
804,BWA-no-clip,0,1.0
804,BWA-std,0,1.0
804,NW-flex,0,1.0
804,BWA-no-clip,1,1.0
804,BWA-std,1,0.7
804,NW-flex,1,1.0
804,BWA-no-clip,2,1.0
804,BWA-std,2,0.5
804,NW-flex,2,1.0
804,BWA-no-clip,3,1.0
804,BWA-std,3,0.3
804,NW-flex,3,1.0
804,BWA-no-clip,4,1.0
804,BWA-std,4,0.1
804,NW-flex,4,1.0
804,BWA-no-clip,5,1.0
804,BWA-std,5,0.0
804,NW-flex,5,1.0
805,BWA-no-clip,-5,0.5
805,BWA-std,-5,0.1
805,NW-flex,-5,1.0
805,BWA-no-clip,-4,0.5
805,BWA-std,-4,0.2
805,NW-flex,-4,1.0
805,BWA-no-clip,-3,0.7
805,BWA-std,-3,0.4
805,NW-flex,-3,1.0
805,BWA-no-clip,-2,0.9
805,BWA-std,-2,0.6
805,NW-flex,-2,1.0
805,BWA-no-clip,-1,0.9
805,BWA-std,-1,0.7
805,NW-flex,-1,1.0
805,BWA-no-clip,0,1.0
805,BWA-std,0,1.0
805,NW-flex,0,1.0
805,BWA-no-clip,1,1.0
805,BWA-std,1,0.7
805,NW-flex,1,1.0
805,BWA-no-clip,2,1.0
805,BWA-std,2,0.5
805,NW-flex,2,1.0
805,BWA-no-clip,3,1.0
805,BWA-std,3,0.3
805,NW-flex,3,1.0
805,BWA-no-clip,4,1.0
805,BWA-std,4,0.1
805,NW-flex,4,1.0
805,BWA-no-clip,5,1.0
805,BWA-std,5,0.0
805,NW-flex,5,1.0
806,BWA-no-clip,-5,0.5
806,BWA-std,-5,0.1
806,NW-flex,-5,1.0
806,BWA-no-clip,-4,0.7
806,BWA-std,-4,0.2
806,NW-flex,-4,1.0
806,BWA-no-clip,-3,0.7
806,BWA-std,-3,0.4
806,NW-flex,-3,1.0
806,BWA-no-clip,-2,0.9
806,BWA-std,-2,0.6
806,NW-flex,-2,1.0
806,BWA-no-clip,-1,0.9
806,BWA-std,-1,0.7
806,NW-flex,-1,1.0
806,BWA-no-clip,0,1.0
806,BWA-std,0,1.0
806,NW-flex,0,1.0
806,BWA-no-clip,1,1.0
806,BWA-std,1,0.7
806,NW-flex,1,1.0
806,BWA-no-clip,2,1.0
806,BWA-std,2,0.5
806,NW-flex,2,1.0
806,BWA-no-clip,3,1.0
806,BWA-std,3,0.3
806,NW-flex,3,1.0
806,BWA-no-clip,4,1.0
806,BWA-std,4,0.1
806,NW-flex,4,1.0
806,BWA-no-clip,5,1.0
806,BWA-std,5,0.0
806,NW-flex,5,1.0
807,BWA-no-clip,-5,0.5
807,BWA-std,-5,0.1
807,NW-flex,-5,1.0
807,BWA-no-clip,-4,0.6
807,BWA-std,-4,0.2
807,NW-flex,-4,1.0
807,BWA-no-clip,-3,0.7
807,BWA-std,-3,0.4
807,NW-flex,-3,1.0
807,BWA-no-clip,-2,0.8
807,BWA-std,-2,0.5
807,NW-flex,-2,1.0
807,BWA-no-clip,-1,0.8
807,BWA-std,-1,0.7
807,NW-flex,-1,1.0
807,BWA-no-clip,0,1.0
807,BWA-std,0,1.0
807,NW-flex,0,1.0
807,BWA-no-clip,1,1.0
807,BWA-std,1,0.7
807,NW-flex,1,1.0
807,BWA-no-clip,2,1.0
807,BWA-std,2,0.5
807,NW-flex,2,1.0
807,BWA-no-clip,3,1.0
807,BWA-std,3,0.3
807,NW-flex,3,1.0
807,BWA-no-clip,4,1.0
807,BWA-std,4,0.1
807,NW-flex,4,1.0
807,BWA-no-clip,5,1.0
807,BWA-std,5,0.0
807,NW-flex,5,1.0
808,BWA-no-clip,-5,0.5
808,BWA-std,-5,0.1
808,NW-flex,-5,1.0
808,BWA-no-clip,-4,0.6
808,BWA-std,-4,0.2
808,NW-flex,-4,1.0
808,BWA-no-clip,-3,0.6
808,BWA-std,-3,0.3
808,NW-flex,-3,1.0
808,BWA-no-clip,-2,0.7
808,BWA-std,-2,0.5
808,NW-flex,-2,1.0
808,BWA-no-clip,-1,0.8
808,BWA-std,-1,0.7
808,NW-flex,-1,1.0
808,BWA-no-clip,0,1.0
808,BWA-std,0,1.0
808,NW-flex,0,1.0
808,BWA-no-clip,1,0.9
808,BWA-std,1,0.7
808,NW-flex,1,1.0
808,BWA-no-clip,2,0.9
808,BWA-std,2,0.5
808,NW-flex,2,1.0
808,BWA-no-clip,3,0.9
808,BWA-std,3,0.3
808,NW-flex,3,1.0
808,BWA-no-clip,4,0.9
808,BWA-std,4,0.1
808,NW-flex,4,1.0
808,BWA-no-clip,5,0.8
808,BWA-std,5,0.0
808,NW-flex,5,1.0
809,BWA-no-clip,-5,0.4
809,BWA-std,-5,0.1
809,NW-flex,-5,1.0
809,BWA-no-clip,-4,0.6
809,BWA-std,-4,0.2
809,NW-flex,-4,1.0
809,BWA-no-clip,-3,0.6
809,BWA-std,-3,0.4
809,NW-flex,-3,1.0
809,BWA-no-clip,-2,0.8
809,BWA-std,-2,0.5
809,NW-flex,-2,1.0
809,BWA-no-clip,-1,0.4
809,BWA-std,-1,0.4
809,NW-flex,-1,1.0
809,BWA-no-clip,0,1.0
809,BWA-std,0,1.0
809,NW-flex,0,1.0
809,BWA-no-clip,1,0.6
809,BWA-std,1,0.6
809,NW-flex,1,1.0
809,BWA-no-clip,2,0.8
809,BWA-std,2,0.5
809,NW-flex,2,1.0
809,BWA-no-clip,3,1.0
809,BWA-std,3,0.3
809,NW-flex,3,1.0
809,BWA-no-clip,4,1.0
809,BWA-std,4,0.1
809,NW-flex,4,1.0
809,BWA-no-clip,5,1.0
809,BWA-std,5,0.0
809,NW-flex,5,1.0
810,BWA-no-clip,-5,0.6
810,BWA-std,-5,0.1
810,NW-flex,-5,1.0
810,BWA-no-clip,-4,0.6
810,BWA-std,-4,0.2
810,NW-flex,-4,1.0
810,BWA-no-clip,-3,0.7
810,BWA-std,-3,0.4
810,NW-flex,-3,1.0
810,BWA-no-clip,-2,0.8
810,BWA-std,-2,0.5
810,NW-flex,-2,1.0
810,BWA-no-clip,-1,0.8
810,BWA-std,-1,0.7
810,NW-flex,-1,1.0
810,BWA-no-clip,0,1.0
810,BWA-std,0,1.0
810,NW-flex,0,1.0
810,BWA-no-clip,1,1.0
810,BWA-std,1,0.7
810,NW-flex,1,1.0
810,BWA-no-clip,2,1.0
810,BWA-std,2,0.5
810,NW-flex,2,1.0
810,BWA-no-clip,3,1.0
810,BWA-std,3,0.3
810,NW-flex,3,1.0
810,BWA-no-clip,4,1.0
810,BWA-std,4,0.1
810,NW-flex,4,1.0
810,BWA-no-clip,5,1.0
810,BWA-std,5,0.0
810,NW-flex,5,1.0
811,BWA-no-clip,-5,0.5
811,BWA-std,-5,0.1
811,NW-flex,-5,1.0
811,BWA-no-clip,-4,0.7
811,BWA-std,-4,0.2
811,NW-flex,-4,1.0
811,BWA-no-clip,-3,0.7
811,BWA-std,-3,0.4
811,NW-flex,-3,1.0
811,BWA-no-clip,-2,0.8
811,BWA-std,-2,0.6
811,NW-flex,-2,1.0
811,BWA-no-clip,-1,0.9
811,BWA-std,-1,0.7
811,NW-flex,-1,1.0
811,BWA-no-clip,0,1.0
811,BWA-std,0,1.0
811,NW-flex,0,1.0
811,BWA-no-clip,1,1.0
811,BWA-std,1,0.7
811,NW-flex,1,1.0
811,BWA-no-clip,2,1.0
811,BWA-std,2,0.5
811,NW-flex,2,1.0
811,BWA-no-clip,3,1.0
811,BWA-std,3,0.3
811,NW-flex,3,1.0
811,BWA-no-clip,4,1.0
811,BWA-std,4,0.1
811,NW-flex,4,1.0
811,BWA-no-clip,5,1.0
811,BWA-std,5,0.0
811,NW-flex,5,1.0
812,BWA-no-clip,-5,0.5
812,BWA-std,-5,0.1
812,NW-flex,-5,1.0
812,BWA-no-clip,-4,0.7
812,BWA-std,-4,0.2
812,NW-flex,-4,1.0
812,BWA-no-clip,-3,0.7
812,BWA-std,-3,0.4
812,NW-flex,-3,1.0
812,BWA-no-clip,-2,0.8
812,BWA-std,-2,0.6
812,NW-flex,-2,1.0
812,BWA-no-clip,-1,0.9
812,BWA-std,-1,0.7
812,NW-flex,-1,1.0
812,BWA-no-clip,0,1.0
812,BWA-std,0,1.0
812,NW-flex,0,1.0
812,BWA-no-clip,1,1.0
812,BWA-std,1,0.7
812,NW-flex,1,1.0
812,BWA-no-clip,2,1.0
812,BWA-std,2,0.5
812,NW-flex,2,1.0
812,BWA-no-clip,3,1.0
812,BWA-std,3,0.3
812,NW-flex,3,1.0
812,BWA-no-clip,4,0.7
812,BWA-std,4,0.1
812,NW-flex,4,1.0
812,BWA-no-clip,5,0.7
812,BWA-std,5,0.0
812,NW-flex,5,1.0
813,BWA-no-clip,-5,0.6
813,BWA-std,-5,0.1
813,NW-flex,-5,1.0
813,BWA-no-clip,-4,0.7
813,BWA-std,-4,0.2
813,NW-flex,-4,1.0
813,BWA-no-clip,-3,0.7
813,BWA-std,-3,0.4
813,NW-flex,-3,1.0
813,BWA-no-clip,-2,0.8
813,BWA-std,-2,0.5
813,NW-flex,-2,1.0
813,BWA-no-clip,-1,0.8
813,BWA-std,-1,0.7
813,NW-flex,-1,1.0
813,BWA-no-clip,0,1.0
813,BWA-std,0,1.0
813,NW-flex,0,1.0
813,BWA-no-clip,1,1.0
813,BWA-std,1,0.7
813,NW-flex,1,1.0
813,BWA-no-clip,2,0.8
813,BWA-std,2,0.5
813,NW-flex,2,1.0
813,BWA-no-clip,3,0.8
813,BWA-std,3,0.3
813,NW-flex,3,1.0
813,BWA-no-clip,4,0.8
813,BWA-std,4,0.1
813,NW-flex,4,1.0
813,BWA-no-clip,5,0.8
813,BWA-std,5,0.0
813,NW-flex,5,1.0
814,BWA-no-clip,-5,0.6
814,BWA-std,-5,0.1
814,NW-flex,-5,1.0
814,BWA-no-clip,-4,0.7
814,BWA-std,-4,0.2
814,NW-flex,-4,1.0
814,BWA-no-clip,-3,0.7
814,BWA-std,-3,0.4
814,NW-flex,-3,1.0
814,BWA-no-clip,-2,0.9
814,BWA-std,-2,0.6
814,NW-flex,-2,1.0
814,BWA-no-clip,-1,0.9
814,BWA-std,-1,0.7
814,NW-flex,-1,1.0
814,BWA-no-clip,0,1.0
814,BWA-std,0,1.0
814,NW-flex,0,1.0
814,BWA-no-clip,1,1.0
814,BWA-std,1,0.7
814,NW-flex,1,1.0
814,BWA-no-clip,2,1.0
814,BWA-std,2,0.5
814,NW-flex,2,1.0
814,BWA-no-clip,3,1.0
814,BWA-std,3,0.3
814,NW-flex,3,1.0
814,BWA-no-clip,4,1.0
814,BWA-std,4,0.1
814,NW-flex,4,1.0
814,BWA-no-clip,5,1.0
814,BWA-std,5,0.0
814,NW-flex,5,1.0
815,BWA-no-clip,-5,0.5
815,BWA-std,-5,0.1
815,NW-flex,-5,1.0
815,BWA-no-clip,-4,0.5
815,BWA-std,-4,0.2
815,NW-flex,-4,1.0
815,BWA-no-clip,-3,0.7
815,BWA-std,-3,0.4
815,NW-flex,-3,1.0
815,BWA-no-clip,-2,0.8
815,BWA-std,-2,0.5
815,NW-flex,-2,1.0
815,BWA-no-clip,-1,0.8
815,BWA-std,-1,0.7
815,NW-flex,-1,1.0
815,BWA-no-clip,0,1.0
815,BWA-std,0,1.0
815,NW-flex,0,1.0
815,BWA-no-clip,1,1.0
815,BWA-std,1,0.7
815,NW-flex,1,1.0
815,BWA-no-clip,2,0.9
815,BWA-std,2,0.5
815,NW-flex,2,1.0
815,BWA-no-clip,3,1.0
815,BWA-std,3,0.3
815,NW-flex,3,1.0
815,BWA-no-clip,4,1.0
815,BWA-std,4,0.1
815,NW-flex,4,1.0
815,BWA-no-clip,5,1.0
815,BWA-std,5,0.0
815,NW-flex,5,1.0
816,BWA-no-clip,-5,0.7
816,BWA-std,-5,0.1
816,NW-flex,-5,1.0
816,BWA-no-clip,-4,0.8
816,BWA-std,-4,0.2
816,NW-flex,-4,1.0
816,BWA-no-clip,-3,0.8
816,BWA-std,-3,0.4
816,NW-flex,-3,1.0
816,BWA-no-clip,-2,0.9
816,BWA-std,-2,0.6
816,NW-flex,-2,1.0
816,BWA-no-clip,-1,0.9
816,BWA-std,-1,0.7
816,NW-flex,-1,1.0
816,BWA-no-clip,0,1.0
816,BWA-std,0,1.0
816,NW-flex,0,1.0
816,BWA-no-clip,1,1.0
816,BWA-std,1,0.7
816,NW-flex,1,1.0
816,BWA-no-clip,2,1.0
816,BWA-std,2,0.5
816,NW-flex,2,1.0
816,BWA-no-clip,3,1.0
816,BWA-std,3,0.3
816,NW-flex,3,1.0
816,BWA-no-clip,4,1.0
816,BWA-std,4,0.1
816,NW-flex,4,1.0
816,BWA-no-clip,5,1.0
816,BWA-std,5,0.0
816,NW-flex,5,1.0
817,BWA-no-clip,-5,0.6
817,BWA-std,-5,0.1
817,NW-flex,-5,1.0
817,BWA-no-clip,-4,0.7
817,BWA-std,-4,0.2
817,NW-flex,-4,1.0
817,BWA-no-clip,-3,0.7
817,BWA-std,-3,0.4
817,NW-flex,-3,1.0
817,BWA-no-clip,-2,0.7333333333333333
817,BWA-std,-2,0.5
817,NW-flex,-2,1.0
817,BWA-no-clip,-1,0.7
817,BWA-std,-1,0.7
817,NW-flex,-1,1.0
817,BWA-no-clip,0,1.0
817,BWA-std,0,1.0
817,NW-flex,0,1.0
817,BWA-no-clip,1,0.8
817,BWA-std,1,0.7
817,NW-flex,1,1.0
817,BWA-no-clip,2,0.8
817,BWA-std,2,0.5
817,NW-flex,2,1.0
817,BWA-no-clip,3,0.8
817,BWA-std,3,0.3
817,NW-flex,3,1.0
817,BWA-no-clip,4,0.8
817,BWA-std,4,0.1
817,NW-flex,4,1.0
817,BWA-no-clip,5,0.8
817,BWA-std,5,0.0
817,NW-flex,5,1.0
818,BWA-no-clip,-5,0.4
818,BWA-std,-5,0.1
818,NW-flex,-5,1.0
818,BWA-no-clip,-4,0.5
818,BWA-std,-4,0.2
818,NW-flex,-4,1.0
818,BWA-no-clip,-3,0.5
818,BWA-std,-3,0.4
818,NW-flex,-3,1.0
818,BWA-no-clip,-2,0.8
818,BWA-std,-2,0.5
818,NW-flex,-2,1.0
818,BWA-no-clip,-1,0.6
818,BWA-std,-1,0.6
818,NW-flex,-1,1.0
818,BWA-no-clip,0,1.0
818,BWA-std,0,1.0
818,NW-flex,0,1.0
818,BWA-no-clip,1,0.8
818,BWA-std,1,0.7
818,NW-flex,1,1.0
818,BWA-no-clip,2,1.0
818,BWA-std,2,0.5
818,NW-flex,2,1.0
818,BWA-no-clip,3,1.0
818,BWA-std,3,0.3
818,NW-flex,3,1.0
818,BWA-no-clip,4,1.0
818,BWA-std,4,0.1
818,NW-flex,4,1.0
818,BWA-no-clip,5,1.0
818,BWA-std,5,0.0
818,NW-flex,5,1.0
819,BWA-no-clip,-5,0.6
819,BWA-std,-5,0.1
819,NW-flex,-5,1.0
819,BWA-no-clip,-4,0.7
819,BWA-std,-4,0.2
819,NW-flex,-4,1.0
819,BWA-no-clip,-3,0.8
819,BWA-std,-3,0.4
819,NW-flex,-3,1.0
819,BWA-no-clip,-2,0.8
819,BWA-std,-2,0.6
819,NW-flex,-2,1.0
819,BWA-no-clip,-1,0.9
819,BWA-std,-1,0.7
819,NW-flex,-1,1.0
819,BWA-no-clip,0,1.0
819,BWA-std,0,1.0
819,NW-flex,0,1.0
819,BWA-no-clip,1,1.0
819,BWA-std,1,0.7
819,NW-flex,1,1.0
819,BWA-no-clip,2,1.0
819,BWA-std,2,0.5
819,NW-flex,2,1.0
819,BWA-no-clip,3,1.0
819,BWA-std,3,0.3
819,NW-flex,3,1.0
819,BWA-no-clip,4,1.0
819,BWA-std,4,0.1
819,NW-flex,4,1.0
819,BWA-no-clip,5,1.0
819,BWA-std,5,0.0
819,NW-flex,5,1.0
820,BWA-no-clip,-5,0.4
820,BWA-std,-5,0.1
820,NW-flex,-5,1.0
820,BWA-no-clip,-4,0.5
820,BWA-std,-4,0.2
820,NW-flex,-4,1.0
820,BWA-no-clip,-3,0.5
820,BWA-std,-3,0.3
820,NW-flex,-3,1.0
820,BWA-no-clip,-2,0.7
820,BWA-std,-2,0.5
820,NW-flex,-2,1.0
820,BWA-no-clip,-1,0.8
820,BWA-std,-1,0.7
820,NW-flex,-1,1.0
820,BWA-no-clip,0,1.0
820,BWA-std,0,1.0
820,NW-flex,0,1.0
820,BWA-no-clip,1,1.0
820,BWA-std,1,0.7
820,NW-flex,1,1.0
820,BWA-no-clip,2,1.0
820,BWA-std,2,0.5
820,NW-flex,2,1.0
820,BWA-no-clip,3,0.8
820,BWA-std,3,0.3
820,NW-flex,3,1.0
820,BWA-no-clip,4,1.0
820,BWA-std,4,0.1
820,NW-flex,4,1.0
820,BWA-no-clip,5,1.0
820,BWA-std,5,0.0
820,NW-flex,5,1.0
821,BWA-no-clip,-5,0.4
821,BWA-std,-5,0.1
821,NW-flex,-5,1.0
821,BWA-no-clip,-4,0.5
821,BWA-std,-4,0.2
821,NW-flex,-4,1.0
821,BWA-no-clip,-3,0.6
821,BWA-std,-3,0.3
821,NW-flex,-3,1.0
821,BWA-no-clip,-2,0.7
821,BWA-std,-2,0.5
821,NW-flex,-2,1.0
821,BWA-no-clip,-1,0.8
821,BWA-std,-1,0.7
821,NW-flex,-1,1.0
821,BWA-no-clip,0,1.0
821,BWA-std,0,1.0
821,NW-flex,0,1.0
821,BWA-no-clip,1,1.0
821,BWA-std,1,0.7
821,NW-flex,1,1.0
821,BWA-no-clip,2,0.8
821,BWA-std,2,0.5
821,NW-flex,2,1.0
821,BWA-no-clip,3,0.8
821,BWA-std,3,0.3
821,NW-flex,3,1.0
821,BWA-no-clip,4,0.8
821,BWA-std,4,0.1
821,NW-flex,4,1.0
821,BWA-no-clip,5,0.8
821,BWA-std,5,0.0
821,NW-flex,5,1.0
822,BWA-no-clip,-5,0.5
822,BWA-std,-5,0.1
822,NW-flex,-5,1.0
822,BWA-no-clip,-4,0.5
822,BWA-std,-4,0.2
822,NW-flex,-4,1.0
822,BWA-no-clip,-3,0.8
822,BWA-std,-3,0.4
822,NW-flex,-3,1.0
822,BWA-no-clip,-2,0.9
822,BWA-std,-2,0.6
822,NW-flex,-2,1.0
822,BWA-no-clip,-1,0.9
822,BWA-std,-1,0.7
822,NW-flex,-1,1.0
822,BWA-no-clip,0,1.0
822,BWA-std,0,1.0
822,NW-flex,0,1.0
822,BWA-no-clip,1,1.0
822,BWA-std,1,0.7
822,NW-flex,1,1.0
822,BWA-no-clip,2,0.9
822,BWA-std,2,0.5
822,NW-flex,2,1.0
822,BWA-no-clip,3,0.9
822,BWA-std,3,0.3
822,NW-flex,3,1.0
822,BWA-no-clip,4,0.9
822,BWA-std,4,0.1
822,NW-flex,4,1.0
822,BWA-no-clip,5,0.9
822,BWA-std,5,0.0
822,NW-flex,5,1.0
823,BWA-no-clip,-5,0.6
823,BWA-std,-5,0.1
823,NW-flex,-5,1.0
823,BWA-no-clip,-4,0.7
823,BWA-std,-4,0.2
823,NW-flex,-4,1.0
823,BWA-no-clip,-3,0.7
823,BWA-std,-3,0.4
823,NW-flex,-3,1.0
823,BWA-no-clip,-2,0.9
823,BWA-std,-2,0.6
823,NW-flex,-2,1.0
823,BWA-no-clip,-1,0.9
823,BWA-std,-1,0.7
823,NW-flex,-1,1.0
823,BWA-no-clip,0,1.0
823,BWA-std,0,1.0
823,NW-flex,0,1.0
823,BWA-no-clip,1,1.0
823,BWA-std,1,0.7
823,NW-flex,1,1.0
823,BWA-no-clip,2,1.0
823,BWA-std,2,0.5
823,NW-flex,2,1.0
823,BWA-no-clip,3,1.0
823,BWA-std,3,0.3
823,NW-flex,3,1.0
823,BWA-no-clip,4,1.0
823,BWA-std,4,0.1
823,NW-flex,4,1.0
823,BWA-no-clip,5,1.0
823,BWA-std,5,0.0
823,NW-flex,5,1.0
824,BWA-no-clip,-5,0.5
824,BWA-std,-5,0.1
824,NW-flex,-5,1.0
824,BWA-no-clip,-4,0.6
824,BWA-std,-4,0.2
824,NW-flex,-4,1.0
824,BWA-no-clip,-3,0.6
824,BWA-std,-3,0.4
824,NW-flex,-3,1.0
824,BWA-no-clip,-2,0.6666666666666666
824,BWA-std,-2,0.5
824,NW-flex,-2,1.0
824,BWA-no-clip,-1,0.6
824,BWA-std,-1,0.6
824,NW-flex,-1,1.0
824,BWA-no-clip,0,1.0
824,BWA-std,0,1.0
824,NW-flex,0,1.0
824,BWA-no-clip,1,0.7
824,BWA-std,1,0.7
824,NW-flex,1,1.0
824,BWA-no-clip,2,0.7
824,BWA-std,2,0.5
824,NW-flex,2,1.0
824,BWA-no-clip,3,0.7
824,BWA-std,3,0.3
824,NW-flex,3,1.0
824,BWA-no-clip,4,0.7
824,BWA-std,4,0.1
824,NW-flex,4,1.0
824,BWA-no-clip,5,0.7
824,BWA-std,5,0.0
824,NW-flex,5,1.0
825,BWA-no-clip,-5,0.4
825,BWA-std,-5,0.1
825,NW-flex,-5,1.0
825,BWA-no-clip,-4,0.5
825,BWA-std,-4,0.2
825,NW-flex,-4,1.0
825,BWA-no-clip,-3,0.6
825,BWA-std,-3,0.3
825,NW-flex,-3,1.0
825,BWA-no-clip,-2,0.7
825,BWA-std,-2,0.5
825,NW-flex,-2,1.0
825,BWA-no-clip,-1,0.8
825,BWA-std,-1,0.7
825,NW-flex,-1,1.0
825,BWA-no-clip,0,1.0
825,BWA-std,0,1.0
825,NW-flex,0,1.0
825,BWA-no-clip,1,0.9
825,BWA-std,1,0.7
825,NW-flex,1,1.0
825,BWA-no-clip,2,0.7
825,BWA-std,2,0.5
825,NW-flex,2,1.0
825,BWA-no-clip,3,0.7
825,BWA-std,3,0.3
825,NW-flex,3,1.0
825,BWA-no-clip,4,0.7
825,BWA-std,4,0.1
825,NW-flex,4,1.0
825,BWA-no-clip,5,0.7
825,BWA-std,5,0.0
825,NW-flex,5,1.0
826,BWA-no-clip,-5,0.7
826,BWA-std,-5,0.1
826,NW-flex,-5,1.0
826,BWA-no-clip,-4,0.8
826,BWA-std,-4,0.2
826,NW-flex,-4,1.0
826,BWA-no-clip,-3,0.8
826,BWA-std,-3,0.4
826,NW-flex,-3,1.0
826,BWA-no-clip,-2,0.9
826,BWA-std,-2,0.6
826,NW-flex,-2,1.0
826,BWA-no-clip,-1,0.9
826,BWA-std,-1,0.7
826,NW-flex,-1,1.0
826,BWA-no-clip,0,1.0
826,BWA-std,0,1.0
826,NW-flex,0,1.0
826,BWA-no-clip,1,1.0
826,BWA-std,1,0.7
826,NW-flex,1,1.0
826,BWA-no-clip,2,1.0
826,BWA-std,2,0.5
826,NW-flex,2,1.0
826,BWA-no-clip,3,1.0
826,BWA-std,3,0.3
826,NW-flex,3,1.0
826,BWA-no-clip,4,1.0
826,BWA-std,4,0.1
826,NW-flex,4,1.0
826,BWA-no-clip,5,1.0
826,BWA-std,5,0.0
826,NW-flex,5,1.0
827,BWA-no-clip,-5,0.3
827,BWA-std,-5,0.1
827,NW-flex,-5,1.0
827,BWA-no-clip,-4,0.6
827,BWA-std,-4,0.2
827,NW-flex,-4,1.0
827,BWA-no-clip,-3,0.6
827,BWA-std,-3,0.4
827,NW-flex,-3,1.0
827,BWA-no-clip,-2,0.8
827,BWA-std,-2,0.5
827,NW-flex,-2,1.0
827,BWA-no-clip,-1,0.8
827,BWA-std,-1,0.7
827,NW-flex,-1,1.0
827,BWA-no-clip,0,1.0
827,BWA-std,0,1.0
827,NW-flex,0,1.0
827,BWA-no-clip,1,0.9
827,BWA-std,1,0.7
827,NW-flex,1,1.0
827,BWA-no-clip,2,0.8
827,BWA-std,2,0.5
827,NW-flex,2,1.0
827,BWA-no-clip,3,0.9
827,BWA-std,3,0.3
827,NW-flex,3,1.0
827,BWA-no-clip,4,0.9
827,BWA-std,4,0.1
827,NW-flex,4,1.0
827,BWA-no-clip,5,0.9
827,BWA-std,5,0.0
827,NW-flex,5,1.0
828,BWA-no-clip,-5,0.4
828,BWA-std,-5,0.1
828,NW-flex,-5,1.0
828,BWA-no-clip,-4,0.6
828,BWA-std,-4,0.2
828,NW-flex,-4,1.0
828,BWA-no-clip,-3,0.7
828,BWA-std,-3,0.4
828,NW-flex,-3,1.0
828,BWA-no-clip,-2,0.8
828,BWA-std,-2,0.5
828,NW-flex,-2,1.0
828,BWA-no-clip,-1,0.8
828,BWA-std,-1,0.7
828,NW-flex,-1,1.0
828,BWA-no-clip,0,1.0
828,BWA-std,0,1.0
828,NW-flex,0,1.0
828,BWA-no-clip,1,1.0
828,BWA-std,1,0.7
828,NW-flex,1,1.0
828,BWA-no-clip,2,1.0
828,BWA-std,2,0.5
828,NW-flex,2,1.0
828,BWA-no-clip,3,1.0
828,BWA-std,3,0.3
828,NW-flex,3,1.0
828,BWA-no-clip,4,1.0
828,BWA-std,4,0.1
828,NW-flex,4,1.0
828,BWA-no-clip,5,1.0
828,BWA-std,5,0.0
828,NW-flex,5,1.0
829,BWA-no-clip,-5,0.2
829,BWA-std,-5,0.1
829,NW-flex,-5,1.0
829,BWA-no-clip,-4,0.6
829,BWA-std,-4,0.2
829,NW-flex,-4,1.0
829,BWA-no-clip,-3,0.6
829,BWA-std,-3,0.4
829,NW-flex,-3,1.0
829,BWA-no-clip,-2,0.6666666666666666
829,BWA-std,-2,0.5
829,NW-flex,-2,1.0
829,BWA-no-clip,-1,0.6
829,BWA-std,-1,0.6
829,NW-flex,-1,1.0
829,BWA-no-clip,0,1.0
829,BWA-std,0,1.0
829,NW-flex,0,1.0
829,BWA-no-clip,1,0.7
829,BWA-std,1,0.7
829,NW-flex,1,1.0
829,BWA-no-clip,2,0.7
829,BWA-std,2,0.5
829,NW-flex,2,1.0
829,BWA-no-clip,3,0.7
829,BWA-std,3,0.3
829,NW-flex,3,1.0
829,BWA-no-clip,4,0.7
829,BWA-std,4,0.1
829,NW-flex,4,1.0
829,BWA-no-clip,5,0.7
829,BWA-std,5,0.0
829,NW-flex,5,1.0
830,BWA-no-clip,-5,0.6
830,BWA-std,-5,0.1
830,NW-flex,-5,1.0
830,BWA-no-clip,-4,0.8
830,BWA-std,-4,0.2
830,NW-flex,-4,1.0
830,BWA-no-clip,-3,0.8
830,BWA-std,-3,0.4
830,NW-flex,-3,1.0
830,BWA-no-clip,-2,0.9
830,BWA-std,-2,0.6
830,NW-flex,-2,1.0
830,BWA-no-clip,-1,0.9
830,BWA-std,-1,0.7
830,NW-flex,-1,1.0
830,BWA-no-clip,0,1.0
830,BWA-std,0,1.0
830,NW-flex,0,1.0
830,BWA-no-clip,1,1.0
830,BWA-std,1,0.7
830,NW-flex,1,1.0
830,BWA-no-clip,2,1.0
830,BWA-std,2,0.5
830,NW-flex,2,1.0
830,BWA-no-clip,3,1.0
830,BWA-std,3,0.3
830,NW-flex,3,1.0
830,BWA-no-clip,4,1.0
830,BWA-std,4,0.1
830,NW-flex,4,1.0
830,BWA-no-clip,5,1.0
830,BWA-std,5,0.0
830,NW-flex,5,1.0
831,BWA-no-clip,-5,0.4
831,BWA-std,-5,0.1
831,NW-flex,-5,1.0
831,BWA-no-clip,-4,0.5
831,BWA-std,-4,0.2
831,NW-flex,-4,1.0
831,BWA-no-clip,-3,0.5
831,BWA-std,-3,0.3
831,NW-flex,-3,1.0
831,BWA-no-clip,-2,0.7
831,BWA-std,-2,0.5
831,NW-flex,-2,1.0
831,BWA-no-clip,-1,0.8
831,BWA-std,-1,0.7
831,NW-flex,-1,1.0
831,BWA-no-clip,0,1.0
831,BWA-std,0,1.0
831,NW-flex,0,1.0
831,BWA-no-clip,1,0.9
831,BWA-std,1,0.7
831,NW-flex,1,1.0
831,BWA-no-clip,2,0.9
831,BWA-std,2,0.5
831,NW-flex,2,1.0
831,BWA-no-clip,3,0.9
831,BWA-std,3,0.3
831,NW-flex,3,1.0
831,BWA-no-clip,4,0.9
831,BWA-std,4,0.1
831,NW-flex,4,1.0
831,BWA-no-clip,5,0.9
831,BWA-std,5,0.0
831,NW-flex,5,1.0
832,BWA-no-clip,-5,0.6
832,BWA-std,-5,0.1
832,NW-flex,-5,1.0
832,BWA-no-clip,-4,0.7
832,BWA-std,-4,0.2
832,NW-flex,-4,1.0
832,BWA-no-clip,-3,0.8
832,BWA-std,-3,0.4
832,NW-flex,-3,1.0
832,BWA-no-clip,-2,0.9
832,BWA-std,-2,0.6
832,NW-flex,-2,1.0
832,BWA-no-clip,-1,0.9
832,BWA-std,-1,0.7
832,NW-flex,-1,1.0
832,BWA-no-clip,0,1.0
832,BWA-std,0,1.0
832,NW-flex,0,1.0
832,BWA-no-clip,1,1.0
832,BWA-std,1,0.7
832,NW-flex,1,1.0
832,BWA-no-clip,2,1.0
832,BWA-std,2,0.5
832,NW-flex,2,1.0
832,BWA-no-clip,3,1.0
832,BWA-std,3,0.3
832,NW-flex,3,1.0
832,BWA-no-clip,4,1.0
832,BWA-std,4,0.1
832,NW-flex,4,1.0
832,BWA-no-clip,5,1.0
832,BWA-std,5,0.0
832,NW-flex,5,1.0
833,BWA-no-clip,-5,0.6
833,BWA-std,-5,0.1
833,NW-flex,-5,1.0
833,BWA-no-clip,-4,0.7
833,BWA-std,-4,0.2
833,NW-flex,-4,1.0
833,BWA-no-clip,-3,0.8
833,BWA-std,-3,0.4
833,NW-flex,-3,1.0
833,BWA-no-clip,-2,0.8
833,BWA-std,-2,0.6
833,NW-flex,-2,1.0
833,BWA-no-clip,-1,0.9
833,BWA-std,-1,0.7
833,NW-flex,-1,1.0
833,BWA-no-clip,0,1.0
833,BWA-std,0,1.0
833,NW-flex,0,1.0
833,BWA-no-clip,1,1.0
833,BWA-std,1,0.7
833,NW-flex,1,1.0
833,BWA-no-clip,2,1.0
833,BWA-std,2,0.5
833,NW-flex,2,1.0
833,BWA-no-clip,3,1.0
833,BWA-std,3,0.3
833,NW-flex,3,1.0
833,BWA-no-clip,4,1.0
833,BWA-std,4,0.1
833,NW-flex,4,1.0
833,BWA-no-clip,5,1.0
833,BWA-std,5,0.0
833,NW-flex,5,1.0
834,BWA-no-clip,-5,0.5
834,BWA-std,-5,0.1
834,NW-flex,-5,1.0
834,BWA-no-clip,-4,0.6
834,BWA-std,-4,0.2
834,NW-flex,-4,1.0
834,BWA-no-clip,-3,0.8
834,BWA-std,-3,0.4
834,NW-flex,-3,1.0
834,BWA-no-clip,-2,0.9
834,BWA-std,-2,0.6
834,NW-flex,-2,1.0
834,BWA-no-clip,-1,0.9
834,BWA-std,-1,0.7
834,NW-flex,-1,1.0
834,BWA-no-clip,0,1.0
834,BWA-std,0,1.0
834,NW-flex,0,1.0
834,BWA-no-clip,1,1.0
834,BWA-std,1,0.7
834,NW-flex,1,1.0
834,BWA-no-clip,2,1.0
834,BWA-std,2,0.5
834,NW-flex,2,1.0
834,BWA-no-clip,3,1.0
834,BWA-std,3,0.3
834,NW-flex,3,1.0
834,BWA-no-clip,4,1.0
834,BWA-std,4,0.1
834,NW-flex,4,1.0
834,BWA-no-clip,5,1.0
834,BWA-std,5,0.0
834,NW-flex,5,1.0
835,BWA-no-clip,-5,0.6
835,BWA-std,-5,0.1
835,NW-flex,-5,1.0
835,BWA-no-clip,-4,0.8
835,BWA-std,-4,0.2
835,NW-flex,-4,1.0
835,BWA-no-clip,-3,0.8
835,BWA-std,-3,0.4
835,NW-flex,-3,1.0
835,BWA-no-clip,-2,0.9
835,BWA-std,-2,0.6
835,NW-flex,-2,1.0
835,BWA-no-clip,-1,0.9
835,BWA-std,-1,0.7
835,NW-flex,-1,1.0
835,BWA-no-clip,0,1.0
835,BWA-std,0,1.0
835,NW-flex,0,1.0
835,BWA-no-clip,1,1.0
835,BWA-std,1,0.7
835,NW-flex,1,1.0
835,BWA-no-clip,2,1.0
835,BWA-std,2,0.5
835,NW-flex,2,1.0
835,BWA-no-clip,3,1.0
835,BWA-std,3,0.3
835,NW-flex,3,1.0
835,BWA-no-clip,4,1.0
835,BWA-std,4,0.1
835,NW-flex,4,1.0
835,BWA-no-clip,5,1.0
835,BWA-std,5,0.0
835,NW-flex,5,1.0
836,BWA-no-clip,-5,0.5
836,BWA-std,-5,0.1
836,NW-flex,-5,1.0
836,BWA-no-clip,-4,0.7
836,BWA-std,-4,0.2
836,NW-flex,-4,1.0
836,BWA-no-clip,-3,0.8
836,BWA-std,-3,0.4
836,NW-flex,-3,1.0
836,BWA-no-clip,-2,0.9
836,BWA-std,-2,0.6
836,NW-flex,-2,1.0
836,BWA-no-clip,-1,0.9
836,BWA-std,-1,0.7
836,NW-flex,-1,1.0
836,BWA-no-clip,0,1.0
836,BWA-std,0,1.0
836,NW-flex,0,1.0
836,BWA-no-clip,1,1.0
836,BWA-std,1,0.7
836,NW-flex,1,1.0
836,BWA-no-clip,2,1.0
836,BWA-std,2,0.5
836,NW-flex,2,1.0
836,BWA-no-clip,3,1.0
836,BWA-std,3,0.3
836,NW-flex,3,1.0
836,BWA-no-clip,4,1.0
836,BWA-std,4,0.1
836,NW-flex,4,1.0
836,BWA-no-clip,5,1.0
836,BWA-std,5,0.0
836,NW-flex,5,1.0
837,BWA-no-clip,-5,0.6
837,BWA-std,-5,0.1
837,NW-flex,-5,1.0
837,BWA-no-clip,-4,0.6
837,BWA-std,-4,0.2
837,NW-flex,-4,1.0
837,BWA-no-clip,-3,0.8
837,BWA-std,-3,0.4
837,NW-flex,-3,1.0
837,BWA-no-clip,-2,0.9
837,BWA-std,-2,0.6
837,NW-flex,-2,1.0
837,BWA-no-clip,-1,0.9
837,BWA-std,-1,0.7
837,NW-flex,-1,1.0
837,BWA-no-clip,0,1.0
837,BWA-std,0,1.0
837,NW-flex,0,1.0
837,BWA-no-clip,1,1.0
837,BWA-std,1,0.7
837,NW-flex,1,1.0
837,BWA-no-clip,2,1.0
837,BWA-std,2,0.5
837,NW-flex,2,1.0
837,BWA-no-clip,3,1.0
837,BWA-std,3,0.3
837,NW-flex,3,1.0
837,BWA-no-clip,4,1.0
837,BWA-std,4,0.1
837,NW-flex,4,1.0
837,BWA-no-clip,5,1.0
837,BWA-std,5,0.0
837,NW-flex,5,1.0
838,BWA-no-clip,-5,0.6
838,BWA-std,-5,0.1
838,NW-flex,-5,1.0
838,BWA-no-clip,-4,0.7
838,BWA-std,-4,0.2
838,NW-flex,-4,1.0
838,BWA-no-clip,-3,0.8
838,BWA-std,-3,0.4
838,NW-flex,-3,1.0
838,BWA-no-clip,-2,0.8
838,BWA-std,-2,0.6
838,NW-flex,-2,1.0
838,BWA-no-clip,-1,0.9
838,BWA-std,-1,0.7
838,NW-flex,-1,1.0
838,BWA-no-clip,0,1.0
838,BWA-std,0,1.0
838,NW-flex,0,1.0
838,BWA-no-clip,1,1.0
838,BWA-std,1,0.7
838,NW-flex,1,1.0
838,BWA-no-clip,2,1.0
838,BWA-std,2,0.5
838,NW-flex,2,1.0
838,BWA-no-clip,3,1.0
838,BWA-std,3,0.3
838,NW-flex,3,1.0
838,BWA-no-clip,4,1.0
838,BWA-std,4,0.1
838,NW-flex,4,1.0
838,BWA-no-clip,5,1.0
838,BWA-std,5,0.0
838,NW-flex,5,1.0
839,BWA-no-clip,-5,0.3
839,BWA-std,-5,0.1
839,NW-flex,-5,1.0
839,BWA-no-clip,-4,0.4
839,BWA-std,-4,0.2
839,NW-flex,-4,1.0
839,BWA-no-clip,-3,0.3
839,BWA-std,-3,0.4
839,NW-flex,-3,1.0
839,BWA-no-clip,-2,0.6666666666666666
839,BWA-std,-2,0.5
839,NW-flex,-2,1.0
839,BWA-no-clip,-1,0.6
839,BWA-std,-1,0.6
839,NW-flex,-1,1.0
839,BWA-no-clip,0,1.0
839,BWA-std,0,1.0
839,NW-flex,0,1.0
839,BWA-no-clip,1,0.7
839,BWA-std,1,0.7
839,NW-flex,1,1.0
839,BWA-no-clip,2,0.7
839,BWA-std,2,0.5
839,NW-flex,2,1.0
839,BWA-no-clip,3,0.7
839,BWA-std,3,0.3
839,NW-flex,3,1.0
839,BWA-no-clip,4,0.7
839,BWA-std,4,0.1
839,NW-flex,4,1.0
839,BWA-no-clip,5,0.7
839,BWA-std,5,0.0
839,NW-flex,5,1.0
840,BWA-no-clip,-5,0.4
840,BWA-std,-5,0.1
840,NW-flex,-5,1.0
840,BWA-no-clip,-4,0.4
840,BWA-std,-4,0.2
840,NW-flex,-4,1.0
840,BWA-no-clip,-3,0.7
840,BWA-std,-3,0.4
840,NW-flex,-3,1.0
840,BWA-no-clip,-2,0.8
840,BWA-std,-2,0.5
840,NW-flex,-2,1.0
840,BWA-no-clip,-1,0.8
840,BWA-std,-1,0.7
840,NW-flex,-1,1.0
840,BWA-no-clip,0,1.0
840,BWA-std,0,1.0
840,NW-flex,0,1.0
840,BWA-no-clip,1,1.0
840,BWA-std,1,0.7
840,NW-flex,1,1.0
840,BWA-no-clip,2,1.0
840,BWA-std,2,0.5
840,NW-flex,2,1.0
840,BWA-no-clip,3,1.0
840,BWA-std,3,0.3
840,NW-flex,3,1.0
840,BWA-no-clip,4,0.8
840,BWA-std,4,0.1
840,NW-flex,4,1.0
840,BWA-no-clip,5,0.8
840,BWA-std,5,0.0
840,NW-flex,5,1.0
841,BWA-no-clip,-5,0.6
841,BWA-std,-5,0.1
841,NW-flex,-5,1.0
841,BWA-no-clip,-4,0.8
841,BWA-std,-4,0.2
841,NW-flex,-4,1.0
841,BWA-no-clip,-3,0.8
841,BWA-std,-3,0.4
841,NW-flex,-3,1.0
841,BWA-no-clip,-2,0.9
841,BWA-std,-2,0.6
841,NW-flex,-2,1.0
841,BWA-no-clip,-1,0.9
841,BWA-std,-1,0.7
841,NW-flex,-1,1.0
841,BWA-no-clip,0,1.0
841,BWA-std,0,1.0
841,NW-flex,0,1.0
841,BWA-no-clip,1,1.0
841,BWA-std,1,0.7
841,NW-flex,1,1.0
841,BWA-no-clip,2,1.0
841,BWA-std,2,0.5
841,NW-flex,2,1.0
841,BWA-no-clip,3,1.0
841,BWA-std,3,0.3
841,NW-flex,3,1.0
841,BWA-no-clip,4,1.0
841,BWA-std,4,0.1
841,NW-flex,4,1.0
841,BWA-no-clip,5,1.0
841,BWA-std,5,0.0
841,NW-flex,5,1.0
842,BWA-no-clip,-5,0.7
842,BWA-std,-5,0.1
842,NW-flex,-5,1.0
842,BWA-no-clip,-4,0.7
842,BWA-std,-4,0.2
842,NW-flex,-4,1.0
842,BWA-no-clip,-3,0.8
842,BWA-std,-3,0.4
842,NW-flex,-3,1.0
842,BWA-no-clip,-2,0.9
842,BWA-std,-2,0.6
842,NW-flex,-2,1.0
842,BWA-no-clip,-1,0.9
842,BWA-std,-1,0.7
842,NW-flex,-1,1.0
842,BWA-no-clip,0,1.0
842,BWA-std,0,1.0
842,NW-flex,0,1.0
842,BWA-no-clip,1,1.0
842,BWA-std,1,0.7
842,NW-flex,1,1.0
842,BWA-no-clip,2,1.0
842,BWA-std,2,0.5
842,NW-flex,2,1.0
842,BWA-no-clip,3,1.0
842,BWA-std,3,0.3
842,NW-flex,3,1.0
842,BWA-no-clip,4,1.0
842,BWA-std,4,0.1
842,NW-flex,4,1.0
842,BWA-no-clip,5,1.0
842,BWA-std,5,0.0
842,NW-flex,5,1.0
843,BWA-no-clip,-5,0.5
843,BWA-std,-5,0.1
843,NW-flex,-5,1.0
843,BWA-no-clip,-4,0.8
843,BWA-std,-4,0.2
843,NW-flex,-4,1.0
843,BWA-no-clip,-3,0.8
843,BWA-std,-3,0.4
843,NW-flex,-3,1.0
843,BWA-no-clip,-2,0.9
843,BWA-std,-2,0.6
843,NW-flex,-2,1.0
843,BWA-no-clip,-1,0.9
843,BWA-std,-1,0.7
843,NW-flex,-1,1.0
843,BWA-no-clip,0,1.0
843,BWA-std,0,1.0
843,NW-flex,0,1.0
843,BWA-no-clip,1,1.0
843,BWA-std,1,0.7
843,NW-flex,1,1.0
843,BWA-no-clip,2,1.0
843,BWA-std,2,0.5
843,NW-flex,2,1.0
843,BWA-no-clip,3,1.0
843,BWA-std,3,0.3
843,NW-flex,3,1.0
843,BWA-no-clip,4,1.0
843,BWA-std,4,0.1
843,NW-flex,4,1.0
843,BWA-no-clip,5,1.0
843,BWA-std,5,0.0
843,NW-flex,5,1.0
844,BWA-no-clip,-5,0.5
844,BWA-std,-5,0.1
844,NW-flex,-5,1.0
844,BWA-no-clip,-4,0.6
844,BWA-std,-4,0.2
844,NW-flex,-4,1.0
844,BWA-no-clip,-3,0.6
844,BWA-std,-3,0.4
844,NW-flex,-3,1.0
844,BWA-no-clip,-2,0.6666666666666666
844,BWA-std,-2,0.5
844,NW-flex,-2,1.0
844,BWA-no-clip,-1,0.6
844,BWA-std,-1,0.6
844,NW-flex,-1,1.0
844,BWA-no-clip,0,1.0
844,BWA-std,0,1.0
844,NW-flex,0,1.0
844,BWA-no-clip,1,0.7
844,BWA-std,1,0.7
844,NW-flex,1,1.0
844,BWA-no-clip,2,0.7
844,BWA-std,2,0.5
844,NW-flex,2,1.0
844,BWA-no-clip,3,0.7
844,BWA-std,3,0.3
844,NW-flex,3,1.0
844,BWA-no-clip,4,0.7
844,BWA-std,4,0.1
844,NW-flex,4,1.0
844,BWA-no-clip,5,0.7
844,BWA-std,5,0.0
844,NW-flex,5,1.0
845,BWA-no-clip,-5,0.7
845,BWA-std,-5,0.1
845,NW-flex,-5,1.0
845,BWA-no-clip,-4,0.8
845,BWA-std,-4,0.2
845,NW-flex,-4,1.0
845,BWA-no-clip,-3,0.8
845,BWA-std,-3,0.4
845,NW-flex,-3,1.0
845,BWA-no-clip,-2,0.9
845,BWA-std,-2,0.6
845,NW-flex,-2,1.0
845,BWA-no-clip,-1,0.9
845,BWA-std,-1,0.7
845,NW-flex,-1,1.0
845,BWA-no-clip,0,1.0
845,BWA-std,0,1.0
845,NW-flex,0,1.0
845,BWA-no-clip,1,1.0
845,BWA-std,1,0.7
845,NW-flex,1,1.0
845,BWA-no-clip,2,1.0
845,BWA-std,2,0.5
845,NW-flex,2,1.0
845,BWA-no-clip,3,1.0
845,BWA-std,3,0.3
845,NW-flex,3,1.0
845,BWA-no-clip,4,1.0
845,BWA-std,4,0.1
845,NW-flex,4,1.0
845,BWA-no-clip,5,1.0
845,BWA-std,5,0.0
845,NW-flex,5,1.0
846,BWA-no-clip,-5,0.6
846,BWA-std,-5,0.1
846,NW-flex,-5,1.0
846,BWA-no-clip,-4,0.6
846,BWA-std,-4,0.2
846,NW-flex,-4,1.0
846,BWA-no-clip,-3,0.7
846,BWA-std,-3,0.4
846,NW-flex,-3,1.0
846,BWA-no-clip,-2,0.7
846,BWA-std,-2,0.6
846,NW-flex,-2,1.0
846,BWA-no-clip,-1,0.9
846,BWA-std,-1,0.7
846,NW-flex,-1,1.0
846,BWA-no-clip,0,1.0
846,BWA-std,0,1.0
846,NW-flex,0,1.0
846,BWA-no-clip,1,1.0
846,BWA-std,1,0.7
846,NW-flex,1,1.0
846,BWA-no-clip,2,1.0
846,BWA-std,2,0.5
846,NW-flex,2,1.0
846,BWA-no-clip,3,1.0
846,BWA-std,3,0.3
846,NW-flex,3,1.0
846,BWA-no-clip,4,1.0
846,BWA-std,4,0.1
846,NW-flex,4,1.0
846,BWA-no-clip,5,1.0
846,BWA-std,5,0.0
846,NW-flex,5,1.0
847,BWA-no-clip,-5,0.6
847,BWA-std,-5,0.1
847,NW-flex,-5,1.0
847,BWA-no-clip,-4,0.6
847,BWA-std,-4,0.2
847,NW-flex,-4,1.0
847,BWA-no-clip,-3,0.7
847,BWA-std,-3,0.4
847,NW-flex,-3,1.0
847,BWA-no-clip,-2,0.9
847,BWA-std,-2,0.6
847,NW-flex,-2,1.0
847,BWA-no-clip,-1,0.9
847,BWA-std,-1,0.7
847,NW-flex,-1,1.0
847,BWA-no-clip,0,1.0
847,BWA-std,0,1.0
847,NW-flex,0,1.0
847,BWA-no-clip,1,1.0
847,BWA-std,1,0.7
847,NW-flex,1,1.0
847,BWA-no-clip,2,1.0
847,BWA-std,2,0.5
847,NW-flex,2,1.0
847,BWA-no-clip,3,1.0
847,BWA-std,3,0.3
847,NW-flex,3,1.0
847,BWA-no-clip,4,1.0
847,BWA-std,4,0.1
847,NW-flex,4,1.0
847,BWA-no-clip,5,1.0
847,BWA-std,5,0.0
847,NW-flex,5,1.0
848,BWA-no-clip,-5,0.5
848,BWA-std,-5,0.1
848,NW-flex,-5,1.0
848,BWA-no-clip,-4,0.7
848,BWA-std,-4,0.2
848,NW-flex,-4,1.0
848,BWA-no-clip,-3,0.8
848,BWA-std,-3,0.4
848,NW-flex,-3,1.0
848,BWA-no-clip,-2,0.9
848,BWA-std,-2,0.6
848,NW-flex,-2,1.0
848,BWA-no-clip,-1,0.9
848,BWA-std,-1,0.7
848,NW-flex,-1,1.0
848,BWA-no-clip,0,1.0
848,BWA-std,0,1.0
848,NW-flex,0,1.0
848,BWA-no-clip,1,1.0
848,BWA-std,1,0.7
848,NW-flex,1,1.0
848,BWA-no-clip,2,1.0
848,BWA-std,2,0.5
848,NW-flex,2,1.0
848,BWA-no-clip,3,1.0
848,BWA-std,3,0.3
848,NW-flex,3,1.0
848,BWA-no-clip,4,1.0
848,BWA-std,4,0.1
848,NW-flex,4,1.0
848,BWA-no-clip,5,1.0
848,BWA-std,5,0.0
848,NW-flex,5,1.0
849,BWA-no-clip,-5,0.5
849,BWA-std,-5,0.1
849,NW-flex,-5,1.0
849,BWA-no-clip,-4,0.5
849,BWA-std,-4,0.2
849,NW-flex,-4,1.0
849,BWA-no-clip,-3,0.7
849,BWA-std,-3,0.4
849,NW-flex,-3,1.0
849,BWA-no-clip,-2,0.7333333333333333
849,BWA-std,-2,0.5
849,NW-flex,-2,1.0
849,BWA-no-clip,-1,0.7
849,BWA-std,-1,0.7
849,NW-flex,-1,1.0
849,BWA-no-clip,0,1.0
849,BWA-std,0,1.0
849,NW-flex,0,1.0
849,BWA-no-clip,1,0.8
849,BWA-std,1,0.7
849,NW-flex,1,1.0
849,BWA-no-clip,2,0.8
849,BWA-std,2,0.5
849,NW-flex,2,1.0
849,BWA-no-clip,3,0.8
849,BWA-std,3,0.3
849,NW-flex,3,1.0
849,BWA-no-clip,4,0.8
849,BWA-std,4,0.1
849,NW-flex,4,1.0
849,BWA-no-clip,5,0.8
849,BWA-std,5,0.0
849,NW-flex,5,1.0
850,BWA-no-clip,-5,0.4
850,BWA-std,-5,0.1
850,NW-flex,-5,1.0
850,BWA-no-clip,-4,0.7
850,BWA-std,-4,0.2
850,NW-flex,-4,1.0
850,BWA-no-clip,-3,0.7
850,BWA-std,-3,0.4
850,NW-flex,-3,1.0
850,BWA-no-clip,-2,0.8
850,BWA-std,-2,0.5
850,NW-flex,-2,1.0
850,BWA-no-clip,-1,0.8
850,BWA-std,-1,0.7
850,NW-flex,-1,1.0
850,BWA-no-clip,0,1.0
850,BWA-std,0,1.0
850,NW-flex,0,1.0
850,BWA-no-clip,1,0.9
850,BWA-std,1,0.7
850,NW-flex,1,1.0
850,BWA-no-clip,2,0.9
850,BWA-std,2,0.5
850,NW-flex,2,1.0
850,BWA-no-clip,3,0.9
850,BWA-std,3,0.3
850,NW-flex,3,1.0
850,BWA-no-clip,4,0.9
850,BWA-std,4,0.1
850,NW-flex,4,1.0
850,BWA-no-clip,5,0.9
850,BWA-std,5,0.0
850,NW-flex,5,1.0
851,BWA-no-clip,-5,0.5
851,BWA-std,-5,0.1
851,NW-flex,-5,1.0
851,BWA-no-clip,-4,0.7
851,BWA-std,-4,0.2
851,NW-flex,-4,1.0
851,BWA-no-clip,-3,0.7
851,BWA-std,-3,0.4
851,NW-flex,-3,1.0
851,BWA-no-clip,-2,0.9
851,BWA-std,-2,0.6
851,NW-flex,-2,1.0
851,BWA-no-clip,-1,0.9
851,BWA-std,-1,0.7
851,NW-flex,-1,1.0
851,BWA-no-clip,0,1.0
851,BWA-std,0,1.0
851,NW-flex,0,1.0
851,BWA-no-clip,1,1.0
851,BWA-std,1,0.7
851,NW-flex,1,1.0
851,BWA-no-clip,2,1.0
851,BWA-std,2,0.5
851,NW-flex,2,1.0
851,BWA-no-clip,3,1.0
851,BWA-std,3,0.3
851,NW-flex,3,1.0
851,BWA-no-clip,4,1.0
851,BWA-std,4,0.1
851,NW-flex,4,1.0
851,BWA-no-clip,5,1.0
851,BWA-std,5,0.0
851,NW-flex,5,1.0
852,BWA-no-clip,-5,0.5
852,BWA-std,-5,0.1
852,NW-flex,-5,1.0
852,BWA-no-clip,-4,0.5
852,BWA-std,-4,0.2
852,NW-flex,-4,1.0
852,BWA-no-clip,-3,0.7
852,BWA-std,-3,0.4
852,NW-flex,-3,1.0
852,BWA-no-clip,-2,0.8
852,BWA-std,-2,0.5
852,NW-flex,-2,1.0
852,BWA-no-clip,-1,0.8
852,BWA-std,-1,0.7
852,NW-flex,-1,1.0
852,BWA-no-clip,0,1.0
852,BWA-std,0,1.0
852,NW-flex,0,1.0
852,BWA-no-clip,1,0.9
852,BWA-std,1,0.7
852,NW-flex,1,1.0
852,BWA-no-clip,2,0.9
852,BWA-std,2,0.5
852,NW-flex,2,1.0
852,BWA-no-clip,3,0.9
852,BWA-std,3,0.3
852,NW-flex,3,1.0
852,BWA-no-clip,4,0.9
852,BWA-std,4,0.1
852,NW-flex,4,1.0
852,BWA-no-clip,5,0.9
852,BWA-std,5,0.0
852,NW-flex,5,1.0
853,BWA-no-clip,-5,0.6
853,BWA-std,-5,0.1
853,NW-flex,-5,1.0
853,BWA-no-clip,-4,0.8
853,BWA-std,-4,0.2
853,NW-flex,-4,1.0
853,BWA-no-clip,-3,0.8
853,BWA-std,-3,0.4
853,NW-flex,-3,1.0
853,BWA-no-clip,-2,0.9
853,BWA-std,-2,0.6
853,NW-flex,-2,1.0
853,BWA-no-clip,-1,0.9
853,BWA-std,-1,0.7
853,NW-flex,-1,1.0
853,BWA-no-clip,0,1.0
853,BWA-std,0,1.0
853,NW-flex,0,1.0
853,BWA-no-clip,1,1.0
853,BWA-std,1,0.7
853,NW-flex,1,1.0
853,BWA-no-clip,2,1.0
853,BWA-std,2,0.5
853,NW-flex,2,1.0
853,BWA-no-clip,3,1.0
853,BWA-std,3,0.3
853,NW-flex,3,1.0
853,BWA-no-clip,4,1.0
853,BWA-std,4,0.1
853,NW-flex,4,1.0
853,BWA-no-clip,5,1.0
853,BWA-std,5,0.0
853,NW-flex,5,1.0
854,BWA-no-clip,-5,0.4
854,BWA-std,-5,0.1
854,NW-flex,-5,1.0
854,BWA-no-clip,-4,0.6
854,BWA-std,-4,0.2
854,NW-flex,-4,1.0
854,BWA-no-clip,-3,0.6
854,BWA-std,-3,0.4
854,NW-flex,-3,1.0
854,BWA-no-clip,-2,0.8
854,BWA-std,-2,0.6
854,NW-flex,-2,1.0
854,BWA-no-clip,-1,0.9
854,BWA-std,-1,0.7
854,NW-flex,-1,1.0
854,BWA-no-clip,0,1.0
854,BWA-std,0,1.0
854,NW-flex,0,1.0
854,BWA-no-clip,1,1.0
854,BWA-std,1,0.7
854,NW-flex,1,1.0
854,BWA-no-clip,2,0.9
854,BWA-std,2,0.5
854,NW-flex,2,1.0
854,BWA-no-clip,3,0.9
854,BWA-std,3,0.3
854,NW-flex,3,1.0
854,BWA-no-clip,4,0.9
854,BWA-std,4,0.1
854,NW-flex,4,1.0
854,BWA-no-clip,5,0.9
854,BWA-std,5,0.0
854,NW-flex,5,1.0
855,BWA-no-clip,-5,0.6
855,BWA-std,-5,0.1
855,NW-flex,-5,1.0
855,BWA-no-clip,-4,0.7
855,BWA-std,-4,0.2
855,NW-flex,-4,1.0
855,BWA-no-clip,-3,0.7
855,BWA-std,-3,0.4
855,NW-flex,-3,1.0
855,BWA-no-clip,-2,0.9
855,BWA-std,-2,0.6
855,NW-flex,-2,1.0
855,BWA-no-clip,-1,0.9
855,BWA-std,-1,0.7
855,NW-flex,-1,1.0
855,BWA-no-clip,0,1.0
855,BWA-std,0,1.0
855,NW-flex,0,1.0
855,BWA-no-clip,1,1.0
855,BWA-std,1,0.7
855,NW-flex,1,1.0
855,BWA-no-clip,2,1.0
855,BWA-std,2,0.5
855,NW-flex,2,1.0
855,BWA-no-clip,3,1.0
855,BWA-std,3,0.3
855,NW-flex,3,1.0
855,BWA-no-clip,4,1.0
855,BWA-std,4,0.1
855,NW-flex,4,1.0
855,BWA-no-clip,5,1.0
855,BWA-std,5,0.0
855,NW-flex,5,1.0
856,BWA-no-clip,-5,0.7
856,BWA-std,-5,0.1
856,NW-flex,-5,1.0
856,BWA-no-clip,-4,0.7
856,BWA-std,-4,0.2
856,NW-flex,-4,1.0
856,BWA-no-clip,-3,0.8
856,BWA-std,-3,0.4
856,NW-flex,-3,1.0
856,BWA-no-clip,-2,0.9
856,BWA-std,-2,0.6
856,NW-flex,-2,1.0
856,BWA-no-clip,-1,0.9
856,BWA-std,-1,0.7
856,NW-flex,-1,1.0
856,BWA-no-clip,0,1.0
856,BWA-std,0,1.0
856,NW-flex,0,1.0
856,BWA-no-clip,1,1.0
856,BWA-std,1,0.7
856,NW-flex,1,1.0
856,BWA-no-clip,2,1.0
856,BWA-std,2,0.5
856,NW-flex,2,1.0
856,BWA-no-clip,3,1.0
856,BWA-std,3,0.3
856,NW-flex,3,1.0
856,BWA-no-clip,4,1.0
856,BWA-std,4,0.1
856,NW-flex,4,1.0
856,BWA-no-clip,5,1.0
856,BWA-std,5,0.0
856,NW-flex,5,1.0
857,BWA-no-clip,-5,0.6
857,BWA-std,-5,0.1
857,NW-flex,-5,1.0
857,BWA-no-clip,-4,0.7
857,BWA-std,-4,0.2
857,NW-flex,-4,1.0
857,BWA-no-clip,-3,0.8
857,BWA-std,-3,0.4
857,NW-flex,-3,1.0
857,BWA-no-clip,-2,0.9
857,BWA-std,-2,0.6
857,NW-flex,-2,1.0
857,BWA-no-clip,-1,0.9
857,BWA-std,-1,0.7
857,NW-flex,-1,1.0
857,BWA-no-clip,0,1.0
857,BWA-std,0,1.0
857,NW-flex,0,1.0
857,BWA-no-clip,1,1.0
857,BWA-std,1,0.7
857,NW-flex,1,1.0
857,BWA-no-clip,2,1.0
857,BWA-std,2,0.5
857,NW-flex,2,1.0
857,BWA-no-clip,3,1.0
857,BWA-std,3,0.3
857,NW-flex,3,1.0
857,BWA-no-clip,4,1.0
857,BWA-std,4,0.1
857,NW-flex,4,1.0
857,BWA-no-clip,5,1.0
857,BWA-std,5,0.0
857,NW-flex,5,1.0
858,BWA-no-clip,-5,0.6
858,BWA-std,-5,0.1
858,NW-flex,-5,1.0
858,BWA-no-clip,-4,0.7
858,BWA-std,-4,0.2
858,NW-flex,-4,1.0
858,BWA-no-clip,-3,0.7
858,BWA-std,-3,0.4
858,NW-flex,-3,1.0
858,BWA-no-clip,-2,0.8
858,BWA-std,-2,0.6
858,NW-flex,-2,1.0
858,BWA-no-clip,-1,0.9
858,BWA-std,-1,0.7
858,NW-flex,-1,1.0
858,BWA-no-clip,0,1.0
858,BWA-std,0,1.0
858,NW-flex,0,1.0
858,BWA-no-clip,1,1.0
858,BWA-std,1,0.7
858,NW-flex,1,1.0
858,BWA-no-clip,2,1.0
858,BWA-std,2,0.5
858,NW-flex,2,1.0
858,BWA-no-clip,3,1.0
858,BWA-std,3,0.3
858,NW-flex,3,1.0
858,BWA-no-clip,4,1.0
858,BWA-std,4,0.1
858,NW-flex,4,1.0
858,BWA-no-clip,5,1.0
858,BWA-std,5,0.0
858,NW-flex,5,1.0
859,BWA-no-clip,-5,0.4
859,BWA-std,-5,0.1
859,NW-flex,-5,1.0
859,BWA-no-clip,-4,0.7
859,BWA-std,-4,0.2
859,NW-flex,-4,1.0
859,BWA-no-clip,-3,0.8
859,BWA-std,-3,0.4
859,NW-flex,-3,1.0
859,BWA-no-clip,-2,0.9
859,BWA-std,-2,0.6
859,NW-flex,-2,1.0
859,BWA-no-clip,-1,0.9
859,BWA-std,-1,0.7
859,NW-flex,-1,1.0
859,BWA-no-clip,0,1.0
859,BWA-std,0,1.0
859,NW-flex,0,1.0
859,BWA-no-clip,1,1.0
859,BWA-std,1,0.7
859,NW-flex,1,1.0
859,BWA-no-clip,2,1.0
859,BWA-std,2,0.5
859,NW-flex,2,1.0
859,BWA-no-clip,3,1.0
859,BWA-std,3,0.3
859,NW-flex,3,1.0
859,BWA-no-clip,4,1.0
859,BWA-std,4,0.1
859,NW-flex,4,1.0
859,BWA-no-clip,5,1.0
859,BWA-std,5,0.0
859,NW-flex,5,1.0
860,BWA-no-clip,-5,0.2
860,BWA-std,-5,0.1
860,NW-flex,-5,1.0
860,BWA-no-clip,-4,0.3
860,BWA-std,-4,0.2
860,NW-flex,-4,1.0
860,BWA-no-clip,-3,0.4
860,BWA-std,-3,0.4
860,NW-flex,-3,1.0
860,BWA-no-clip,-2,0.8
860,BWA-std,-2,0.5
860,NW-flex,-2,1.0
860,BWA-no-clip,-1,0.8
860,BWA-std,-1,0.7
860,NW-flex,-1,1.0
860,BWA-no-clip,0,1.0
860,BWA-std,0,1.0
860,NW-flex,0,1.0
860,BWA-no-clip,1,1.0
860,BWA-std,1,0.7
860,NW-flex,1,1.0
860,BWA-no-clip,2,1.0
860,BWA-std,2,0.5
860,NW-flex,2,1.0
860,BWA-no-clip,3,0.9
860,BWA-std,3,0.3
860,NW-flex,3,1.0
860,BWA-no-clip,4,0.6
860,BWA-std,4,0.1
860,NW-flex,4,1.0
860,BWA-no-clip,5,0.7
860,BWA-std,5,0.0
860,NW-flex,5,1.0
861,BWA-no-clip,-5,0.6
861,BWA-std,-5,0.1
861,NW-flex,-5,1.0
861,BWA-no-clip,-4,0.7
861,BWA-std,-4,0.2
861,NW-flex,-4,1.0
861,BWA-no-clip,-3,0.7
861,BWA-std,-3,0.4
861,NW-flex,-3,1.0
861,BWA-no-clip,-2,0.9
861,BWA-std,-2,0.6
861,NW-flex,-2,1.0
861,BWA-no-clip,-1,0.9
861,BWA-std,-1,0.7
861,NW-flex,-1,1.0
861,BWA-no-clip,0,1.0
861,BWA-std,0,1.0
861,NW-flex,0,1.0
861,BWA-no-clip,1,1.0
861,BWA-std,1,0.7
861,NW-flex,1,1.0
861,BWA-no-clip,2,1.0
861,BWA-std,2,0.5
861,NW-flex,2,1.0
861,BWA-no-clip,3,1.0
861,BWA-std,3,0.3
861,NW-flex,3,1.0
861,BWA-no-clip,4,1.0
861,BWA-std,4,0.1
861,NW-flex,4,1.0
861,BWA-no-clip,5,1.0
861,BWA-std,5,0.0
861,NW-flex,5,1.0
862,BWA-no-clip,-5,0.6
862,BWA-std,-5,0.1
862,NW-flex,-5,1.0
862,BWA-no-clip,-4,0.7
862,BWA-std,-4,0.2
862,NW-flex,-4,1.0
862,BWA-no-clip,-3,0.7
862,BWA-std,-3,0.4
862,NW-flex,-3,1.0
862,BWA-no-clip,-2,0.8
862,BWA-std,-2,0.6
862,NW-flex,-2,1.0
862,BWA-no-clip,-1,0.9
862,BWA-std,-1,0.7
862,NW-flex,-1,1.0
862,BWA-no-clip,0,1.0
862,BWA-std,0,1.0
862,NW-flex,0,1.0
862,BWA-no-clip,1,1.0
862,BWA-std,1,0.7
862,NW-flex,1,1.0
862,BWA-no-clip,2,1.0
862,BWA-std,2,0.5
862,NW-flex,2,1.0
862,BWA-no-clip,3,1.0
862,BWA-std,3,0.3
862,NW-flex,3,1.0
862,BWA-no-clip,4,1.0
862,BWA-std,4,0.1
862,NW-flex,4,1.0
862,BWA-no-clip,5,1.0
862,BWA-std,5,0.0
862,NW-flex,5,1.0
863,BWA-no-clip,-5,0.4
863,BWA-std,-5,0.1
863,NW-flex,-5,1.0
863,BWA-no-clip,-4,0.4
863,BWA-std,-4,0.2
863,NW-flex,-4,1.0
863,BWA-no-clip,-3,0.6
863,BWA-std,-3,0.3
863,NW-flex,-3,1.0
863,BWA-no-clip,-2,0.7
863,BWA-std,-2,0.5
863,NW-flex,-2,1.0
863,BWA-no-clip,-1,0.8
863,BWA-std,-1,0.7
863,NW-flex,-1,1.0
863,BWA-no-clip,0,1.0
863,BWA-std,0,1.0
863,NW-flex,0,1.0
863,BWA-no-clip,1,1.0
863,BWA-std,1,0.7
863,NW-flex,1,1.0
863,BWA-no-clip,2,1.0
863,BWA-std,2,0.5
863,NW-flex,2,1.0
863,BWA-no-clip,3,0.9
863,BWA-std,3,0.3
863,NW-flex,3,1.0
863,BWA-no-clip,4,0.9
863,BWA-std,4,0.1
863,NW-flex,4,1.0
863,BWA-no-clip,5,0.9
863,BWA-std,5,0.0
863,NW-flex,5,1.0
864,BWA-no-clip,-5,0.4
864,BWA-std,-5,0.1
864,NW-flex,-5,1.0
864,BWA-no-clip,-4,0.6
864,BWA-std,-4,0.2
864,NW-flex,-4,1.0
864,BWA-no-clip,-3,0.6
864,BWA-std,-3,0.3
864,NW-flex,-3,1.0
864,BWA-no-clip,-2,0.7
864,BWA-std,-2,0.5
864,NW-flex,-2,1.0
864,BWA-no-clip,-1,0.8
864,BWA-std,-1,0.7
864,NW-flex,-1,1.0
864,BWA-no-clip,0,1.0
864,BWA-std,0,1.0
864,NW-flex,0,1.0
864,BWA-no-clip,1,0.9
864,BWA-std,1,0.7
864,NW-flex,1,1.0
864,BWA-no-clip,2,0.9
864,BWA-std,2,0.5
864,NW-flex,2,1.0
864,BWA-no-clip,3,0.9
864,BWA-std,3,0.3
864,NW-flex,3,1.0
864,BWA-no-clip,4,0.9
864,BWA-std,4,0.1
864,NW-flex,4,1.0
864,BWA-no-clip,5,0.9
864,BWA-std,5,0.0
864,NW-flex,5,1.0
865,BWA-no-clip,-5,0.4
865,BWA-std,-5,0.1
865,NW-flex,-5,1.0
865,BWA-no-clip,-4,0.5
865,BWA-std,-4,0.2
865,NW-flex,-4,1.0
865,BWA-no-clip,-3,0.5
865,BWA-std,-3,0.4
865,NW-flex,-3,1.0
865,BWA-no-clip,-2,0.8
865,BWA-std,-2,0.5
865,NW-flex,-2,1.0
865,BWA-no-clip,-1,0.8
865,BWA-std,-1,0.7
865,NW-flex,-1,1.0
865,BWA-no-clip,0,1.0
865,BWA-std,0,1.0
865,NW-flex,0,1.0
865,BWA-no-clip,1,0.9
865,BWA-std,1,0.7
865,NW-flex,1,1.0
865,BWA-no-clip,2,0.9
865,BWA-std,2,0.5
865,NW-flex,2,1.0
865,BWA-no-clip,3,0.9
865,BWA-std,3,0.3
865,NW-flex,3,1.0
865,BWA-no-clip,4,0.9
865,BWA-std,4,0.1
865,NW-flex,4,1.0
865,BWA-no-clip,5,0.9
865,BWA-std,5,0.0
865,NW-flex,5,1.0
866,BWA-no-clip,-5,0.6
866,BWA-std,-5,0.1
866,NW-flex,-5,1.0
866,BWA-no-clip,-4,0.7
866,BWA-std,-4,0.2
866,NW-flex,-4,1.0
866,BWA-no-clip,-3,0.7
866,BWA-std,-3,0.4
866,NW-flex,-3,1.0
866,BWA-no-clip,-2,0.7333333333333333
866,BWA-std,-2,0.5
866,NW-flex,-2,1.0
866,BWA-no-clip,-1,0.7
866,BWA-std,-1,0.7
866,NW-flex,-1,1.0
866,BWA-no-clip,0,1.0
866,BWA-std,0,1.0
866,NW-flex,0,1.0
866,BWA-no-clip,1,0.8
866,BWA-std,1,0.7
866,NW-flex,1,1.0
866,BWA-no-clip,2,0.8
866,BWA-std,2,0.5
866,NW-flex,2,1.0
866,BWA-no-clip,3,0.8
866,BWA-std,3,0.3
866,NW-flex,3,1.0
866,BWA-no-clip,4,0.8
866,BWA-std,4,0.1
866,NW-flex,4,1.0
866,BWA-no-clip,5,0.8
866,BWA-std,5,0.0
866,NW-flex,5,1.0
867,BWA-no-clip,-5,0.7
867,BWA-std,-5,0.1
867,NW-flex,-5,1.0
867,BWA-no-clip,-4,0.7
867,BWA-std,-4,0.2
867,NW-flex,-4,1.0
867,BWA-no-clip,-3,0.8
867,BWA-std,-3,0.4
867,NW-flex,-3,1.0
867,BWA-no-clip,-2,0.8
867,BWA-std,-2,0.6
867,NW-flex,-2,1.0
867,BWA-no-clip,-1,0.9
867,BWA-std,-1,0.7
867,NW-flex,-1,1.0
867,BWA-no-clip,0,1.0
867,BWA-std,0,1.0
867,NW-flex,0,1.0
867,BWA-no-clip,1,1.0
867,BWA-std,1,0.7
867,NW-flex,1,1.0
867,BWA-no-clip,2,1.0
867,BWA-std,2,0.5
867,NW-flex,2,1.0
867,BWA-no-clip,3,1.0
867,BWA-std,3,0.3
867,NW-flex,3,1.0
867,BWA-no-clip,4,1.0
867,BWA-std,4,0.1
867,NW-flex,4,1.0
867,BWA-no-clip,5,1.0
867,BWA-std,5,0.0
867,NW-flex,5,1.0
868,BWA-no-clip,-5,0.5
868,BWA-std,-5,0.1
868,NW-flex,-5,1.0
868,BWA-no-clip,-4,0.7
868,BWA-std,-4,0.2
868,NW-flex,-4,1.0
868,BWA-no-clip,-3,0.8
868,BWA-std,-3,0.4
868,NW-flex,-3,1.0
868,BWA-no-clip,-2,0.9
868,BWA-std,-2,0.6
868,NW-flex,-2,1.0
868,BWA-no-clip,-1,0.9
868,BWA-std,-1,0.7
868,NW-flex,-1,1.0
868,BWA-no-clip,0,1.0
868,BWA-std,0,1.0
868,NW-flex,0,1.0
868,BWA-no-clip,1,1.0
868,BWA-std,1,0.7
868,NW-flex,1,1.0
868,BWA-no-clip,2,1.0
868,BWA-std,2,0.5
868,NW-flex,2,1.0
868,BWA-no-clip,3,1.0
868,BWA-std,3,0.3
868,NW-flex,3,1.0
868,BWA-no-clip,4,1.0
868,BWA-std,4,0.1
868,NW-flex,4,1.0
868,BWA-no-clip,5,1.0
868,BWA-std,5,0.0
868,NW-flex,5,1.0
869,BWA-no-clip,-5,0.5
869,BWA-std,-5,0.1
869,NW-flex,-5,1.0
869,BWA-no-clip,-4,0.7
869,BWA-std,-4,0.2
869,NW-flex,-4,1.0
869,BWA-no-clip,-3,0.8
869,BWA-std,-3,0.4
869,NW-flex,-3,1.0
869,BWA-no-clip,-2,0.9
869,BWA-std,-2,0.6
869,NW-flex,-2,1.0
869,BWA-no-clip,-1,0.9
869,BWA-std,-1,0.7
869,NW-flex,-1,1.0
869,BWA-no-clip,0,1.0
869,BWA-std,0,1.0
869,NW-flex,0,1.0
869,BWA-no-clip,1,1.0
869,BWA-std,1,0.7
869,NW-flex,1,1.0
869,BWA-no-clip,2,1.0
869,BWA-std,2,0.5
869,NW-flex,2,1.0
869,BWA-no-clip,3,1.0
869,BWA-std,3,0.3
869,NW-flex,3,1.0
869,BWA-no-clip,4,1.0
869,BWA-std,4,0.1
869,NW-flex,4,1.0
869,BWA-no-clip,5,1.0
869,BWA-std,5,0.0
869,NW-flex,5,1.0
870,BWA-no-clip,-5,0.3
870,BWA-std,-5,0.1
870,NW-flex,-5,1.0
870,BWA-no-clip,-4,0.4
870,BWA-std,-4,0.2
870,NW-flex,-4,1.0
870,BWA-no-clip,-3,0.8
870,BWA-std,-3,0.4
870,NW-flex,-3,1.0
870,BWA-no-clip,-2,0.9
870,BWA-std,-2,0.6
870,NW-flex,-2,1.0
870,BWA-no-clip,-1,0.9
870,BWA-std,-1,0.7
870,NW-flex,-1,1.0
870,BWA-no-clip,0,1.0
870,BWA-std,0,1.0
870,NW-flex,0,1.0
870,BWA-no-clip,1,1.0
870,BWA-std,1,0.7
870,NW-flex,1,1.0
870,BWA-no-clip,2,1.0
870,BWA-std,2,0.5
870,NW-flex,2,1.0
870,BWA-no-clip,3,1.0
870,BWA-std,3,0.3
870,NW-flex,3,1.0
870,BWA-no-clip,4,1.0
870,BWA-std,4,0.1
870,NW-flex,4,1.0
870,BWA-no-clip,5,1.0
870,BWA-std,5,0.0
870,NW-flex,5,1.0
871,BWA-no-clip,-5,0.7
871,BWA-std,-5,0.1
871,NW-flex,-5,1.0
871,BWA-no-clip,-4,0.8
871,BWA-std,-4,0.2
871,NW-flex,-4,1.0
871,BWA-no-clip,-3,0.8
871,BWA-std,-3,0.4
871,NW-flex,-3,1.0
871,BWA-no-clip,-2,0.9
871,BWA-std,-2,0.6
871,NW-flex,-2,1.0
871,BWA-no-clip,-1,0.9
871,BWA-std,-1,0.7
871,NW-flex,-1,1.0
871,BWA-no-clip,0,1.0
871,BWA-std,0,1.0
871,NW-flex,0,1.0
871,BWA-no-clip,1,1.0
871,BWA-std,1,0.7
871,NW-flex,1,1.0
871,BWA-no-clip,2,1.0
871,BWA-std,2,0.5
871,NW-flex,2,1.0
871,BWA-no-clip,3,1.0
871,BWA-std,3,0.3
871,NW-flex,3,1.0
871,BWA-no-clip,4,1.0
871,BWA-std,4,0.1
871,NW-flex,4,1.0
871,BWA-no-clip,5,1.0
871,BWA-std,5,0.0
871,NW-flex,5,1.0
872,BWA-no-clip,-5,0.6
872,BWA-std,-5,0.1
872,NW-flex,-5,1.0
872,BWA-no-clip,-4,0.8
872,BWA-std,-4,0.2
872,NW-flex,-4,1.0
872,BWA-no-clip,-3,0.8
872,BWA-std,-3,0.4
872,NW-flex,-3,1.0
872,BWA-no-clip,-2,0.9
872,BWA-std,-2,0.6
872,NW-flex,-2,1.0
872,BWA-no-clip,-1,0.9
872,BWA-std,-1,0.7
872,NW-flex,-1,1.0
872,BWA-no-clip,0,1.0
872,BWA-std,0,1.0
872,NW-flex,0,1.0
872,BWA-no-clip,1,1.0
872,BWA-std,1,0.7
872,NW-flex,1,1.0
872,BWA-no-clip,2,1.0
872,BWA-std,2,0.5
872,NW-flex,2,1.0
872,BWA-no-clip,3,1.0
872,BWA-std,3,0.3
872,NW-flex,3,1.0
872,BWA-no-clip,4,1.0
872,BWA-std,4,0.1
872,NW-flex,4,1.0
872,BWA-no-clip,5,1.0
872,BWA-std,5,0.0
872,NW-flex,5,1.0
873,BWA-no-clip,-5,0.6
873,BWA-std,-5,0.1
873,NW-flex,-5,1.0
873,BWA-no-clip,-4,0.8
873,BWA-std,-4,0.2
873,NW-flex,-4,1.0
873,BWA-no-clip,-3,0.8
873,BWA-std,-3,0.4
873,NW-flex,-3,1.0
873,BWA-no-clip,-2,0.9
873,BWA-std,-2,0.6
873,NW-flex,-2,1.0
873,BWA-no-clip,-1,0.9
873,BWA-std,-1,0.7
873,NW-flex,-1,1.0
873,BWA-no-clip,0,1.0
873,BWA-std,0,1.0
873,NW-flex,0,1.0
873,BWA-no-clip,1,1.0
873,BWA-std,1,0.7
873,NW-flex,1,1.0
873,BWA-no-clip,2,1.0
873,BWA-std,2,0.5
873,NW-flex,2,1.0
873,BWA-no-clip,3,1.0
873,BWA-std,3,0.3
873,NW-flex,3,1.0
873,BWA-no-clip,4,1.0
873,BWA-std,4,0.1
873,NW-flex,4,1.0
873,BWA-no-clip,5,1.0
873,BWA-std,5,0.0
873,NW-flex,5,1.0
874,BWA-no-clip,-5,0.6
874,BWA-std,-5,0.1
874,NW-flex,-5,1.0
874,BWA-no-clip,-4,0.6
874,BWA-std,-4,0.2
874,NW-flex,-4,1.0
874,BWA-no-clip,-3,0.7
874,BWA-std,-3,0.4
874,NW-flex,-3,1.0
874,BWA-no-clip,-2,0.7
874,BWA-std,-2,0.6
874,NW-flex,-2,1.0
874,BWA-no-clip,-1,0.9
874,BWA-std,-1,0.7
874,NW-flex,-1,1.0
874,BWA-no-clip,0,1.0
874,BWA-std,0,1.0
874,NW-flex,0,1.0
874,BWA-no-clip,1,1.0
874,BWA-std,1,0.7
874,NW-flex,1,1.0
874,BWA-no-clip,2,1.0
874,BWA-std,2,0.5
874,NW-flex,2,1.0
874,BWA-no-clip,3,1.0
874,BWA-std,3,0.3
874,NW-flex,3,1.0
874,BWA-no-clip,4,1.0
874,BWA-std,4,0.1
874,NW-flex,4,1.0
874,BWA-no-clip,5,1.0
874,BWA-std,5,0.0
874,NW-flex,5,1.0
875,BWA-no-clip,-5,0.6
875,BWA-std,-5,0.1
875,NW-flex,-5,1.0
875,BWA-no-clip,-4,0.7
875,BWA-std,-4,0.2
875,NW-flex,-4,1.0
875,BWA-no-clip,-3,0.7
875,BWA-std,-3,0.4
875,NW-flex,-3,1.0
875,BWA-no-clip,-2,0.8
875,BWA-std,-2,0.5
875,NW-flex,-2,1.0
875,BWA-no-clip,-1,0.8
875,BWA-std,-1,0.7
875,NW-flex,-1,1.0
875,BWA-no-clip,0,1.0
875,BWA-std,0,1.0
875,NW-flex,0,1.0
875,BWA-no-clip,1,1.0
875,BWA-std,1,0.7
875,NW-flex,1,1.0
875,BWA-no-clip,2,1.0
875,BWA-std,2,0.5
875,NW-flex,2,1.0
875,BWA-no-clip,3,1.0
875,BWA-std,3,0.3
875,NW-flex,3,1.0
875,BWA-no-clip,4,1.0
875,BWA-std,4,0.1
875,NW-flex,4,1.0
875,BWA-no-clip,5,1.0
875,BWA-std,5,0.0
875,NW-flex,5,1.0
876,BWA-no-clip,-5,0.5
876,BWA-std,-5,0.1
876,NW-flex,-5,1.0
876,BWA-no-clip,-4,0.8
876,BWA-std,-4,0.2
876,NW-flex,-4,1.0
876,BWA-no-clip,-3,0.8
876,BWA-std,-3,0.4
876,NW-flex,-3,1.0
876,BWA-no-clip,-2,0.9
876,BWA-std,-2,0.6
876,NW-flex,-2,1.0
876,BWA-no-clip,-1,0.9
876,BWA-std,-1,0.7
876,NW-flex,-1,1.0
876,BWA-no-clip,0,1.0
876,BWA-std,0,1.0
876,NW-flex,0,1.0
876,BWA-no-clip,1,1.0
876,BWA-std,1,0.7
876,NW-flex,1,1.0
876,BWA-no-clip,2,1.0
876,BWA-std,2,0.5
876,NW-flex,2,1.0
876,BWA-no-clip,3,1.0
876,BWA-std,3,0.3
876,NW-flex,3,1.0
876,BWA-no-clip,4,1.0
876,BWA-std,4,0.1
876,NW-flex,4,1.0
876,BWA-no-clip,5,1.0
876,BWA-std,5,0.0
876,NW-flex,5,1.0
877,BWA-no-clip,-5,0.6
877,BWA-std,-5,0.1
877,NW-flex,-5,1.0
877,BWA-no-clip,-4,0.7
877,BWA-std,-4,0.2
877,NW-flex,-4,1.0
877,BWA-no-clip,-3,0.8
877,BWA-std,-3,0.4
877,NW-flex,-3,1.0
877,BWA-no-clip,-2,0.9
877,BWA-std,-2,0.6
877,NW-flex,-2,1.0
877,BWA-no-clip,-1,0.9
877,BWA-std,-1,0.7
877,NW-flex,-1,1.0
877,BWA-no-clip,0,1.0
877,BWA-std,0,1.0
877,NW-flex,0,1.0
877,BWA-no-clip,1,1.0
877,BWA-std,1,0.7
877,NW-flex,1,1.0
877,BWA-no-clip,2,1.0
877,BWA-std,2,0.5
877,NW-flex,2,1.0
877,BWA-no-clip,3,1.0
877,BWA-std,3,0.3
877,NW-flex,3,1.0
877,BWA-no-clip,4,1.0
877,BWA-std,4,0.1
877,NW-flex,4,1.0
877,BWA-no-clip,5,1.0
877,BWA-std,5,0.0
877,NW-flex,5,1.0
878,BWA-no-clip,-5,0.6
878,BWA-std,-5,0.1
878,NW-flex,-5,1.0
878,BWA-no-clip,-4,0.7
878,BWA-std,-4,0.2
878,NW-flex,-4,1.0
878,BWA-no-clip,-3,0.7
878,BWA-std,-3,0.4
878,NW-flex,-3,1.0
878,BWA-no-clip,-2,0.7333333333333333
878,BWA-std,-2,0.5
878,NW-flex,-2,1.0
878,BWA-no-clip,-1,0.7
878,BWA-std,-1,0.7
878,NW-flex,-1,1.0
878,BWA-no-clip,0,1.0
878,BWA-std,0,1.0
878,NW-flex,0,1.0
878,BWA-no-clip,1,0.8
878,BWA-std,1,0.7
878,NW-flex,1,1.0
878,BWA-no-clip,2,0.8
878,BWA-std,2,0.5
878,NW-flex,2,1.0
878,BWA-no-clip,3,0.8
878,BWA-std,3,0.3
878,NW-flex,3,1.0
878,BWA-no-clip,4,0.8
878,BWA-std,4,0.1
878,NW-flex,4,1.0
878,BWA-no-clip,5,0.8
878,BWA-std,5,0.0
878,NW-flex,5,1.0
879,BWA-no-clip,-5,0.5
879,BWA-std,-5,0.1
879,NW-flex,-5,1.0
879,BWA-no-clip,-4,0.6
879,BWA-std,-4,0.2
879,NW-flex,-4,1.0
879,BWA-no-clip,-3,0.7
879,BWA-std,-3,0.4
879,NW-flex,-3,1.0
879,BWA-no-clip,-2,0.8
879,BWA-std,-2,0.5
879,NW-flex,-2,1.0
879,BWA-no-clip,-1,0.8
879,BWA-std,-1,0.7
879,NW-flex,-1,1.0
879,BWA-no-clip,0,1.0
879,BWA-std,0,1.0
879,NW-flex,0,1.0
879,BWA-no-clip,1,1.0
879,BWA-std,1,0.7
879,NW-flex,1,1.0
879,BWA-no-clip,2,1.0
879,BWA-std,2,0.5
879,NW-flex,2,1.0
879,BWA-no-clip,3,1.0
879,BWA-std,3,0.3
879,NW-flex,3,1.0
879,BWA-no-clip,4,1.0
879,BWA-std,4,0.1
879,NW-flex,4,1.0
879,BWA-no-clip,5,1.0
879,BWA-std,5,0.0
879,NW-flex,5,1.0
880,BWA-no-clip,-5,0.5
880,BWA-std,-5,0.1
880,NW-flex,-5,1.0
880,BWA-no-clip,-4,0.6
880,BWA-std,-4,0.2
880,NW-flex,-4,1.0
880,BWA-no-clip,-3,0.7
880,BWA-std,-3,0.4
880,NW-flex,-3,1.0
880,BWA-no-clip,-2,0.7333333333333333
880,BWA-std,-2,0.5
880,NW-flex,-2,1.0
880,BWA-no-clip,-1,0.7
880,BWA-std,-1,0.7
880,NW-flex,-1,1.0
880,BWA-no-clip,0,1.0
880,BWA-std,0,1.0
880,NW-flex,0,1.0
880,BWA-no-clip,1,0.8
880,BWA-std,1,0.7
880,NW-flex,1,1.0
880,BWA-no-clip,2,0.8
880,BWA-std,2,0.5
880,NW-flex,2,1.0
880,BWA-no-clip,3,0.8
880,BWA-std,3,0.3
880,NW-flex,3,1.0
880,BWA-no-clip,4,0.8
880,BWA-std,4,0.1
880,NW-flex,4,1.0
880,BWA-no-clip,5,0.8
880,BWA-std,5,0.0
880,NW-flex,5,1.0
881,BWA-no-clip,-5,0.5
881,BWA-std,-5,0.1
881,NW-flex,-5,1.0
881,BWA-no-clip,-4,0.6
881,BWA-std,-4,0.2
881,NW-flex,-4,1.0
881,BWA-no-clip,-3,0.7
881,BWA-std,-3,0.4
881,NW-flex,-3,1.0
881,BWA-no-clip,-2,0.7
881,BWA-std,-2,0.6
881,NW-flex,-2,1.0
881,BWA-no-clip,-1,0.9
881,BWA-std,-1,0.7
881,NW-flex,-1,1.0
881,BWA-no-clip,0,1.0
881,BWA-std,0,1.0
881,NW-flex,0,1.0
881,BWA-no-clip,1,1.0
881,BWA-std,1,0.7
881,NW-flex,1,1.0
881,BWA-no-clip,2,1.0
881,BWA-std,2,0.5
881,NW-flex,2,1.0
881,BWA-no-clip,3,1.0
881,BWA-std,3,0.3
881,NW-flex,3,1.0
881,BWA-no-clip,4,1.0
881,BWA-std,4,0.1
881,NW-flex,4,1.0
881,BWA-no-clip,5,1.0
881,BWA-std,5,0.0
881,NW-flex,5,1.0
882,BWA-no-clip,-5,0.4
882,BWA-std,-5,0.1
882,NW-flex,-5,1.0
882,BWA-no-clip,-4,0.8
882,BWA-std,-4,0.2
882,NW-flex,-4,1.0
882,BWA-no-clip,-3,0.8
882,BWA-std,-3,0.4
882,NW-flex,-3,1.0
882,BWA-no-clip,-2,0.9
882,BWA-std,-2,0.6
882,NW-flex,-2,1.0
882,BWA-no-clip,-1,0.9
882,BWA-std,-1,0.7
882,NW-flex,-1,1.0
882,BWA-no-clip,0,1.0
882,BWA-std,0,1.0
882,NW-flex,0,1.0
882,BWA-no-clip,1,1.0
882,BWA-std,1,0.7
882,NW-flex,1,1.0
882,BWA-no-clip,2,1.0
882,BWA-std,2,0.5
882,NW-flex,2,1.0
882,BWA-no-clip,3,1.0
882,BWA-std,3,0.3
882,NW-flex,3,1.0
882,BWA-no-clip,4,1.0
882,BWA-std,4,0.1
882,NW-flex,4,1.0
882,BWA-no-clip,5,1.0
882,BWA-std,5,0.0
882,NW-flex,5,1.0
883,BWA-no-clip,-5,0.5
883,BWA-std,-5,0.1
883,NW-flex,-5,1.0
883,BWA-no-clip,-4,0.5
883,BWA-std,-4,0.2
883,NW-flex,-4,1.0
883,BWA-no-clip,-3,0.5
883,BWA-std,-3,0.4
883,NW-flex,-3,1.0
883,BWA-no-clip,-2,0.6
883,BWA-std,-2,0.5
883,NW-flex,-2,1.0
883,BWA-no-clip,-1,0.5
883,BWA-std,-1,0.5
883,NW-flex,-1,1.0
883,BWA-no-clip,0,1.0
883,BWA-std,0,1.0
883,NW-flex,0,1.0
883,BWA-no-clip,1,0.6
883,BWA-std,1,0.6
883,NW-flex,1,1.0
883,BWA-no-clip,2,0.6
883,BWA-std,2,0.5
883,NW-flex,2,1.0
883,BWA-no-clip,3,0.6
883,BWA-std,3,0.3
883,NW-flex,3,1.0
883,BWA-no-clip,4,0.6
883,BWA-std,4,0.1
883,NW-flex,4,1.0
883,BWA-no-clip,5,0.6
883,BWA-std,5,0.0
883,NW-flex,5,1.0
884,BWA-no-clip,-5,0.6
884,BWA-std,-5,0.1
884,NW-flex,-5,1.0
884,BWA-no-clip,-4,0.6
884,BWA-std,-4,0.2
884,NW-flex,-4,1.0
884,BWA-no-clip,-3,0.7
884,BWA-std,-3,0.4
884,NW-flex,-3,1.0
884,BWA-no-clip,-2,0.7
884,BWA-std,-2,0.6
884,NW-flex,-2,1.0
884,BWA-no-clip,-1,0.9
884,BWA-std,-1,0.7
884,NW-flex,-1,1.0
884,BWA-no-clip,0,1.0
884,BWA-std,0,1.0
884,NW-flex,0,1.0
884,BWA-no-clip,1,1.0
884,BWA-std,1,0.7
884,NW-flex,1,1.0
884,BWA-no-clip,2,1.0
884,BWA-std,2,0.5
884,NW-flex,2,1.0
884,BWA-no-clip,3,1.0
884,BWA-std,3,0.3
884,NW-flex,3,1.0
884,BWA-no-clip,4,1.0
884,BWA-std,4,0.1
884,NW-flex,4,1.0
884,BWA-no-clip,5,1.0
884,BWA-std,5,0.0
884,NW-flex,5,1.0
885,BWA-no-clip,-5,0.5
885,BWA-std,-5,0.1
885,NW-flex,-5,1.0
885,BWA-no-clip,-4,0.6
885,BWA-std,-4,0.2
885,NW-flex,-4,1.0
885,BWA-no-clip,-3,0.6
885,BWA-std,-3,0.4
885,NW-flex,-3,1.0
885,BWA-no-clip,-2,0.9
885,BWA-std,-2,0.6
885,NW-flex,-2,1.0
885,BWA-no-clip,-1,0.9
885,BWA-std,-1,0.7
885,NW-flex,-1,1.0
885,BWA-no-clip,0,1.0
885,BWA-std,0,1.0
885,NW-flex,0,1.0
885,BWA-no-clip,1,1.0
885,BWA-std,1,0.7
885,NW-flex,1,1.0
885,BWA-no-clip,2,0.9
885,BWA-std,2,0.5
885,NW-flex,2,1.0
885,BWA-no-clip,3,1.0
885,BWA-std,3,0.3
885,NW-flex,3,1.0
885,BWA-no-clip,4,1.0
885,BWA-std,4,0.1
885,NW-flex,4,1.0
885,BWA-no-clip,5,1.0
885,BWA-std,5,0.0
885,NW-flex,5,1.0
886,BWA-no-clip,-5,0.7
886,BWA-std,-5,0.1
886,NW-flex,-5,1.0
886,BWA-no-clip,-4,0.8
886,BWA-std,-4,0.2
886,NW-flex,-4,1.0
886,BWA-no-clip,-3,0.8
886,BWA-std,-3,0.4
886,NW-flex,-3,1.0
886,BWA-no-clip,-2,0.9
886,BWA-std,-2,0.6
886,NW-flex,-2,1.0
886,BWA-no-clip,-1,0.9
886,BWA-std,-1,0.7
886,NW-flex,-1,1.0
886,BWA-no-clip,0,1.0
886,BWA-std,0,1.0
886,NW-flex,0,1.0
886,BWA-no-clip,1,1.0
886,BWA-std,1,0.7
886,NW-flex,1,1.0
886,BWA-no-clip,2,1.0
886,BWA-std,2,0.5
886,NW-flex,2,1.0
886,BWA-no-clip,3,1.0
886,BWA-std,3,0.3
886,NW-flex,3,1.0
886,BWA-no-clip,4,1.0
886,BWA-std,4,0.1
886,NW-flex,4,1.0
886,BWA-no-clip,5,1.0
886,BWA-std,5,0.0
886,NW-flex,5,1.0
887,BWA-no-clip,-5,0.7
887,BWA-std,-5,0.1
887,NW-flex,-5,1.0
887,BWA-no-clip,-4,0.8
887,BWA-std,-4,0.2
887,NW-flex,-4,1.0
887,BWA-no-clip,-3,0.8
887,BWA-std,-3,0.4
887,NW-flex,-3,1.0
887,BWA-no-clip,-2,0.9
887,BWA-std,-2,0.6
887,NW-flex,-2,1.0
887,BWA-no-clip,-1,0.9
887,BWA-std,-1,0.7
887,NW-flex,-1,1.0
887,BWA-no-clip,0,1.0
887,BWA-std,0,1.0
887,NW-flex,0,1.0
887,BWA-no-clip,1,1.0
887,BWA-std,1,0.7
887,NW-flex,1,1.0
887,BWA-no-clip,2,1.0
887,BWA-std,2,0.5
887,NW-flex,2,1.0
887,BWA-no-clip,3,1.0
887,BWA-std,3,0.3
887,NW-flex,3,1.0
887,BWA-no-clip,4,1.0
887,BWA-std,4,0.1
887,NW-flex,4,1.0
887,BWA-no-clip,5,1.0
887,BWA-std,5,0.0
887,NW-flex,5,1.0
888,BWA-no-clip,-5,0.5
888,BWA-std,-5,0.1
888,NW-flex,-5,1.0
888,BWA-no-clip,-4,0.7
888,BWA-std,-4,0.2
888,NW-flex,-4,1.0
888,BWA-no-clip,-3,0.7
888,BWA-std,-3,0.4
888,NW-flex,-3,1.0
888,BWA-no-clip,-2,0.8
888,BWA-std,-2,0.6
888,NW-flex,-2,1.0
888,BWA-no-clip,-1,0.9
888,BWA-std,-1,0.7
888,NW-flex,-1,1.0
888,BWA-no-clip,0,1.0
888,BWA-std,0,1.0
888,NW-flex,0,1.0
888,BWA-no-clip,1,1.0
888,BWA-std,1,0.7
888,NW-flex,1,1.0
888,BWA-no-clip,2,1.0
888,BWA-std,2,0.5
888,NW-flex,2,1.0
888,BWA-no-clip,3,1.0
888,BWA-std,3,0.3
888,NW-flex,3,1.0
888,BWA-no-clip,4,1.0
888,BWA-std,4,0.1
888,NW-flex,4,1.0
888,BWA-no-clip,5,1.0
888,BWA-std,5,0.0
888,NW-flex,5,1.0
889,BWA-no-clip,-5,0.7
889,BWA-std,-5,0.1
889,NW-flex,-5,1.0
889,BWA-no-clip,-4,0.8
889,BWA-std,-4,0.2
889,NW-flex,-4,1.0
889,BWA-no-clip,-3,0.8
889,BWA-std,-3,0.4
889,NW-flex,-3,1.0
889,BWA-no-clip,-2,0.9
889,BWA-std,-2,0.6
889,NW-flex,-2,1.0
889,BWA-no-clip,-1,0.9
889,BWA-std,-1,0.7
889,NW-flex,-1,1.0
889,BWA-no-clip,0,1.0
889,BWA-std,0,1.0
889,NW-flex,0,1.0
889,BWA-no-clip,1,1.0
889,BWA-std,1,0.7
889,NW-flex,1,1.0
889,BWA-no-clip,2,1.0
889,BWA-std,2,0.5
889,NW-flex,2,1.0
889,BWA-no-clip,3,1.0
889,BWA-std,3,0.3
889,NW-flex,3,1.0
889,BWA-no-clip,4,1.0
889,BWA-std,4,0.1
889,NW-flex,4,1.0
889,BWA-no-clip,5,1.0
889,BWA-std,5,0.0
889,NW-flex,5,1.0
890,BWA-no-clip,-5,0.7
890,BWA-std,-5,0.1
890,NW-flex,-5,1.0
890,BWA-no-clip,-4,0.8
890,BWA-std,-4,0.2
890,NW-flex,-4,1.0
890,BWA-no-clip,-3,0.8
890,BWA-std,-3,0.4
890,NW-flex,-3,1.0
890,BWA-no-clip,-2,0.9
890,BWA-std,-2,0.6
890,NW-flex,-2,1.0
890,BWA-no-clip,-1,0.9
890,BWA-std,-1,0.7
890,NW-flex,-1,1.0
890,BWA-no-clip,0,1.0
890,BWA-std,0,1.0
890,NW-flex,0,1.0
890,BWA-no-clip,1,1.0
890,BWA-std,1,0.7
890,NW-flex,1,1.0
890,BWA-no-clip,2,1.0
890,BWA-std,2,0.5
890,NW-flex,2,1.0
890,BWA-no-clip,3,1.0
890,BWA-std,3,0.3
890,NW-flex,3,1.0
890,BWA-no-clip,4,1.0
890,BWA-std,4,0.1
890,NW-flex,4,1.0
890,BWA-no-clip,5,1.0
890,BWA-std,5,0.0
890,NW-flex,5,1.0
891,BWA-no-clip,-5,0.6
891,BWA-std,-5,0.1
891,NW-flex,-5,1.0
891,BWA-no-clip,-4,0.7
891,BWA-std,-4,0.2
891,NW-flex,-4,1.0
891,BWA-no-clip,-3,0.8
891,BWA-std,-3,0.4
891,NW-flex,-3,1.0
891,BWA-no-clip,-2,0.9
891,BWA-std,-2,0.6
891,NW-flex,-2,1.0
891,BWA-no-clip,-1,0.9
891,BWA-std,-1,0.7
891,NW-flex,-1,1.0
891,BWA-no-clip,0,1.0
891,BWA-std,0,1.0
891,NW-flex,0,1.0
891,BWA-no-clip,1,1.0
891,BWA-std,1,0.7
891,NW-flex,1,1.0
891,BWA-no-clip,2,1.0
891,BWA-std,2,0.5
891,NW-flex,2,1.0
891,BWA-no-clip,3,1.0
891,BWA-std,3,0.3
891,NW-flex,3,1.0
891,BWA-no-clip,4,1.0
891,BWA-std,4,0.1
891,NW-flex,4,1.0
891,BWA-no-clip,5,1.0
891,BWA-std,5,0.0
891,NW-flex,5,1.0
892,BWA-no-clip,-5,0.6
892,BWA-std,-5,0.1
892,NW-flex,-5,1.0
892,BWA-no-clip,-4,0.7
892,BWA-std,-4,0.2
892,NW-flex,-4,1.0
892,BWA-no-clip,-3,0.7
892,BWA-std,-3,0.4
892,NW-flex,-3,1.0
892,BWA-no-clip,-2,0.8
892,BWA-std,-2,0.5
892,NW-flex,-2,1.0
892,BWA-no-clip,-1,0.8
892,BWA-std,-1,0.7
892,NW-flex,-1,1.0
892,BWA-no-clip,0,1.0
892,BWA-std,0,1.0
892,NW-flex,0,1.0
892,BWA-no-clip,1,1.0
892,BWA-std,1,0.7
892,NW-flex,1,1.0
892,BWA-no-clip,2,1.0
892,BWA-std,2,0.5
892,NW-flex,2,1.0
892,BWA-no-clip,3,1.0
892,BWA-std,3,0.3
892,NW-flex,3,1.0
892,BWA-no-clip,4,1.0
892,BWA-std,4,0.1
892,NW-flex,4,1.0
892,BWA-no-clip,5,1.0
892,BWA-std,5,0.0
892,NW-flex,5,1.0
893,BWA-no-clip,-5,0.5
893,BWA-std,-5,0.1
893,NW-flex,-5,1.0
893,BWA-no-clip,-4,0.6
893,BWA-std,-4,0.2
893,NW-flex,-4,1.0
893,BWA-no-clip,-3,0.6
893,BWA-std,-3,0.4
893,NW-flex,-3,1.0
893,BWA-no-clip,-2,0.8
893,BWA-std,-2,0.5
893,NW-flex,-2,1.0
893,BWA-no-clip,-1,0.8
893,BWA-std,-1,0.7
893,NW-flex,-1,1.0
893,BWA-no-clip,0,1.0
893,BWA-std,0,1.0
893,NW-flex,0,1.0
893,BWA-no-clip,1,1.0
893,BWA-std,1,0.7
893,NW-flex,1,1.0
893,BWA-no-clip,2,1.0
893,BWA-std,2,0.5
893,NW-flex,2,1.0
893,BWA-no-clip,3,1.0
893,BWA-std,3,0.3
893,NW-flex,3,1.0
893,BWA-no-clip,4,1.0
893,BWA-std,4,0.1
893,NW-flex,4,1.0
893,BWA-no-clip,5,0.8
893,BWA-std,5,0.0
893,NW-flex,5,1.0
894,BWA-no-clip,-5,0.6
894,BWA-std,-5,0.1
894,NW-flex,-5,1.0
894,BWA-no-clip,-4,0.7
894,BWA-std,-4,0.2
894,NW-flex,-4,1.0
894,BWA-no-clip,-3,0.7
894,BWA-std,-3,0.4
894,NW-flex,-3,1.0
894,BWA-no-clip,-2,0.7333333333333333
894,BWA-std,-2,0.5
894,NW-flex,-2,1.0
894,BWA-no-clip,-1,0.7
894,BWA-std,-1,0.7
894,NW-flex,-1,1.0
894,BWA-no-clip,0,1.0
894,BWA-std,0,1.0
894,NW-flex,0,1.0
894,BWA-no-clip,1,0.8
894,BWA-std,1,0.7
894,NW-flex,1,1.0
894,BWA-no-clip,2,0.8
894,BWA-std,2,0.5
894,NW-flex,2,1.0
894,BWA-no-clip,3,0.8
894,BWA-std,3,0.3
894,NW-flex,3,1.0
894,BWA-no-clip,4,0.8
894,BWA-std,4,0.1
894,NW-flex,4,1.0
894,BWA-no-clip,5,0.8
894,BWA-std,5,0.0
894,NW-flex,5,1.0
895,BWA-no-clip,-5,0.4
895,BWA-std,-5,0.1
895,NW-flex,-5,1.0
895,BWA-no-clip,-4,0.5
895,BWA-std,-4,0.2
895,NW-flex,-4,1.0
895,BWA-no-clip,-3,0.5
895,BWA-std,-3,0.4
895,NW-flex,-3,1.0
895,BWA-no-clip,-2,0.9
895,BWA-std,-2,0.6
895,NW-flex,-2,1.0
895,BWA-no-clip,-1,0.9
895,BWA-std,-1,0.7
895,NW-flex,-1,1.0
895,BWA-no-clip,0,1.0
895,BWA-std,0,1.0
895,NW-flex,0,1.0
895,BWA-no-clip,1,1.0
895,BWA-std,1,0.7
895,NW-flex,1,1.0
895,BWA-no-clip,2,1.0
895,BWA-std,2,0.5
895,NW-flex,2,1.0
895,BWA-no-clip,3,0.9
895,BWA-std,3,0.3
895,NW-flex,3,1.0
895,BWA-no-clip,4,0.9
895,BWA-std,4,0.1
895,NW-flex,4,1.0
895,BWA-no-clip,5,1.0
895,BWA-std,5,0.0
895,NW-flex,5,1.0
896,BWA-no-clip,-5,0.7
896,BWA-std,-5,0.1
896,NW-flex,-5,1.0
896,BWA-no-clip,-4,0.8
896,BWA-std,-4,0.2
896,NW-flex,-4,1.0
896,BWA-no-clip,-3,0.8
896,BWA-std,-3,0.4
896,NW-flex,-3,1.0
896,BWA-no-clip,-2,0.9
896,BWA-std,-2,0.6
896,NW-flex,-2,1.0
896,BWA-no-clip,-1,0.9
896,BWA-std,-1,0.7
896,NW-flex,-1,1.0
896,BWA-no-clip,0,1.0
896,BWA-std,0,1.0
896,NW-flex,0,1.0
896,BWA-no-clip,1,1.0
896,BWA-std,1,0.7
896,NW-flex,1,1.0
896,BWA-no-clip,2,1.0
896,BWA-std,2,0.5
896,NW-flex,2,1.0
896,BWA-no-clip,3,1.0
896,BWA-std,3,0.3
896,NW-flex,3,1.0
896,BWA-no-clip,4,1.0
896,BWA-std,4,0.1
896,NW-flex,4,1.0
896,BWA-no-clip,5,1.0
896,BWA-std,5,0.0
896,NW-flex,5,1.0
897,BWA-no-clip,-5,0.3
897,BWA-std,-5,0.1
897,NW-flex,-5,1.0
897,BWA-no-clip,-4,0.5
897,BWA-std,-4,0.2
897,NW-flex,-4,1.0
897,BWA-no-clip,-3,0.5
897,BWA-std,-3,0.3
897,NW-flex,-3,1.0
897,BWA-no-clip,-2,0.7
897,BWA-std,-2,0.5
897,NW-flex,-2,1.0
897,BWA-no-clip,-1,0.8
897,BWA-std,-1,0.7
897,NW-flex,-1,1.0
897,BWA-no-clip,0,1.0
897,BWA-std,0,1.0
897,NW-flex,0,1.0
897,BWA-no-clip,1,1.0
897,BWA-std,1,0.7
897,NW-flex,1,1.0
897,BWA-no-clip,2,1.0
897,BWA-std,2,0.5
897,NW-flex,2,1.0
897,BWA-no-clip,3,1.0
897,BWA-std,3,0.3
897,NW-flex,3,1.0
897,BWA-no-clip,4,1.0
897,BWA-std,4,0.1
897,NW-flex,4,1.0
897,BWA-no-clip,5,1.0
897,BWA-std,5,0.0
897,NW-flex,5,1.0
898,BWA-no-clip,-5,0.6
898,BWA-std,-5,0.1
898,NW-flex,-5,1.0
898,BWA-no-clip,-4,0.7
898,BWA-std,-4,0.2
898,NW-flex,-4,1.0
898,BWA-no-clip,-3,0.8
898,BWA-std,-3,0.4
898,NW-flex,-3,1.0
898,BWA-no-clip,-2,0.9
898,BWA-std,-2,0.6
898,NW-flex,-2,1.0
898,BWA-no-clip,-1,0.9
898,BWA-std,-1,0.7
898,NW-flex,-1,1.0
898,BWA-no-clip,0,1.0
898,BWA-std,0,1.0
898,NW-flex,0,1.0
898,BWA-no-clip,1,1.0
898,BWA-std,1,0.7
898,NW-flex,1,1.0
898,BWA-no-clip,2,1.0
898,BWA-std,2,0.5
898,NW-flex,2,1.0
898,BWA-no-clip,3,1.0
898,BWA-std,3,0.3
898,NW-flex,3,1.0
898,BWA-no-clip,4,1.0
898,BWA-std,4,0.1
898,NW-flex,4,1.0
898,BWA-no-clip,5,1.0
898,BWA-std,5,0.0
898,NW-flex,5,1.0
899,BWA-no-clip,-5,0.6
899,BWA-std,-5,0.1
899,NW-flex,-5,1.0
899,BWA-no-clip,-4,0.6
899,BWA-std,-4,0.2
899,NW-flex,-4,1.0
899,BWA-no-clip,-3,0.8
899,BWA-std,-3,0.4
899,NW-flex,-3,1.0
899,BWA-no-clip,-2,0.9
899,BWA-std,-2,0.6
899,NW-flex,-2,1.0
899,BWA-no-clip,-1,0.9
899,BWA-std,-1,0.7
899,NW-flex,-1,1.0
899,BWA-no-clip,0,1.0
899,BWA-std,0,1.0
899,NW-flex,0,1.0
899,BWA-no-clip,1,1.0
899,BWA-std,1,0.7
899,NW-flex,1,1.0
899,BWA-no-clip,2,1.0
899,BWA-std,2,0.5
899,NW-flex,2,1.0
899,BWA-no-clip,3,1.0
899,BWA-std,3,0.3
899,NW-flex,3,1.0
899,BWA-no-clip,4,1.0
899,BWA-std,4,0.1
899,NW-flex,4,1.0
899,BWA-no-clip,5,1.0
899,BWA-std,5,0.0
899,NW-flex,5,1.0
900,BWA-no-clip,-5,0.7
900,BWA-std,-5,0.1
900,NW-flex,-5,1.0
900,BWA-no-clip,-4,0.8
900,BWA-std,-4,0.2
900,NW-flex,-4,1.0
900,BWA-no-clip,-3,0.8
900,BWA-std,-3,0.4
900,NW-flex,-3,1.0
900,BWA-no-clip,-2,0.9
900,BWA-std,-2,0.6
900,NW-flex,-2,1.0
900,BWA-no-clip,-1,0.9
900,BWA-std,-1,0.7
900,NW-flex,-1,1.0
900,BWA-no-clip,0,1.0
900,BWA-std,0,1.0
900,NW-flex,0,1.0
900,BWA-no-clip,1,1.0
900,BWA-std,1,0.7
900,NW-flex,1,1.0
900,BWA-no-clip,2,1.0
900,BWA-std,2,0.5
900,NW-flex,2,1.0
900,BWA-no-clip,3,1.0
900,BWA-std,3,0.3
900,NW-flex,3,1.0
900,BWA-no-clip,4,1.0
900,BWA-std,4,0.1
900,NW-flex,4,1.0
900,BWA-no-clip,5,1.0
900,BWA-std,5,0.0
900,NW-flex,5,1.0
901,BWA-no-clip,-5,0.7
901,BWA-std,-5,0.1
901,NW-flex,-5,1.0
901,BWA-no-clip,-4,0.7
901,BWA-std,-4,0.2
901,NW-flex,-4,1.0
901,BWA-no-clip,-3,0.8
901,BWA-std,-3,0.4
901,NW-flex,-3,1.0
901,BWA-no-clip,-2,0.9
901,BWA-std,-2,0.6
901,NW-flex,-2,1.0
901,BWA-no-clip,-1,0.9
901,BWA-std,-1,0.7
901,NW-flex,-1,1.0
901,BWA-no-clip,0,1.0
901,BWA-std,0,1.0
901,NW-flex,0,1.0
901,BWA-no-clip,1,1.0
901,BWA-std,1,0.7
901,NW-flex,1,1.0
901,BWA-no-clip,2,1.0
901,BWA-std,2,0.5
901,NW-flex,2,1.0
901,BWA-no-clip,3,1.0
901,BWA-std,3,0.3
901,NW-flex,3,1.0
901,BWA-no-clip,4,1.0
901,BWA-std,4,0.1
901,NW-flex,4,1.0
901,BWA-no-clip,5,1.0
901,BWA-std,5,0.0
901,NW-flex,5,1.0
902,BWA-no-clip,-5,0.5
902,BWA-std,-5,0.1
902,NW-flex,-5,1.0
902,BWA-no-clip,-4,0.5
902,BWA-std,-4,0.2
902,NW-flex,-4,1.0
902,BWA-no-clip,-3,0.7
902,BWA-std,-3,0.4
902,NW-flex,-3,1.0
902,BWA-no-clip,-2,0.7333333333333333
902,BWA-std,-2,0.5
902,NW-flex,-2,1.0
902,BWA-no-clip,-1,0.7
902,BWA-std,-1,0.7
902,NW-flex,-1,1.0
902,BWA-no-clip,0,1.0
902,BWA-std,0,1.0
902,NW-flex,0,1.0
902,BWA-no-clip,1,0.8
902,BWA-std,1,0.7
902,NW-flex,1,1.0
902,BWA-no-clip,2,0.8
902,BWA-std,2,0.5
902,NW-flex,2,1.0
902,BWA-no-clip,3,0.8
902,BWA-std,3,0.3
902,NW-flex,3,1.0
902,BWA-no-clip,4,0.8
902,BWA-std,4,0.1
902,NW-flex,4,1.0
902,BWA-no-clip,5,0.8
902,BWA-std,5,0.0
902,NW-flex,5,1.0
903,BWA-no-clip,-5,0.6
903,BWA-std,-5,0.1
903,NW-flex,-5,1.0
903,BWA-no-clip,-4,0.7
903,BWA-std,-4,0.2
903,NW-flex,-4,1.0
903,BWA-no-clip,-3,0.7
903,BWA-std,-3,0.4
903,NW-flex,-3,1.0
903,BWA-no-clip,-2,0.8
903,BWA-std,-2,0.5
903,NW-flex,-2,1.0
903,BWA-no-clip,-1,0.7
903,BWA-std,-1,0.7
903,NW-flex,-1,1.0
903,BWA-no-clip,0,1.0
903,BWA-std,0,1.0
903,NW-flex,0,1.0
903,BWA-no-clip,1,0.9
903,BWA-std,1,0.7
903,NW-flex,1,1.0
903,BWA-no-clip,2,1.0
903,BWA-std,2,0.5
903,NW-flex,2,1.0
903,BWA-no-clip,3,1.0
903,BWA-std,3,0.3
903,NW-flex,3,1.0
903,BWA-no-clip,4,1.0
903,BWA-std,4,0.1
903,NW-flex,4,1.0
903,BWA-no-clip,5,1.0
903,BWA-std,5,0.0
903,NW-flex,5,1.0
904,BWA-no-clip,-5,0.6
904,BWA-std,-5,0.1
904,NW-flex,-5,1.0
904,BWA-no-clip,-4,0.7
904,BWA-std,-4,0.2
904,NW-flex,-4,1.0
904,BWA-no-clip,-3,0.8
904,BWA-std,-3,0.4
904,NW-flex,-3,1.0
904,BWA-no-clip,-2,0.9
904,BWA-std,-2,0.6
904,NW-flex,-2,1.0
904,BWA-no-clip,-1,0.9
904,BWA-std,-1,0.7
904,NW-flex,-1,1.0
904,BWA-no-clip,0,1.0
904,BWA-std,0,1.0
904,NW-flex,0,1.0
904,BWA-no-clip,1,1.0
904,BWA-std,1,0.7
904,NW-flex,1,1.0
904,BWA-no-clip,2,1.0
904,BWA-std,2,0.5
904,NW-flex,2,1.0
904,BWA-no-clip,3,1.0
904,BWA-std,3,0.3
904,NW-flex,3,1.0
904,BWA-no-clip,4,1.0
904,BWA-std,4,0.1
904,NW-flex,4,1.0
904,BWA-no-clip,5,1.0
904,BWA-std,5,0.0
904,NW-flex,5,1.0
905,BWA-no-clip,-5,0.7
905,BWA-std,-5,0.1
905,NW-flex,-5,1.0
905,BWA-no-clip,-4,0.7
905,BWA-std,-4,0.2
905,NW-flex,-4,1.0
905,BWA-no-clip,-3,0.8
905,BWA-std,-3,0.4
905,NW-flex,-3,1.0
905,BWA-no-clip,-2,0.9
905,BWA-std,-2,0.6
905,NW-flex,-2,1.0
905,BWA-no-clip,-1,0.9
905,BWA-std,-1,0.7
905,NW-flex,-1,1.0
905,BWA-no-clip,0,1.0
905,BWA-std,0,1.0
905,NW-flex,0,1.0
905,BWA-no-clip,1,1.0
905,BWA-std,1,0.7
905,NW-flex,1,1.0
905,BWA-no-clip,2,1.0
905,BWA-std,2,0.5
905,NW-flex,2,1.0
905,BWA-no-clip,3,1.0
905,BWA-std,3,0.3
905,NW-flex,3,1.0
905,BWA-no-clip,4,1.0
905,BWA-std,4,0.1
905,NW-flex,4,1.0
905,BWA-no-clip,5,1.0
905,BWA-std,5,0.0
905,NW-flex,5,1.0
906,BWA-no-clip,-5,0.6
906,BWA-std,-5,0.1
906,NW-flex,-5,1.0
906,BWA-no-clip,-4,0.6
906,BWA-std,-4,0.2
906,NW-flex,-4,1.0
906,BWA-no-clip,-3,0.7
906,BWA-std,-3,0.4
906,NW-flex,-3,1.0
906,BWA-no-clip,-2,0.8
906,BWA-std,-2,0.6
906,NW-flex,-2,1.0
906,BWA-no-clip,-1,0.9
906,BWA-std,-1,0.7
906,NW-flex,-1,1.0
906,BWA-no-clip,0,1.0
906,BWA-std,0,1.0
906,NW-flex,0,1.0
906,BWA-no-clip,1,1.0
906,BWA-std,1,0.7
906,NW-flex,1,1.0
906,BWA-no-clip,2,1.0
906,BWA-std,2,0.5
906,NW-flex,2,1.0
906,BWA-no-clip,3,1.0
906,BWA-std,3,0.3
906,NW-flex,3,1.0
906,BWA-no-clip,4,1.0
906,BWA-std,4,0.1
906,NW-flex,4,1.0
906,BWA-no-clip,5,1.0
906,BWA-std,5,0.0
906,NW-flex,5,1.0
907,BWA-no-clip,-5,0.5
907,BWA-std,-5,0.1
907,NW-flex,-5,1.0
907,BWA-no-clip,-4,0.6
907,BWA-std,-4,0.2
907,NW-flex,-4,1.0
907,BWA-no-clip,-3,0.6
907,BWA-std,-3,0.3
907,NW-flex,-3,1.0
907,BWA-no-clip,-2,0.7
907,BWA-std,-2,0.5
907,NW-flex,-2,1.0
907,BWA-no-clip,-1,0.8
907,BWA-std,-1,0.7
907,NW-flex,-1,1.0
907,BWA-no-clip,0,1.0
907,BWA-std,0,1.0
907,NW-flex,0,1.0
907,BWA-no-clip,1,0.9
907,BWA-std,1,0.7
907,NW-flex,1,1.0
907,BWA-no-clip,2,0.9
907,BWA-std,2,0.5
907,NW-flex,2,1.0
907,BWA-no-clip,3,0.9
907,BWA-std,3,0.3
907,NW-flex,3,1.0
907,BWA-no-clip,4,0.9
907,BWA-std,4,0.1
907,NW-flex,4,1.0
907,BWA-no-clip,5,0.9
907,BWA-std,5,0.0
907,NW-flex,5,1.0
908,BWA-no-clip,-5,0.4
908,BWA-std,-5,0.1
908,NW-flex,-5,1.0
908,BWA-no-clip,-4,0.6
908,BWA-std,-4,0.2
908,NW-flex,-4,1.0
908,BWA-no-clip,-3,0.6
908,BWA-std,-3,0.4
908,NW-flex,-3,1.0
908,BWA-no-clip,-2,0.9
908,BWA-std,-2,0.6
908,NW-flex,-2,1.0
908,BWA-no-clip,-1,0.9
908,BWA-std,-1,0.7
908,NW-flex,-1,1.0
908,BWA-no-clip,0,1.0
908,BWA-std,0,1.0
908,NW-flex,0,1.0
908,BWA-no-clip,1,1.0
908,BWA-std,1,0.7
908,NW-flex,1,1.0
908,BWA-no-clip,2,1.0
908,BWA-std,2,0.5
908,NW-flex,2,1.0
908,BWA-no-clip,3,0.9
908,BWA-std,3,0.3
908,NW-flex,3,1.0
908,BWA-no-clip,4,1.0
908,BWA-std,4,0.1
908,NW-flex,4,1.0
908,BWA-no-clip,5,1.0
908,BWA-std,5,0.0
908,NW-flex,5,1.0
909,BWA-no-clip,-5,0.5
909,BWA-std,-5,0.1
909,NW-flex,-5,1.0
909,BWA-no-clip,-4,0.6
909,BWA-std,-4,0.2
909,NW-flex,-4,1.0
909,BWA-no-clip,-3,0.6
909,BWA-std,-3,0.4
909,NW-flex,-3,1.0
909,BWA-no-clip,-2,0.9
909,BWA-std,-2,0.6
909,NW-flex,-2,1.0
909,BWA-no-clip,-1,0.9
909,BWA-std,-1,0.7
909,NW-flex,-1,1.0
909,BWA-no-clip,0,1.0
909,BWA-std,0,1.0
909,NW-flex,0,1.0
909,BWA-no-clip,1,1.0
909,BWA-std,1,0.7
909,NW-flex,1,1.0
909,BWA-no-clip,2,0.9
909,BWA-std,2,0.5
909,NW-flex,2,1.0
909,BWA-no-clip,3,1.0
909,BWA-std,3,0.3
909,NW-flex,3,1.0
909,BWA-no-clip,4,1.0
909,BWA-std,4,0.1
909,NW-flex,4,1.0
909,BWA-no-clip,5,1.0
909,BWA-std,5,0.0
909,NW-flex,5,1.0
910,BWA-no-clip,-5,0.5
910,BWA-std,-5,0.1
910,NW-flex,-5,1.0
910,BWA-no-clip,-4,0.6
910,BWA-std,-4,0.2
910,NW-flex,-4,1.0
910,BWA-no-clip,-3,0.6
910,BWA-std,-3,0.4
910,NW-flex,-3,1.0
910,BWA-no-clip,-2,0.9
910,BWA-std,-2,0.6
910,NW-flex,-2,1.0
910,BWA-no-clip,-1,0.9
910,BWA-std,-1,0.7
910,NW-flex,-1,1.0
910,BWA-no-clip,0,1.0
910,BWA-std,0,1.0
910,NW-flex,0,1.0
910,BWA-no-clip,1,1.0
910,BWA-std,1,0.7
910,NW-flex,1,1.0
910,BWA-no-clip,2,0.9
910,BWA-std,2,0.5
910,NW-flex,2,1.0
910,BWA-no-clip,3,1.0
910,BWA-std,3,0.3
910,NW-flex,3,1.0
910,BWA-no-clip,4,0.9
910,BWA-std,4,0.1
910,NW-flex,4,1.0
910,BWA-no-clip,5,0.9
910,BWA-std,5,0.0
910,NW-flex,5,1.0
911,BWA-no-clip,-5,0.6
911,BWA-std,-5,0.1
911,NW-flex,-5,1.0
911,BWA-no-clip,-4,0.7
911,BWA-std,-4,0.2
911,NW-flex,-4,1.0
911,BWA-no-clip,-3,0.7
911,BWA-std,-3,0.4
911,NW-flex,-3,1.0
911,BWA-no-clip,-2,0.8
911,BWA-std,-2,0.5
911,NW-flex,-2,1.0
911,BWA-no-clip,-1,0.8
911,BWA-std,-1,0.7
911,NW-flex,-1,1.0
911,BWA-no-clip,0,1.0
911,BWA-std,0,1.0
911,NW-flex,0,1.0
911,BWA-no-clip,1,1.0
911,BWA-std,1,0.7
911,NW-flex,1,1.0
911,BWA-no-clip,2,1.0
911,BWA-std,2,0.5
911,NW-flex,2,1.0
911,BWA-no-clip,3,1.0
911,BWA-std,3,0.3
911,NW-flex,3,1.0
911,BWA-no-clip,4,1.0
911,BWA-std,4,0.1
911,NW-flex,4,1.0
911,BWA-no-clip,5,1.0
911,BWA-std,5,0.0
911,NW-flex,5,1.0
912,BWA-no-clip,-5,0.7
912,BWA-std,-5,0.1
912,NW-flex,-5,1.0
912,BWA-no-clip,-4,0.7
912,BWA-std,-4,0.2
912,NW-flex,-4,1.0
912,BWA-no-clip,-3,0.8
912,BWA-std,-3,0.4
912,NW-flex,-3,1.0
912,BWA-no-clip,-2,0.9
912,BWA-std,-2,0.6
912,NW-flex,-2,1.0
912,BWA-no-clip,-1,0.9
912,BWA-std,-1,0.7
912,NW-flex,-1,1.0
912,BWA-no-clip,0,1.0
912,BWA-std,0,1.0
912,NW-flex,0,1.0
912,BWA-no-clip,1,1.0
912,BWA-std,1,0.7
912,NW-flex,1,1.0
912,BWA-no-clip,2,1.0
912,BWA-std,2,0.5
912,NW-flex,2,1.0
912,BWA-no-clip,3,1.0
912,BWA-std,3,0.3
912,NW-flex,3,1.0
912,BWA-no-clip,4,1.0
912,BWA-std,4,0.1
912,NW-flex,4,1.0
912,BWA-no-clip,5,1.0
912,BWA-std,5,0.0
912,NW-flex,5,1.0
913,BWA-no-clip,-5,0.5
913,BWA-std,-5,0.1
913,NW-flex,-5,1.0
913,BWA-no-clip,-4,0.8
913,BWA-std,-4,0.2
913,NW-flex,-4,1.0
913,BWA-no-clip,-3,0.8
913,BWA-std,-3,0.4
913,NW-flex,-3,1.0
913,BWA-no-clip,-2,0.9
913,BWA-std,-2,0.6
913,NW-flex,-2,1.0
913,BWA-no-clip,-1,0.9
913,BWA-std,-1,0.7
913,NW-flex,-1,1.0
913,BWA-no-clip,0,1.0
913,BWA-std,0,1.0
913,NW-flex,0,1.0
913,BWA-no-clip,1,1.0
913,BWA-std,1,0.7
913,NW-flex,1,1.0
913,BWA-no-clip,2,1.0
913,BWA-std,2,0.5
913,NW-flex,2,1.0
913,BWA-no-clip,3,1.0
913,BWA-std,3,0.3
913,NW-flex,3,1.0
913,BWA-no-clip,4,1.0
913,BWA-std,4,0.1
913,NW-flex,4,1.0
913,BWA-no-clip,5,1.0
913,BWA-std,5,0.0
913,NW-flex,5,1.0
914,BWA-no-clip,-5,0.7
914,BWA-std,-5,0.1
914,NW-flex,-5,1.0
914,BWA-no-clip,-4,0.7
914,BWA-std,-4,0.2
914,NW-flex,-4,1.0
914,BWA-no-clip,-3,0.8
914,BWA-std,-3,0.4
914,NW-flex,-3,1.0
914,BWA-no-clip,-2,0.8
914,BWA-std,-2,0.6
914,NW-flex,-2,1.0
914,BWA-no-clip,-1,0.9
914,BWA-std,-1,0.7
914,NW-flex,-1,1.0
914,BWA-no-clip,0,1.0
914,BWA-std,0,1.0
914,NW-flex,0,1.0
914,BWA-no-clip,1,1.0
914,BWA-std,1,0.7
914,NW-flex,1,1.0
914,BWA-no-clip,2,1.0
914,BWA-std,2,0.5
914,NW-flex,2,1.0
914,BWA-no-clip,3,1.0
914,BWA-std,3,0.3
914,NW-flex,3,1.0
914,BWA-no-clip,4,1.0
914,BWA-std,4,0.1
914,NW-flex,4,1.0
914,BWA-no-clip,5,1.0
914,BWA-std,5,0.0
914,NW-flex,5,1.0
915,BWA-no-clip,-5,0.6
915,BWA-std,-5,0.1
915,NW-flex,-5,1.0
915,BWA-no-clip,-4,0.7
915,BWA-std,-4,0.2
915,NW-flex,-4,1.0
915,BWA-no-clip,-3,0.8
915,BWA-std,-3,0.4
915,NW-flex,-3,1.0
915,BWA-no-clip,-2,0.8
915,BWA-std,-2,0.6
915,NW-flex,-2,1.0
915,BWA-no-clip,-1,0.9
915,BWA-std,-1,0.7
915,NW-flex,-1,1.0
915,BWA-no-clip,0,1.0
915,BWA-std,0,1.0
915,NW-flex,0,1.0
915,BWA-no-clip,1,1.0
915,BWA-std,1,0.7
915,NW-flex,1,1.0
915,BWA-no-clip,2,0.9
915,BWA-std,2,0.5
915,NW-flex,2,1.0
915,BWA-no-clip,3,0.9
915,BWA-std,3,0.3
915,NW-flex,3,1.0
915,BWA-no-clip,4,0.9
915,BWA-std,4,0.1
915,NW-flex,4,1.0
915,BWA-no-clip,5,0.9
915,BWA-std,5,0.0
915,NW-flex,5,1.0
916,BWA-no-clip,-5,0.6
916,BWA-std,-5,0.1
916,NW-flex,-5,1.0
916,BWA-no-clip,-4,0.7
916,BWA-std,-4,0.2
916,NW-flex,-4,1.0
916,BWA-no-clip,-3,0.7
916,BWA-std,-3,0.4
916,NW-flex,-3,1.0
916,BWA-no-clip,-2,0.9
916,BWA-std,-2,0.6
916,NW-flex,-2,1.0
916,BWA-no-clip,-1,0.9
916,BWA-std,-1,0.7
916,NW-flex,-1,1.0
916,BWA-no-clip,0,1.0
916,BWA-std,0,1.0
916,NW-flex,0,1.0
916,BWA-no-clip,1,1.0
916,BWA-std,1,0.7
916,NW-flex,1,1.0
916,BWA-no-clip,2,1.0
916,BWA-std,2,0.5
916,NW-flex,2,1.0
916,BWA-no-clip,3,1.0
916,BWA-std,3,0.3
916,NW-flex,3,1.0
916,BWA-no-clip,4,1.0
916,BWA-std,4,0.1
916,NW-flex,4,1.0
916,BWA-no-clip,5,1.0
916,BWA-std,5,0.0
916,NW-flex,5,1.0
917,BWA-no-clip,-5,0.5
917,BWA-std,-5,0.1
917,NW-flex,-5,1.0
917,BWA-no-clip,-4,0.6
917,BWA-std,-4,0.2
917,NW-flex,-4,1.0
917,BWA-no-clip,-3,0.6
917,BWA-std,-3,0.4
917,NW-flex,-3,1.0
917,BWA-no-clip,-2,0.9
917,BWA-std,-2,0.6
917,NW-flex,-2,1.0
917,BWA-no-clip,-1,0.9
917,BWA-std,-1,0.7
917,NW-flex,-1,1.0
917,BWA-no-clip,0,1.0
917,BWA-std,0,1.0
917,NW-flex,0,1.0
917,BWA-no-clip,1,1.0
917,BWA-std,1,0.7
917,NW-flex,1,1.0
917,BWA-no-clip,2,0.9
917,BWA-std,2,0.5
917,NW-flex,2,1.0
917,BWA-no-clip,3,1.0
917,BWA-std,3,0.3
917,NW-flex,3,1.0
917,BWA-no-clip,4,1.0
917,BWA-std,4,0.1
917,NW-flex,4,1.0
917,BWA-no-clip,5,1.0
917,BWA-std,5,0.0
917,NW-flex,5,1.0
918,BWA-no-clip,-5,0.7
918,BWA-std,-5,0.1
918,NW-flex,-5,1.0
918,BWA-no-clip,-4,0.8
918,BWA-std,-4,0.2
918,NW-flex,-4,1.0
918,BWA-no-clip,-3,0.8
918,BWA-std,-3,0.4
918,NW-flex,-3,1.0
918,BWA-no-clip,-2,0.9
918,BWA-std,-2,0.6
918,NW-flex,-2,1.0
918,BWA-no-clip,-1,0.9
918,BWA-std,-1,0.7
918,NW-flex,-1,1.0
918,BWA-no-clip,0,1.0
918,BWA-std,0,1.0
918,NW-flex,0,1.0
918,BWA-no-clip,1,1.0
918,BWA-std,1,0.7
918,NW-flex,1,1.0
918,BWA-no-clip,2,1.0
918,BWA-std,2,0.5
918,NW-flex,2,1.0
918,BWA-no-clip,3,1.0
918,BWA-std,3,0.3
918,NW-flex,3,1.0
918,BWA-no-clip,4,1.0
918,BWA-std,4,0.1
918,NW-flex,4,1.0
918,BWA-no-clip,5,1.0
918,BWA-std,5,0.0
918,NW-flex,5,1.0
919,BWA-no-clip,-5,0.5
919,BWA-std,-5,0.1
919,NW-flex,-5,1.0
919,BWA-no-clip,-4,0.6
919,BWA-std,-4,0.2
919,NW-flex,-4,1.0
919,BWA-no-clip,-3,0.6
919,BWA-std,-3,0.4
919,NW-flex,-3,1.0
919,BWA-no-clip,-2,0.8
919,BWA-std,-2,0.5
919,NW-flex,-2,1.0
919,BWA-no-clip,-1,0.8
919,BWA-std,-1,0.7
919,NW-flex,-1,1.0
919,BWA-no-clip,0,1.0
919,BWA-std,0,1.0
919,NW-flex,0,1.0
919,BWA-no-clip,1,1.0
919,BWA-std,1,0.7
919,NW-flex,1,1.0
919,BWA-no-clip,2,1.0
919,BWA-std,2,0.5
919,NW-flex,2,1.0
919,BWA-no-clip,3,1.0
919,BWA-std,3,0.3
919,NW-flex,3,1.0
919,BWA-no-clip,4,1.0
919,BWA-std,4,0.1
919,NW-flex,4,1.0
919,BWA-no-clip,5,1.0
919,BWA-std,5,0.0
919,NW-flex,5,1.0
920,BWA-no-clip,-5,0.6
920,BWA-std,-5,0.1
920,NW-flex,-5,1.0
920,BWA-no-clip,-4,0.8
920,BWA-std,-4,0.2
920,NW-flex,-4,1.0
920,BWA-no-clip,-3,0.8
920,BWA-std,-3,0.4
920,NW-flex,-3,1.0
920,BWA-no-clip,-2,0.9
920,BWA-std,-2,0.6
920,NW-flex,-2,1.0
920,BWA-no-clip,-1,0.9
920,BWA-std,-1,0.7
920,NW-flex,-1,1.0
920,BWA-no-clip,0,1.0
920,BWA-std,0,1.0
920,NW-flex,0,1.0
920,BWA-no-clip,1,1.0
920,BWA-std,1,0.7
920,NW-flex,1,1.0
920,BWA-no-clip,2,1.0
920,BWA-std,2,0.5
920,NW-flex,2,1.0
920,BWA-no-clip,3,1.0
920,BWA-std,3,0.3
920,NW-flex,3,1.0
920,BWA-no-clip,4,1.0
920,BWA-std,4,0.1
920,NW-flex,4,1.0
920,BWA-no-clip,5,1.0
920,BWA-std,5,0.0
920,NW-flex,5,1.0
921,BWA-no-clip,-5,0.7
921,BWA-std,-5,0.1
921,NW-flex,-5,1.0
921,BWA-no-clip,-4,0.8
921,BWA-std,-4,0.2
921,NW-flex,-4,1.0
921,BWA-no-clip,-3,0.8
921,BWA-std,-3,0.4
921,NW-flex,-3,1.0
921,BWA-no-clip,-2,0.9
921,BWA-std,-2,0.6
921,NW-flex,-2,1.0
921,BWA-no-clip,-1,0.9
921,BWA-std,-1,0.7
921,NW-flex,-1,1.0
921,BWA-no-clip,0,1.0
921,BWA-std,0,1.0
921,NW-flex,0,1.0
921,BWA-no-clip,1,1.0
921,BWA-std,1,0.7
921,NW-flex,1,1.0
921,BWA-no-clip,2,1.0
921,BWA-std,2,0.5
921,NW-flex,2,1.0
921,BWA-no-clip,3,1.0
921,BWA-std,3,0.3
921,NW-flex,3,1.0
921,BWA-no-clip,4,1.0
921,BWA-std,4,0.1
921,NW-flex,4,1.0
921,BWA-no-clip,5,1.0
921,BWA-std,5,0.0
921,NW-flex,5,1.0
922,BWA-no-clip,-5,0.4
922,BWA-std,-5,0.1
922,NW-flex,-5,1.0
922,BWA-no-clip,-4,0.6
922,BWA-std,-4,0.2
922,NW-flex,-4,1.0
922,BWA-no-clip,-3,0.7
922,BWA-std,-3,0.4
922,NW-flex,-3,1.0
922,BWA-no-clip,-2,0.8
922,BWA-std,-2,0.6
922,NW-flex,-2,1.0
922,BWA-no-clip,-1,0.9
922,BWA-std,-1,0.7
922,NW-flex,-1,1.0
922,BWA-no-clip,0,1.0
922,BWA-std,0,1.0
922,NW-flex,0,1.0
922,BWA-no-clip,1,1.0
922,BWA-std,1,0.7
922,NW-flex,1,1.0
922,BWA-no-clip,2,1.0
922,BWA-std,2,0.5
922,NW-flex,2,1.0
922,BWA-no-clip,3,1.0
922,BWA-std,3,0.3
922,NW-flex,3,1.0
922,BWA-no-clip,4,1.0
922,BWA-std,4,0.1
922,NW-flex,4,1.0
922,BWA-no-clip,5,1.0
922,BWA-std,5,0.0
922,NW-flex,5,1.0
923,BWA-no-clip,-5,0.5
923,BWA-std,-5,0.1
923,NW-flex,-5,1.0
923,BWA-no-clip,-4,0.5
923,BWA-std,-4,0.2
923,NW-flex,-4,1.0
923,BWA-no-clip,-3,0.7
923,BWA-std,-3,0.4
923,NW-flex,-3,1.0
923,BWA-no-clip,-2,0.7
923,BWA-std,-2,0.6
923,NW-flex,-2,1.0
923,BWA-no-clip,-1,0.9
923,BWA-std,-1,0.7
923,NW-flex,-1,1.0
923,BWA-no-clip,0,1.0
923,BWA-std,0,1.0
923,NW-flex,0,1.0
923,BWA-no-clip,1,1.0
923,BWA-std,1,0.7
923,NW-flex,1,1.0
923,BWA-no-clip,2,1.0
923,BWA-std,2,0.5
923,NW-flex,2,1.0
923,BWA-no-clip,3,1.0
923,BWA-std,3,0.3
923,NW-flex,3,1.0
923,BWA-no-clip,4,1.0
923,BWA-std,4,0.1
923,NW-flex,4,1.0
923,BWA-no-clip,5,1.0
923,BWA-std,5,0.0
923,NW-flex,5,1.0
924,BWA-no-clip,-5,0.4
924,BWA-std,-5,0.1
924,NW-flex,-5,1.0
924,BWA-no-clip,-4,0.4
924,BWA-std,-4,0.2
924,NW-flex,-4,1.0
924,BWA-no-clip,-3,0.8
924,BWA-std,-3,0.4
924,NW-flex,-3,1.0
924,BWA-no-clip,-2,0.8
924,BWA-std,-2,0.6
924,NW-flex,-2,1.0
924,BWA-no-clip,-1,0.9
924,BWA-std,-1,0.7
924,NW-flex,-1,1.0
924,BWA-no-clip,0,1.0
924,BWA-std,0,1.0
924,NW-flex,0,1.0
924,BWA-no-clip,1,1.0
924,BWA-std,1,0.7
924,NW-flex,1,1.0
924,BWA-no-clip,2,1.0
924,BWA-std,2,0.5
924,NW-flex,2,1.0
924,BWA-no-clip,3,1.0
924,BWA-std,3,0.3
924,NW-flex,3,1.0
924,BWA-no-clip,4,1.0
924,BWA-std,4,0.1
924,NW-flex,4,1.0
924,BWA-no-clip,5,1.0
924,BWA-std,5,0.0
924,NW-flex,5,1.0
925,BWA-no-clip,-5,0.6
925,BWA-std,-5,0.1
925,NW-flex,-5,1.0
925,BWA-no-clip,-4,0.6
925,BWA-std,-4,0.2
925,NW-flex,-4,1.0
925,BWA-no-clip,-3,0.7
925,BWA-std,-3,0.4
925,NW-flex,-3,1.0
925,BWA-no-clip,-2,0.7
925,BWA-std,-2,0.6
925,NW-flex,-2,1.0
925,BWA-no-clip,-1,0.9
925,BWA-std,-1,0.7
925,NW-flex,-1,1.0
925,BWA-no-clip,0,1.0
925,BWA-std,0,1.0
925,NW-flex,0,1.0
925,BWA-no-clip,1,1.0
925,BWA-std,1,0.7
925,NW-flex,1,1.0
925,BWA-no-clip,2,1.0
925,BWA-std,2,0.5
925,NW-flex,2,1.0
925,BWA-no-clip,3,1.0
925,BWA-std,3,0.3
925,NW-flex,3,1.0
925,BWA-no-clip,4,1.0
925,BWA-std,4,0.1
925,NW-flex,4,1.0
925,BWA-no-clip,5,1.0
925,BWA-std,5,0.0
925,NW-flex,5,1.0
926,BWA-no-clip,-5,0.5
926,BWA-std,-5,0.1
926,NW-flex,-5,1.0
926,BWA-no-clip,-4,0.6
926,BWA-std,-4,0.2
926,NW-flex,-4,1.0
926,BWA-no-clip,-3,0.7
926,BWA-std,-3,0.4
926,NW-flex,-3,1.0
926,BWA-no-clip,-2,0.9
926,BWA-std,-2,0.6
926,NW-flex,-2,1.0
926,BWA-no-clip,-1,0.9
926,BWA-std,-1,0.7
926,NW-flex,-1,1.0
926,BWA-no-clip,0,1.0
926,BWA-std,0,1.0
926,NW-flex,0,1.0
926,BWA-no-clip,1,1.0
926,BWA-std,1,0.7
926,NW-flex,1,1.0
926,BWA-no-clip,2,1.0
926,BWA-std,2,0.5
926,NW-flex,2,1.0
926,BWA-no-clip,3,1.0
926,BWA-std,3,0.3
926,NW-flex,3,1.0
926,BWA-no-clip,4,1.0
926,BWA-std,4,0.1
926,NW-flex,4,1.0
926,BWA-no-clip,5,1.0
926,BWA-std,5,0.0
926,NW-flex,5,1.0
927,BWA-no-clip,-5,0.6
927,BWA-std,-5,0.1
927,NW-flex,-5,1.0
927,BWA-no-clip,-4,0.8
927,BWA-std,-4,0.2
927,NW-flex,-4,1.0
927,BWA-no-clip,-3,0.8
927,BWA-std,-3,0.4
927,NW-flex,-3,1.0
927,BWA-no-clip,-2,0.9
927,BWA-std,-2,0.6
927,NW-flex,-2,1.0
927,BWA-no-clip,-1,0.9
927,BWA-std,-1,0.7
927,NW-flex,-1,1.0
927,BWA-no-clip,0,1.0
927,BWA-std,0,1.0
927,NW-flex,0,1.0
927,BWA-no-clip,1,1.0
927,BWA-std,1,0.7
927,NW-flex,1,1.0
927,BWA-no-clip,2,1.0
927,BWA-std,2,0.5
927,NW-flex,2,1.0
927,BWA-no-clip,3,1.0
927,BWA-std,3,0.3
927,NW-flex,3,1.0
927,BWA-no-clip,4,1.0
927,BWA-std,4,0.1
927,NW-flex,4,1.0
927,BWA-no-clip,5,1.0
927,BWA-std,5,0.0
927,NW-flex,5,1.0
928,BWA-no-clip,-5,0.6
928,BWA-std,-5,0.1
928,NW-flex,-5,1.0
928,BWA-no-clip,-4,0.7
928,BWA-std,-4,0.2
928,NW-flex,-4,1.0
928,BWA-no-clip,-3,0.7
928,BWA-std,-3,0.4
928,NW-flex,-3,1.0
928,BWA-no-clip,-2,0.9
928,BWA-std,-2,0.6
928,NW-flex,-2,1.0
928,BWA-no-clip,-1,0.9
928,BWA-std,-1,0.7
928,NW-flex,-1,1.0
928,BWA-no-clip,0,1.0
928,BWA-std,0,1.0
928,NW-flex,0,1.0
928,BWA-no-clip,1,1.0
928,BWA-std,1,0.7
928,NW-flex,1,1.0
928,BWA-no-clip,2,1.0
928,BWA-std,2,0.5
928,NW-flex,2,1.0
928,BWA-no-clip,3,1.0
928,BWA-std,3,0.3
928,NW-flex,3,1.0
928,BWA-no-clip,4,0.9
928,BWA-std,4,0.1
928,NW-flex,4,1.0
928,BWA-no-clip,5,1.0
928,BWA-std,5,0.0
928,NW-flex,5,1.0
929,BWA-no-clip,-5,0.4
929,BWA-std,-5,0.1
929,NW-flex,-5,1.0
929,BWA-no-clip,-4,0.6
929,BWA-std,-4,0.2
929,NW-flex,-4,1.0
929,BWA-no-clip,-3,0.6
929,BWA-std,-3,0.3
929,NW-flex,-3,1.0
929,BWA-no-clip,-2,0.7
929,BWA-std,-2,0.5
929,NW-flex,-2,1.0
929,BWA-no-clip,-1,0.8
929,BWA-std,-1,0.7
929,NW-flex,-1,1.0
929,BWA-no-clip,0,1.0
929,BWA-std,0,1.0
929,NW-flex,0,1.0
929,BWA-no-clip,1,0.9
929,BWA-std,1,0.7
929,NW-flex,1,1.0
929,BWA-no-clip,2,0.9
929,BWA-std,2,0.5
929,NW-flex,2,1.0
929,BWA-no-clip,3,0.8
929,BWA-std,3,0.3
929,NW-flex,3,1.0
929,BWA-no-clip,4,0.9
929,BWA-std,4,0.1
929,NW-flex,4,1.0
929,BWA-no-clip,5,0.9
929,BWA-std,5,0.0
929,NW-flex,5,1.0
930,BWA-no-clip,-5,0.7
930,BWA-std,-5,0.1
930,NW-flex,-5,1.0
930,BWA-no-clip,-4,0.8
930,BWA-std,-4,0.2
930,NW-flex,-4,1.0
930,BWA-no-clip,-3,0.8
930,BWA-std,-3,0.4
930,NW-flex,-3,1.0
930,BWA-no-clip,-2,0.9
930,BWA-std,-2,0.6
930,NW-flex,-2,1.0
930,BWA-no-clip,-1,0.9
930,BWA-std,-1,0.7
930,NW-flex,-1,1.0
930,BWA-no-clip,0,1.0
930,BWA-std,0,1.0
930,NW-flex,0,1.0
930,BWA-no-clip,1,1.0
930,BWA-std,1,0.7
930,NW-flex,1,1.0
930,BWA-no-clip,2,1.0
930,BWA-std,2,0.5
930,NW-flex,2,1.0
930,BWA-no-clip,3,1.0
930,BWA-std,3,0.3
930,NW-flex,3,1.0
930,BWA-no-clip,4,1.0
930,BWA-std,4,0.1
930,NW-flex,4,1.0
930,BWA-no-clip,5,1.0
930,BWA-std,5,0.0
930,NW-flex,5,1.0
931,BWA-no-clip,-5,0.6
931,BWA-std,-5,0.1
931,NW-flex,-5,1.0
931,BWA-no-clip,-4,0.7
931,BWA-std,-4,0.2
931,NW-flex,-4,1.0
931,BWA-no-clip,-3,0.7
931,BWA-std,-3,0.4
931,NW-flex,-3,1.0
931,BWA-no-clip,-2,0.7333333333333333
931,BWA-std,-2,0.5
931,NW-flex,-2,1.0
931,BWA-no-clip,-1,0.7
931,BWA-std,-1,0.7
931,NW-flex,-1,1.0
931,BWA-no-clip,0,1.0
931,BWA-std,0,1.0
931,NW-flex,0,1.0
931,BWA-no-clip,1,0.8
931,BWA-std,1,0.7
931,NW-flex,1,1.0
931,BWA-no-clip,2,0.8
931,BWA-std,2,0.5
931,NW-flex,2,1.0
931,BWA-no-clip,3,0.8
931,BWA-std,3,0.3
931,NW-flex,3,1.0
931,BWA-no-clip,4,0.8
931,BWA-std,4,0.1
931,NW-flex,4,1.0
931,BWA-no-clip,5,0.8
931,BWA-std,5,0.0
931,NW-flex,5,1.0
932,BWA-no-clip,-5,0.5
932,BWA-std,-5,0.1
932,NW-flex,-5,1.0
932,BWA-no-clip,-4,0.8
932,BWA-std,-4,0.2
932,NW-flex,-4,1.0
932,BWA-no-clip,-3,0.8
932,BWA-std,-3,0.4
932,NW-flex,-3,1.0
932,BWA-no-clip,-2,0.9
932,BWA-std,-2,0.6
932,NW-flex,-2,1.0
932,BWA-no-clip,-1,0.9
932,BWA-std,-1,0.7
932,NW-flex,-1,1.0
932,BWA-no-clip,0,1.0
932,BWA-std,0,1.0
932,NW-flex,0,1.0
932,BWA-no-clip,1,1.0
932,BWA-std,1,0.7
932,NW-flex,1,1.0
932,BWA-no-clip,2,1.0
932,BWA-std,2,0.5
932,NW-flex,2,1.0
932,BWA-no-clip,3,1.0
932,BWA-std,3,0.3
932,NW-flex,3,1.0
932,BWA-no-clip,4,1.0
932,BWA-std,4,0.1
932,NW-flex,4,1.0
932,BWA-no-clip,5,1.0
932,BWA-std,5,0.0
932,NW-flex,5,1.0
933,BWA-no-clip,-5,0.5
933,BWA-std,-5,0.1
933,NW-flex,-5,1.0
933,BWA-no-clip,-4,0.6
933,BWA-std,-4,0.2
933,NW-flex,-4,1.0
933,BWA-no-clip,-3,0.6
933,BWA-std,-3,0.4
933,NW-flex,-3,1.0
933,BWA-no-clip,-2,0.8
933,BWA-std,-2,0.6
933,NW-flex,-2,1.0
933,BWA-no-clip,-1,0.9
933,BWA-std,-1,0.7
933,NW-flex,-1,1.0
933,BWA-no-clip,0,1.0
933,BWA-std,0,1.0
933,NW-flex,0,1.0
933,BWA-no-clip,1,1.0
933,BWA-std,1,0.7
933,NW-flex,1,1.0
933,BWA-no-clip,2,1.0
933,BWA-std,2,0.5
933,NW-flex,2,1.0
933,BWA-no-clip,3,1.0
933,BWA-std,3,0.3
933,NW-flex,3,1.0
933,BWA-no-clip,4,1.0
933,BWA-std,4,0.1
933,NW-flex,4,1.0
933,BWA-no-clip,5,1.0
933,BWA-std,5,0.0
933,NW-flex,5,1.0
934,BWA-no-clip,-5,0.4
934,BWA-std,-5,0.1
934,NW-flex,-5,1.0
934,BWA-no-clip,-4,0.5
934,BWA-std,-4,0.2
934,NW-flex,-4,1.0
934,BWA-no-clip,-3,0.5
934,BWA-std,-3,0.3
934,NW-flex,-3,1.0
934,BWA-no-clip,-2,0.7
934,BWA-std,-2,0.5
934,NW-flex,-2,1.0
934,BWA-no-clip,-1,0.8
934,BWA-std,-1,0.7
934,NW-flex,-1,1.0
934,BWA-no-clip,0,1.0
934,BWA-std,0,1.0
934,NW-flex,0,1.0
934,BWA-no-clip,1,0.9
934,BWA-std,1,0.7
934,NW-flex,1,1.0
934,BWA-no-clip,2,0.9
934,BWA-std,2,0.5
934,NW-flex,2,1.0
934,BWA-no-clip,3,0.9
934,BWA-std,3,0.3
934,NW-flex,3,1.0
934,BWA-no-clip,4,0.9
934,BWA-std,4,0.1
934,NW-flex,4,1.0
934,BWA-no-clip,5,0.9
934,BWA-std,5,0.0
934,NW-flex,5,1.0
935,BWA-no-clip,-5,0.5
935,BWA-std,-5,0.1
935,NW-flex,-5,1.0
935,BWA-no-clip,-4,0.6
935,BWA-std,-4,0.2
935,NW-flex,-4,1.0
935,BWA-no-clip,-3,0.6
935,BWA-std,-3,0.3
935,NW-flex,-3,1.0
935,BWA-no-clip,-2,0.7
935,BWA-std,-2,0.5
935,NW-flex,-2,1.0
935,BWA-no-clip,-1,0.8
935,BWA-std,-1,0.7
935,NW-flex,-1,1.0
935,BWA-no-clip,0,1.0
935,BWA-std,0,1.0
935,NW-flex,0,1.0
935,BWA-no-clip,1,0.9
935,BWA-std,1,0.7
935,NW-flex,1,1.0
935,BWA-no-clip,2,0.9
935,BWA-std,2,0.5
935,NW-flex,2,1.0
935,BWA-no-clip,3,0.9
935,BWA-std,3,0.3
935,NW-flex,3,1.0
935,BWA-no-clip,4,0.9
935,BWA-std,4,0.1
935,NW-flex,4,1.0
935,BWA-no-clip,5,0.9
935,BWA-std,5,0.0
935,NW-flex,5,1.0
936,BWA-no-clip,-5,0.6
936,BWA-std,-5,0.1
936,NW-flex,-5,1.0
936,BWA-no-clip,-4,0.8
936,BWA-std,-4,0.2
936,NW-flex,-4,1.0
936,BWA-no-clip,-3,0.8
936,BWA-std,-3,0.4
936,NW-flex,-3,1.0
936,BWA-no-clip,-2,0.9
936,BWA-std,-2,0.6
936,NW-flex,-2,1.0
936,BWA-no-clip,-1,0.9
936,BWA-std,-1,0.7
936,NW-flex,-1,1.0
936,BWA-no-clip,0,1.0
936,BWA-std,0,1.0
936,NW-flex,0,1.0
936,BWA-no-clip,1,1.0
936,BWA-std,1,0.7
936,NW-flex,1,1.0
936,BWA-no-clip,2,1.0
936,BWA-std,2,0.5
936,NW-flex,2,1.0
936,BWA-no-clip,3,1.0
936,BWA-std,3,0.3
936,NW-flex,3,1.0
936,BWA-no-clip,4,1.0
936,BWA-std,4,0.1
936,NW-flex,4,1.0
936,BWA-no-clip,5,1.0
936,BWA-std,5,0.0
936,NW-flex,5,1.0
937,BWA-no-clip,-5,0.5
937,BWA-std,-5,0.1
937,NW-flex,-5,1.0
937,BWA-no-clip,-4,0.7
937,BWA-std,-4,0.2
937,NW-flex,-4,1.0
937,BWA-no-clip,-3,0.7
937,BWA-std,-3,0.4
937,NW-flex,-3,1.0
937,BWA-no-clip,-2,0.9
937,BWA-std,-2,0.6
937,NW-flex,-2,1.0
937,BWA-no-clip,-1,0.9
937,BWA-std,-1,0.7
937,NW-flex,-1,1.0
937,BWA-no-clip,0,1.0
937,BWA-std,0,1.0
937,NW-flex,0,1.0
937,BWA-no-clip,1,1.0
937,BWA-std,1,0.7
937,NW-flex,1,1.0
937,BWA-no-clip,2,1.0
937,BWA-std,2,0.5
937,NW-flex,2,1.0
937,BWA-no-clip,3,1.0
937,BWA-std,3,0.3
937,NW-flex,3,1.0
937,BWA-no-clip,4,1.0
937,BWA-std,4,0.1
937,NW-flex,4,1.0
937,BWA-no-clip,5,1.0
937,BWA-std,5,0.0
937,NW-flex,5,1.0
938,BWA-no-clip,-5,0.4
938,BWA-std,-5,0.1
938,NW-flex,-5,1.0
938,BWA-no-clip,-4,0.5
938,BWA-std,-4,0.2
938,NW-flex,-4,1.0
938,BWA-no-clip,-3,0.5
938,BWA-std,-3,0.3
938,NW-flex,-3,1.0
938,BWA-no-clip,-2,0.7
938,BWA-std,-2,0.5
938,NW-flex,-2,1.0
938,BWA-no-clip,-1,0.8
938,BWA-std,-1,0.7
938,NW-flex,-1,1.0
938,BWA-no-clip,0,1.0
938,BWA-std,0,1.0
938,NW-flex,0,1.0
938,BWA-no-clip,1,1.0
938,BWA-std,1,0.7
938,NW-flex,1,1.0
938,BWA-no-clip,2,0.9
938,BWA-std,2,0.5
938,NW-flex,2,1.0
938,BWA-no-clip,3,0.9
938,BWA-std,3,0.3
938,NW-flex,3,1.0
938,BWA-no-clip,4,0.9
938,BWA-std,4,0.1
938,NW-flex,4,1.0
938,BWA-no-clip,5,0.9
938,BWA-std,5,0.0
938,NW-flex,5,1.0
939,BWA-no-clip,-5,0.4
939,BWA-std,-5,0.1
939,NW-flex,-5,1.0
939,BWA-no-clip,-4,0.4
939,BWA-std,-4,0.2
939,NW-flex,-4,1.0
939,BWA-no-clip,-3,0.6
939,BWA-std,-3,0.3
939,NW-flex,-3,1.0
939,BWA-no-clip,-2,0.7
939,BWA-std,-2,0.5
939,NW-flex,-2,1.0
939,BWA-no-clip,-1,0.8
939,BWA-std,-1,0.7
939,NW-flex,-1,1.0
939,BWA-no-clip,0,1.0
939,BWA-std,0,1.0
939,NW-flex,0,1.0
939,BWA-no-clip,1,0.9
939,BWA-std,1,0.7
939,NW-flex,1,1.0
939,BWA-no-clip,2,0.9
939,BWA-std,2,0.5
939,NW-flex,2,1.0
939,BWA-no-clip,3,0.9
939,BWA-std,3,0.3
939,NW-flex,3,1.0
939,BWA-no-clip,4,0.9
939,BWA-std,4,0.1
939,NW-flex,4,1.0
939,BWA-no-clip,5,0.9
939,BWA-std,5,0.0
939,NW-flex,5,1.0
940,BWA-no-clip,-5,0.5
940,BWA-std,-5,0.1
940,NW-flex,-5,1.0
940,BWA-no-clip,-4,0.7
940,BWA-std,-4,0.2
940,NW-flex,-4,1.0
940,BWA-no-clip,-3,0.8
940,BWA-std,-3,0.4
940,NW-flex,-3,1.0
940,BWA-no-clip,-2,0.9
940,BWA-std,-2,0.6
940,NW-flex,-2,1.0
940,BWA-no-clip,-1,0.9
940,BWA-std,-1,0.7
940,NW-flex,-1,1.0
940,BWA-no-clip,0,1.0
940,BWA-std,0,1.0
940,NW-flex,0,1.0
940,BWA-no-clip,1,1.0
940,BWA-std,1,0.7
940,NW-flex,1,1.0
940,BWA-no-clip,2,1.0
940,BWA-std,2,0.5
940,NW-flex,2,1.0
940,BWA-no-clip,3,1.0
940,BWA-std,3,0.3
940,NW-flex,3,1.0
940,BWA-no-clip,4,1.0
940,BWA-std,4,0.1
940,NW-flex,4,1.0
940,BWA-no-clip,5,1.0
940,BWA-std,5,0.0
940,NW-flex,5,1.0
941,BWA-no-clip,-5,0.6
941,BWA-std,-5,0.1
941,NW-flex,-5,1.0
941,BWA-no-clip,-4,0.7
941,BWA-std,-4,0.2
941,NW-flex,-4,1.0
941,BWA-no-clip,-3,0.8
941,BWA-std,-3,0.4
941,NW-flex,-3,1.0
941,BWA-no-clip,-2,0.9
941,BWA-std,-2,0.6
941,NW-flex,-2,1.0
941,BWA-no-clip,-1,0.9
941,BWA-std,-1,0.7
941,NW-flex,-1,1.0
941,BWA-no-clip,0,1.0
941,BWA-std,0,1.0
941,NW-flex,0,1.0
941,BWA-no-clip,1,1.0
941,BWA-std,1,0.7
941,NW-flex,1,1.0
941,BWA-no-clip,2,0.9
941,BWA-std,2,0.5
941,NW-flex,2,1.0
941,BWA-no-clip,3,0.9
941,BWA-std,3,0.3
941,NW-flex,3,1.0
941,BWA-no-clip,4,0.9
941,BWA-std,4,0.1
941,NW-flex,4,1.0
941,BWA-no-clip,5,0.9
941,BWA-std,5,0.0
941,NW-flex,5,1.0
942,BWA-no-clip,-5,0.4
942,BWA-std,-5,0.1
942,NW-flex,-5,1.0
942,BWA-no-clip,-4,0.5
942,BWA-std,-4,0.2
942,NW-flex,-4,1.0
942,BWA-no-clip,-3,0.5
942,BWA-std,-3,0.3
942,NW-flex,-3,1.0
942,BWA-no-clip,-2,0.7
942,BWA-std,-2,0.5
942,NW-flex,-2,1.0
942,BWA-no-clip,-1,0.8
942,BWA-std,-1,0.7
942,NW-flex,-1,1.0
942,BWA-no-clip,0,1.0
942,BWA-std,0,1.0
942,NW-flex,0,1.0
942,BWA-no-clip,1,1.0
942,BWA-std,1,0.7
942,NW-flex,1,1.0
942,BWA-no-clip,2,1.0
942,BWA-std,2,0.5
942,NW-flex,2,1.0
942,BWA-no-clip,3,1.0
942,BWA-std,3,0.3
942,NW-flex,3,1.0
942,BWA-no-clip,4,1.0
942,BWA-std,4,0.1
942,NW-flex,4,1.0
942,BWA-no-clip,5,1.0
942,BWA-std,5,0.0
942,NW-flex,5,1.0
943,BWA-no-clip,-5,0.4
943,BWA-std,-5,0.1
943,NW-flex,-5,1.0
943,BWA-no-clip,-4,0.5
943,BWA-std,-4,0.2
943,NW-flex,-4,1.0
943,BWA-no-clip,-3,0.5
943,BWA-std,-3,0.3
943,NW-flex,-3,1.0
943,BWA-no-clip,-2,0.7
943,BWA-std,-2,0.5
943,NW-flex,-2,1.0
943,BWA-no-clip,-1,0.8
943,BWA-std,-1,0.7
943,NW-flex,-1,1.0
943,BWA-no-clip,0,1.0
943,BWA-std,0,1.0
943,NW-flex,0,1.0
943,BWA-no-clip,1,0.9
943,BWA-std,1,0.7
943,NW-flex,1,1.0
943,BWA-no-clip,2,0.9
943,BWA-std,2,0.5
943,NW-flex,2,1.0
943,BWA-no-clip,3,0.9
943,BWA-std,3,0.3
943,NW-flex,3,1.0
943,BWA-no-clip,4,0.9
943,BWA-std,4,0.1
943,NW-flex,4,1.0
943,BWA-no-clip,5,0.9
943,BWA-std,5,0.0
943,NW-flex,5,1.0
944,BWA-no-clip,-5,0.5
944,BWA-std,-5,0.1
944,NW-flex,-5,1.0
944,BWA-no-clip,-4,0.6
944,BWA-std,-4,0.2
944,NW-flex,-4,1.0
944,BWA-no-clip,-3,0.6
944,BWA-std,-3,0.4
944,NW-flex,-3,1.0
944,BWA-no-clip,-2,0.8
944,BWA-std,-2,0.5
944,NW-flex,-2,1.0
944,BWA-no-clip,-1,0.8
944,BWA-std,-1,0.7
944,NW-flex,-1,1.0
944,BWA-no-clip,0,1.0
944,BWA-std,0,1.0
944,NW-flex,0,1.0
944,BWA-no-clip,1,0.9
944,BWA-std,1,0.7
944,NW-flex,1,1.0
944,BWA-no-clip,2,0.9
944,BWA-std,2,0.5
944,NW-flex,2,1.0
944,BWA-no-clip,3,0.9
944,BWA-std,3,0.3
944,NW-flex,3,1.0
944,BWA-no-clip,4,0.9
944,BWA-std,4,0.1
944,NW-flex,4,1.0
944,BWA-no-clip,5,0.9
944,BWA-std,5,0.0
944,NW-flex,5,1.0
945,BWA-no-clip,-5,0.5
945,BWA-std,-5,0.1
945,NW-flex,-5,1.0
945,BWA-no-clip,-4,0.5
945,BWA-std,-4,0.2
945,NW-flex,-4,1.0
945,BWA-no-clip,-3,0.7
945,BWA-std,-3,0.4
945,NW-flex,-3,1.0
945,BWA-no-clip,-2,0.8
945,BWA-std,-2,0.5
945,NW-flex,-2,1.0
945,BWA-no-clip,-1,0.8
945,BWA-std,-1,0.7
945,NW-flex,-1,1.0
945,BWA-no-clip,0,1.0
945,BWA-std,0,1.0
945,NW-flex,0,1.0
945,BWA-no-clip,1,1.0
945,BWA-std,1,0.7
945,NW-flex,1,1.0
945,BWA-no-clip,2,1.0
945,BWA-std,2,0.5
945,NW-flex,2,1.0
945,BWA-no-clip,3,1.0
945,BWA-std,3,0.3
945,NW-flex,3,1.0
945,BWA-no-clip,4,0.8
945,BWA-std,4,0.1
945,NW-flex,4,1.0
945,BWA-no-clip,5,0.8
945,BWA-std,5,0.0
945,NW-flex,5,1.0
946,BWA-no-clip,-5,0.5
946,BWA-std,-5,0.1
946,NW-flex,-5,1.0
946,BWA-no-clip,-4,0.8
946,BWA-std,-4,0.2
946,NW-flex,-4,1.0
946,BWA-no-clip,-3,0.8
946,BWA-std,-3,0.4
946,NW-flex,-3,1.0
946,BWA-no-clip,-2,0.9
946,BWA-std,-2,0.6
946,NW-flex,-2,1.0
946,BWA-no-clip,-1,0.9
946,BWA-std,-1,0.7
946,NW-flex,-1,1.0
946,BWA-no-clip,0,1.0
946,BWA-std,0,1.0
946,NW-flex,0,1.0
946,BWA-no-clip,1,1.0
946,BWA-std,1,0.7
946,NW-flex,1,1.0
946,BWA-no-clip,2,1.0
946,BWA-std,2,0.5
946,NW-flex,2,1.0
946,BWA-no-clip,3,1.0
946,BWA-std,3,0.3
946,NW-flex,3,1.0
946,BWA-no-clip,4,1.0
946,BWA-std,4,0.1
946,NW-flex,4,1.0
946,BWA-no-clip,5,1.0
946,BWA-std,5,0.0
946,NW-flex,5,1.0
947,BWA-no-clip,-5,0.5
947,BWA-std,-5,0.1
947,NW-flex,-5,1.0
947,BWA-no-clip,-4,0.7
947,BWA-std,-4,0.2
947,NW-flex,-4,1.0
947,BWA-no-clip,-3,0.8
947,BWA-std,-3,0.4
947,NW-flex,-3,1.0
947,BWA-no-clip,-2,0.8
947,BWA-std,-2,0.6
947,NW-flex,-2,1.0
947,BWA-no-clip,-1,0.9
947,BWA-std,-1,0.7
947,NW-flex,-1,1.0
947,BWA-no-clip,0,1.0
947,BWA-std,0,1.0
947,NW-flex,0,1.0
947,BWA-no-clip,1,1.0
947,BWA-std,1,0.7
947,NW-flex,1,1.0
947,BWA-no-clip,2,0.8
947,BWA-std,2,0.5
947,NW-flex,2,1.0
947,BWA-no-clip,3,0.8
947,BWA-std,3,0.3
947,NW-flex,3,1.0
947,BWA-no-clip,4,0.8
947,BWA-std,4,0.1
947,NW-flex,4,1.0
947,BWA-no-clip,5,0.8
947,BWA-std,5,0.0
947,NW-flex,5,1.0
948,BWA-no-clip,-5,0.6
948,BWA-std,-5,0.1
948,NW-flex,-5,1.0
948,BWA-no-clip,-4,0.7
948,BWA-std,-4,0.2
948,NW-flex,-4,1.0
948,BWA-no-clip,-3,0.8
948,BWA-std,-3,0.4
948,NW-flex,-3,1.0
948,BWA-no-clip,-2,0.9
948,BWA-std,-2,0.6
948,NW-flex,-2,1.0
948,BWA-no-clip,-1,0.9
948,BWA-std,-1,0.7
948,NW-flex,-1,1.0
948,BWA-no-clip,0,1.0
948,BWA-std,0,1.0
948,NW-flex,0,1.0
948,BWA-no-clip,1,1.0
948,BWA-std,1,0.7
948,NW-flex,1,1.0
948,BWA-no-clip,2,0.9
948,BWA-std,2,0.5
948,NW-flex,2,1.0
948,BWA-no-clip,3,0.9
948,BWA-std,3,0.3
948,NW-flex,3,1.0
948,BWA-no-clip,4,0.9
948,BWA-std,4,0.1
948,NW-flex,4,1.0
948,BWA-no-clip,5,0.9
948,BWA-std,5,0.0
948,NW-flex,5,1.0
949,BWA-no-clip,-5,0.5
949,BWA-std,-5,0.1
949,NW-flex,-5,1.0
949,BWA-no-clip,-4,0.7
949,BWA-std,-4,0.2
949,NW-flex,-4,1.0
949,BWA-no-clip,-3,0.8
949,BWA-std,-3,0.4
949,NW-flex,-3,1.0
949,BWA-no-clip,-2,0.8
949,BWA-std,-2,0.6
949,NW-flex,-2,1.0
949,BWA-no-clip,-1,0.9
949,BWA-std,-1,0.7
949,NW-flex,-1,1.0
949,BWA-no-clip,0,1.0
949,BWA-std,0,1.0
949,NW-flex,0,1.0
949,BWA-no-clip,1,1.0
949,BWA-std,1,0.7
949,NW-flex,1,1.0
949,BWA-no-clip,2,0.8
949,BWA-std,2,0.5
949,NW-flex,2,1.0
949,BWA-no-clip,3,0.8
949,BWA-std,3,0.3
949,NW-flex,3,1.0
949,BWA-no-clip,4,0.8
949,BWA-std,4,0.1
949,NW-flex,4,1.0
949,BWA-no-clip,5,0.8
949,BWA-std,5,0.0
949,NW-flex,5,1.0
950,BWA-no-clip,-5,0.4
950,BWA-std,-5,0.1
950,NW-flex,-5,1.0
950,BWA-no-clip,-4,0.5
950,BWA-std,-4,0.2
950,NW-flex,-4,1.0
950,BWA-no-clip,-3,0.5
950,BWA-std,-3,0.4
950,NW-flex,-3,1.0
950,BWA-no-clip,-2,0.9
950,BWA-std,-2,0.6
950,NW-flex,-2,1.0
950,BWA-no-clip,-1,0.9
950,BWA-std,-1,0.7
950,NW-flex,-1,1.0
950,BWA-no-clip,0,1.0
950,BWA-std,0,1.0
950,NW-flex,0,1.0
950,BWA-no-clip,1,1.0
950,BWA-std,1,0.7
950,NW-flex,1,1.0
950,BWA-no-clip,2,1.0
950,BWA-std,2,0.5
950,NW-flex,2,1.0
950,BWA-no-clip,3,1.0
950,BWA-std,3,0.3
950,NW-flex,3,1.0
950,BWA-no-clip,4,1.0
950,BWA-std,4,0.1
950,NW-flex,4,1.0
950,BWA-no-clip,5,1.0
950,BWA-std,5,0.0
950,NW-flex,5,1.0
951,BWA-no-clip,-5,0.5
951,BWA-std,-5,0.1
951,NW-flex,-5,1.0
951,BWA-no-clip,-4,0.6
951,BWA-std,-4,0.2
951,NW-flex,-4,1.0
951,BWA-no-clip,-3,0.7
951,BWA-std,-3,0.4
951,NW-flex,-3,1.0
951,BWA-no-clip,-2,0.9
951,BWA-std,-2,0.6
951,NW-flex,-2,1.0
951,BWA-no-clip,-1,0.9
951,BWA-std,-1,0.7
951,NW-flex,-1,1.0
951,BWA-no-clip,0,1.0
951,BWA-std,0,1.0
951,NW-flex,0,1.0
951,BWA-no-clip,1,1.0
951,BWA-std,1,0.7
951,NW-flex,1,1.0
951,BWA-no-clip,2,1.0
951,BWA-std,2,0.5
951,NW-flex,2,1.0
951,BWA-no-clip,3,1.0
951,BWA-std,3,0.3
951,NW-flex,3,1.0
951,BWA-no-clip,4,1.0
951,BWA-std,4,0.1
951,NW-flex,4,1.0
951,BWA-no-clip,5,1.0
951,BWA-std,5,0.0
951,NW-flex,5,1.0
952,BWA-no-clip,-5,0.5
952,BWA-std,-5,0.1
952,NW-flex,-5,1.0
952,BWA-no-clip,-4,0.7
952,BWA-std,-4,0.2
952,NW-flex,-4,1.0
952,BWA-no-clip,-3,0.8
952,BWA-std,-3,0.4
952,NW-flex,-3,1.0
952,BWA-no-clip,-2,0.8
952,BWA-std,-2,0.6
952,NW-flex,-2,1.0
952,BWA-no-clip,-1,0.9
952,BWA-std,-1,0.7
952,NW-flex,-1,1.0
952,BWA-no-clip,0,1.0
952,BWA-std,0,1.0
952,NW-flex,0,1.0
952,BWA-no-clip,1,1.0
952,BWA-std,1,0.7
952,NW-flex,1,1.0
952,BWA-no-clip,2,0.8
952,BWA-std,2,0.5
952,NW-flex,2,1.0
952,BWA-no-clip,3,0.8
952,BWA-std,3,0.3
952,NW-flex,3,1.0
952,BWA-no-clip,4,0.8
952,BWA-std,4,0.1
952,NW-flex,4,1.0
952,BWA-no-clip,5,0.8
952,BWA-std,5,0.0
952,NW-flex,5,1.0
953,BWA-no-clip,-5,0.6
953,BWA-std,-5,0.1
953,NW-flex,-5,1.0
953,BWA-no-clip,-4,0.6
953,BWA-std,-4,0.2
953,NW-flex,-4,1.0
953,BWA-no-clip,-3,0.8
953,BWA-std,-3,0.4
953,NW-flex,-3,1.0
953,BWA-no-clip,-2,0.9
953,BWA-std,-2,0.6
953,NW-flex,-2,1.0
953,BWA-no-clip,-1,0.9
953,BWA-std,-1,0.7
953,NW-flex,-1,1.0
953,BWA-no-clip,0,1.0
953,BWA-std,0,1.0
953,NW-flex,0,1.0
953,BWA-no-clip,1,1.0
953,BWA-std,1,0.7
953,NW-flex,1,1.0
953,BWA-no-clip,2,1.0
953,BWA-std,2,0.5
953,NW-flex,2,1.0
953,BWA-no-clip,3,1.0
953,BWA-std,3,0.3
953,NW-flex,3,1.0
953,BWA-no-clip,4,1.0
953,BWA-std,4,0.1
953,NW-flex,4,1.0
953,BWA-no-clip,5,1.0
953,BWA-std,5,0.0
953,NW-flex,5,1.0
954,BWA-no-clip,-5,0.6
954,BWA-std,-5,0.1
954,NW-flex,-5,1.0
954,BWA-no-clip,-4,0.7
954,BWA-std,-4,0.2
954,NW-flex,-4,1.0
954,BWA-no-clip,-3,0.7
954,BWA-std,-3,0.4
954,NW-flex,-3,1.0
954,BWA-no-clip,-2,0.9
954,BWA-std,-2,0.6
954,NW-flex,-2,1.0
954,BWA-no-clip,-1,0.9
954,BWA-std,-1,0.7
954,NW-flex,-1,1.0
954,BWA-no-clip,0,1.0
954,BWA-std,0,1.0
954,NW-flex,0,1.0
954,BWA-no-clip,1,1.0
954,BWA-std,1,0.7
954,NW-flex,1,1.0
954,BWA-no-clip,2,1.0
954,BWA-std,2,0.5
954,NW-flex,2,1.0
954,BWA-no-clip,3,1.0
954,BWA-std,3,0.3
954,NW-flex,3,1.0
954,BWA-no-clip,4,1.0
954,BWA-std,4,0.1
954,NW-flex,4,1.0
954,BWA-no-clip,5,1.0
954,BWA-std,5,0.0
954,NW-flex,5,1.0
955,BWA-no-clip,-5,0.3
955,BWA-std,-5,0.1
955,NW-flex,-5,1.0
955,BWA-no-clip,-4,0.7
955,BWA-std,-4,0.2
955,NW-flex,-4,1.0
955,BWA-no-clip,-3,0.8
955,BWA-std,-3,0.4
955,NW-flex,-3,1.0
955,BWA-no-clip,-2,0.8
955,BWA-std,-2,0.6
955,NW-flex,-2,1.0
955,BWA-no-clip,-1,0.9
955,BWA-std,-1,0.7
955,NW-flex,-1,1.0
955,BWA-no-clip,0,1.0
955,BWA-std,0,1.0
955,NW-flex,0,1.0
955,BWA-no-clip,1,1.0
955,BWA-std,1,0.7
955,NW-flex,1,1.0
955,BWA-no-clip,2,1.0
955,BWA-std,2,0.5
955,NW-flex,2,1.0
955,BWA-no-clip,3,1.0
955,BWA-std,3,0.3
955,NW-flex,3,1.0
955,BWA-no-clip,4,0.8
955,BWA-std,4,0.1
955,NW-flex,4,1.0
955,BWA-no-clip,5,1.0
955,BWA-std,5,0.0
955,NW-flex,5,1.0
956,BWA-no-clip,-5,0.5
956,BWA-std,-5,0.1
956,NW-flex,-5,1.0
956,BWA-no-clip,-4,0.6
956,BWA-std,-4,0.2
956,NW-flex,-4,1.0
956,BWA-no-clip,-3,0.6
956,BWA-std,-3,0.4
956,NW-flex,-3,1.0
956,BWA-no-clip,-2,0.8
956,BWA-std,-2,0.5
956,NW-flex,-2,1.0
956,BWA-no-clip,-1,0.8
956,BWA-std,-1,0.7
956,NW-flex,-1,1.0
956,BWA-no-clip,0,1.0
956,BWA-std,0,1.0
956,NW-flex,0,1.0
956,BWA-no-clip,1,1.0
956,BWA-std,1,0.7
956,NW-flex,1,1.0
956,BWA-no-clip,2,0.9
956,BWA-std,2,0.5
956,NW-flex,2,1.0
956,BWA-no-clip,3,1.0
956,BWA-std,3,0.3
956,NW-flex,3,1.0
956,BWA-no-clip,4,1.0
956,BWA-std,4,0.1
956,NW-flex,4,1.0
956,BWA-no-clip,5,1.0
956,BWA-std,5,0.0
956,NW-flex,5,1.0
957,BWA-no-clip,-5,0.5
957,BWA-std,-5,0.1
957,NW-flex,-5,1.0
957,BWA-no-clip,-4,0.6
957,BWA-std,-4,0.2
957,NW-flex,-4,1.0
957,BWA-no-clip,-3,0.8
957,BWA-std,-3,0.4
957,NW-flex,-3,1.0
957,BWA-no-clip,-2,0.8
957,BWA-std,-2,0.6
957,NW-flex,-2,1.0
957,BWA-no-clip,-1,0.9
957,BWA-std,-1,0.7
957,NW-flex,-1,1.0
957,BWA-no-clip,0,1.0
957,BWA-std,0,1.0
957,NW-flex,0,1.0
957,BWA-no-clip,1,1.0
957,BWA-std,1,0.7
957,NW-flex,1,1.0
957,BWA-no-clip,2,1.0
957,BWA-std,2,0.5
957,NW-flex,2,1.0
957,BWA-no-clip,3,1.0
957,BWA-std,3,0.3
957,NW-flex,3,1.0
957,BWA-no-clip,4,1.0
957,BWA-std,4,0.1
957,NW-flex,4,1.0
957,BWA-no-clip,5,1.0
957,BWA-std,5,0.0
957,NW-flex,5,1.0
958,BWA-no-clip,-5,0.6
958,BWA-std,-5,0.1
958,NW-flex,-5,1.0
958,BWA-no-clip,-4,0.7
958,BWA-std,-4,0.2
958,NW-flex,-4,1.0
958,BWA-no-clip,-3,0.8
958,BWA-std,-3,0.4
958,NW-flex,-3,1.0
958,BWA-no-clip,-2,0.9
958,BWA-std,-2,0.6
958,NW-flex,-2,1.0
958,BWA-no-clip,-1,0.9
958,BWA-std,-1,0.7
958,NW-flex,-1,1.0
958,BWA-no-clip,0,1.0
958,BWA-std,0,1.0
958,NW-flex,0,1.0
958,BWA-no-clip,1,1.0
958,BWA-std,1,0.7
958,NW-flex,1,1.0
958,BWA-no-clip,2,1.0
958,BWA-std,2,0.5
958,NW-flex,2,1.0
958,BWA-no-clip,3,1.0
958,BWA-std,3,0.3
958,NW-flex,3,1.0
958,BWA-no-clip,4,1.0
958,BWA-std,4,0.1
958,NW-flex,4,1.0
958,BWA-no-clip,5,1.0
958,BWA-std,5,0.0
958,NW-flex,5,1.0
959,BWA-no-clip,-5,0.5
959,BWA-std,-5,0.1
959,NW-flex,-5,1.0
959,BWA-no-clip,-4,0.6
959,BWA-std,-4,0.2
959,NW-flex,-4,1.0
959,BWA-no-clip,-3,0.6
959,BWA-std,-3,0.4
959,NW-flex,-3,1.0
959,BWA-no-clip,-2,0.8
959,BWA-std,-2,0.5
959,NW-flex,-2,1.0
959,BWA-no-clip,-1,0.8
959,BWA-std,-1,0.7
959,NW-flex,-1,1.0
959,BWA-no-clip,0,1.0
959,BWA-std,0,1.0
959,NW-flex,0,1.0
959,BWA-no-clip,1,1.0
959,BWA-std,1,0.7
959,NW-flex,1,1.0
959,BWA-no-clip,2,0.9
959,BWA-std,2,0.5
959,NW-flex,2,1.0
959,BWA-no-clip,3,0.9
959,BWA-std,3,0.3
959,NW-flex,3,1.0
959,BWA-no-clip,4,1.0
959,BWA-std,4,0.1
959,NW-flex,4,1.0
959,BWA-no-clip,5,1.0
959,BWA-std,5,0.0
959,NW-flex,5,1.0
960,BWA-no-clip,-5,0.3
960,BWA-std,-5,0.1
960,NW-flex,-5,1.0
960,BWA-no-clip,-4,0.5
960,BWA-std,-4,0.2
960,NW-flex,-4,1.0
960,BWA-no-clip,-3,0.5
960,BWA-std,-3,0.4
960,NW-flex,-3,1.0
960,BWA-no-clip,-2,0.8
960,BWA-std,-2,0.6
960,NW-flex,-2,1.0
960,BWA-no-clip,-1,0.9
960,BWA-std,-1,0.7
960,NW-flex,-1,1.0
960,BWA-no-clip,0,1.0
960,BWA-std,0,1.0
960,NW-flex,0,1.0
960,BWA-no-clip,1,1.0
960,BWA-std,1,0.7
960,NW-flex,1,1.0
960,BWA-no-clip,2,1.0
960,BWA-std,2,0.5
960,NW-flex,2,1.0
960,BWA-no-clip,3,1.0
960,BWA-std,3,0.3
960,NW-flex,3,1.0
960,BWA-no-clip,4,1.0
960,BWA-std,4,0.1
960,NW-flex,4,1.0
960,BWA-no-clip,5,0.7
960,BWA-std,5,0.0
960,NW-flex,5,1.0
961,BWA-no-clip,-5,0.7
961,BWA-std,-5,0.1
961,NW-flex,-5,1.0
961,BWA-no-clip,-4,0.8
961,BWA-std,-4,0.2
961,NW-flex,-4,1.0
961,BWA-no-clip,-3,0.8
961,BWA-std,-3,0.4
961,NW-flex,-3,1.0
961,BWA-no-clip,-2,0.9
961,BWA-std,-2,0.6
961,NW-flex,-2,1.0
961,BWA-no-clip,-1,0.9
961,BWA-std,-1,0.7
961,NW-flex,-1,1.0
961,BWA-no-clip,0,1.0
961,BWA-std,0,1.0
961,NW-flex,0,1.0
961,BWA-no-clip,1,1.0
961,BWA-std,1,0.7
961,NW-flex,1,1.0
961,BWA-no-clip,2,1.0
961,BWA-std,2,0.5
961,NW-flex,2,1.0
961,BWA-no-clip,3,1.0
961,BWA-std,3,0.3
961,NW-flex,3,1.0
961,BWA-no-clip,4,1.0
961,BWA-std,4,0.1
961,NW-flex,4,1.0
961,BWA-no-clip,5,1.0
961,BWA-std,5,0.0
961,NW-flex,5,1.0
962,BWA-no-clip,-5,0.4
962,BWA-std,-5,0.1
962,NW-flex,-5,1.0
962,BWA-no-clip,-4,0.6
962,BWA-std,-4,0.2
962,NW-flex,-4,1.0
962,BWA-no-clip,-3,0.8
962,BWA-std,-3,0.4
962,NW-flex,-3,1.0
962,BWA-no-clip,-2,0.9
962,BWA-std,-2,0.6
962,NW-flex,-2,1.0
962,BWA-no-clip,-1,0.9
962,BWA-std,-1,0.7
962,NW-flex,-1,1.0
962,BWA-no-clip,0,1.0
962,BWA-std,0,1.0
962,NW-flex,0,1.0
962,BWA-no-clip,1,1.0
962,BWA-std,1,0.7
962,NW-flex,1,1.0
962,BWA-no-clip,2,1.0
962,BWA-std,2,0.5
962,NW-flex,2,1.0
962,BWA-no-clip,3,1.0
962,BWA-std,3,0.3
962,NW-flex,3,1.0
962,BWA-no-clip,4,0.9
962,BWA-std,4,0.1
962,NW-flex,4,1.0
962,BWA-no-clip,5,0.9
962,BWA-std,5,0.0
962,NW-flex,5,1.0
963,BWA-no-clip,-5,0.5
963,BWA-std,-5,0.1
963,NW-flex,-5,1.0
963,BWA-no-clip,-4,0.7
963,BWA-std,-4,0.2
963,NW-flex,-4,1.0
963,BWA-no-clip,-3,0.8
963,BWA-std,-3,0.4
963,NW-flex,-3,1.0
963,BWA-no-clip,-2,0.9
963,BWA-std,-2,0.6
963,NW-flex,-2,1.0
963,BWA-no-clip,-1,0.9
963,BWA-std,-1,0.7
963,NW-flex,-1,1.0
963,BWA-no-clip,0,1.0
963,BWA-std,0,1.0
963,NW-flex,0,1.0
963,BWA-no-clip,1,1.0
963,BWA-std,1,0.7
963,NW-flex,1,1.0
963,BWA-no-clip,2,1.0
963,BWA-std,2,0.5
963,NW-flex,2,1.0
963,BWA-no-clip,3,1.0
963,BWA-std,3,0.3
963,NW-flex,3,1.0
963,BWA-no-clip,4,1.0
963,BWA-std,4,0.1
963,NW-flex,4,1.0
963,BWA-no-clip,5,1.0
963,BWA-std,5,0.0
963,NW-flex,5,1.0
964,BWA-no-clip,-5,0.6
964,BWA-std,-5,0.1
964,NW-flex,-5,1.0
964,BWA-no-clip,-4,0.7
964,BWA-std,-4,0.2
964,NW-flex,-4,1.0
964,BWA-no-clip,-3,0.8
964,BWA-std,-3,0.4
964,NW-flex,-3,1.0
964,BWA-no-clip,-2,0.8
964,BWA-std,-2,0.6
964,NW-flex,-2,1.0
964,BWA-no-clip,-1,0.9
964,BWA-std,-1,0.7
964,NW-flex,-1,1.0
964,BWA-no-clip,0,1.0
964,BWA-std,0,1.0
964,NW-flex,0,1.0
964,BWA-no-clip,1,1.0
964,BWA-std,1,0.7
964,NW-flex,1,1.0
964,BWA-no-clip,2,0.9
964,BWA-std,2,0.5
964,NW-flex,2,1.0
964,BWA-no-clip,3,0.9
964,BWA-std,3,0.3
964,NW-flex,3,1.0
964,BWA-no-clip,4,0.9
964,BWA-std,4,0.1
964,NW-flex,4,1.0
964,BWA-no-clip,5,0.9
964,BWA-std,5,0.0
964,NW-flex,5,1.0
965,BWA-no-clip,-5,0.5
965,BWA-std,-5,0.1
965,NW-flex,-5,1.0
965,BWA-no-clip,-4,0.7
965,BWA-std,-4,0.2
965,NW-flex,-4,1.0
965,BWA-no-clip,-3,0.8
965,BWA-std,-3,0.4
965,NW-flex,-3,1.0
965,BWA-no-clip,-2,0.9
965,BWA-std,-2,0.6
965,NW-flex,-2,1.0
965,BWA-no-clip,-1,0.9
965,BWA-std,-1,0.7
965,NW-flex,-1,1.0
965,BWA-no-clip,0,1.0
965,BWA-std,0,1.0
965,NW-flex,0,1.0
965,BWA-no-clip,1,1.0
965,BWA-std,1,0.7
965,NW-flex,1,1.0
965,BWA-no-clip,2,0.9
965,BWA-std,2,0.5
965,NW-flex,2,1.0
965,BWA-no-clip,3,0.9
965,BWA-std,3,0.3
965,NW-flex,3,1.0
965,BWA-no-clip,4,0.9
965,BWA-std,4,0.1
965,NW-flex,4,1.0
965,BWA-no-clip,5,0.9
965,BWA-std,5,0.0
965,NW-flex,5,1.0
966,BWA-no-clip,-5,0.2
966,BWA-std,-5,0.1
966,NW-flex,-5,1.0
966,BWA-no-clip,-4,0.7
966,BWA-std,-4,0.2
966,NW-flex,-4,1.0
966,BWA-no-clip,-3,0.8
966,BWA-std,-3,0.4
966,NW-flex,-3,1.0
966,BWA-no-clip,-2,0.9
966,BWA-std,-2,0.6
966,NW-flex,-2,1.0
966,BWA-no-clip,-1,0.9
966,BWA-std,-1,0.7
966,NW-flex,-1,1.0
966,BWA-no-clip,0,1.0
966,BWA-std,0,1.0
966,NW-flex,0,1.0
966,BWA-no-clip,1,1.0
966,BWA-std,1,0.7
966,NW-flex,1,1.0
966,BWA-no-clip,2,0.9
966,BWA-std,2,0.5
966,NW-flex,2,1.0
966,BWA-no-clip,3,0.9
966,BWA-std,3,0.3
966,NW-flex,3,1.0
966,BWA-no-clip,4,0.6
966,BWA-std,4,0.1
966,NW-flex,4,1.0
966,BWA-no-clip,5,0.9
966,BWA-std,5,0.0
966,NW-flex,5,1.0
967,BWA-no-clip,-5,0.6
967,BWA-std,-5,0.1
967,NW-flex,-5,1.0
967,BWA-no-clip,-4,0.7
967,BWA-std,-4,0.2
967,NW-flex,-4,1.0
967,BWA-no-clip,-3,0.8
967,BWA-std,-3,0.4
967,NW-flex,-3,1.0
967,BWA-no-clip,-2,0.8
967,BWA-std,-2,0.6
967,NW-flex,-2,1.0
967,BWA-no-clip,-1,0.9
967,BWA-std,-1,0.7
967,NW-flex,-1,1.0
967,BWA-no-clip,0,1.0
967,BWA-std,0,1.0
967,NW-flex,0,1.0
967,BWA-no-clip,1,1.0
967,BWA-std,1,0.7
967,NW-flex,1,1.0
967,BWA-no-clip,2,0.9
967,BWA-std,2,0.5
967,NW-flex,2,1.0
967,BWA-no-clip,3,0.9
967,BWA-std,3,0.3
967,NW-flex,3,1.0
967,BWA-no-clip,4,0.9
967,BWA-std,4,0.1
967,NW-flex,4,1.0
967,BWA-no-clip,5,0.9
967,BWA-std,5,0.0
967,NW-flex,5,1.0
968,BWA-no-clip,-5,0.5
968,BWA-std,-5,0.1
968,NW-flex,-5,1.0
968,BWA-no-clip,-4,0.5
968,BWA-std,-4,0.2
968,NW-flex,-4,1.0
968,BWA-no-clip,-3,0.7
968,BWA-std,-3,0.4
968,NW-flex,-3,1.0
968,BWA-no-clip,-2,0.7333333333333333
968,BWA-std,-2,0.5
968,NW-flex,-2,1.0
968,BWA-no-clip,-1,0.7
968,BWA-std,-1,0.7
968,NW-flex,-1,1.0
968,BWA-no-clip,0,1.0
968,BWA-std,0,1.0
968,NW-flex,0,1.0
968,BWA-no-clip,1,0.8
968,BWA-std,1,0.7
968,NW-flex,1,1.0
968,BWA-no-clip,2,0.8
968,BWA-std,2,0.5
968,NW-flex,2,1.0
968,BWA-no-clip,3,0.8
968,BWA-std,3,0.3
968,NW-flex,3,1.0
968,BWA-no-clip,4,0.8
968,BWA-std,4,0.1
968,NW-flex,4,1.0
968,BWA-no-clip,5,0.8
968,BWA-std,5,0.0
968,NW-flex,5,1.0
969,BWA-no-clip,-5,0.7
969,BWA-std,-5,0.1
969,NW-flex,-5,1.0
969,BWA-no-clip,-4,0.7
969,BWA-std,-4,0.2
969,NW-flex,-4,1.0
969,BWA-no-clip,-3,0.8
969,BWA-std,-3,0.4
969,NW-flex,-3,1.0
969,BWA-no-clip,-2,0.8
969,BWA-std,-2,0.6
969,NW-flex,-2,1.0
969,BWA-no-clip,-1,0.9
969,BWA-std,-1,0.7
969,NW-flex,-1,1.0
969,BWA-no-clip,0,1.0
969,BWA-std,0,1.0
969,NW-flex,0,1.0
969,BWA-no-clip,1,1.0
969,BWA-std,1,0.7
969,NW-flex,1,1.0
969,BWA-no-clip,2,1.0
969,BWA-std,2,0.5
969,NW-flex,2,1.0
969,BWA-no-clip,3,1.0
969,BWA-std,3,0.3
969,NW-flex,3,1.0
969,BWA-no-clip,4,1.0
969,BWA-std,4,0.1
969,NW-flex,4,1.0
969,BWA-no-clip,5,1.0
969,BWA-std,5,0.0
969,NW-flex,5,1.0
970,BWA-no-clip,-5,0.5
970,BWA-std,-5,0.1
970,NW-flex,-5,1.0
970,BWA-no-clip,-4,0.6
970,BWA-std,-4,0.2
970,NW-flex,-4,1.0
970,BWA-no-clip,-3,0.6
970,BWA-std,-3,0.4
970,NW-flex,-3,1.0
970,BWA-no-clip,-2,0.8
970,BWA-std,-2,0.6
970,NW-flex,-2,1.0
970,BWA-no-clip,-1,0.9
970,BWA-std,-1,0.7
970,NW-flex,-1,1.0
970,BWA-no-clip,0,1.0
970,BWA-std,0,1.0
970,NW-flex,0,1.0
970,BWA-no-clip,1,1.0
970,BWA-std,1,0.7
970,NW-flex,1,1.0
970,BWA-no-clip,2,0.9
970,BWA-std,2,0.5
970,NW-flex,2,1.0
970,BWA-no-clip,3,0.9
970,BWA-std,3,0.3
970,NW-flex,3,1.0
970,BWA-no-clip,4,0.9
970,BWA-std,4,0.1
970,NW-flex,4,1.0
970,BWA-no-clip,5,0.9
970,BWA-std,5,0.0
970,NW-flex,5,1.0
971,BWA-no-clip,-5,0.6
971,BWA-std,-5,0.1
971,NW-flex,-5,1.0
971,BWA-no-clip,-4,0.7
971,BWA-std,-4,0.2
971,NW-flex,-4,1.0
971,BWA-no-clip,-3,0.8
971,BWA-std,-3,0.4
971,NW-flex,-3,1.0
971,BWA-no-clip,-2,0.8
971,BWA-std,-2,0.6
971,NW-flex,-2,1.0
971,BWA-no-clip,-1,0.9
971,BWA-std,-1,0.7
971,NW-flex,-1,1.0
971,BWA-no-clip,0,1.0
971,BWA-std,0,1.0
971,NW-flex,0,1.0
971,BWA-no-clip,1,1.0
971,BWA-std,1,0.7
971,NW-flex,1,1.0
971,BWA-no-clip,2,1.0
971,BWA-std,2,0.5
971,NW-flex,2,1.0
971,BWA-no-clip,3,1.0
971,BWA-std,3,0.3
971,NW-flex,3,1.0
971,BWA-no-clip,4,1.0
971,BWA-std,4,0.1
971,NW-flex,4,1.0
971,BWA-no-clip,5,1.0
971,BWA-std,5,0.0
971,NW-flex,5,1.0
972,BWA-no-clip,-5,0.4
972,BWA-std,-5,0.1
972,NW-flex,-5,1.0
972,BWA-no-clip,-4,0.7
972,BWA-std,-4,0.2
972,NW-flex,-4,1.0
972,BWA-no-clip,-3,0.7
972,BWA-std,-3,0.4
972,NW-flex,-3,1.0
972,BWA-no-clip,-2,0.8
972,BWA-std,-2,0.5
972,NW-flex,-2,1.0
972,BWA-no-clip,-1,0.8
972,BWA-std,-1,0.7
972,NW-flex,-1,1.0
972,BWA-no-clip,0,1.0
972,BWA-std,0,1.0
972,NW-flex,0,1.0
972,BWA-no-clip,1,1.0
972,BWA-std,1,0.7
972,NW-flex,1,1.0
972,BWA-no-clip,2,0.9
972,BWA-std,2,0.5
972,NW-flex,2,1.0
972,BWA-no-clip,3,0.9
972,BWA-std,3,0.3
972,NW-flex,3,1.0
972,BWA-no-clip,4,0.9
972,BWA-std,4,0.1
972,NW-flex,4,1.0
972,BWA-no-clip,5,0.9
972,BWA-std,5,0.0
972,NW-flex,5,1.0
973,BWA-no-clip,-5,0.6
973,BWA-std,-5,0.1
973,NW-flex,-5,1.0
973,BWA-no-clip,-4,0.7
973,BWA-std,-4,0.2
973,NW-flex,-4,1.0
973,BWA-no-clip,-3,0.7
973,BWA-std,-3,0.4
973,NW-flex,-3,1.0
973,BWA-no-clip,-2,0.8
973,BWA-std,-2,0.5
973,NW-flex,-2,1.0
973,BWA-no-clip,-1,0.8
973,BWA-std,-1,0.7
973,NW-flex,-1,1.0
973,BWA-no-clip,0,1.0
973,BWA-std,0,1.0
973,NW-flex,0,1.0
973,BWA-no-clip,1,1.0
973,BWA-std,1,0.7
973,NW-flex,1,1.0
973,BWA-no-clip,2,0.9
973,BWA-std,2,0.5
973,NW-flex,2,1.0
973,BWA-no-clip,3,0.9
973,BWA-std,3,0.3
973,NW-flex,3,1.0
973,BWA-no-clip,4,0.9
973,BWA-std,4,0.1
973,NW-flex,4,1.0
973,BWA-no-clip,5,0.9
973,BWA-std,5,0.0
973,NW-flex,5,1.0
974,BWA-no-clip,-5,0.6
974,BWA-std,-5,0.1
974,NW-flex,-5,1.0
974,BWA-no-clip,-4,0.6
974,BWA-std,-4,0.2
974,NW-flex,-4,1.0
974,BWA-no-clip,-3,0.8
974,BWA-std,-3,0.4
974,NW-flex,-3,1.0
974,BWA-no-clip,-2,0.8
974,BWA-std,-2,0.6
974,NW-flex,-2,1.0
974,BWA-no-clip,-1,0.9
974,BWA-std,-1,0.7
974,NW-flex,-1,1.0
974,BWA-no-clip,0,1.0
974,BWA-std,0,1.0
974,NW-flex,0,1.0
974,BWA-no-clip,1,1.0
974,BWA-std,1,0.7
974,NW-flex,1,1.0
974,BWA-no-clip,2,1.0
974,BWA-std,2,0.5
974,NW-flex,2,1.0
974,BWA-no-clip,3,0.8
974,BWA-std,3,0.3
974,NW-flex,3,1.0
974,BWA-no-clip,4,0.8
974,BWA-std,4,0.1
974,NW-flex,4,1.0
974,BWA-no-clip,5,0.8
974,BWA-std,5,0.0
974,NW-flex,5,1.0
975,BWA-no-clip,-5,0.6
975,BWA-std,-5,0.1
975,NW-flex,-5,1.0
975,BWA-no-clip,-4,0.6
975,BWA-std,-4,0.2
975,NW-flex,-4,1.0
975,BWA-no-clip,-3,0.7
975,BWA-std,-3,0.4
975,NW-flex,-3,1.0
975,BWA-no-clip,-2,0.7333333333333333
975,BWA-std,-2,0.5
975,NW-flex,-2,1.0
975,BWA-no-clip,-1,0.7
975,BWA-std,-1,0.7
975,NW-flex,-1,1.0
975,BWA-no-clip,0,1.0
975,BWA-std,0,1.0
975,NW-flex,0,1.0
975,BWA-no-clip,1,0.8
975,BWA-std,1,0.7
975,NW-flex,1,1.0
975,BWA-no-clip,2,0.8
975,BWA-std,2,0.5
975,NW-flex,2,1.0
975,BWA-no-clip,3,0.8
975,BWA-std,3,0.3
975,NW-flex,3,1.0
975,BWA-no-clip,4,0.8
975,BWA-std,4,0.1
975,NW-flex,4,1.0
975,BWA-no-clip,5,0.8
975,BWA-std,5,0.0
975,NW-flex,5,1.0
976,BWA-no-clip,-5,0.5
976,BWA-std,-5,0.1
976,NW-flex,-5,1.0
976,BWA-no-clip,-4,0.7
976,BWA-std,-4,0.2
976,NW-flex,-4,1.0
976,BWA-no-clip,-3,0.7
976,BWA-std,-3,0.4
976,NW-flex,-3,1.0
976,BWA-no-clip,-2,0.8
976,BWA-std,-2,0.5
976,NW-flex,-2,1.0
976,BWA-no-clip,-1,0.8
976,BWA-std,-1,0.7
976,NW-flex,-1,1.0
976,BWA-no-clip,0,1.0
976,BWA-std,0,1.0
976,NW-flex,0,1.0
976,BWA-no-clip,1,0.9
976,BWA-std,1,0.7
976,NW-flex,1,1.0
976,BWA-no-clip,2,0.9
976,BWA-std,2,0.5
976,NW-flex,2,1.0
976,BWA-no-clip,3,0.9
976,BWA-std,3,0.3
976,NW-flex,3,1.0
976,BWA-no-clip,4,0.9
976,BWA-std,4,0.1
976,NW-flex,4,1.0
976,BWA-no-clip,5,0.9
976,BWA-std,5,0.0
976,NW-flex,5,1.0
977,BWA-no-clip,-5,0.3
977,BWA-std,-5,0.1
977,NW-flex,-5,1.0
977,BWA-no-clip,-4,0.7
977,BWA-std,-4,0.2
977,NW-flex,-4,1.0
977,BWA-no-clip,-3,0.7
977,BWA-std,-3,0.4
977,NW-flex,-3,1.0
977,BWA-no-clip,-2,0.8
977,BWA-std,-2,0.6
977,NW-flex,-2,1.0
977,BWA-no-clip,-1,0.9
977,BWA-std,-1,0.7
977,NW-flex,-1,1.0
977,BWA-no-clip,0,1.0
977,BWA-std,0,1.0
977,NW-flex,0,1.0
977,BWA-no-clip,1,1.0
977,BWA-std,1,0.7
977,NW-flex,1,1.0
977,BWA-no-clip,2,1.0
977,BWA-std,2,0.5
977,NW-flex,2,1.0
977,BWA-no-clip,3,1.0
977,BWA-std,3,0.3
977,NW-flex,3,1.0
977,BWA-no-clip,4,1.0
977,BWA-std,4,0.1
977,NW-flex,4,1.0
977,BWA-no-clip,5,1.0
977,BWA-std,5,0.0
977,NW-flex,5,1.0
978,BWA-no-clip,-5,0.6
978,BWA-std,-5,0.1
978,NW-flex,-5,1.0
978,BWA-no-clip,-4,0.6
978,BWA-std,-4,0.2
978,NW-flex,-4,1.0
978,BWA-no-clip,-3,0.8
978,BWA-std,-3,0.4
978,NW-flex,-3,1.0
978,BWA-no-clip,-2,0.9
978,BWA-std,-2,0.6
978,NW-flex,-2,1.0
978,BWA-no-clip,-1,0.9
978,BWA-std,-1,0.7
978,NW-flex,-1,1.0
978,BWA-no-clip,0,1.0
978,BWA-std,0,1.0
978,NW-flex,0,1.0
978,BWA-no-clip,1,1.0
978,BWA-std,1,0.7
978,NW-flex,1,1.0
978,BWA-no-clip,2,1.0
978,BWA-std,2,0.5
978,NW-flex,2,1.0
978,BWA-no-clip,3,1.0
978,BWA-std,3,0.3
978,NW-flex,3,1.0
978,BWA-no-clip,4,1.0
978,BWA-std,4,0.1
978,NW-flex,4,1.0
978,BWA-no-clip,5,1.0
978,BWA-std,5,0.0
978,NW-flex,5,1.0
979,BWA-no-clip,-5,0.7
979,BWA-std,-5,0.1
979,NW-flex,-5,1.0
979,BWA-no-clip,-4,0.7
979,BWA-std,-4,0.2
979,NW-flex,-4,1.0
979,BWA-no-clip,-3,0.8
979,BWA-std,-3,0.4
979,NW-flex,-3,1.0
979,BWA-no-clip,-2,0.8
979,BWA-std,-2,0.6
979,NW-flex,-2,1.0
979,BWA-no-clip,-1,0.9
979,BWA-std,-1,0.7
979,NW-flex,-1,1.0
979,BWA-no-clip,0,1.0
979,BWA-std,0,1.0
979,NW-flex,0,1.0
979,BWA-no-clip,1,1.0
979,BWA-std,1,0.7
979,NW-flex,1,1.0
979,BWA-no-clip,2,1.0
979,BWA-std,2,0.5
979,NW-flex,2,1.0
979,BWA-no-clip,3,1.0
979,BWA-std,3,0.3
979,NW-flex,3,1.0
979,BWA-no-clip,4,1.0
979,BWA-std,4,0.1
979,NW-flex,4,1.0
979,BWA-no-clip,5,1.0
979,BWA-std,5,0.0
979,NW-flex,5,1.0
980,BWA-no-clip,-5,0.6
980,BWA-std,-5,0.1
980,NW-flex,-5,1.0
980,BWA-no-clip,-4,0.6
980,BWA-std,-4,0.2
980,NW-flex,-4,1.0
980,BWA-no-clip,-3,0.8
980,BWA-std,-3,0.4
980,NW-flex,-3,1.0
980,BWA-no-clip,-2,0.8
980,BWA-std,-2,0.6
980,NW-flex,-2,1.0
980,BWA-no-clip,-1,0.9
980,BWA-std,-1,0.7
980,NW-flex,-1,1.0
980,BWA-no-clip,0,1.0
980,BWA-std,0,1.0
980,NW-flex,0,1.0
980,BWA-no-clip,1,1.0
980,BWA-std,1,0.7
980,NW-flex,1,1.0
980,BWA-no-clip,2,1.0
980,BWA-std,2,0.5
980,NW-flex,2,1.0
980,BWA-no-clip,3,1.0
980,BWA-std,3,0.3
980,NW-flex,3,1.0
980,BWA-no-clip,4,1.0
980,BWA-std,4,0.1
980,NW-flex,4,1.0
980,BWA-no-clip,5,1.0
980,BWA-std,5,0.0
980,NW-flex,5,1.0
981,BWA-no-clip,-5,0.4
981,BWA-std,-5,0.1
981,NW-flex,-5,1.0
981,BWA-no-clip,-4,0.7
981,BWA-std,-4,0.2
981,NW-flex,-4,1.0
981,BWA-no-clip,-3,0.8
981,BWA-std,-3,0.4
981,NW-flex,-3,1.0
981,BWA-no-clip,-2,0.9
981,BWA-std,-2,0.6
981,NW-flex,-2,1.0
981,BWA-no-clip,-1,0.9
981,BWA-std,-1,0.7
981,NW-flex,-1,1.0
981,BWA-no-clip,0,1.0
981,BWA-std,0,1.0
981,NW-flex,0,1.0
981,BWA-no-clip,1,1.0
981,BWA-std,1,0.7
981,NW-flex,1,1.0
981,BWA-no-clip,2,1.0
981,BWA-std,2,0.5
981,NW-flex,2,1.0
981,BWA-no-clip,3,1.0
981,BWA-std,3,0.3
981,NW-flex,3,1.0
981,BWA-no-clip,4,1.0
981,BWA-std,4,0.1
981,NW-flex,4,1.0
981,BWA-no-clip,5,1.0
981,BWA-std,5,0.0
981,NW-flex,5,1.0
982,BWA-no-clip,-5,0.6
982,BWA-std,-5,0.1
982,NW-flex,-5,1.0
982,BWA-no-clip,-4,0.7
982,BWA-std,-4,0.2
982,NW-flex,-4,1.0
982,BWA-no-clip,-3,0.7
982,BWA-std,-3,0.4
982,NW-flex,-3,1.0
982,BWA-no-clip,-2,0.8
982,BWA-std,-2,0.5
982,NW-flex,-2,1.0
982,BWA-no-clip,-1,0.8
982,BWA-std,-1,0.7
982,NW-flex,-1,1.0
982,BWA-no-clip,0,1.0
982,BWA-std,0,1.0
982,NW-flex,0,1.0
982,BWA-no-clip,1,1.0
982,BWA-std,1,0.7
982,NW-flex,1,1.0
982,BWA-no-clip,2,0.9
982,BWA-std,2,0.5
982,NW-flex,2,1.0
982,BWA-no-clip,3,0.9
982,BWA-std,3,0.3
982,NW-flex,3,1.0
982,BWA-no-clip,4,0.9
982,BWA-std,4,0.1
982,NW-flex,4,1.0
982,BWA-no-clip,5,0.9
982,BWA-std,5,0.0
982,NW-flex,5,1.0
983,BWA-no-clip,-5,0.6
983,BWA-std,-5,0.1
983,NW-flex,-5,1.0
983,BWA-no-clip,-4,0.7
983,BWA-std,-4,0.2
983,NW-flex,-4,1.0
983,BWA-no-clip,-3,0.7
983,BWA-std,-3,0.4
983,NW-flex,-3,1.0
983,BWA-no-clip,-2,0.8
983,BWA-std,-2,0.5
983,NW-flex,-2,1.0
983,BWA-no-clip,-1,0.7
983,BWA-std,-1,0.7
983,NW-flex,-1,1.0
983,BWA-no-clip,0,1.0
983,BWA-std,0,1.0
983,NW-flex,0,1.0
983,BWA-no-clip,1,0.9
983,BWA-std,1,0.7
983,NW-flex,1,1.0
983,BWA-no-clip,2,1.0
983,BWA-std,2,0.5
983,NW-flex,2,1.0
983,BWA-no-clip,3,0.8
983,BWA-std,3,0.3
983,NW-flex,3,1.0
983,BWA-no-clip,4,1.0
983,BWA-std,4,0.1
983,NW-flex,4,1.0
983,BWA-no-clip,5,1.0
983,BWA-std,5,0.0
983,NW-flex,5,1.0
984,BWA-no-clip,-5,0.4
984,BWA-std,-5,0.1
984,NW-flex,-5,1.0
984,BWA-no-clip,-4,0.7
984,BWA-std,-4,0.2
984,NW-flex,-4,1.0
984,BWA-no-clip,-3,0.8
984,BWA-std,-3,0.4
984,NW-flex,-3,1.0
984,BWA-no-clip,-2,0.8
984,BWA-std,-2,0.6
984,NW-flex,-2,1.0
984,BWA-no-clip,-1,0.9
984,BWA-std,-1,0.7
984,NW-flex,-1,1.0
984,BWA-no-clip,0,1.0
984,BWA-std,0,1.0
984,NW-flex,0,1.0
984,BWA-no-clip,1,1.0
984,BWA-std,1,0.7
984,NW-flex,1,1.0
984,BWA-no-clip,2,0.8
984,BWA-std,2,0.5
984,NW-flex,2,1.0
984,BWA-no-clip,3,0.8
984,BWA-std,3,0.3
984,NW-flex,3,1.0
984,BWA-no-clip,4,0.8
984,BWA-std,4,0.1
984,NW-flex,4,1.0
984,BWA-no-clip,5,0.8
984,BWA-std,5,0.0
984,NW-flex,5,1.0
985,BWA-no-clip,-5,0.7
985,BWA-std,-5,0.1
985,NW-flex,-5,1.0
985,BWA-no-clip,-4,0.8
985,BWA-std,-4,0.2
985,NW-flex,-4,1.0
985,BWA-no-clip,-3,0.8
985,BWA-std,-3,0.4
985,NW-flex,-3,1.0
985,BWA-no-clip,-2,0.9
985,BWA-std,-2,0.6
985,NW-flex,-2,1.0
985,BWA-no-clip,-1,0.9
985,BWA-std,-1,0.7
985,NW-flex,-1,1.0
985,BWA-no-clip,0,1.0
985,BWA-std,0,1.0
985,NW-flex,0,1.0
985,BWA-no-clip,1,1.0
985,BWA-std,1,0.7
985,NW-flex,1,1.0
985,BWA-no-clip,2,1.0
985,BWA-std,2,0.5
985,NW-flex,2,1.0
985,BWA-no-clip,3,1.0
985,BWA-std,3,0.3
985,NW-flex,3,1.0
985,BWA-no-clip,4,1.0
985,BWA-std,4,0.1
985,NW-flex,4,1.0
985,BWA-no-clip,5,1.0
985,BWA-std,5,0.0
985,NW-flex,5,1.0
986,BWA-no-clip,-5,0.6
986,BWA-std,-5,0.1
986,NW-flex,-5,1.0
986,BWA-no-clip,-4,0.7
986,BWA-std,-4,0.2
986,NW-flex,-4,1.0
986,BWA-no-clip,-3,0.7
986,BWA-std,-3,0.4
986,NW-flex,-3,1.0
986,BWA-no-clip,-2,0.9
986,BWA-std,-2,0.6
986,NW-flex,-2,1.0
986,BWA-no-clip,-1,0.9
986,BWA-std,-1,0.7
986,NW-flex,-1,1.0
986,BWA-no-clip,0,1.0
986,BWA-std,0,1.0
986,NW-flex,0,1.0
986,BWA-no-clip,1,1.0
986,BWA-std,1,0.7
986,NW-flex,1,1.0
986,BWA-no-clip,2,1.0
986,BWA-std,2,0.5
986,NW-flex,2,1.0
986,BWA-no-clip,3,1.0
986,BWA-std,3,0.3
986,NW-flex,3,1.0
986,BWA-no-clip,4,1.0
986,BWA-std,4,0.1
986,NW-flex,4,1.0
986,BWA-no-clip,5,1.0
986,BWA-std,5,0.0
986,NW-flex,5,1.0
987,BWA-no-clip,-5,0.2
987,BWA-std,-5,0.1
987,NW-flex,-5,1.0
987,BWA-no-clip,-4,0.4
987,BWA-std,-4,0.2
987,NW-flex,-4,1.0
987,BWA-no-clip,-3,0.4
987,BWA-std,-3,0.4
987,NW-flex,-3,1.0
987,BWA-no-clip,-2,0.6666666666666666
987,BWA-std,-2,0.5
987,NW-flex,-2,1.0
987,BWA-no-clip,-1,0.6
987,BWA-std,-1,0.6
987,NW-flex,-1,1.0
987,BWA-no-clip,0,1.0
987,BWA-std,0,1.0
987,NW-flex,0,1.0
987,BWA-no-clip,1,0.7
987,BWA-std,1,0.7
987,NW-flex,1,1.0
987,BWA-no-clip,2,0.7
987,BWA-std,2,0.5
987,NW-flex,2,1.0
987,BWA-no-clip,3,0.7
987,BWA-std,3,0.3
987,NW-flex,3,1.0
987,BWA-no-clip,4,0.7
987,BWA-std,4,0.1
987,NW-flex,4,1.0
987,BWA-no-clip,5,0.7
987,BWA-std,5,0.0
987,NW-flex,5,1.0
988,BWA-no-clip,-5,0.6
988,BWA-std,-5,0.1
988,NW-flex,-5,1.0
988,BWA-no-clip,-4,0.6
988,BWA-std,-4,0.2
988,NW-flex,-4,1.0
988,BWA-no-clip,-3,0.7
988,BWA-std,-3,0.4
988,NW-flex,-3,1.0
988,BWA-no-clip,-2,0.7
988,BWA-std,-2,0.6
988,NW-flex,-2,1.0
988,BWA-no-clip,-1,0.9
988,BWA-std,-1,0.7
988,NW-flex,-1,1.0
988,BWA-no-clip,0,1.0
988,BWA-std,0,1.0
988,NW-flex,0,1.0
988,BWA-no-clip,1,0.9
988,BWA-std,1,0.7
988,NW-flex,1,1.0
988,BWA-no-clip,2,0.9
988,BWA-std,2,0.5
988,NW-flex,2,1.0
988,BWA-no-clip,3,0.9
988,BWA-std,3,0.3
988,NW-flex,3,1.0
988,BWA-no-clip,4,0.9
988,BWA-std,4,0.1
988,NW-flex,4,1.0
988,BWA-no-clip,5,0.9
988,BWA-std,5,0.0
988,NW-flex,5,1.0
989,BWA-no-clip,-5,0.5
989,BWA-std,-5,0.1
989,NW-flex,-5,1.0
989,BWA-no-clip,-4,0.6
989,BWA-std,-4,0.2
989,NW-flex,-4,1.0
989,BWA-no-clip,-3,0.7
989,BWA-std,-3,0.4
989,NW-flex,-3,1.0
989,BWA-no-clip,-2,0.8
989,BWA-std,-2,0.5
989,NW-flex,-2,1.0
989,BWA-no-clip,-1,0.8
989,BWA-std,-1,0.7
989,NW-flex,-1,1.0
989,BWA-no-clip,0,1.0
989,BWA-std,0,1.0
989,NW-flex,0,1.0
989,BWA-no-clip,1,1.0
989,BWA-std,1,0.7
989,NW-flex,1,1.0
989,BWA-no-clip,2,1.0
989,BWA-std,2,0.5
989,NW-flex,2,1.0
989,BWA-no-clip,3,1.0
989,BWA-std,3,0.3
989,NW-flex,3,1.0
989,BWA-no-clip,4,0.9
989,BWA-std,4,0.1
989,NW-flex,4,1.0
989,BWA-no-clip,5,1.0
989,BWA-std,5,0.0
989,NW-flex,5,1.0
990,BWA-no-clip,-5,0.6
990,BWA-std,-5,0.1
990,NW-flex,-5,1.0
990,BWA-no-clip,-4,0.7
990,BWA-std,-4,0.2
990,NW-flex,-4,1.0
990,BWA-no-clip,-3,0.7
990,BWA-std,-3,0.4
990,NW-flex,-3,1.0
990,BWA-no-clip,-2,0.8
990,BWA-std,-2,0.6
990,NW-flex,-2,1.0
990,BWA-no-clip,-1,0.9
990,BWA-std,-1,0.7
990,NW-flex,-1,1.0
990,BWA-no-clip,0,1.0
990,BWA-std,0,1.0
990,NW-flex,0,1.0
990,BWA-no-clip,1,1.0
990,BWA-std,1,0.7
990,NW-flex,1,1.0
990,BWA-no-clip,2,1.0
990,BWA-std,2,0.5
990,NW-flex,2,1.0
990,BWA-no-clip,3,1.0
990,BWA-std,3,0.3
990,NW-flex,3,1.0
990,BWA-no-clip,4,1.0
990,BWA-std,4,0.1
990,NW-flex,4,1.0
990,BWA-no-clip,5,1.0
990,BWA-std,5,0.0
990,NW-flex,5,1.0
991,BWA-no-clip,-5,0.6
991,BWA-std,-5,0.1
991,NW-flex,-5,1.0
991,BWA-no-clip,-4,0.7
991,BWA-std,-4,0.2
991,NW-flex,-4,1.0
991,BWA-no-clip,-3,0.8
991,BWA-std,-3,0.4
991,NW-flex,-3,1.0
991,BWA-no-clip,-2,0.8
991,BWA-std,-2,0.6
991,NW-flex,-2,1.0
991,BWA-no-clip,-1,0.9
991,BWA-std,-1,0.7
991,NW-flex,-1,1.0
991,BWA-no-clip,0,1.0
991,BWA-std,0,1.0
991,NW-flex,0,1.0
991,BWA-no-clip,1,1.0
991,BWA-std,1,0.7
991,NW-flex,1,1.0
991,BWA-no-clip,2,1.0
991,BWA-std,2,0.5
991,NW-flex,2,1.0
991,BWA-no-clip,3,0.8
991,BWA-std,3,0.3
991,NW-flex,3,1.0
991,BWA-no-clip,4,0.7
991,BWA-std,4,0.1
991,NW-flex,4,1.0
991,BWA-no-clip,5,0.7
991,BWA-std,5,0.0
991,NW-flex,5,1.0
992,BWA-no-clip,-5,0.6
992,BWA-std,-5,0.1
992,NW-flex,-5,1.0
992,BWA-no-clip,-4,0.7
992,BWA-std,-4,0.2
992,NW-flex,-4,1.0
992,BWA-no-clip,-3,0.8
992,BWA-std,-3,0.4
992,NW-flex,-3,1.0
992,BWA-no-clip,-2,0.9
992,BWA-std,-2,0.6
992,NW-flex,-2,1.0
992,BWA-no-clip,-1,0.9
992,BWA-std,-1,0.7
992,NW-flex,-1,1.0
992,BWA-no-clip,0,1.0
992,BWA-std,0,1.0
992,NW-flex,0,1.0
992,BWA-no-clip,1,1.0
992,BWA-std,1,0.7
992,NW-flex,1,1.0
992,BWA-no-clip,2,1.0
992,BWA-std,2,0.5
992,NW-flex,2,1.0
992,BWA-no-clip,3,1.0
992,BWA-std,3,0.3
992,NW-flex,3,1.0
992,BWA-no-clip,4,1.0
992,BWA-std,4,0.1
992,NW-flex,4,1.0
992,BWA-no-clip,5,1.0
992,BWA-std,5,0.0
992,NW-flex,5,1.0
993,BWA-no-clip,-5,0.5
993,BWA-std,-5,0.1
993,NW-flex,-5,1.0
993,BWA-no-clip,-4,0.5
993,BWA-std,-4,0.2
993,NW-flex,-4,1.0
993,BWA-no-clip,-3,0.7
993,BWA-std,-3,0.4
993,NW-flex,-3,1.0
993,BWA-no-clip,-2,0.8
993,BWA-std,-2,0.6
993,NW-flex,-2,1.0
993,BWA-no-clip,-1,0.9
993,BWA-std,-1,0.7
993,NW-flex,-1,1.0
993,BWA-no-clip,0,1.0
993,BWA-std,0,1.0
993,NW-flex,0,1.0
993,BWA-no-clip,1,1.0
993,BWA-std,1,0.7
993,NW-flex,1,1.0
993,BWA-no-clip,2,1.0
993,BWA-std,2,0.5
993,NW-flex,2,1.0
993,BWA-no-clip,3,1.0
993,BWA-std,3,0.3
993,NW-flex,3,1.0
993,BWA-no-clip,4,1.0
993,BWA-std,4,0.1
993,NW-flex,4,1.0
993,BWA-no-clip,5,0.9
993,BWA-std,5,0.0
993,NW-flex,5,1.0
994,BWA-no-clip,-5,0.5
994,BWA-std,-5,0.1
994,NW-flex,-5,1.0
994,BWA-no-clip,-4,0.7
994,BWA-std,-4,0.2
994,NW-flex,-4,1.0
994,BWA-no-clip,-3,0.7
994,BWA-std,-3,0.4
994,NW-flex,-3,1.0
994,BWA-no-clip,-2,0.8
994,BWA-std,-2,0.5
994,NW-flex,-2,1.0
994,BWA-no-clip,-1,0.8
994,BWA-std,-1,0.7
994,NW-flex,-1,1.0
994,BWA-no-clip,0,1.0
994,BWA-std,0,1.0
994,NW-flex,0,1.0
994,BWA-no-clip,1,0.9
994,BWA-std,1,0.7
994,NW-flex,1,1.0
994,BWA-no-clip,2,0.9
994,BWA-std,2,0.5
994,NW-flex,2,1.0
994,BWA-no-clip,3,0.9
994,BWA-std,3,0.3
994,NW-flex,3,1.0
994,BWA-no-clip,4,0.9
994,BWA-std,4,0.1
994,NW-flex,4,1.0
994,BWA-no-clip,5,0.9
994,BWA-std,5,0.0
994,NW-flex,5,1.0
995,BWA-no-clip,-5,0.6
995,BWA-std,-5,0.1
995,NW-flex,-5,1.0
995,BWA-no-clip,-4,0.8
995,BWA-std,-4,0.2
995,NW-flex,-4,1.0
995,BWA-no-clip,-3,0.8
995,BWA-std,-3,0.4
995,NW-flex,-3,1.0
995,BWA-no-clip,-2,0.9
995,BWA-std,-2,0.6
995,NW-flex,-2,1.0
995,BWA-no-clip,-1,0.9
995,BWA-std,-1,0.7
995,NW-flex,-1,1.0
995,BWA-no-clip,0,1.0
995,BWA-std,0,1.0
995,NW-flex,0,1.0
995,BWA-no-clip,1,1.0
995,BWA-std,1,0.7
995,NW-flex,1,1.0
995,BWA-no-clip,2,1.0
995,BWA-std,2,0.5
995,NW-flex,2,1.0
995,BWA-no-clip,3,1.0
995,BWA-std,3,0.3
995,NW-flex,3,1.0
995,BWA-no-clip,4,1.0
995,BWA-std,4,0.1
995,NW-flex,4,1.0
995,BWA-no-clip,5,1.0
995,BWA-std,5,0.0
995,NW-flex,5,1.0
996,BWA-no-clip,-5,0.7
996,BWA-std,-5,0.1
996,NW-flex,-5,1.0
996,BWA-no-clip,-4,0.8
996,BWA-std,-4,0.2
996,NW-flex,-4,1.0
996,BWA-no-clip,-3,0.8
996,BWA-std,-3,0.4
996,NW-flex,-3,1.0
996,BWA-no-clip,-2,0.9
996,BWA-std,-2,0.6
996,NW-flex,-2,1.0
996,BWA-no-clip,-1,0.9
996,BWA-std,-1,0.7
996,NW-flex,-1,1.0
996,BWA-no-clip,0,1.0
996,BWA-std,0,1.0
996,NW-flex,0,1.0
996,BWA-no-clip,1,1.0
996,BWA-std,1,0.7
996,NW-flex,1,1.0
996,BWA-no-clip,2,1.0
996,BWA-std,2,0.5
996,NW-flex,2,1.0
996,BWA-no-clip,3,1.0
996,BWA-std,3,0.3
996,NW-flex,3,1.0
996,BWA-no-clip,4,1.0
996,BWA-std,4,0.1
996,NW-flex,4,1.0
996,BWA-no-clip,5,1.0
996,BWA-std,5,0.0
996,NW-flex,5,1.0
997,BWA-no-clip,-5,0.5
997,BWA-std,-5,0.1
997,NW-flex,-5,1.0
997,BWA-no-clip,-4,0.6
997,BWA-std,-4,0.2
997,NW-flex,-4,1.0
997,BWA-no-clip,-3,0.7
997,BWA-std,-3,0.4
997,NW-flex,-3,1.0
997,BWA-no-clip,-2,0.8
997,BWA-std,-2,0.6
997,NW-flex,-2,1.0
997,BWA-no-clip,-1,0.9
997,BWA-std,-1,0.7
997,NW-flex,-1,1.0
997,BWA-no-clip,0,1.0
997,BWA-std,0,1.0
997,NW-flex,0,1.0
997,BWA-no-clip,1,1.0
997,BWA-std,1,0.7
997,NW-flex,1,1.0
997,BWA-no-clip,2,1.0
997,BWA-std,2,0.5
997,NW-flex,2,1.0
997,BWA-no-clip,3,1.0
997,BWA-std,3,0.3
997,NW-flex,3,1.0
997,BWA-no-clip,4,1.0
997,BWA-std,4,0.1
997,NW-flex,4,1.0
997,BWA-no-clip,5,1.0
997,BWA-std,5,0.0
997,NW-flex,5,1.0
998,BWA-no-clip,-5,0.5
998,BWA-std,-5,0.1
998,NW-flex,-5,1.0
998,BWA-no-clip,-4,0.8
998,BWA-std,-4,0.2
998,NW-flex,-4,1.0
998,BWA-no-clip,-3,0.8
998,BWA-std,-3,0.4
998,NW-flex,-3,1.0
998,BWA-no-clip,-2,0.9
998,BWA-std,-2,0.6
998,NW-flex,-2,1.0
998,BWA-no-clip,-1,0.9
998,BWA-std,-1,0.7
998,NW-flex,-1,1.0
998,BWA-no-clip,0,1.0
998,BWA-std,0,1.0
998,NW-flex,0,1.0
998,BWA-no-clip,1,1.0
998,BWA-std,1,0.7
998,NW-flex,1,1.0
998,BWA-no-clip,2,1.0
998,BWA-std,2,0.5
998,NW-flex,2,1.0
998,BWA-no-clip,3,1.0
998,BWA-std,3,0.3
998,NW-flex,3,1.0
998,BWA-no-clip,4,1.0
998,BWA-std,4,0.1
998,NW-flex,4,1.0
998,BWA-no-clip,5,1.0
998,BWA-std,5,0.0
998,NW-flex,5,1.0
999,BWA-no-clip,-5,0.6
999,BWA-std,-5,0.1
999,NW-flex,-5,1.0
999,BWA-no-clip,-4,0.7
999,BWA-std,-4,0.2
999,NW-flex,-4,1.0
999,BWA-no-clip,-3,0.7
999,BWA-std,-3,0.4
999,NW-flex,-3,1.0
999,BWA-no-clip,-2,0.8
999,BWA-std,-2,0.6
999,NW-flex,-2,1.0
999,BWA-no-clip,-1,0.9
999,BWA-std,-1,0.7
999,NW-flex,-1,1.0
999,BWA-no-clip,0,1.0
999,BWA-std,0,1.0
999,NW-flex,0,1.0
999,BWA-no-clip,1,1.0
999,BWA-std,1,0.7
999,NW-flex,1,1.0
999,BWA-no-clip,2,1.0
999,BWA-std,2,0.5
999,NW-flex,2,1.0
999,BWA-no-clip,3,1.0
999,BWA-std,3,0.3
999,NW-flex,3,1.0
999,BWA-no-clip,4,1.0
999,BWA-std,4,0.1
999,NW-flex,4,1.0
999,BWA-no-clip,5,1.0
999,BWA-std,5,0.0
999,NW-flex,5,1.0
1000,BWA-no-clip,-5,0.4
1000,BWA-std,-5,0.1
1000,NW-flex,-5,1.0
1000,BWA-no-clip,-4,0.6
1000,BWA-std,-4,0.2
1000,NW-flex,-4,1.0
1000,BWA-no-clip,-3,0.7
1000,BWA-std,-3,0.4
1000,NW-flex,-3,1.0
1000,BWA-no-clip,-2,0.8
1000,BWA-std,-2,0.6
1000,NW-flex,-2,1.0
1000,BWA-no-clip,-1,0.9
1000,BWA-std,-1,0.7
1000,NW-flex,-1,1.0
1000,BWA-no-clip,0,1.0
1000,BWA-std,0,1.0
1000,NW-flex,0,1.0
1000,BWA-no-clip,1,1.0
1000,BWA-std,1,0.7
1000,NW-flex,1,1.0
1000,BWA-no-clip,2,1.0
1000,BWA-std,2,0.5
1000,NW-flex,2,1.0
1000,BWA-no-clip,3,1.0
1000,BWA-std,3,0.3
1000,NW-flex,3,1.0
1000,BWA-no-clip,4,1.0
1000,BWA-std,4,0.1
1000,NW-flex,4,1.0
1000,BWA-no-clip,5,1.0
1000,BWA-std,5,0.0
1000,NW-flex,5,1.0
1001,BWA-no-clip,-5,0.5
1001,BWA-std,-5,0.1
1001,NW-flex,-5,1.0
1001,BWA-no-clip,-4,0.5
1001,BWA-std,-4,0.2
1001,NW-flex,-4,1.0
1001,BWA-no-clip,-3,0.8
1001,BWA-std,-3,0.4
1001,NW-flex,-3,1.0
1001,BWA-no-clip,-2,0.8
1001,BWA-std,-2,0.6
1001,NW-flex,-2,1.0
1001,BWA-no-clip,-1,0.9
1001,BWA-std,-1,0.7
1001,NW-flex,-1,1.0
1001,BWA-no-clip,0,1.0
1001,BWA-std,0,1.0
1001,NW-flex,0,1.0
1001,BWA-no-clip,1,1.0
1001,BWA-std,1,0.7
1001,NW-flex,1,1.0
1001,BWA-no-clip,2,1.0
1001,BWA-std,2,0.5
1001,NW-flex,2,1.0
1001,BWA-no-clip,3,1.0
1001,BWA-std,3,0.3
1001,NW-flex,3,1.0
1001,BWA-no-clip,4,1.0
1001,BWA-std,4,0.1
1001,NW-flex,4,1.0
1001,BWA-no-clip,5,1.0
1001,BWA-std,5,0.0
1001,NW-flex,5,1.0
1002,BWA-no-clip,-5,0.7
1002,BWA-std,-5,0.1
1002,NW-flex,-5,1.0
1002,BWA-no-clip,-4,0.8
1002,BWA-std,-4,0.2
1002,NW-flex,-4,1.0
1002,BWA-no-clip,-3,0.8
1002,BWA-std,-3,0.4
1002,NW-flex,-3,1.0
1002,BWA-no-clip,-2,0.9
1002,BWA-std,-2,0.6
1002,NW-flex,-2,1.0
1002,BWA-no-clip,-1,0.9
1002,BWA-std,-1,0.7
1002,NW-flex,-1,1.0
1002,BWA-no-clip,0,1.0
1002,BWA-std,0,1.0
1002,NW-flex,0,1.0
1002,BWA-no-clip,1,1.0
1002,BWA-std,1,0.7
1002,NW-flex,1,1.0
1002,BWA-no-clip,2,1.0
1002,BWA-std,2,0.5
1002,NW-flex,2,1.0
1002,BWA-no-clip,3,1.0
1002,BWA-std,3,0.3
1002,NW-flex,3,1.0
1002,BWA-no-clip,4,1.0
1002,BWA-std,4,0.1
1002,NW-flex,4,1.0
1002,BWA-no-clip,5,1.0
1002,BWA-std,5,0.0
1002,NW-flex,5,1.0
1003,BWA-no-clip,-5,0.6
1003,BWA-std,-5,0.1
1003,NW-flex,-5,1.0
1003,BWA-no-clip,-4,0.7
1003,BWA-std,-4,0.2
1003,NW-flex,-4,1.0
1003,BWA-no-clip,-3,0.8
1003,BWA-std,-3,0.4
1003,NW-flex,-3,1.0
1003,BWA-no-clip,-2,0.9
1003,BWA-std,-2,0.6
1003,NW-flex,-2,1.0
1003,BWA-no-clip,-1,0.9
1003,BWA-std,-1,0.7
1003,NW-flex,-1,1.0
1003,BWA-no-clip,0,1.0
1003,BWA-std,0,1.0
1003,NW-flex,0,1.0
1003,BWA-no-clip,1,1.0
1003,BWA-std,1,0.7
1003,NW-flex,1,1.0
1003,BWA-no-clip,2,0.9
1003,BWA-std,2,0.5
1003,NW-flex,2,1.0
1003,BWA-no-clip,3,0.9
1003,BWA-std,3,0.3
1003,NW-flex,3,1.0
1003,BWA-no-clip,4,0.9
1003,BWA-std,4,0.1
1003,NW-flex,4,1.0
1003,BWA-no-clip,5,0.9
1003,BWA-std,5,0.0
1003,NW-flex,5,1.0
1004,BWA-no-clip,-5,0.6
1004,BWA-std,-5,0.1
1004,NW-flex,-5,1.0
1004,BWA-no-clip,-4,0.7
1004,BWA-std,-4,0.2
1004,NW-flex,-4,1.0
1004,BWA-no-clip,-3,0.8
1004,BWA-std,-3,0.4
1004,NW-flex,-3,1.0
1004,BWA-no-clip,-2,0.9
1004,BWA-std,-2,0.6
1004,NW-flex,-2,1.0
1004,BWA-no-clip,-1,0.9
1004,BWA-std,-1,0.7
1004,NW-flex,-1,1.0
1004,BWA-no-clip,0,1.0
1004,BWA-std,0,1.0
1004,NW-flex,0,1.0
1004,BWA-no-clip,1,1.0
1004,BWA-std,1,0.7
1004,NW-flex,1,1.0
1004,BWA-no-clip,2,1.0
1004,BWA-std,2,0.5
1004,NW-flex,2,1.0
1004,BWA-no-clip,3,1.0
1004,BWA-std,3,0.3
1004,NW-flex,3,1.0
1004,BWA-no-clip,4,1.0
1004,BWA-std,4,0.1
1004,NW-flex,4,1.0
1004,BWA-no-clip,5,1.0
1004,BWA-std,5,0.0
1004,NW-flex,5,1.0
1005,BWA-no-clip,-5,0.5
1005,BWA-std,-5,0.1
1005,NW-flex,-5,1.0
1005,BWA-no-clip,-4,0.8
1005,BWA-std,-4,0.2
1005,NW-flex,-4,1.0
1005,BWA-no-clip,-3,0.8
1005,BWA-std,-3,0.4
1005,NW-flex,-3,1.0
1005,BWA-no-clip,-2,0.9
1005,BWA-std,-2,0.6
1005,NW-flex,-2,1.0
1005,BWA-no-clip,-1,0.9
1005,BWA-std,-1,0.7
1005,NW-flex,-1,1.0
1005,BWA-no-clip,0,1.0
1005,BWA-std,0,1.0
1005,NW-flex,0,1.0
1005,BWA-no-clip,1,1.0
1005,BWA-std,1,0.7
1005,NW-flex,1,1.0
1005,BWA-no-clip,2,1.0
1005,BWA-std,2,0.5
1005,NW-flex,2,1.0
1005,BWA-no-clip,3,1.0
1005,BWA-std,3,0.3
1005,NW-flex,3,1.0
1005,BWA-no-clip,4,1.0
1005,BWA-std,4,0.1
1005,NW-flex,4,1.0
1005,BWA-no-clip,5,1.0
1005,BWA-std,5,0.0
1005,NW-flex,5,1.0
1006,BWA-no-clip,-5,0.6
1006,BWA-std,-5,0.1
1006,NW-flex,-5,1.0
1006,BWA-no-clip,-4,0.7
1006,BWA-std,-4,0.2
1006,NW-flex,-4,1.0
1006,BWA-no-clip,-3,0.7
1006,BWA-std,-3,0.4
1006,NW-flex,-3,1.0
1006,BWA-no-clip,-2,0.9
1006,BWA-std,-2,0.6
1006,NW-flex,-2,1.0
1006,BWA-no-clip,-1,0.9
1006,BWA-std,-1,0.7
1006,NW-flex,-1,1.0
1006,BWA-no-clip,0,1.0
1006,BWA-std,0,1.0
1006,NW-flex,0,1.0
1006,BWA-no-clip,1,1.0
1006,BWA-std,1,0.7
1006,NW-flex,1,1.0
1006,BWA-no-clip,2,1.0
1006,BWA-std,2,0.5
1006,NW-flex,2,1.0
1006,BWA-no-clip,3,1.0
1006,BWA-std,3,0.3
1006,NW-flex,3,1.0
1006,BWA-no-clip,4,1.0
1006,BWA-std,4,0.1
1006,NW-flex,4,1.0
1006,BWA-no-clip,5,1.0
1006,BWA-std,5,0.0
1006,NW-flex,5,1.0
1007,BWA-no-clip,-5,0.5
1007,BWA-std,-5,0.1
1007,NW-flex,-5,1.0
1007,BWA-no-clip,-4,0.6
1007,BWA-std,-4,0.2
1007,NW-flex,-4,1.0
1007,BWA-no-clip,-3,0.6
1007,BWA-std,-3,0.4
1007,NW-flex,-3,1.0
1007,BWA-no-clip,-2,0.8
1007,BWA-std,-2,0.6
1007,NW-flex,-2,1.0
1007,BWA-no-clip,-1,0.9
1007,BWA-std,-1,0.7
1007,NW-flex,-1,1.0
1007,BWA-no-clip,0,1.0
1007,BWA-std,0,1.0
1007,NW-flex,0,1.0
1007,BWA-no-clip,1,1.0
1007,BWA-std,1,0.7
1007,NW-flex,1,1.0
1007,BWA-no-clip,2,1.0
1007,BWA-std,2,0.5
1007,NW-flex,2,1.0
1007,BWA-no-clip,3,1.0
1007,BWA-std,3,0.3
1007,NW-flex,3,1.0
1007,BWA-no-clip,4,1.0
1007,BWA-std,4,0.1
1007,NW-flex,4,1.0
1007,BWA-no-clip,5,1.0
1007,BWA-std,5,0.0
1007,NW-flex,5,1.0
1008,BWA-no-clip,-5,0.6
1008,BWA-std,-5,0.1
1008,NW-flex,-5,1.0
1008,BWA-no-clip,-4,0.7
1008,BWA-std,-4,0.2
1008,NW-flex,-4,1.0
1008,BWA-no-clip,-3,0.8
1008,BWA-std,-3,0.4
1008,NW-flex,-3,1.0
1008,BWA-no-clip,-2,0.9
1008,BWA-std,-2,0.6
1008,NW-flex,-2,1.0
1008,BWA-no-clip,-1,0.9
1008,BWA-std,-1,0.7
1008,NW-flex,-1,1.0
1008,BWA-no-clip,0,1.0
1008,BWA-std,0,1.0
1008,NW-flex,0,1.0
1008,BWA-no-clip,1,1.0
1008,BWA-std,1,0.7
1008,NW-flex,1,1.0
1008,BWA-no-clip,2,1.0
1008,BWA-std,2,0.5
1008,NW-flex,2,1.0
1008,BWA-no-clip,3,1.0
1008,BWA-std,3,0.3
1008,NW-flex,3,1.0
1008,BWA-no-clip,4,1.0
1008,BWA-std,4,0.1
1008,NW-flex,4,1.0
1008,BWA-no-clip,5,1.0
1008,BWA-std,5,0.0
1008,NW-flex,5,1.0
1009,BWA-no-clip,-5,0.6
1009,BWA-std,-5,0.1
1009,NW-flex,-5,1.0
1009,BWA-no-clip,-4,0.7
1009,BWA-std,-4,0.2
1009,NW-flex,-4,1.0
1009,BWA-no-clip,-3,0.8
1009,BWA-std,-3,0.4
1009,NW-flex,-3,1.0
1009,BWA-no-clip,-2,0.9
1009,BWA-std,-2,0.6
1009,NW-flex,-2,1.0
1009,BWA-no-clip,-1,0.9
1009,BWA-std,-1,0.7
1009,NW-flex,-1,1.0
1009,BWA-no-clip,0,1.0
1009,BWA-std,0,1.0
1009,NW-flex,0,1.0
1009,BWA-no-clip,1,1.0
1009,BWA-std,1,0.7
1009,NW-flex,1,1.0
1009,BWA-no-clip,2,0.8
1009,BWA-std,2,0.5
1009,NW-flex,2,1.0
1009,BWA-no-clip,3,0.8
1009,BWA-std,3,0.3
1009,NW-flex,3,1.0
1009,BWA-no-clip,4,0.8
1009,BWA-std,4,0.1
1009,NW-flex,4,1.0
1009,BWA-no-clip,5,0.8
1009,BWA-std,5,0.0
1009,NW-flex,5,1.0
1010,BWA-no-clip,-5,0.7
1010,BWA-std,-5,0.1
1010,NW-flex,-5,1.0
1010,BWA-no-clip,-4,0.8
1010,BWA-std,-4,0.2
1010,NW-flex,-4,1.0
1010,BWA-no-clip,-3,0.8
1010,BWA-std,-3,0.4
1010,NW-flex,-3,1.0
1010,BWA-no-clip,-2,0.9
1010,BWA-std,-2,0.6
1010,NW-flex,-2,1.0
1010,BWA-no-clip,-1,0.9
1010,BWA-std,-1,0.7
1010,NW-flex,-1,1.0
1010,BWA-no-clip,0,1.0
1010,BWA-std,0,1.0
1010,NW-flex,0,1.0
1010,BWA-no-clip,1,1.0
1010,BWA-std,1,0.7
1010,NW-flex,1,1.0
1010,BWA-no-clip,2,1.0
1010,BWA-std,2,0.5
1010,NW-flex,2,1.0
1010,BWA-no-clip,3,1.0
1010,BWA-std,3,0.3
1010,NW-flex,3,1.0
1010,BWA-no-clip,4,1.0
1010,BWA-std,4,0.1
1010,NW-flex,4,1.0
1010,BWA-no-clip,5,1.0
1010,BWA-std,5,0.0
1010,NW-flex,5,1.0
1011,BWA-no-clip,-5,0.6
1011,BWA-std,-5,0.1
1011,NW-flex,-5,1.0
1011,BWA-no-clip,-4,0.7
1011,BWA-std,-4,0.2
1011,NW-flex,-4,1.0
1011,BWA-no-clip,-3,0.8
1011,BWA-std,-3,0.4
1011,NW-flex,-3,1.0
1011,BWA-no-clip,-2,0.9
1011,BWA-std,-2,0.6
1011,NW-flex,-2,1.0
1011,BWA-no-clip,-1,0.9
1011,BWA-std,-1,0.7
1011,NW-flex,-1,1.0
1011,BWA-no-clip,0,1.0
1011,BWA-std,0,1.0
1011,NW-flex,0,1.0
1011,BWA-no-clip,1,1.0
1011,BWA-std,1,0.7
1011,NW-flex,1,1.0
1011,BWA-no-clip,2,1.0
1011,BWA-std,2,0.5
1011,NW-flex,2,1.0
1011,BWA-no-clip,3,1.0
1011,BWA-std,3,0.3
1011,NW-flex,3,1.0
1011,BWA-no-clip,4,1.0
1011,BWA-std,4,0.1
1011,NW-flex,4,1.0
1011,BWA-no-clip,5,1.0
1011,BWA-std,5,0.0
1011,NW-flex,5,1.0
1012,BWA-no-clip,-5,0.7
1012,BWA-std,-5,0.1
1012,NW-flex,-5,1.0
1012,BWA-no-clip,-4,0.7
1012,BWA-std,-4,0.2
1012,NW-flex,-4,1.0
1012,BWA-no-clip,-3,0.8
1012,BWA-std,-3,0.4
1012,NW-flex,-3,1.0
1012,BWA-no-clip,-2,0.9
1012,BWA-std,-2,0.6
1012,NW-flex,-2,1.0
1012,BWA-no-clip,-1,0.9
1012,BWA-std,-1,0.7
1012,NW-flex,-1,1.0
1012,BWA-no-clip,0,1.0
1012,BWA-std,0,1.0
1012,NW-flex,0,1.0
1012,BWA-no-clip,1,1.0
1012,BWA-std,1,0.7
1012,NW-flex,1,1.0
1012,BWA-no-clip,2,1.0
1012,BWA-std,2,0.5
1012,NW-flex,2,1.0
1012,BWA-no-clip,3,1.0
1012,BWA-std,3,0.3
1012,NW-flex,3,1.0
1012,BWA-no-clip,4,1.0
1012,BWA-std,4,0.1
1012,NW-flex,4,1.0
1012,BWA-no-clip,5,1.0
1012,BWA-std,5,0.0
1012,NW-flex,5,1.0
1013,BWA-no-clip,-5,0.7
1013,BWA-std,-5,0.1
1013,NW-flex,-5,1.0
1013,BWA-no-clip,-4,0.7
1013,BWA-std,-4,0.2
1013,NW-flex,-4,1.0
1013,BWA-no-clip,-3,0.8
1013,BWA-std,-3,0.4
1013,NW-flex,-3,1.0
1013,BWA-no-clip,-2,0.9
1013,BWA-std,-2,0.6
1013,NW-flex,-2,1.0
1013,BWA-no-clip,-1,0.9
1013,BWA-std,-1,0.7
1013,NW-flex,-1,1.0
1013,BWA-no-clip,0,1.0
1013,BWA-std,0,1.0
1013,NW-flex,0,1.0
1013,BWA-no-clip,1,1.0
1013,BWA-std,1,0.7
1013,NW-flex,1,1.0
1013,BWA-no-clip,2,1.0
1013,BWA-std,2,0.5
1013,NW-flex,2,1.0
1013,BWA-no-clip,3,1.0
1013,BWA-std,3,0.3
1013,NW-flex,3,1.0
1013,BWA-no-clip,4,1.0
1013,BWA-std,4,0.1
1013,NW-flex,4,1.0
1013,BWA-no-clip,5,1.0
1013,BWA-std,5,0.0
1013,NW-flex,5,1.0
1014,BWA-no-clip,-5,0.6
1014,BWA-std,-5,0.1
1014,NW-flex,-5,1.0
1014,BWA-no-clip,-4,0.7
1014,BWA-std,-4,0.2
1014,NW-flex,-4,1.0
1014,BWA-no-clip,-3,0.7
1014,BWA-std,-3,0.4
1014,NW-flex,-3,1.0
1014,BWA-no-clip,-2,0.9
1014,BWA-std,-2,0.6
1014,NW-flex,-2,1.0
1014,BWA-no-clip,-1,0.9
1014,BWA-std,-1,0.7
1014,NW-flex,-1,1.0
1014,BWA-no-clip,0,1.0
1014,BWA-std,0,1.0
1014,NW-flex,0,1.0
1014,BWA-no-clip,1,1.0
1014,BWA-std,1,0.7
1014,NW-flex,1,1.0
1014,BWA-no-clip,2,1.0
1014,BWA-std,2,0.5
1014,NW-flex,2,1.0
1014,BWA-no-clip,3,1.0
1014,BWA-std,3,0.3
1014,NW-flex,3,1.0
1014,BWA-no-clip,4,1.0
1014,BWA-std,4,0.1
1014,NW-flex,4,1.0
1014,BWA-no-clip,5,1.0
1014,BWA-std,5,0.0
1014,NW-flex,5,1.0
1015,BWA-no-clip,-5,0.3
1015,BWA-std,-5,0.1
1015,NW-flex,-5,1.0
1015,BWA-no-clip,-4,0.5
1015,BWA-std,-4,0.2
1015,NW-flex,-4,1.0
1015,BWA-no-clip,-3,0.6
1015,BWA-std,-3,0.3
1015,NW-flex,-3,1.0
1015,BWA-no-clip,-2,0.7
1015,BWA-std,-2,0.5
1015,NW-flex,-2,1.0
1015,BWA-no-clip,-1,0.8
1015,BWA-std,-1,0.7
1015,NW-flex,-1,1.0
1015,BWA-no-clip,0,1.0
1015,BWA-std,0,1.0
1015,NW-flex,0,1.0
1015,BWA-no-clip,1,1.0
1015,BWA-std,1,0.7
1015,NW-flex,1,1.0
1015,BWA-no-clip,2,1.0
1015,BWA-std,2,0.5
1015,NW-flex,2,1.0
1015,BWA-no-clip,3,1.0
1015,BWA-std,3,0.3
1015,NW-flex,3,1.0
1015,BWA-no-clip,4,1.0
1015,BWA-std,4,0.1
1015,NW-flex,4,1.0
1015,BWA-no-clip,5,1.0
1015,BWA-std,5,0.0
1015,NW-flex,5,1.0
1016,BWA-no-clip,-5,0.6
1016,BWA-std,-5,0.1
1016,NW-flex,-5,1.0
1016,BWA-no-clip,-4,0.6
1016,BWA-std,-4,0.2
1016,NW-flex,-4,1.0
1016,BWA-no-clip,-3,0.7
1016,BWA-std,-3,0.4
1016,NW-flex,-3,1.0
1016,BWA-no-clip,-2,0.7333333333333333
1016,BWA-std,-2,0.5
1016,NW-flex,-2,1.0
1016,BWA-no-clip,-1,0.7
1016,BWA-std,-1,0.7
1016,NW-flex,-1,1.0
1016,BWA-no-clip,0,1.0
1016,BWA-std,0,1.0
1016,NW-flex,0,1.0
1016,BWA-no-clip,1,0.8
1016,BWA-std,1,0.7
1016,NW-flex,1,1.0
1016,BWA-no-clip,2,0.8
1016,BWA-std,2,0.5
1016,NW-flex,2,1.0
1016,BWA-no-clip,3,0.8
1016,BWA-std,3,0.3
1016,NW-flex,3,1.0
1016,BWA-no-clip,4,0.8
1016,BWA-std,4,0.1
1016,NW-flex,4,1.0
1016,BWA-no-clip,5,0.8
1016,BWA-std,5,0.0
1016,NW-flex,5,1.0
1017,BWA-no-clip,-5,0.6
1017,BWA-std,-5,0.1
1017,NW-flex,-5,1.0
1017,BWA-no-clip,-4,0.8
1017,BWA-std,-4,0.2
1017,NW-flex,-4,1.0
1017,BWA-no-clip,-3,0.8
1017,BWA-std,-3,0.4
1017,NW-flex,-3,1.0
1017,BWA-no-clip,-2,0.9
1017,BWA-std,-2,0.6
1017,NW-flex,-2,1.0
1017,BWA-no-clip,-1,0.9
1017,BWA-std,-1,0.7
1017,NW-flex,-1,1.0
1017,BWA-no-clip,0,1.0
1017,BWA-std,0,1.0
1017,NW-flex,0,1.0
1017,BWA-no-clip,1,1.0
1017,BWA-std,1,0.7
1017,NW-flex,1,1.0
1017,BWA-no-clip,2,1.0
1017,BWA-std,2,0.5
1017,NW-flex,2,1.0
1017,BWA-no-clip,3,1.0
1017,BWA-std,3,0.3
1017,NW-flex,3,1.0
1017,BWA-no-clip,4,1.0
1017,BWA-std,4,0.1
1017,NW-flex,4,1.0
1017,BWA-no-clip,5,1.0
1017,BWA-std,5,0.0
1017,NW-flex,5,1.0
1018,BWA-no-clip,-5,0.7
1018,BWA-std,-5,0.1
1018,NW-flex,-5,1.0
1018,BWA-no-clip,-4,0.7
1018,BWA-std,-4,0.2
1018,NW-flex,-4,1.0
1018,BWA-no-clip,-3,0.8
1018,BWA-std,-3,0.4
1018,NW-flex,-3,1.0
1018,BWA-no-clip,-2,0.9
1018,BWA-std,-2,0.6
1018,NW-flex,-2,1.0
1018,BWA-no-clip,-1,0.9
1018,BWA-std,-1,0.7
1018,NW-flex,-1,1.0
1018,BWA-no-clip,0,1.0
1018,BWA-std,0,1.0
1018,NW-flex,0,1.0
1018,BWA-no-clip,1,1.0
1018,BWA-std,1,0.7
1018,NW-flex,1,1.0
1018,BWA-no-clip,2,1.0
1018,BWA-std,2,0.5
1018,NW-flex,2,1.0
1018,BWA-no-clip,3,1.0
1018,BWA-std,3,0.3
1018,NW-flex,3,1.0
1018,BWA-no-clip,4,1.0
1018,BWA-std,4,0.1
1018,NW-flex,4,1.0
1018,BWA-no-clip,5,1.0
1018,BWA-std,5,0.0
1018,NW-flex,5,1.0
1019,BWA-no-clip,-5,0.6
1019,BWA-std,-5,0.1
1019,NW-flex,-5,1.0
1019,BWA-no-clip,-4,0.7
1019,BWA-std,-4,0.2
1019,NW-flex,-4,1.0
1019,BWA-no-clip,-3,0.8
1019,BWA-std,-3,0.4
1019,NW-flex,-3,1.0
1019,BWA-no-clip,-2,0.9
1019,BWA-std,-2,0.6
1019,NW-flex,-2,1.0
1019,BWA-no-clip,-1,0.9
1019,BWA-std,-1,0.7
1019,NW-flex,-1,1.0
1019,BWA-no-clip,0,1.0
1019,BWA-std,0,1.0
1019,NW-flex,0,1.0
1019,BWA-no-clip,1,1.0
1019,BWA-std,1,0.7
1019,NW-flex,1,1.0
1019,BWA-no-clip,2,1.0
1019,BWA-std,2,0.5
1019,NW-flex,2,1.0
1019,BWA-no-clip,3,1.0
1019,BWA-std,3,0.3
1019,NW-flex,3,1.0
1019,BWA-no-clip,4,1.0
1019,BWA-std,4,0.1
1019,NW-flex,4,1.0
1019,BWA-no-clip,5,1.0
1019,BWA-std,5,0.0
1019,NW-flex,5,1.0
1020,BWA-no-clip,-5,0.6
1020,BWA-std,-5,0.1
1020,NW-flex,-5,1.0
1020,BWA-no-clip,-4,0.8
1020,BWA-std,-4,0.2
1020,NW-flex,-4,1.0
1020,BWA-no-clip,-3,0.8
1020,BWA-std,-3,0.4
1020,NW-flex,-3,1.0
1020,BWA-no-clip,-2,0.9
1020,BWA-std,-2,0.6
1020,NW-flex,-2,1.0
1020,BWA-no-clip,-1,0.9
1020,BWA-std,-1,0.7
1020,NW-flex,-1,1.0
1020,BWA-no-clip,0,1.0
1020,BWA-std,0,1.0
1020,NW-flex,0,1.0
1020,BWA-no-clip,1,1.0
1020,BWA-std,1,0.7
1020,NW-flex,1,1.0
1020,BWA-no-clip,2,1.0
1020,BWA-std,2,0.5
1020,NW-flex,2,1.0
1020,BWA-no-clip,3,1.0
1020,BWA-std,3,0.3
1020,NW-flex,3,1.0
1020,BWA-no-clip,4,1.0
1020,BWA-std,4,0.1
1020,NW-flex,4,1.0
1020,BWA-no-clip,5,1.0
1020,BWA-std,5,0.0
1020,NW-flex,5,1.0
1021,BWA-no-clip,-5,0.6
1021,BWA-std,-5,0.1
1021,NW-flex,-5,1.0
1021,BWA-no-clip,-4,0.7
1021,BWA-std,-4,0.2
1021,NW-flex,-4,1.0
1021,BWA-no-clip,-3,0.7
1021,BWA-std,-3,0.4
1021,NW-flex,-3,1.0
1021,BWA-no-clip,-2,0.8
1021,BWA-std,-2,0.6
1021,NW-flex,-2,1.0
1021,BWA-no-clip,-1,0.9
1021,BWA-std,-1,0.7
1021,NW-flex,-1,1.0
1021,BWA-no-clip,0,1.0
1021,BWA-std,0,1.0
1021,NW-flex,0,1.0
1021,BWA-no-clip,1,1.0
1021,BWA-std,1,0.7
1021,NW-flex,1,1.0
1021,BWA-no-clip,2,1.0
1021,BWA-std,2,0.5
1021,NW-flex,2,1.0
1021,BWA-no-clip,3,1.0
1021,BWA-std,3,0.3
1021,NW-flex,3,1.0
1021,BWA-no-clip,4,1.0
1021,BWA-std,4,0.1
1021,NW-flex,4,1.0
1021,BWA-no-clip,5,1.0
1021,BWA-std,5,0.0
1021,NW-flex,5,1.0
1022,BWA-no-clip,-5,0.6
1022,BWA-std,-5,0.1
1022,NW-flex,-5,1.0
1022,BWA-no-clip,-4,0.7
1022,BWA-std,-4,0.2
1022,NW-flex,-4,1.0
1022,BWA-no-clip,-3,0.8
1022,BWA-std,-3,0.4
1022,NW-flex,-3,1.0
1022,BWA-no-clip,-2,0.8
1022,BWA-std,-2,0.6
1022,NW-flex,-2,1.0
1022,BWA-no-clip,-1,0.9
1022,BWA-std,-1,0.7
1022,NW-flex,-1,1.0
1022,BWA-no-clip,0,1.0
1022,BWA-std,0,1.0
1022,NW-flex,0,1.0
1022,BWA-no-clip,1,1.0
1022,BWA-std,1,0.7
1022,NW-flex,1,1.0
1022,BWA-no-clip,2,0.9
1022,BWA-std,2,0.5
1022,NW-flex,2,1.0
1022,BWA-no-clip,3,0.9
1022,BWA-std,3,0.3
1022,NW-flex,3,1.0
1022,BWA-no-clip,4,0.9
1022,BWA-std,4,0.1
1022,NW-flex,4,1.0
1022,BWA-no-clip,5,0.9
1022,BWA-std,5,0.0
1022,NW-flex,5,1.0
1023,BWA-no-clip,-5,0.6
1023,BWA-std,-5,0.1
1023,NW-flex,-5,1.0
1023,BWA-no-clip,-4,0.7
1023,BWA-std,-4,0.2
1023,NW-flex,-4,1.0
1023,BWA-no-clip,-3,0.8
1023,BWA-std,-3,0.4
1023,NW-flex,-3,1.0
1023,BWA-no-clip,-2,0.9
1023,BWA-std,-2,0.6
1023,NW-flex,-2,1.0
1023,BWA-no-clip,-1,0.9
1023,BWA-std,-1,0.7
1023,NW-flex,-1,1.0
1023,BWA-no-clip,0,1.0
1023,BWA-std,0,1.0
1023,NW-flex,0,1.0
1023,BWA-no-clip,1,1.0
1023,BWA-std,1,0.7
1023,NW-flex,1,1.0
1023,BWA-no-clip,2,0.9
1023,BWA-std,2,0.5
1023,NW-flex,2,1.0
1023,BWA-no-clip,3,0.9
1023,BWA-std,3,0.3
1023,NW-flex,3,1.0
1023,BWA-no-clip,4,0.9
1023,BWA-std,4,0.1
1023,NW-flex,4,1.0
1023,BWA-no-clip,5,0.9
1023,BWA-std,5,0.0
1023,NW-flex,5,1.0
1024,BWA-no-clip,-5,0.5
1024,BWA-std,-5,0.1
1024,NW-flex,-5,1.0
1024,BWA-no-clip,-4,0.6
1024,BWA-std,-4,0.2
1024,NW-flex,-4,1.0
1024,BWA-no-clip,-3,0.6
1024,BWA-std,-3,0.4
1024,NW-flex,-3,1.0
1024,BWA-no-clip,-2,0.8
1024,BWA-std,-2,0.6
1024,NW-flex,-2,1.0
1024,BWA-no-clip,-1,0.9
1024,BWA-std,-1,0.7
1024,NW-flex,-1,1.0
1024,BWA-no-clip,0,1.0
1024,BWA-std,0,1.0
1024,NW-flex,0,1.0
1024,BWA-no-clip,1,1.0
1024,BWA-std,1,0.7
1024,NW-flex,1,1.0
1024,BWA-no-clip,2,0.9
1024,BWA-std,2,0.5
1024,NW-flex,2,1.0
1024,BWA-no-clip,3,1.0
1024,BWA-std,3,0.3
1024,NW-flex,3,1.0
1024,BWA-no-clip,4,1.0
1024,BWA-std,4,0.1
1024,NW-flex,4,1.0
1024,BWA-no-clip,5,1.0
1024,BWA-std,5,0.0
1024,NW-flex,5,1.0
1025,BWA-no-clip,-5,0.5
1025,BWA-std,-5,0.1
1025,NW-flex,-5,1.0
1025,BWA-no-clip,-4,0.5
1025,BWA-std,-4,0.2
1025,NW-flex,-4,1.0
1025,BWA-no-clip,-3,0.8
1025,BWA-std,-3,0.4
1025,NW-flex,-3,1.0
1025,BWA-no-clip,-2,0.9
1025,BWA-std,-2,0.6
1025,NW-flex,-2,1.0
1025,BWA-no-clip,-1,0.9
1025,BWA-std,-1,0.7
1025,NW-flex,-1,1.0
1025,BWA-no-clip,0,1.0
1025,BWA-std,0,1.0
1025,NW-flex,0,1.0
1025,BWA-no-clip,1,1.0
1025,BWA-std,1,0.7
1025,NW-flex,1,1.0
1025,BWA-no-clip,2,1.0
1025,BWA-std,2,0.5
1025,NW-flex,2,1.0
1025,BWA-no-clip,3,1.0
1025,BWA-std,3,0.3
1025,NW-flex,3,1.0
1025,BWA-no-clip,4,1.0
1025,BWA-std,4,0.1
1025,NW-flex,4,1.0
1025,BWA-no-clip,5,1.0
1025,BWA-std,5,0.0
1025,NW-flex,5,1.0
1026,BWA-no-clip,-5,0.6
1026,BWA-std,-5,0.1
1026,NW-flex,-5,1.0
1026,BWA-no-clip,-4,0.7
1026,BWA-std,-4,0.2
1026,NW-flex,-4,1.0
1026,BWA-no-clip,-3,0.8
1026,BWA-std,-3,0.4
1026,NW-flex,-3,1.0
1026,BWA-no-clip,-2,0.8
1026,BWA-std,-2,0.6
1026,NW-flex,-2,1.0
1026,BWA-no-clip,-1,0.9
1026,BWA-std,-1,0.7
1026,NW-flex,-1,1.0
1026,BWA-no-clip,0,1.0
1026,BWA-std,0,1.0
1026,NW-flex,0,1.0
1026,BWA-no-clip,1,1.0
1026,BWA-std,1,0.7
1026,NW-flex,1,1.0
1026,BWA-no-clip,2,0.9
1026,BWA-std,2,0.5
1026,NW-flex,2,1.0
1026,BWA-no-clip,3,0.9
1026,BWA-std,3,0.3
1026,NW-flex,3,1.0
1026,BWA-no-clip,4,0.9
1026,BWA-std,4,0.1
1026,NW-flex,4,1.0
1026,BWA-no-clip,5,0.9
1026,BWA-std,5,0.0
1026,NW-flex,5,1.0
1027,BWA-no-clip,-5,0.7
1027,BWA-std,-5,0.1
1027,NW-flex,-5,1.0
1027,BWA-no-clip,-4,0.8
1027,BWA-std,-4,0.2
1027,NW-flex,-4,1.0
1027,BWA-no-clip,-3,0.8
1027,BWA-std,-3,0.4
1027,NW-flex,-3,1.0
1027,BWA-no-clip,-2,0.9
1027,BWA-std,-2,0.6
1027,NW-flex,-2,1.0
1027,BWA-no-clip,-1,0.9
1027,BWA-std,-1,0.7
1027,NW-flex,-1,1.0
1027,BWA-no-clip,0,1.0
1027,BWA-std,0,1.0
1027,NW-flex,0,1.0
1027,BWA-no-clip,1,1.0
1027,BWA-std,1,0.7
1027,NW-flex,1,1.0
1027,BWA-no-clip,2,1.0
1027,BWA-std,2,0.5
1027,NW-flex,2,1.0
1027,BWA-no-clip,3,1.0
1027,BWA-std,3,0.3
1027,NW-flex,3,1.0
1027,BWA-no-clip,4,1.0
1027,BWA-std,4,0.1
1027,NW-flex,4,1.0
1027,BWA-no-clip,5,1.0
1027,BWA-std,5,0.0
1027,NW-flex,5,1.0
1028,BWA-no-clip,-5,0.5
1028,BWA-std,-5,0.1
1028,NW-flex,-5,1.0
1028,BWA-no-clip,-4,0.5
1028,BWA-std,-4,0.2
1028,NW-flex,-4,1.0
1028,BWA-no-clip,-3,0.7
1028,BWA-std,-3,0.4
1028,NW-flex,-3,1.0
1028,BWA-no-clip,-2,0.9
1028,BWA-std,-2,0.6
1028,NW-flex,-2,1.0
1028,BWA-no-clip,-1,0.9
1028,BWA-std,-1,0.7
1028,NW-flex,-1,1.0
1028,BWA-no-clip,0,1.0
1028,BWA-std,0,1.0
1028,NW-flex,0,1.0
1028,BWA-no-clip,1,1.0
1028,BWA-std,1,0.7
1028,NW-flex,1,1.0
1028,BWA-no-clip,2,1.0
1028,BWA-std,2,0.5
1028,NW-flex,2,1.0
1028,BWA-no-clip,3,1.0
1028,BWA-std,3,0.3
1028,NW-flex,3,1.0
1028,BWA-no-clip,4,1.0
1028,BWA-std,4,0.1
1028,NW-flex,4,1.0
1028,BWA-no-clip,5,1.0
1028,BWA-std,5,0.0
1028,NW-flex,5,1.0
1029,BWA-no-clip,-5,0.6
1029,BWA-std,-5,0.1
1029,NW-flex,-5,1.0
1029,BWA-no-clip,-4,0.7
1029,BWA-std,-4,0.2
1029,NW-flex,-4,1.0
1029,BWA-no-clip,-3,0.7
1029,BWA-std,-3,0.4
1029,NW-flex,-3,1.0
1029,BWA-no-clip,-2,0.8
1029,BWA-std,-2,0.5
1029,NW-flex,-2,1.0
1029,BWA-no-clip,-1,0.7
1029,BWA-std,-1,0.7
1029,NW-flex,-1,1.0
1029,BWA-no-clip,0,1.0
1029,BWA-std,0,1.0
1029,NW-flex,0,1.0
1029,BWA-no-clip,1,0.9
1029,BWA-std,1,0.7
1029,NW-flex,1,1.0
1029,BWA-no-clip,2,1.0
1029,BWA-std,2,0.5
1029,NW-flex,2,1.0
1029,BWA-no-clip,3,1.0
1029,BWA-std,3,0.3
1029,NW-flex,3,1.0
1029,BWA-no-clip,4,1.0
1029,BWA-std,4,0.1
1029,NW-flex,4,1.0
1029,BWA-no-clip,5,1.0
1029,BWA-std,5,0.0
1029,NW-flex,5,1.0
1030,BWA-no-clip,-5,0.4
1030,BWA-std,-5,0.1
1030,NW-flex,-5,1.0
1030,BWA-no-clip,-4,0.7
1030,BWA-std,-4,0.2
1030,NW-flex,-4,1.0
1030,BWA-no-clip,-3,0.7
1030,BWA-std,-3,0.4
1030,NW-flex,-3,1.0
1030,BWA-no-clip,-2,0.7333333333333333
1030,BWA-std,-2,0.5
1030,NW-flex,-2,1.0
1030,BWA-no-clip,-1,0.7
1030,BWA-std,-1,0.7
1030,NW-flex,-1,1.0
1030,BWA-no-clip,0,1.0
1030,BWA-std,0,1.0
1030,NW-flex,0,1.0
1030,BWA-no-clip,1,0.8
1030,BWA-std,1,0.7
1030,NW-flex,1,1.0
1030,BWA-no-clip,2,0.8
1030,BWA-std,2,0.5
1030,NW-flex,2,1.0
1030,BWA-no-clip,3,0.8
1030,BWA-std,3,0.3
1030,NW-flex,3,1.0
1030,BWA-no-clip,4,0.8
1030,BWA-std,4,0.1
1030,NW-flex,4,1.0
1030,BWA-no-clip,5,0.7
1030,BWA-std,5,0.0
1030,NW-flex,5,1.0
1031,BWA-no-clip,-5,0.5
1031,BWA-std,-5,0.1
1031,NW-flex,-5,1.0
1031,BWA-no-clip,-4,0.5
1031,BWA-std,-4,0.2
1031,NW-flex,-4,1.0
1031,BWA-no-clip,-3,0.7
1031,BWA-std,-3,0.4
1031,NW-flex,-3,1.0
1031,BWA-no-clip,-2,0.8
1031,BWA-std,-2,0.6
1031,NW-flex,-2,1.0
1031,BWA-no-clip,-1,0.9
1031,BWA-std,-1,0.7
1031,NW-flex,-1,1.0
1031,BWA-no-clip,0,1.0
1031,BWA-std,0,1.0
1031,NW-flex,0,1.0
1031,BWA-no-clip,1,1.0
1031,BWA-std,1,0.7
1031,NW-flex,1,1.0
1031,BWA-no-clip,2,1.0
1031,BWA-std,2,0.5
1031,NW-flex,2,1.0
1031,BWA-no-clip,3,0.7
1031,BWA-std,3,0.3
1031,NW-flex,3,1.0
1031,BWA-no-clip,4,1.0
1031,BWA-std,4,0.1
1031,NW-flex,4,1.0
1031,BWA-no-clip,5,1.0
1031,BWA-std,5,0.0
1031,NW-flex,5,1.0
1032,BWA-no-clip,-5,0.7
1032,BWA-std,-5,0.1
1032,NW-flex,-5,1.0
1032,BWA-no-clip,-4,0.7
1032,BWA-std,-4,0.2
1032,NW-flex,-4,1.0
1032,BWA-no-clip,-3,0.8
1032,BWA-std,-3,0.4
1032,NW-flex,-3,1.0
1032,BWA-no-clip,-2,0.9
1032,BWA-std,-2,0.6
1032,NW-flex,-2,1.0
1032,BWA-no-clip,-1,0.9
1032,BWA-std,-1,0.7
1032,NW-flex,-1,1.0
1032,BWA-no-clip,0,1.0
1032,BWA-std,0,1.0
1032,NW-flex,0,1.0
1032,BWA-no-clip,1,1.0
1032,BWA-std,1,0.7
1032,NW-flex,1,1.0
1032,BWA-no-clip,2,1.0
1032,BWA-std,2,0.5
1032,NW-flex,2,1.0
1032,BWA-no-clip,3,1.0
1032,BWA-std,3,0.3
1032,NW-flex,3,1.0
1032,BWA-no-clip,4,1.0
1032,BWA-std,4,0.1
1032,NW-flex,4,1.0
1032,BWA-no-clip,5,1.0
1032,BWA-std,5,0.0
1032,NW-flex,5,1.0
1033,BWA-no-clip,-5,0.5
1033,BWA-std,-5,0.1
1033,NW-flex,-5,1.0
1033,BWA-no-clip,-4,0.5
1033,BWA-std,-4,0.2
1033,NW-flex,-4,1.0
1033,BWA-no-clip,-3,0.7
1033,BWA-std,-3,0.4
1033,NW-flex,-3,1.0
1033,BWA-no-clip,-2,0.9
1033,BWA-std,-2,0.6
1033,NW-flex,-2,1.0
1033,BWA-no-clip,-1,0.9
1033,BWA-std,-1,0.7
1033,NW-flex,-1,1.0
1033,BWA-no-clip,0,1.0
1033,BWA-std,0,1.0
1033,NW-flex,0,1.0
1033,BWA-no-clip,1,1.0
1033,BWA-std,1,0.7
1033,NW-flex,1,1.0
1033,BWA-no-clip,2,1.0
1033,BWA-std,2,0.5
1033,NW-flex,2,1.0
1033,BWA-no-clip,3,1.0
1033,BWA-std,3,0.3
1033,NW-flex,3,1.0
1033,BWA-no-clip,4,1.0
1033,BWA-std,4,0.1
1033,NW-flex,4,1.0
1033,BWA-no-clip,5,1.0
1033,BWA-std,5,0.0
1033,NW-flex,5,1.0
1034,BWA-no-clip,-5,0.4
1034,BWA-std,-5,0.1
1034,NW-flex,-5,1.0
1034,BWA-no-clip,-4,0.7
1034,BWA-std,-4,0.2
1034,NW-flex,-4,1.0
1034,BWA-no-clip,-3,0.8
1034,BWA-std,-3,0.4
1034,NW-flex,-3,1.0
1034,BWA-no-clip,-2,0.9
1034,BWA-std,-2,0.6
1034,NW-flex,-2,1.0
1034,BWA-no-clip,-1,0.9
1034,BWA-std,-1,0.7
1034,NW-flex,-1,1.0
1034,BWA-no-clip,0,1.0
1034,BWA-std,0,1.0
1034,NW-flex,0,1.0
1034,BWA-no-clip,1,1.0
1034,BWA-std,1,0.7
1034,NW-flex,1,1.0
1034,BWA-no-clip,2,0.9
1034,BWA-std,2,0.5
1034,NW-flex,2,1.0
1034,BWA-no-clip,3,0.9
1034,BWA-std,3,0.3
1034,NW-flex,3,1.0
1034,BWA-no-clip,4,0.9
1034,BWA-std,4,0.1
1034,NW-flex,4,1.0
1034,BWA-no-clip,5,0.9
1034,BWA-std,5,0.0
1034,NW-flex,5,1.0
1035,BWA-no-clip,-5,0.4
1035,BWA-std,-5,0.1
1035,NW-flex,-5,1.0
1035,BWA-no-clip,-4,0.6
1035,BWA-std,-4,0.2
1035,NW-flex,-4,1.0
1035,BWA-no-clip,-3,0.6
1035,BWA-std,-3,0.4
1035,NW-flex,-3,1.0
1035,BWA-no-clip,-2,0.6666666666666666
1035,BWA-std,-2,0.5
1035,NW-flex,-2,1.0
1035,BWA-no-clip,-1,0.6
1035,BWA-std,-1,0.6
1035,NW-flex,-1,1.0
1035,BWA-no-clip,0,1.0
1035,BWA-std,0,1.0
1035,NW-flex,0,1.0
1035,BWA-no-clip,1,0.7
1035,BWA-std,1,0.7
1035,NW-flex,1,1.0
1035,BWA-no-clip,2,0.7
1035,BWA-std,2,0.5
1035,NW-flex,2,1.0
1035,BWA-no-clip,3,0.7
1035,BWA-std,3,0.3
1035,NW-flex,3,1.0
1035,BWA-no-clip,4,0.7
1035,BWA-std,4,0.1
1035,NW-flex,4,1.0
1035,BWA-no-clip,5,0.7
1035,BWA-std,5,0.0
1035,NW-flex,5,1.0
1036,BWA-no-clip,-5,0.2
1036,BWA-std,-5,0.1
1036,NW-flex,-5,1.0
1036,BWA-no-clip,-4,0.5
1036,BWA-std,-4,0.2
1036,NW-flex,-4,1.0
1036,BWA-no-clip,-3,0.5
1036,BWA-std,-3,0.4
1036,NW-flex,-3,1.0
1036,BWA-no-clip,-2,0.8
1036,BWA-std,-2,0.5
1036,NW-flex,-2,1.0
1036,BWA-no-clip,-1,0.8
1036,BWA-std,-1,0.7
1036,NW-flex,-1,1.0
1036,BWA-no-clip,0,1.0
1036,BWA-std,0,1.0
1036,NW-flex,0,1.0
1036,BWA-no-clip,1,1.0
1036,BWA-std,1,0.7
1036,NW-flex,1,1.0
1036,BWA-no-clip,2,1.0
1036,BWA-std,2,0.5
1036,NW-flex,2,1.0
1036,BWA-no-clip,3,1.0
1036,BWA-std,3,0.3
1036,NW-flex,3,1.0
1036,BWA-no-clip,4,0.9
1036,BWA-std,4,0.1
1036,NW-flex,4,1.0
1036,BWA-no-clip,5,1.0
1036,BWA-std,5,0.0
1036,NW-flex,5,1.0
1037,BWA-no-clip,-5,0.6
1037,BWA-std,-5,0.1
1037,NW-flex,-5,1.0
1037,BWA-no-clip,-4,0.7
1037,BWA-std,-4,0.2
1037,NW-flex,-4,1.0
1037,BWA-no-clip,-3,0.7
1037,BWA-std,-3,0.4
1037,NW-flex,-3,1.0
1037,BWA-no-clip,-2,0.7333333333333333
1037,BWA-std,-2,0.5
1037,NW-flex,-2,1.0
1037,BWA-no-clip,-1,0.7
1037,BWA-std,-1,0.7
1037,NW-flex,-1,1.0
1037,BWA-no-clip,0,1.0
1037,BWA-std,0,1.0
1037,NW-flex,0,1.0
1037,BWA-no-clip,1,0.8
1037,BWA-std,1,0.7
1037,NW-flex,1,1.0
1037,BWA-no-clip,2,0.8
1037,BWA-std,2,0.5
1037,NW-flex,2,1.0
1037,BWA-no-clip,3,0.8
1037,BWA-std,3,0.3
1037,NW-flex,3,1.0
1037,BWA-no-clip,4,0.8
1037,BWA-std,4,0.1
1037,NW-flex,4,1.0
1037,BWA-no-clip,5,0.8
1037,BWA-std,5,0.0
1037,NW-flex,5,1.0
1038,BWA-no-clip,-5,0.3
1038,BWA-std,-5,0.1
1038,NW-flex,-5,1.0
1038,BWA-no-clip,-4,0.6
1038,BWA-std,-4,0.2
1038,NW-flex,-4,1.0
1038,BWA-no-clip,-3,0.6
1038,BWA-std,-3,0.4
1038,NW-flex,-3,1.0
1038,BWA-no-clip,-2,0.8
1038,BWA-std,-2,0.5
1038,NW-flex,-2,1.0
1038,BWA-no-clip,-1,0.8
1038,BWA-std,-1,0.7
1038,NW-flex,-1,1.0
1038,BWA-no-clip,0,1.0
1038,BWA-std,0,1.0
1038,NW-flex,0,1.0
1038,BWA-no-clip,1,1.0
1038,BWA-std,1,0.7
1038,NW-flex,1,1.0
1038,BWA-no-clip,2,0.8
1038,BWA-std,2,0.5
1038,NW-flex,2,1.0
1038,BWA-no-clip,3,1.0
1038,BWA-std,3,0.3
1038,NW-flex,3,1.0
1038,BWA-no-clip,4,1.0
1038,BWA-std,4,0.1
1038,NW-flex,4,1.0
1038,BWA-no-clip,5,1.0
1038,BWA-std,5,0.0
1038,NW-flex,5,1.0
1039,BWA-no-clip,-5,0.5
1039,BWA-std,-5,0.1
1039,NW-flex,-5,1.0
1039,BWA-no-clip,-4,0.6
1039,BWA-std,-4,0.2
1039,NW-flex,-4,1.0
1039,BWA-no-clip,-3,0.7
1039,BWA-std,-3,0.4
1039,NW-flex,-3,1.0
1039,BWA-no-clip,-2,0.8
1039,BWA-std,-2,0.5
1039,NW-flex,-2,1.0
1039,BWA-no-clip,-1,0.7
1039,BWA-std,-1,0.7
1039,NW-flex,-1,1.0
1039,BWA-no-clip,0,1.0
1039,BWA-std,0,1.0
1039,NW-flex,0,1.0
1039,BWA-no-clip,1,0.9
1039,BWA-std,1,0.7
1039,NW-flex,1,1.0
1039,BWA-no-clip,2,1.0
1039,BWA-std,2,0.5
1039,NW-flex,2,1.0
1039,BWA-no-clip,3,1.0
1039,BWA-std,3,0.3
1039,NW-flex,3,1.0
1039,BWA-no-clip,4,1.0
1039,BWA-std,4,0.1
1039,NW-flex,4,1.0
1039,BWA-no-clip,5,1.0
1039,BWA-std,5,0.0
1039,NW-flex,5,1.0
1040,BWA-no-clip,-5,0.4
1040,BWA-std,-5,0.1
1040,NW-flex,-5,1.0
1040,BWA-no-clip,-4,0.7
1040,BWA-std,-4,0.2
1040,NW-flex,-4,1.0
1040,BWA-no-clip,-3,0.8
1040,BWA-std,-3,0.4
1040,NW-flex,-3,1.0
1040,BWA-no-clip,-2,0.8
1040,BWA-std,-2,0.6
1040,NW-flex,-2,1.0
1040,BWA-no-clip,-1,0.9
1040,BWA-std,-1,0.7
1040,NW-flex,-1,1.0
1040,BWA-no-clip,0,1.0
1040,BWA-std,0,1.0
1040,NW-flex,0,1.0
1040,BWA-no-clip,1,1.0
1040,BWA-std,1,0.7
1040,NW-flex,1,1.0
1040,BWA-no-clip,2,1.0
1040,BWA-std,2,0.5
1040,NW-flex,2,1.0
1040,BWA-no-clip,3,0.9
1040,BWA-std,3,0.3
1040,NW-flex,3,1.0
1040,BWA-no-clip,4,1.0
1040,BWA-std,4,0.1
1040,NW-flex,4,1.0
1040,BWA-no-clip,5,1.0
1040,BWA-std,5,0.0
1040,NW-flex,5,1.0
1041,BWA-no-clip,-5,0.3
1041,BWA-std,-5,0.1
1041,NW-flex,-5,1.0
1041,BWA-no-clip,-4,0.4
1041,BWA-std,-4,0.2
1041,NW-flex,-4,1.0
1041,BWA-no-clip,-3,0.3
1041,BWA-std,-3,0.3
1041,NW-flex,-3,1.0
1041,BWA-no-clip,-2,0.7
1041,BWA-std,-2,0.5
1041,NW-flex,-2,1.0
1041,BWA-no-clip,-1,0.8
1041,BWA-std,-1,0.7
1041,NW-flex,-1,1.0
1041,BWA-no-clip,0,1.0
1041,BWA-std,0,1.0
1041,NW-flex,0,1.0
1041,BWA-no-clip,1,1.0
1041,BWA-std,1,0.7
1041,NW-flex,1,1.0
1041,BWA-no-clip,2,1.0
1041,BWA-std,2,0.5
1041,NW-flex,2,1.0
1041,BWA-no-clip,3,0.8
1041,BWA-std,3,0.3
1041,NW-flex,3,1.0
1041,BWA-no-clip,4,0.9
1041,BWA-std,4,0.1
1041,NW-flex,4,1.0
1041,BWA-no-clip,5,0.9
1041,BWA-std,5,0.0
1041,NW-flex,5,1.0
1042,BWA-no-clip,-5,0.5
1042,BWA-std,-5,0.1
1042,NW-flex,-5,1.0
1042,BWA-no-clip,-4,0.6
1042,BWA-std,-4,0.2
1042,NW-flex,-4,1.0
1042,BWA-no-clip,-3,0.6
1042,BWA-std,-3,0.4
1042,NW-flex,-3,1.0
1042,BWA-no-clip,-2,0.8
1042,BWA-std,-2,0.5
1042,NW-flex,-2,1.0
1042,BWA-no-clip,-1,0.5
1042,BWA-std,-1,0.5
1042,NW-flex,-1,1.0
1042,BWA-no-clip,0,1.0
1042,BWA-std,0,1.0
1042,NW-flex,0,1.0
1042,BWA-no-clip,1,0.7
1042,BWA-std,1,0.7
1042,NW-flex,1,1.0
1042,BWA-no-clip,2,0.9
1042,BWA-std,2,0.5
1042,NW-flex,2,1.0
1042,BWA-no-clip,3,1.0
1042,BWA-std,3,0.3
1042,NW-flex,3,1.0
1042,BWA-no-clip,4,1.0
1042,BWA-std,4,0.1
1042,NW-flex,4,1.0
1042,BWA-no-clip,5,1.0
1042,BWA-std,5,0.0
1042,NW-flex,5,1.0
1043,BWA-no-clip,-5,0.6
1043,BWA-std,-5,0.1
1043,NW-flex,-5,1.0
1043,BWA-no-clip,-4,0.7
1043,BWA-std,-4,0.2
1043,NW-flex,-4,1.0
1043,BWA-no-clip,-3,0.7
1043,BWA-std,-3,0.4
1043,NW-flex,-3,1.0
1043,BWA-no-clip,-2,0.8
1043,BWA-std,-2,0.6
1043,NW-flex,-2,1.0
1043,BWA-no-clip,-1,0.9
1043,BWA-std,-1,0.7
1043,NW-flex,-1,1.0
1043,BWA-no-clip,0,1.0
1043,BWA-std,0,1.0
1043,NW-flex,0,1.0
1043,BWA-no-clip,1,1.0
1043,BWA-std,1,0.7
1043,NW-flex,1,1.0
1043,BWA-no-clip,2,1.0
1043,BWA-std,2,0.5
1043,NW-flex,2,1.0
1043,BWA-no-clip,3,1.0
1043,BWA-std,3,0.3
1043,NW-flex,3,1.0
1043,BWA-no-clip,4,1.0
1043,BWA-std,4,0.1
1043,NW-flex,4,1.0
1043,BWA-no-clip,5,1.0
1043,BWA-std,5,0.0
1043,NW-flex,5,1.0
1044,BWA-no-clip,-5,0.5
1044,BWA-std,-5,0.1
1044,NW-flex,-5,1.0
1044,BWA-no-clip,-4,0.7
1044,BWA-std,-4,0.2
1044,NW-flex,-4,1.0
1044,BWA-no-clip,-3,0.7
1044,BWA-std,-3,0.4
1044,NW-flex,-3,1.0
1044,BWA-no-clip,-2,0.8
1044,BWA-std,-2,0.5
1044,NW-flex,-2,1.0
1044,BWA-no-clip,-1,0.8
1044,BWA-std,-1,0.7
1044,NW-flex,-1,1.0
1044,BWA-no-clip,0,1.0
1044,BWA-std,0,1.0
1044,NW-flex,0,1.0
1044,BWA-no-clip,1,1.0
1044,BWA-std,1,0.7
1044,NW-flex,1,1.0
1044,BWA-no-clip,2,1.0
1044,BWA-std,2,0.5
1044,NW-flex,2,1.0
1044,BWA-no-clip,3,1.0
1044,BWA-std,3,0.3
1044,NW-flex,3,1.0
1044,BWA-no-clip,4,1.0
1044,BWA-std,4,0.1
1044,NW-flex,4,1.0
1044,BWA-no-clip,5,1.0
1044,BWA-std,5,0.0
1044,NW-flex,5,1.0
1045,BWA-no-clip,-5,0.6
1045,BWA-std,-5,0.1
1045,NW-flex,-5,1.0
1045,BWA-no-clip,-4,0.7
1045,BWA-std,-4,0.2
1045,NW-flex,-4,1.0
1045,BWA-no-clip,-3,0.8
1045,BWA-std,-3,0.4
1045,NW-flex,-3,1.0
1045,BWA-no-clip,-2,0.8
1045,BWA-std,-2,0.6
1045,NW-flex,-2,1.0
1045,BWA-no-clip,-1,0.9
1045,BWA-std,-1,0.7
1045,NW-flex,-1,1.0
1045,BWA-no-clip,0,1.0
1045,BWA-std,0,1.0
1045,NW-flex,0,1.0
1045,BWA-no-clip,1,1.0
1045,BWA-std,1,0.7
1045,NW-flex,1,1.0
1045,BWA-no-clip,2,1.0
1045,BWA-std,2,0.5
1045,NW-flex,2,1.0
1045,BWA-no-clip,3,1.0
1045,BWA-std,3,0.3
1045,NW-flex,3,1.0
1045,BWA-no-clip,4,1.0
1045,BWA-std,4,0.1
1045,NW-flex,4,1.0
1045,BWA-no-clip,5,1.0
1045,BWA-std,5,0.0
1045,NW-flex,5,1.0
1046,BWA-no-clip,-5,0.6
1046,BWA-std,-5,0.1
1046,NW-flex,-5,1.0
1046,BWA-no-clip,-4,0.7
1046,BWA-std,-4,0.2
1046,NW-flex,-4,1.0
1046,BWA-no-clip,-3,0.7
1046,BWA-std,-3,0.4
1046,NW-flex,-3,1.0
1046,BWA-no-clip,-2,0.8
1046,BWA-std,-2,0.6
1046,NW-flex,-2,1.0
1046,BWA-no-clip,-1,0.9
1046,BWA-std,-1,0.7
1046,NW-flex,-1,1.0
1046,BWA-no-clip,0,1.0
1046,BWA-std,0,1.0
1046,NW-flex,0,1.0
1046,BWA-no-clip,1,1.0
1046,BWA-std,1,0.7
1046,NW-flex,1,1.0
1046,BWA-no-clip,2,1.0
1046,BWA-std,2,0.5
1046,NW-flex,2,1.0
1046,BWA-no-clip,3,1.0
1046,BWA-std,3,0.3
1046,NW-flex,3,1.0
1046,BWA-no-clip,4,1.0
1046,BWA-std,4,0.1
1046,NW-flex,4,1.0
1046,BWA-no-clip,5,1.0
1046,BWA-std,5,0.0
1046,NW-flex,5,1.0
1047,BWA-no-clip,-5,0.5
1047,BWA-std,-5,0.1
1047,NW-flex,-5,1.0
1047,BWA-no-clip,-4,0.6
1047,BWA-std,-4,0.2
1047,NW-flex,-4,1.0
1047,BWA-no-clip,-3,0.7
1047,BWA-std,-3,0.4
1047,NW-flex,-3,1.0
1047,BWA-no-clip,-2,0.8
1047,BWA-std,-2,0.5
1047,NW-flex,-2,1.0
1047,BWA-no-clip,-1,0.8
1047,BWA-std,-1,0.7
1047,NW-flex,-1,1.0
1047,BWA-no-clip,0,1.0
1047,BWA-std,0,1.0
1047,NW-flex,0,1.0
1047,BWA-no-clip,1,1.0
1047,BWA-std,1,0.7
1047,NW-flex,1,1.0
1047,BWA-no-clip,2,1.0
1047,BWA-std,2,0.5
1047,NW-flex,2,1.0
1047,BWA-no-clip,3,1.0
1047,BWA-std,3,0.3
1047,NW-flex,3,1.0
1047,BWA-no-clip,4,1.0
1047,BWA-std,4,0.1
1047,NW-flex,4,1.0
1047,BWA-no-clip,5,1.0
1047,BWA-std,5,0.0
1047,NW-flex,5,1.0
1048,BWA-no-clip,-5,0.5
1048,BWA-std,-5,0.1
1048,NW-flex,-5,1.0
1048,BWA-no-clip,-4,0.6
1048,BWA-std,-4,0.2
1048,NW-flex,-4,1.0
1048,BWA-no-clip,-3,0.6
1048,BWA-std,-3,0.4
1048,NW-flex,-3,1.0
1048,BWA-no-clip,-2,0.8
1048,BWA-std,-2,0.5
1048,NW-flex,-2,1.0
1048,BWA-no-clip,-1,0.8
1048,BWA-std,-1,0.7
1048,NW-flex,-1,1.0
1048,BWA-no-clip,0,1.0
1048,BWA-std,0,1.0
1048,NW-flex,0,1.0
1048,BWA-no-clip,1,1.0
1048,BWA-std,1,0.7
1048,NW-flex,1,1.0
1048,BWA-no-clip,2,1.0
1048,BWA-std,2,0.5
1048,NW-flex,2,1.0
1048,BWA-no-clip,3,1.0
1048,BWA-std,3,0.3
1048,NW-flex,3,1.0
1048,BWA-no-clip,4,1.0
1048,BWA-std,4,0.1
1048,NW-flex,4,1.0
1048,BWA-no-clip,5,1.0
1048,BWA-std,5,0.0
1048,NW-flex,5,1.0
1049,BWA-no-clip,-5,0.5
1049,BWA-std,-5,0.1
1049,NW-flex,-5,1.0
1049,BWA-no-clip,-4,0.7
1049,BWA-std,-4,0.2
1049,NW-flex,-4,1.0
1049,BWA-no-clip,-3,0.7
1049,BWA-std,-3,0.4
1049,NW-flex,-3,1.0
1049,BWA-no-clip,-2,0.9
1049,BWA-std,-2,0.6
1049,NW-flex,-2,1.0
1049,BWA-no-clip,-1,0.9
1049,BWA-std,-1,0.7
1049,NW-flex,-1,1.0
1049,BWA-no-clip,0,1.0
1049,BWA-std,0,1.0
1049,NW-flex,0,1.0
1049,BWA-no-clip,1,1.0
1049,BWA-std,1,0.7
1049,NW-flex,1,1.0
1049,BWA-no-clip,2,1.0
1049,BWA-std,2,0.5
1049,NW-flex,2,1.0
1049,BWA-no-clip,3,1.0
1049,BWA-std,3,0.3
1049,NW-flex,3,1.0
1049,BWA-no-clip,4,1.0
1049,BWA-std,4,0.1
1049,NW-flex,4,1.0
1049,BWA-no-clip,5,1.0
1049,BWA-std,5,0.0
1049,NW-flex,5,1.0
1050,BWA-no-clip,-5,0.6
1050,BWA-std,-5,0.1
1050,NW-flex,-5,1.0
1050,BWA-no-clip,-4,0.7
1050,BWA-std,-4,0.2
1050,NW-flex,-4,1.0
1050,BWA-no-clip,-3,0.7
1050,BWA-std,-3,0.4
1050,NW-flex,-3,1.0
1050,BWA-no-clip,-2,0.8
1050,BWA-std,-2,0.5
1050,NW-flex,-2,1.0
1050,BWA-no-clip,-1,0.8
1050,BWA-std,-1,0.7
1050,NW-flex,-1,1.0
1050,BWA-no-clip,0,1.0
1050,BWA-std,0,1.0
1050,NW-flex,0,1.0
1050,BWA-no-clip,1,1.0
1050,BWA-std,1,0.7
1050,NW-flex,1,1.0
1050,BWA-no-clip,2,0.8
1050,BWA-std,2,0.5
1050,NW-flex,2,1.0
1050,BWA-no-clip,3,0.8
1050,BWA-std,3,0.3
1050,NW-flex,3,1.0
1050,BWA-no-clip,4,0.8
1050,BWA-std,4,0.1
1050,NW-flex,4,1.0
1050,BWA-no-clip,5,0.8
1050,BWA-std,5,0.0
1050,NW-flex,5,1.0
1051,BWA-no-clip,-5,0.6
1051,BWA-std,-5,0.1
1051,NW-flex,-5,1.0
1051,BWA-no-clip,-4,0.7
1051,BWA-std,-4,0.2
1051,NW-flex,-4,1.0
1051,BWA-no-clip,-3,0.7
1051,BWA-std,-3,0.4
1051,NW-flex,-3,1.0
1051,BWA-no-clip,-2,0.8
1051,BWA-std,-2,0.5
1051,NW-flex,-2,1.0
1051,BWA-no-clip,-1,0.8
1051,BWA-std,-1,0.7
1051,NW-flex,-1,1.0
1051,BWA-no-clip,0,1.0
1051,BWA-std,0,1.0
1051,NW-flex,0,1.0
1051,BWA-no-clip,1,0.9
1051,BWA-std,1,0.7
1051,NW-flex,1,1.0
1051,BWA-no-clip,2,0.9
1051,BWA-std,2,0.5
1051,NW-flex,2,1.0
1051,BWA-no-clip,3,0.9
1051,BWA-std,3,0.3
1051,NW-flex,3,1.0
1051,BWA-no-clip,4,0.9
1051,BWA-std,4,0.1
1051,NW-flex,4,1.0
1051,BWA-no-clip,5,0.9
1051,BWA-std,5,0.0
1051,NW-flex,5,1.0
1052,BWA-no-clip,-5,0.4
1052,BWA-std,-5,0.1
1052,NW-flex,-5,1.0
1052,BWA-no-clip,-4,0.7
1052,BWA-std,-4,0.2
1052,NW-flex,-4,1.0
1052,BWA-no-clip,-3,0.7
1052,BWA-std,-3,0.4
1052,NW-flex,-3,1.0
1052,BWA-no-clip,-2,0.8
1052,BWA-std,-2,0.5
1052,NW-flex,-2,1.0
1052,BWA-no-clip,-1,0.8
1052,BWA-std,-1,0.7
1052,NW-flex,-1,1.0
1052,BWA-no-clip,0,1.0
1052,BWA-std,0,1.0
1052,NW-flex,0,1.0
1052,BWA-no-clip,1,0.9
1052,BWA-std,1,0.7
1052,NW-flex,1,1.0
1052,BWA-no-clip,2,0.9
1052,BWA-std,2,0.5
1052,NW-flex,2,1.0
1052,BWA-no-clip,3,0.8
1052,BWA-std,3,0.3
1052,NW-flex,3,1.0
1052,BWA-no-clip,4,0.9
1052,BWA-std,4,0.1
1052,NW-flex,4,1.0
1052,BWA-no-clip,5,0.9
1052,BWA-std,5,0.0
1052,NW-flex,5,1.0
1053,BWA-no-clip,-5,0.6
1053,BWA-std,-5,0.1
1053,NW-flex,-5,1.0
1053,BWA-no-clip,-4,0.7
1053,BWA-std,-4,0.2
1053,NW-flex,-4,1.0
1053,BWA-no-clip,-3,0.8
1053,BWA-std,-3,0.4
1053,NW-flex,-3,1.0
1053,BWA-no-clip,-2,0.9
1053,BWA-std,-2,0.6
1053,NW-flex,-2,1.0
1053,BWA-no-clip,-1,0.9
1053,BWA-std,-1,0.7
1053,NW-flex,-1,1.0
1053,BWA-no-clip,0,1.0
1053,BWA-std,0,1.0
1053,NW-flex,0,1.0
1053,BWA-no-clip,1,1.0
1053,BWA-std,1,0.7
1053,NW-flex,1,1.0
1053,BWA-no-clip,2,1.0
1053,BWA-std,2,0.5
1053,NW-flex,2,1.0
1053,BWA-no-clip,3,1.0
1053,BWA-std,3,0.3
1053,NW-flex,3,1.0
1053,BWA-no-clip,4,1.0
1053,BWA-std,4,0.1
1053,NW-flex,4,1.0
1053,BWA-no-clip,5,1.0
1053,BWA-std,5,0.0
1053,NW-flex,5,1.0
1054,BWA-no-clip,-5,0.4
1054,BWA-std,-5,0.1
1054,NW-flex,-5,1.0
1054,BWA-no-clip,-4,0.6
1054,BWA-std,-4,0.2
1054,NW-flex,-4,1.0
1054,BWA-no-clip,-3,0.6
1054,BWA-std,-3,0.4
1054,NW-flex,-3,1.0
1054,BWA-no-clip,-2,0.9
1054,BWA-std,-2,0.6
1054,NW-flex,-2,1.0
1054,BWA-no-clip,-1,0.9
1054,BWA-std,-1,0.7
1054,NW-flex,-1,1.0
1054,BWA-no-clip,0,1.0
1054,BWA-std,0,1.0
1054,NW-flex,0,1.0
1054,BWA-no-clip,1,1.0
1054,BWA-std,1,0.7
1054,NW-flex,1,1.0
1054,BWA-no-clip,2,1.0
1054,BWA-std,2,0.5
1054,NW-flex,2,1.0
1054,BWA-no-clip,3,1.0
1054,BWA-std,3,0.3
1054,NW-flex,3,1.0
1054,BWA-no-clip,4,1.0
1054,BWA-std,4,0.1
1054,NW-flex,4,1.0
1054,BWA-no-clip,5,1.0
1054,BWA-std,5,0.0
1054,NW-flex,5,1.0
1055,BWA-no-clip,-5,0.3
1055,BWA-std,-5,0.1
1055,NW-flex,-5,1.0
1055,BWA-no-clip,-4,0.6
1055,BWA-std,-4,0.2
1055,NW-flex,-4,1.0
1055,BWA-no-clip,-3,0.6
1055,BWA-std,-3,0.3
1055,NW-flex,-3,1.0
1055,BWA-no-clip,-2,0.7
1055,BWA-std,-2,0.5
1055,NW-flex,-2,1.0
1055,BWA-no-clip,-1,0.8
1055,BWA-std,-1,0.7
1055,NW-flex,-1,1.0
1055,BWA-no-clip,0,1.0
1055,BWA-std,0,1.0
1055,NW-flex,0,1.0
1055,BWA-no-clip,1,0.9
1055,BWA-std,1,0.7
1055,NW-flex,1,1.0
1055,BWA-no-clip,2,0.9
1055,BWA-std,2,0.5
1055,NW-flex,2,1.0
1055,BWA-no-clip,3,0.9
1055,BWA-std,3,0.3
1055,NW-flex,3,1.0
1055,BWA-no-clip,4,0.9
1055,BWA-std,4,0.1
1055,NW-flex,4,1.0
1055,BWA-no-clip,5,0.9
1055,BWA-std,5,0.0
1055,NW-flex,5,1.0
1056,BWA-no-clip,-5,0.6
1056,BWA-std,-5,0.1
1056,NW-flex,-5,1.0
1056,BWA-no-clip,-4,0.6
1056,BWA-std,-4,0.2
1056,NW-flex,-4,1.0
1056,BWA-no-clip,-3,0.7
1056,BWA-std,-3,0.4
1056,NW-flex,-3,1.0
1056,BWA-no-clip,-2,0.8
1056,BWA-std,-2,0.6
1056,NW-flex,-2,1.0
1056,BWA-no-clip,-1,0.9
1056,BWA-std,-1,0.7
1056,NW-flex,-1,1.0
1056,BWA-no-clip,0,1.0
1056,BWA-std,0,1.0
1056,NW-flex,0,1.0
1056,BWA-no-clip,1,1.0
1056,BWA-std,1,0.7
1056,NW-flex,1,1.0
1056,BWA-no-clip,2,1.0
1056,BWA-std,2,0.5
1056,NW-flex,2,1.0
1056,BWA-no-clip,3,1.0
1056,BWA-std,3,0.3
1056,NW-flex,3,1.0
1056,BWA-no-clip,4,1.0
1056,BWA-std,4,0.1
1056,NW-flex,4,1.0
1056,BWA-no-clip,5,1.0
1056,BWA-std,5,0.0
1056,NW-flex,5,1.0
1057,BWA-no-clip,-5,0.5
1057,BWA-std,-5,0.1
1057,NW-flex,-5,1.0
1057,BWA-no-clip,-4,0.5
1057,BWA-std,-4,0.2
1057,NW-flex,-4,1.0
1057,BWA-no-clip,-3,0.7
1057,BWA-std,-3,0.4
1057,NW-flex,-3,1.0
1057,BWA-no-clip,-2,0.8
1057,BWA-std,-2,0.5
1057,NW-flex,-2,1.0
1057,BWA-no-clip,-1,0.8
1057,BWA-std,-1,0.7
1057,NW-flex,-1,1.0
1057,BWA-no-clip,0,1.0
1057,BWA-std,0,1.0
1057,NW-flex,0,1.0
1057,BWA-no-clip,1,0.9
1057,BWA-std,1,0.7
1057,NW-flex,1,1.0
1057,BWA-no-clip,2,0.9
1057,BWA-std,2,0.5
1057,NW-flex,2,1.0
1057,BWA-no-clip,3,0.9
1057,BWA-std,3,0.3
1057,NW-flex,3,1.0
1057,BWA-no-clip,4,0.9
1057,BWA-std,4,0.1
1057,NW-flex,4,1.0
1057,BWA-no-clip,5,0.9
1057,BWA-std,5,0.0
1057,NW-flex,5,1.0
1058,BWA-no-clip,-5,0.4
1058,BWA-std,-5,0.1
1058,NW-flex,-5,1.0
1058,BWA-no-clip,-4,0.6
1058,BWA-std,-4,0.2
1058,NW-flex,-4,1.0
1058,BWA-no-clip,-3,0.6
1058,BWA-std,-3,0.4
1058,NW-flex,-3,1.0
1058,BWA-no-clip,-2,0.8
1058,BWA-std,-2,0.5
1058,NW-flex,-2,1.0
1058,BWA-no-clip,-1,0.2
1058,BWA-std,-1,0.2
1058,NW-flex,-1,1.0
1058,BWA-no-clip,0,1.0
1058,BWA-std,0,1.0
1058,NW-flex,0,1.0
1058,BWA-no-clip,1,0.4
1058,BWA-std,1,0.4
1058,NW-flex,1,1.0
1058,BWA-no-clip,2,0.6
1058,BWA-std,2,0.5
1058,NW-flex,2,1.0
1058,BWA-no-clip,3,0.8
1058,BWA-std,3,0.3
1058,NW-flex,3,1.0
1058,BWA-no-clip,4,1.0
1058,BWA-std,4,0.1
1058,NW-flex,4,1.0
1058,BWA-no-clip,5,1.0
1058,BWA-std,5,0.0
1058,NW-flex,5,1.0
1059,BWA-no-clip,-5,0.6
1059,BWA-std,-5,0.1
1059,NW-flex,-5,1.0
1059,BWA-no-clip,-4,0.7
1059,BWA-std,-4,0.2
1059,NW-flex,-4,1.0
1059,BWA-no-clip,-3,0.7
1059,BWA-std,-3,0.4
1059,NW-flex,-3,1.0
1059,BWA-no-clip,-2,0.8
1059,BWA-std,-2,0.6
1059,NW-flex,-2,1.0
1059,BWA-no-clip,-1,0.9
1059,BWA-std,-1,0.7
1059,NW-flex,-1,1.0
1059,BWA-no-clip,0,1.0
1059,BWA-std,0,1.0
1059,NW-flex,0,1.0
1059,BWA-no-clip,1,1.0
1059,BWA-std,1,0.7
1059,NW-flex,1,1.0
1059,BWA-no-clip,2,1.0
1059,BWA-std,2,0.5
1059,NW-flex,2,1.0
1059,BWA-no-clip,3,1.0
1059,BWA-std,3,0.3
1059,NW-flex,3,1.0
1059,BWA-no-clip,4,1.0
1059,BWA-std,4,0.1
1059,NW-flex,4,1.0
1059,BWA-no-clip,5,1.0
1059,BWA-std,5,0.0
1059,NW-flex,5,1.0
1060,BWA-no-clip,-5,0.6
1060,BWA-std,-5,0.1
1060,NW-flex,-5,1.0
1060,BWA-no-clip,-4,0.7
1060,BWA-std,-4,0.2
1060,NW-flex,-4,1.0
1060,BWA-no-clip,-3,0.7
1060,BWA-std,-3,0.4
1060,NW-flex,-3,1.0
1060,BWA-no-clip,-2,0.9
1060,BWA-std,-2,0.6
1060,NW-flex,-2,1.0
1060,BWA-no-clip,-1,0.9
1060,BWA-std,-1,0.7
1060,NW-flex,-1,1.0
1060,BWA-no-clip,0,1.0
1060,BWA-std,0,1.0
1060,NW-flex,0,1.0
1060,BWA-no-clip,1,1.0
1060,BWA-std,1,0.7
1060,NW-flex,1,1.0
1060,BWA-no-clip,2,1.0
1060,BWA-std,2,0.5
1060,NW-flex,2,1.0
1060,BWA-no-clip,3,1.0
1060,BWA-std,3,0.3
1060,NW-flex,3,1.0
1060,BWA-no-clip,4,0.8
1060,BWA-std,4,0.1
1060,NW-flex,4,1.0
1060,BWA-no-clip,5,0.7
1060,BWA-std,5,0.0
1060,NW-flex,5,1.0
1061,BWA-no-clip,-5,0.6
1061,BWA-std,-5,0.1
1061,NW-flex,-5,1.0
1061,BWA-no-clip,-4,0.7
1061,BWA-std,-4,0.2
1061,NW-flex,-4,1.0
1061,BWA-no-clip,-3,0.7
1061,BWA-std,-3,0.4
1061,NW-flex,-3,1.0
1061,BWA-no-clip,-2,0.9
1061,BWA-std,-2,0.6
1061,NW-flex,-2,1.0
1061,BWA-no-clip,-1,0.9
1061,BWA-std,-1,0.7
1061,NW-flex,-1,1.0
1061,BWA-no-clip,0,1.0
1061,BWA-std,0,1.0
1061,NW-flex,0,1.0
1061,BWA-no-clip,1,1.0
1061,BWA-std,1,0.7
1061,NW-flex,1,1.0
1061,BWA-no-clip,2,1.0
1061,BWA-std,2,0.5
1061,NW-flex,2,1.0
1061,BWA-no-clip,3,1.0
1061,BWA-std,3,0.3
1061,NW-flex,3,1.0
1061,BWA-no-clip,4,1.0
1061,BWA-std,4,0.1
1061,NW-flex,4,1.0
1061,BWA-no-clip,5,1.0
1061,BWA-std,5,0.0
1061,NW-flex,5,1.0
1062,BWA-no-clip,-5,0.6
1062,BWA-std,-5,0.1
1062,NW-flex,-5,1.0
1062,BWA-no-clip,-4,0.7
1062,BWA-std,-4,0.2
1062,NW-flex,-4,1.0
1062,BWA-no-clip,-3,0.8
1062,BWA-std,-3,0.4
1062,NW-flex,-3,1.0
1062,BWA-no-clip,-2,0.9
1062,BWA-std,-2,0.6
1062,NW-flex,-2,1.0
1062,BWA-no-clip,-1,0.9
1062,BWA-std,-1,0.7
1062,NW-flex,-1,1.0
1062,BWA-no-clip,0,1.0
1062,BWA-std,0,1.0
1062,NW-flex,0,1.0
1062,BWA-no-clip,1,1.0
1062,BWA-std,1,0.7
1062,NW-flex,1,1.0
1062,BWA-no-clip,2,1.0
1062,BWA-std,2,0.5
1062,NW-flex,2,1.0
1062,BWA-no-clip,3,1.0
1062,BWA-std,3,0.3
1062,NW-flex,3,1.0
1062,BWA-no-clip,4,1.0
1062,BWA-std,4,0.1
1062,NW-flex,4,1.0
1062,BWA-no-clip,5,1.0
1062,BWA-std,5,0.0
1062,NW-flex,5,1.0
1063,BWA-no-clip,-5,0.6
1063,BWA-std,-5,0.1
1063,NW-flex,-5,1.0
1063,BWA-no-clip,-4,0.8
1063,BWA-std,-4,0.2
1063,NW-flex,-4,1.0
1063,BWA-no-clip,-3,0.8
1063,BWA-std,-3,0.4
1063,NW-flex,-3,1.0
1063,BWA-no-clip,-2,0.9
1063,BWA-std,-2,0.6
1063,NW-flex,-2,1.0
1063,BWA-no-clip,-1,0.9
1063,BWA-std,-1,0.7
1063,NW-flex,-1,1.0
1063,BWA-no-clip,0,1.0
1063,BWA-std,0,1.0
1063,NW-flex,0,1.0
1063,BWA-no-clip,1,1.0
1063,BWA-std,1,0.7
1063,NW-flex,1,1.0
1063,BWA-no-clip,2,1.0
1063,BWA-std,2,0.5
1063,NW-flex,2,1.0
1063,BWA-no-clip,3,1.0
1063,BWA-std,3,0.3
1063,NW-flex,3,1.0
1063,BWA-no-clip,4,1.0
1063,BWA-std,4,0.1
1063,NW-flex,4,1.0
1063,BWA-no-clip,5,1.0
1063,BWA-std,5,0.0
1063,NW-flex,5,1.0
1064,BWA-no-clip,-5,0.6
1064,BWA-std,-5,0.1
1064,NW-flex,-5,1.0
1064,BWA-no-clip,-4,0.7
1064,BWA-std,-4,0.2
1064,NW-flex,-4,1.0
1064,BWA-no-clip,-3,0.7
1064,BWA-std,-3,0.4
1064,NW-flex,-3,1.0
1064,BWA-no-clip,-2,0.9
1064,BWA-std,-2,0.6
1064,NW-flex,-2,1.0
1064,BWA-no-clip,-1,0.9
1064,BWA-std,-1,0.7
1064,NW-flex,-1,1.0
1064,BWA-no-clip,0,1.0
1064,BWA-std,0,1.0
1064,NW-flex,0,1.0
1064,BWA-no-clip,1,1.0
1064,BWA-std,1,0.7
1064,NW-flex,1,1.0
1064,BWA-no-clip,2,1.0
1064,BWA-std,2,0.5
1064,NW-flex,2,1.0
1064,BWA-no-clip,3,1.0
1064,BWA-std,3,0.3
1064,NW-flex,3,1.0
1064,BWA-no-clip,4,0.8
1064,BWA-std,4,0.1
1064,NW-flex,4,1.0
1064,BWA-no-clip,5,0.7
1064,BWA-std,5,0.0
1064,NW-flex,5,1.0
1065,BWA-no-clip,-5,0.6
1065,BWA-std,-5,0.1
1065,NW-flex,-5,1.0
1065,BWA-no-clip,-4,0.7
1065,BWA-std,-4,0.2
1065,NW-flex,-4,1.0
1065,BWA-no-clip,-3,0.7
1065,BWA-std,-3,0.4
1065,NW-flex,-3,1.0
1065,BWA-no-clip,-2,0.9
1065,BWA-std,-2,0.6
1065,NW-flex,-2,1.0
1065,BWA-no-clip,-1,0.9
1065,BWA-std,-1,0.7
1065,NW-flex,-1,1.0
1065,BWA-no-clip,0,1.0
1065,BWA-std,0,1.0
1065,NW-flex,0,1.0
1065,BWA-no-clip,1,1.0
1065,BWA-std,1,0.7
1065,NW-flex,1,1.0
1065,BWA-no-clip,2,1.0
1065,BWA-std,2,0.5
1065,NW-flex,2,1.0
1065,BWA-no-clip,3,1.0
1065,BWA-std,3,0.3
1065,NW-flex,3,1.0
1065,BWA-no-clip,4,0.8
1065,BWA-std,4,0.1
1065,NW-flex,4,1.0
1065,BWA-no-clip,5,0.7
1065,BWA-std,5,0.0
1065,NW-flex,5,1.0
1066,BWA-no-clip,-5,0.5
1066,BWA-std,-5,0.1
1066,NW-flex,-5,1.0
1066,BWA-no-clip,-4,0.6
1066,BWA-std,-4,0.2
1066,NW-flex,-4,1.0
1066,BWA-no-clip,-3,0.6
1066,BWA-std,-3,0.4
1066,NW-flex,-3,1.0
1066,BWA-no-clip,-2,0.8
1066,BWA-std,-2,0.5
1066,NW-flex,-2,1.0
1066,BWA-no-clip,-1,0.8
1066,BWA-std,-1,0.7
1066,NW-flex,-1,1.0
1066,BWA-no-clip,0,1.0
1066,BWA-std,0,1.0
1066,NW-flex,0,1.0
1066,BWA-no-clip,1,0.9
1066,BWA-std,1,0.7
1066,NW-flex,1,1.0
1066,BWA-no-clip,2,0.9
1066,BWA-std,2,0.5
1066,NW-flex,2,1.0
1066,BWA-no-clip,3,0.9
1066,BWA-std,3,0.3
1066,NW-flex,3,1.0
1066,BWA-no-clip,4,0.9
1066,BWA-std,4,0.1
1066,NW-flex,4,1.0
1066,BWA-no-clip,5,0.9
1066,BWA-std,5,0.0
1066,NW-flex,5,1.0
1067,BWA-no-clip,-5,0.6
1067,BWA-std,-5,0.1
1067,NW-flex,-5,1.0
1067,BWA-no-clip,-4,0.7
1067,BWA-std,-4,0.2
1067,NW-flex,-4,1.0
1067,BWA-no-clip,-3,0.8
1067,BWA-std,-3,0.4
1067,NW-flex,-3,1.0
1067,BWA-no-clip,-2,0.9
1067,BWA-std,-2,0.6
1067,NW-flex,-2,1.0
1067,BWA-no-clip,-1,0.9
1067,BWA-std,-1,0.7
1067,NW-flex,-1,1.0
1067,BWA-no-clip,0,1.0
1067,BWA-std,0,1.0
1067,NW-flex,0,1.0
1067,BWA-no-clip,1,1.0
1067,BWA-std,1,0.7
1067,NW-flex,1,1.0
1067,BWA-no-clip,2,0.6
1067,BWA-std,2,0.5
1067,NW-flex,2,1.0
1067,BWA-no-clip,3,0.6
1067,BWA-std,3,0.3
1067,NW-flex,3,1.0
1067,BWA-no-clip,4,0.6
1067,BWA-std,4,0.1
1067,NW-flex,4,1.0
1067,BWA-no-clip,5,0.6
1067,BWA-std,5,0.0
1067,NW-flex,5,1.0
1068,BWA-no-clip,-5,0.5
1068,BWA-std,-5,0.1
1068,NW-flex,-5,1.0
1068,BWA-no-clip,-4,0.8
1068,BWA-std,-4,0.2
1068,NW-flex,-4,1.0
1068,BWA-no-clip,-3,0.8
1068,BWA-std,-3,0.4
1068,NW-flex,-3,1.0
1068,BWA-no-clip,-2,0.9
1068,BWA-std,-2,0.6
1068,NW-flex,-2,1.0
1068,BWA-no-clip,-1,0.9
1068,BWA-std,-1,0.7
1068,NW-flex,-1,1.0
1068,BWA-no-clip,0,1.0
1068,BWA-std,0,1.0
1068,NW-flex,0,1.0
1068,BWA-no-clip,1,1.0
1068,BWA-std,1,0.7
1068,NW-flex,1,1.0
1068,BWA-no-clip,2,1.0
1068,BWA-std,2,0.5
1068,NW-flex,2,1.0
1068,BWA-no-clip,3,1.0
1068,BWA-std,3,0.3
1068,NW-flex,3,1.0
1068,BWA-no-clip,4,1.0
1068,BWA-std,4,0.1
1068,NW-flex,4,1.0
1068,BWA-no-clip,5,1.0
1068,BWA-std,5,0.0
1068,NW-flex,5,1.0
1069,BWA-no-clip,-5,0.4
1069,BWA-std,-5,0.1
1069,NW-flex,-5,1.0
1069,BWA-no-clip,-4,0.4
1069,BWA-std,-4,0.2
1069,NW-flex,-4,1.0
1069,BWA-no-clip,-3,0.7
1069,BWA-std,-3,0.4
1069,NW-flex,-3,1.0
1069,BWA-no-clip,-2,0.8
1069,BWA-std,-2,0.6
1069,NW-flex,-2,1.0
1069,BWA-no-clip,-1,0.9
1069,BWA-std,-1,0.7
1069,NW-flex,-1,1.0
1069,BWA-no-clip,0,1.0
1069,BWA-std,0,1.0
1069,NW-flex,0,1.0
1069,BWA-no-clip,1,1.0
1069,BWA-std,1,0.7
1069,NW-flex,1,1.0
1069,BWA-no-clip,2,1.0
1069,BWA-std,2,0.5
1069,NW-flex,2,1.0
1069,BWA-no-clip,3,1.0
1069,BWA-std,3,0.3
1069,NW-flex,3,1.0
1069,BWA-no-clip,4,1.0
1069,BWA-std,4,0.1
1069,NW-flex,4,1.0
1069,BWA-no-clip,5,1.0
1069,BWA-std,5,0.0
1069,NW-flex,5,1.0
1070,BWA-no-clip,-5,0.5
1070,BWA-std,-5,0.1
1070,NW-flex,-5,1.0
1070,BWA-no-clip,-4,0.7
1070,BWA-std,-4,0.2
1070,NW-flex,-4,1.0
1070,BWA-no-clip,-3,0.7
1070,BWA-std,-3,0.4
1070,NW-flex,-3,1.0
1070,BWA-no-clip,-2,0.9
1070,BWA-std,-2,0.6
1070,NW-flex,-2,1.0
1070,BWA-no-clip,-1,0.9
1070,BWA-std,-1,0.7
1070,NW-flex,-1,1.0
1070,BWA-no-clip,0,1.0
1070,BWA-std,0,1.0
1070,NW-flex,0,1.0
1070,BWA-no-clip,1,1.0
1070,BWA-std,1,0.7
1070,NW-flex,1,1.0
1070,BWA-no-clip,2,1.0
1070,BWA-std,2,0.5
1070,NW-flex,2,1.0
1070,BWA-no-clip,3,1.0
1070,BWA-std,3,0.3
1070,NW-flex,3,1.0
1070,BWA-no-clip,4,1.0
1070,BWA-std,4,0.1
1070,NW-flex,4,1.0
1070,BWA-no-clip,5,1.0
1070,BWA-std,5,0.0
1070,NW-flex,5,1.0
1071,BWA-no-clip,-5,0.4
1071,BWA-std,-5,0.1
1071,NW-flex,-5,1.0
1071,BWA-no-clip,-4,0.5
1071,BWA-std,-4,0.2
1071,NW-flex,-4,1.0
1071,BWA-no-clip,-3,0.5
1071,BWA-std,-3,0.3
1071,NW-flex,-3,1.0
1071,BWA-no-clip,-2,0.7
1071,BWA-std,-2,0.5
1071,NW-flex,-2,1.0
1071,BWA-no-clip,-1,0.8
1071,BWA-std,-1,0.7
1071,NW-flex,-1,1.0
1071,BWA-no-clip,0,1.0
1071,BWA-std,0,1.0
1071,NW-flex,0,1.0
1071,BWA-no-clip,1,1.0
1071,BWA-std,1,0.7
1071,NW-flex,1,1.0
1071,BWA-no-clip,2,1.0
1071,BWA-std,2,0.5
1071,NW-flex,2,1.0
1071,BWA-no-clip,3,0.8
1071,BWA-std,3,0.3
1071,NW-flex,3,1.0
1071,BWA-no-clip,4,0.9
1071,BWA-std,4,0.1
1071,NW-flex,4,1.0
1071,BWA-no-clip,5,1.0
1071,BWA-std,5,0.0
1071,NW-flex,5,1.0
1072,BWA-no-clip,-5,0.7
1072,BWA-std,-5,0.1
1072,NW-flex,-5,1.0
1072,BWA-no-clip,-4,0.7
1072,BWA-std,-4,0.2
1072,NW-flex,-4,1.0
1072,BWA-no-clip,-3,0.8
1072,BWA-std,-3,0.4
1072,NW-flex,-3,1.0
1072,BWA-no-clip,-2,0.8
1072,BWA-std,-2,0.6
1072,NW-flex,-2,1.0
1072,BWA-no-clip,-1,0.9
1072,BWA-std,-1,0.7
1072,NW-flex,-1,1.0
1072,BWA-no-clip,0,1.0
1072,BWA-std,0,1.0
1072,NW-flex,0,1.0
1072,BWA-no-clip,1,1.0
1072,BWA-std,1,0.7
1072,NW-flex,1,1.0
1072,BWA-no-clip,2,1.0
1072,BWA-std,2,0.5
1072,NW-flex,2,1.0
1072,BWA-no-clip,3,1.0
1072,BWA-std,3,0.3
1072,NW-flex,3,1.0
1072,BWA-no-clip,4,1.0
1072,BWA-std,4,0.1
1072,NW-flex,4,1.0
1072,BWA-no-clip,5,1.0
1072,BWA-std,5,0.0
1072,NW-flex,5,1.0
1073,BWA-no-clip,-5,0.7
1073,BWA-std,-5,0.1
1073,NW-flex,-5,1.0
1073,BWA-no-clip,-4,0.7
1073,BWA-std,-4,0.2
1073,NW-flex,-4,1.0
1073,BWA-no-clip,-3,0.8
1073,BWA-std,-3,0.4
1073,NW-flex,-3,1.0
1073,BWA-no-clip,-2,0.9
1073,BWA-std,-2,0.6
1073,NW-flex,-2,1.0
1073,BWA-no-clip,-1,0.9
1073,BWA-std,-1,0.7
1073,NW-flex,-1,1.0
1073,BWA-no-clip,0,1.0
1073,BWA-std,0,1.0
1073,NW-flex,0,1.0
1073,BWA-no-clip,1,1.0
1073,BWA-std,1,0.7
1073,NW-flex,1,1.0
1073,BWA-no-clip,2,1.0
1073,BWA-std,2,0.5
1073,NW-flex,2,1.0
1073,BWA-no-clip,3,1.0
1073,BWA-std,3,0.3
1073,NW-flex,3,1.0
1073,BWA-no-clip,4,1.0
1073,BWA-std,4,0.1
1073,NW-flex,4,1.0
1073,BWA-no-clip,5,1.0
1073,BWA-std,5,0.0
1073,NW-flex,5,1.0
1074,BWA-no-clip,-5,0.6
1074,BWA-std,-5,0.1
1074,NW-flex,-5,1.0
1074,BWA-no-clip,-4,0.7
1074,BWA-std,-4,0.2
1074,NW-flex,-4,1.0
1074,BWA-no-clip,-3,0.8
1074,BWA-std,-3,0.4
1074,NW-flex,-3,1.0
1074,BWA-no-clip,-2,0.9
1074,BWA-std,-2,0.6
1074,NW-flex,-2,1.0
1074,BWA-no-clip,-1,0.9
1074,BWA-std,-1,0.7
1074,NW-flex,-1,1.0
1074,BWA-no-clip,0,1.0
1074,BWA-std,0,1.0
1074,NW-flex,0,1.0
1074,BWA-no-clip,1,1.0
1074,BWA-std,1,0.7
1074,NW-flex,1,1.0
1074,BWA-no-clip,2,0.8
1074,BWA-std,2,0.5
1074,NW-flex,2,1.0
1074,BWA-no-clip,3,0.8
1074,BWA-std,3,0.3
1074,NW-flex,3,1.0
1074,BWA-no-clip,4,0.8
1074,BWA-std,4,0.1
1074,NW-flex,4,1.0
1074,BWA-no-clip,5,0.8
1074,BWA-std,5,0.0
1074,NW-flex,5,1.0
1075,BWA-no-clip,-5,0.5
1075,BWA-std,-5,0.1
1075,NW-flex,-5,1.0
1075,BWA-no-clip,-4,0.6
1075,BWA-std,-4,0.2
1075,NW-flex,-4,1.0
1075,BWA-no-clip,-3,0.6
1075,BWA-std,-3,0.4
1075,NW-flex,-3,1.0
1075,BWA-no-clip,-2,0.8
1075,BWA-std,-2,0.5
1075,NW-flex,-2,1.0
1075,BWA-no-clip,-1,0.5
1075,BWA-std,-1,0.5
1075,NW-flex,-1,1.0
1075,BWA-no-clip,0,1.0
1075,BWA-std,0,1.0
1075,NW-flex,0,1.0
1075,BWA-no-clip,1,0.7
1075,BWA-std,1,0.7
1075,NW-flex,1,1.0
1075,BWA-no-clip,2,0.9
1075,BWA-std,2,0.5
1075,NW-flex,2,1.0
1075,BWA-no-clip,3,1.0
1075,BWA-std,3,0.3
1075,NW-flex,3,1.0
1075,BWA-no-clip,4,0.8
1075,BWA-std,4,0.1
1075,NW-flex,4,1.0
1075,BWA-no-clip,5,0.7
1075,BWA-std,5,0.0
1075,NW-flex,5,1.0
1076,BWA-no-clip,-5,0.6
1076,BWA-std,-5,0.1
1076,NW-flex,-5,1.0
1076,BWA-no-clip,-4,0.7
1076,BWA-std,-4,0.2
1076,NW-flex,-4,1.0
1076,BWA-no-clip,-3,0.7
1076,BWA-std,-3,0.4
1076,NW-flex,-3,1.0
1076,BWA-no-clip,-2,0.8
1076,BWA-std,-2,0.5
1076,NW-flex,-2,1.0
1076,BWA-no-clip,-1,0.8
1076,BWA-std,-1,0.7
1076,NW-flex,-1,1.0
1076,BWA-no-clip,0,1.0
1076,BWA-std,0,1.0
1076,NW-flex,0,1.0
1076,BWA-no-clip,1,1.0
1076,BWA-std,1,0.7
1076,NW-flex,1,1.0
1076,BWA-no-clip,2,0.9
1076,BWA-std,2,0.5
1076,NW-flex,2,1.0
1076,BWA-no-clip,3,0.9
1076,BWA-std,3,0.3
1076,NW-flex,3,1.0
1076,BWA-no-clip,4,0.9
1076,BWA-std,4,0.1
1076,NW-flex,4,1.0
1076,BWA-no-clip,5,0.9
1076,BWA-std,5,0.0
1076,NW-flex,5,1.0
1077,BWA-no-clip,-5,0.5
1077,BWA-std,-5,0.1
1077,NW-flex,-5,1.0
1077,BWA-no-clip,-4,0.6
1077,BWA-std,-4,0.2
1077,NW-flex,-4,1.0
1077,BWA-no-clip,-3,0.6
1077,BWA-std,-3,0.3
1077,NW-flex,-3,1.0
1077,BWA-no-clip,-2,0.7
1077,BWA-std,-2,0.5
1077,NW-flex,-2,1.0
1077,BWA-no-clip,-1,0.8
1077,BWA-std,-1,0.7
1077,NW-flex,-1,1.0
1077,BWA-no-clip,0,1.0
1077,BWA-std,0,1.0
1077,NW-flex,0,1.0
1077,BWA-no-clip,1,1.0
1077,BWA-std,1,0.7
1077,NW-flex,1,1.0
1077,BWA-no-clip,2,0.9
1077,BWA-std,2,0.5
1077,NW-flex,2,1.0
1077,BWA-no-clip,3,1.0
1077,BWA-std,3,0.3
1077,NW-flex,3,1.0
1077,BWA-no-clip,4,1.0
1077,BWA-std,4,0.1
1077,NW-flex,4,1.0
1077,BWA-no-clip,5,1.0
1077,BWA-std,5,0.0
1077,NW-flex,5,1.0
1078,BWA-no-clip,-5,0.6
1078,BWA-std,-5,0.1
1078,NW-flex,-5,1.0
1078,BWA-no-clip,-4,0.7
1078,BWA-std,-4,0.2
1078,NW-flex,-4,1.0
1078,BWA-no-clip,-3,0.7
1078,BWA-std,-3,0.4
1078,NW-flex,-3,1.0
1078,BWA-no-clip,-2,0.7333333333333333
1078,BWA-std,-2,0.5
1078,NW-flex,-2,1.0
1078,BWA-no-clip,-1,0.7
1078,BWA-std,-1,0.7
1078,NW-flex,-1,1.0
1078,BWA-no-clip,0,1.0
1078,BWA-std,0,1.0
1078,NW-flex,0,1.0
1078,BWA-no-clip,1,0.8
1078,BWA-std,1,0.7
1078,NW-flex,1,1.0
1078,BWA-no-clip,2,0.8
1078,BWA-std,2,0.5
1078,NW-flex,2,1.0
1078,BWA-no-clip,3,0.6
1078,BWA-std,3,0.3
1078,NW-flex,3,1.0
1078,BWA-no-clip,4,0.6
1078,BWA-std,4,0.1
1078,NW-flex,4,1.0
1078,BWA-no-clip,5,0.4
1078,BWA-std,5,0.0
1078,NW-flex,5,1.0
1079,BWA-no-clip,-5,0.6
1079,BWA-std,-5,0.1
1079,NW-flex,-5,1.0
1079,BWA-no-clip,-4,0.7
1079,BWA-std,-4,0.2
1079,NW-flex,-4,1.0
1079,BWA-no-clip,-3,0.8
1079,BWA-std,-3,0.4
1079,NW-flex,-3,1.0
1079,BWA-no-clip,-2,0.9
1079,BWA-std,-2,0.6
1079,NW-flex,-2,1.0
1079,BWA-no-clip,-1,0.9
1079,BWA-std,-1,0.7
1079,NW-flex,-1,1.0
1079,BWA-no-clip,0,1.0
1079,BWA-std,0,1.0
1079,NW-flex,0,1.0
1079,BWA-no-clip,1,1.0
1079,BWA-std,1,0.7
1079,NW-flex,1,1.0
1079,BWA-no-clip,2,0.8
1079,BWA-std,2,0.5
1079,NW-flex,2,1.0
1079,BWA-no-clip,3,0.8
1079,BWA-std,3,0.3
1079,NW-flex,3,1.0
1079,BWA-no-clip,4,0.8
1079,BWA-std,4,0.1
1079,NW-flex,4,1.0
1079,BWA-no-clip,5,0.8
1079,BWA-std,5,0.0
1079,NW-flex,5,1.0
1080,BWA-no-clip,-5,0.4
1080,BWA-std,-5,0.1
1080,NW-flex,-5,1.0
1080,BWA-no-clip,-4,0.5
1080,BWA-std,-4,0.2
1080,NW-flex,-4,1.0
1080,BWA-no-clip,-3,0.5
1080,BWA-std,-3,0.4
1080,NW-flex,-3,1.0
1080,BWA-no-clip,-2,0.8
1080,BWA-std,-2,0.6
1080,NW-flex,-2,1.0
1080,BWA-no-clip,-1,0.9
1080,BWA-std,-1,0.7
1080,NW-flex,-1,1.0
1080,BWA-no-clip,0,1.0
1080,BWA-std,0,1.0
1080,NW-flex,0,1.0
1080,BWA-no-clip,1,1.0
1080,BWA-std,1,0.7
1080,NW-flex,1,1.0
1080,BWA-no-clip,2,1.0
1080,BWA-std,2,0.5
1080,NW-flex,2,1.0
1080,BWA-no-clip,3,1.0
1080,BWA-std,3,0.3
1080,NW-flex,3,1.0
1080,BWA-no-clip,4,1.0
1080,BWA-std,4,0.1
1080,NW-flex,4,1.0
1080,BWA-no-clip,5,1.0
1080,BWA-std,5,0.0
1080,NW-flex,5,1.0
1081,BWA-no-clip,-5,0.4
1081,BWA-std,-5,0.1
1081,NW-flex,-5,1.0
1081,BWA-no-clip,-4,0.5
1081,BWA-std,-4,0.2
1081,NW-flex,-4,1.0
1081,BWA-no-clip,-3,0.5
1081,BWA-std,-3,0.4
1081,NW-flex,-3,1.0
1081,BWA-no-clip,-2,0.8
1081,BWA-std,-2,0.6
1081,NW-flex,-2,1.0
1081,BWA-no-clip,-1,0.9
1081,BWA-std,-1,0.7
1081,NW-flex,-1,1.0
1081,BWA-no-clip,0,1.0
1081,BWA-std,0,1.0
1081,NW-flex,0,1.0
1081,BWA-no-clip,1,1.0
1081,BWA-std,1,0.7
1081,NW-flex,1,1.0
1081,BWA-no-clip,2,1.0
1081,BWA-std,2,0.5
1081,NW-flex,2,1.0
1081,BWA-no-clip,3,1.0
1081,BWA-std,3,0.3
1081,NW-flex,3,1.0
1081,BWA-no-clip,4,1.0
1081,BWA-std,4,0.1
1081,NW-flex,4,1.0
1081,BWA-no-clip,5,1.0
1081,BWA-std,5,0.0
1081,NW-flex,5,1.0
1082,BWA-no-clip,-5,0.6
1082,BWA-std,-5,0.1
1082,NW-flex,-5,1.0
1082,BWA-no-clip,-4,0.8
1082,BWA-std,-4,0.2
1082,NW-flex,-4,1.0
1082,BWA-no-clip,-3,0.8
1082,BWA-std,-3,0.4
1082,NW-flex,-3,1.0
1082,BWA-no-clip,-2,0.9
1082,BWA-std,-2,0.6
1082,NW-flex,-2,1.0
1082,BWA-no-clip,-1,0.9
1082,BWA-std,-1,0.7
1082,NW-flex,-1,1.0
1082,BWA-no-clip,0,1.0
1082,BWA-std,0,1.0
1082,NW-flex,0,1.0
1082,BWA-no-clip,1,1.0
1082,BWA-std,1,0.7
1082,NW-flex,1,1.0
1082,BWA-no-clip,2,1.0
1082,BWA-std,2,0.5
1082,NW-flex,2,1.0
1082,BWA-no-clip,3,1.0
1082,BWA-std,3,0.3
1082,NW-flex,3,1.0
1082,BWA-no-clip,4,1.0
1082,BWA-std,4,0.1
1082,NW-flex,4,1.0
1082,BWA-no-clip,5,1.0
1082,BWA-std,5,0.0
1082,NW-flex,5,1.0
1083,BWA-no-clip,-5,0.7
1083,BWA-std,-5,0.1
1083,NW-flex,-5,1.0
1083,BWA-no-clip,-4,0.7
1083,BWA-std,-4,0.2
1083,NW-flex,-4,1.0
1083,BWA-no-clip,-3,0.8
1083,BWA-std,-3,0.4
1083,NW-flex,-3,1.0
1083,BWA-no-clip,-2,0.8
1083,BWA-std,-2,0.6
1083,NW-flex,-2,1.0
1083,BWA-no-clip,-1,0.9
1083,BWA-std,-1,0.7
1083,NW-flex,-1,1.0
1083,BWA-no-clip,0,1.0
1083,BWA-std,0,1.0
1083,NW-flex,0,1.0
1083,BWA-no-clip,1,1.0
1083,BWA-std,1,0.7
1083,NW-flex,1,1.0
1083,BWA-no-clip,2,1.0
1083,BWA-std,2,0.5
1083,NW-flex,2,1.0
1083,BWA-no-clip,3,1.0
1083,BWA-std,3,0.3
1083,NW-flex,3,1.0
1083,BWA-no-clip,4,1.0
1083,BWA-std,4,0.1
1083,NW-flex,4,1.0
1083,BWA-no-clip,5,1.0
1083,BWA-std,5,0.0
1083,NW-flex,5,1.0
1084,BWA-no-clip,-5,0.6
1084,BWA-std,-5,0.1
1084,NW-flex,-5,1.0
1084,BWA-no-clip,-4,0.8
1084,BWA-std,-4,0.2
1084,NW-flex,-4,1.0
1084,BWA-no-clip,-3,0.8
1084,BWA-std,-3,0.4
1084,NW-flex,-3,1.0
1084,BWA-no-clip,-2,0.9
1084,BWA-std,-2,0.6
1084,NW-flex,-2,1.0
1084,BWA-no-clip,-1,0.9
1084,BWA-std,-1,0.7
1084,NW-flex,-1,1.0
1084,BWA-no-clip,0,1.0
1084,BWA-std,0,1.0
1084,NW-flex,0,1.0
1084,BWA-no-clip,1,1.0
1084,BWA-std,1,0.7
1084,NW-flex,1,1.0
1084,BWA-no-clip,2,1.0
1084,BWA-std,2,0.5
1084,NW-flex,2,1.0
1084,BWA-no-clip,3,1.0
1084,BWA-std,3,0.3
1084,NW-flex,3,1.0
1084,BWA-no-clip,4,1.0
1084,BWA-std,4,0.1
1084,NW-flex,4,1.0
1084,BWA-no-clip,5,1.0
1084,BWA-std,5,0.0
1084,NW-flex,5,1.0
1085,BWA-no-clip,-5,0.7
1085,BWA-std,-5,0.1
1085,NW-flex,-5,1.0
1085,BWA-no-clip,-4,0.7
1085,BWA-std,-4,0.2
1085,NW-flex,-4,1.0
1085,BWA-no-clip,-3,0.8
1085,BWA-std,-3,0.4
1085,NW-flex,-3,1.0
1085,BWA-no-clip,-2,0.8
1085,BWA-std,-2,0.6
1085,NW-flex,-2,1.0
1085,BWA-no-clip,-1,0.9
1085,BWA-std,-1,0.7
1085,NW-flex,-1,1.0
1085,BWA-no-clip,0,1.0
1085,BWA-std,0,1.0
1085,NW-flex,0,1.0
1085,BWA-no-clip,1,1.0
1085,BWA-std,1,0.7
1085,NW-flex,1,1.0
1085,BWA-no-clip,2,1.0
1085,BWA-std,2,0.5
1085,NW-flex,2,1.0
1085,BWA-no-clip,3,1.0
1085,BWA-std,3,0.3
1085,NW-flex,3,1.0
1085,BWA-no-clip,4,1.0
1085,BWA-std,4,0.1
1085,NW-flex,4,1.0
1085,BWA-no-clip,5,1.0
1085,BWA-std,5,0.0
1085,NW-flex,5,1.0
1086,BWA-no-clip,-5,0.5
1086,BWA-std,-5,0.1
1086,NW-flex,-5,1.0
1086,BWA-no-clip,-4,0.8
1086,BWA-std,-4,0.2
1086,NW-flex,-4,1.0
1086,BWA-no-clip,-3,0.8
1086,BWA-std,-3,0.4
1086,NW-flex,-3,1.0
1086,BWA-no-clip,-2,0.9
1086,BWA-std,-2,0.6
1086,NW-flex,-2,1.0
1086,BWA-no-clip,-1,0.9
1086,BWA-std,-1,0.7
1086,NW-flex,-1,1.0
1086,BWA-no-clip,0,1.0
1086,BWA-std,0,1.0
1086,NW-flex,0,1.0
1086,BWA-no-clip,1,1.0
1086,BWA-std,1,0.7
1086,NW-flex,1,1.0
1086,BWA-no-clip,2,1.0
1086,BWA-std,2,0.5
1086,NW-flex,2,1.0
1086,BWA-no-clip,3,1.0
1086,BWA-std,3,0.3
1086,NW-flex,3,1.0
1086,BWA-no-clip,4,1.0
1086,BWA-std,4,0.1
1086,NW-flex,4,1.0
1086,BWA-no-clip,5,1.0
1086,BWA-std,5,0.0
1086,NW-flex,5,1.0
1087,BWA-no-clip,-5,0.6
1087,BWA-std,-5,0.1
1087,NW-flex,-5,1.0
1087,BWA-no-clip,-4,0.7
1087,BWA-std,-4,0.2
1087,NW-flex,-4,1.0
1087,BWA-no-clip,-3,0.8
1087,BWA-std,-3,0.4
1087,NW-flex,-3,1.0
1087,BWA-no-clip,-2,0.9
1087,BWA-std,-2,0.6
1087,NW-flex,-2,1.0
1087,BWA-no-clip,-1,0.9
1087,BWA-std,-1,0.7
1087,NW-flex,-1,1.0
1087,BWA-no-clip,0,1.0
1087,BWA-std,0,1.0
1087,NW-flex,0,1.0
1087,BWA-no-clip,1,1.0
1087,BWA-std,1,0.7
1087,NW-flex,1,1.0
1087,BWA-no-clip,2,1.0
1087,BWA-std,2,0.5
1087,NW-flex,2,1.0
1087,BWA-no-clip,3,1.0
1087,BWA-std,3,0.3
1087,NW-flex,3,1.0
1087,BWA-no-clip,4,1.0
1087,BWA-std,4,0.1
1087,NW-flex,4,1.0
1087,BWA-no-clip,5,1.0
1087,BWA-std,5,0.0
1087,NW-flex,5,1.0
1088,BWA-no-clip,-5,0.6
1088,BWA-std,-5,0.1
1088,NW-flex,-5,1.0
1088,BWA-no-clip,-4,0.7
1088,BWA-std,-4,0.2
1088,NW-flex,-4,1.0
1088,BWA-no-clip,-3,0.7
1088,BWA-std,-3,0.4
1088,NW-flex,-3,1.0
1088,BWA-no-clip,-2,0.7333333333333333
1088,BWA-std,-2,0.5
1088,NW-flex,-2,1.0
1088,BWA-no-clip,-1,0.7
1088,BWA-std,-1,0.7
1088,NW-flex,-1,1.0
1088,BWA-no-clip,0,1.0
1088,BWA-std,0,1.0
1088,NW-flex,0,1.0
1088,BWA-no-clip,1,0.8
1088,BWA-std,1,0.7
1088,NW-flex,1,1.0
1088,BWA-no-clip,2,0.8
1088,BWA-std,2,0.5
1088,NW-flex,2,1.0
1088,BWA-no-clip,3,0.8
1088,BWA-std,3,0.3
1088,NW-flex,3,1.0
1088,BWA-no-clip,4,0.8
1088,BWA-std,4,0.1
1088,NW-flex,4,1.0
1088,BWA-no-clip,5,0.8
1088,BWA-std,5,0.0
1088,NW-flex,5,1.0
1089,BWA-no-clip,-5,0.1
1089,BWA-std,-5,0.1
1089,NW-flex,-5,1.0
1089,BWA-no-clip,-4,0.8
1089,BWA-std,-4,0.2
1089,NW-flex,-4,1.0
1089,BWA-no-clip,-3,0.8
1089,BWA-std,-3,0.4
1089,NW-flex,-3,1.0
1089,BWA-no-clip,-2,0.9
1089,BWA-std,-2,0.6
1089,NW-flex,-2,1.0
1089,BWA-no-clip,-1,0.9
1089,BWA-std,-1,0.7
1089,NW-flex,-1,1.0
1089,BWA-no-clip,0,1.0
1089,BWA-std,0,1.0
1089,NW-flex,0,1.0
1089,BWA-no-clip,1,1.0
1089,BWA-std,1,0.7
1089,NW-flex,1,1.0
1089,BWA-no-clip,2,1.0
1089,BWA-std,2,0.5
1089,NW-flex,2,1.0
1089,BWA-no-clip,3,1.0
1089,BWA-std,3,0.3
1089,NW-flex,3,1.0
1089,BWA-no-clip,4,0.9
1089,BWA-std,4,0.1
1089,NW-flex,4,1.0
1089,BWA-no-clip,5,0.7
1089,BWA-std,5,0.0
1089,NW-flex,5,1.0
1090,BWA-no-clip,-5,0.6
1090,BWA-std,-5,0.1
1090,NW-flex,-5,1.0
1090,BWA-no-clip,-4,0.7
1090,BWA-std,-4,0.2
1090,NW-flex,-4,1.0
1090,BWA-no-clip,-3,0.7
1090,BWA-std,-3,0.4
1090,NW-flex,-3,1.0
1090,BWA-no-clip,-2,0.8
1090,BWA-std,-2,0.5
1090,NW-flex,-2,1.0
1090,BWA-no-clip,-1,0.8
1090,BWA-std,-1,0.7
1090,NW-flex,-1,1.0
1090,BWA-no-clip,0,1.0
1090,BWA-std,0,1.0
1090,NW-flex,0,1.0
1090,BWA-no-clip,1,0.9
1090,BWA-std,1,0.7
1090,NW-flex,1,1.0
1090,BWA-no-clip,2,0.9
1090,BWA-std,2,0.5
1090,NW-flex,2,1.0
1090,BWA-no-clip,3,0.9
1090,BWA-std,3,0.3
1090,NW-flex,3,1.0
1090,BWA-no-clip,4,0.9
1090,BWA-std,4,0.1
1090,NW-flex,4,1.0
1090,BWA-no-clip,5,0.9
1090,BWA-std,5,0.0
1090,NW-flex,5,1.0
1091,BWA-no-clip,-5,0.6
1091,BWA-std,-5,0.1
1091,NW-flex,-5,1.0
1091,BWA-no-clip,-4,0.7
1091,BWA-std,-4,0.2
1091,NW-flex,-4,1.0
1091,BWA-no-clip,-3,0.7
1091,BWA-std,-3,0.4
1091,NW-flex,-3,1.0
1091,BWA-no-clip,-2,0.8
1091,BWA-std,-2,0.5
1091,NW-flex,-2,1.0
1091,BWA-no-clip,-1,0.8
1091,BWA-std,-1,0.7
1091,NW-flex,-1,1.0
1091,BWA-no-clip,0,1.0
1091,BWA-std,0,1.0
1091,NW-flex,0,1.0
1091,BWA-no-clip,1,0.9
1091,BWA-std,1,0.7
1091,NW-flex,1,1.0
1091,BWA-no-clip,2,0.9
1091,BWA-std,2,0.5
1091,NW-flex,2,1.0
1091,BWA-no-clip,3,0.9
1091,BWA-std,3,0.3
1091,NW-flex,3,1.0
1091,BWA-no-clip,4,0.9
1091,BWA-std,4,0.1
1091,NW-flex,4,1.0
1091,BWA-no-clip,5,0.9
1091,BWA-std,5,0.0
1091,NW-flex,5,1.0
1092,BWA-no-clip,-5,0.5
1092,BWA-std,-5,0.1
1092,NW-flex,-5,1.0
1092,BWA-no-clip,-4,0.8
1092,BWA-std,-4,0.2
1092,NW-flex,-4,1.0
1092,BWA-no-clip,-3,0.8
1092,BWA-std,-3,0.4
1092,NW-flex,-3,1.0
1092,BWA-no-clip,-2,0.9
1092,BWA-std,-2,0.6
1092,NW-flex,-2,1.0
1092,BWA-no-clip,-1,0.9
1092,BWA-std,-1,0.7
1092,NW-flex,-1,1.0
1092,BWA-no-clip,0,1.0
1092,BWA-std,0,1.0
1092,NW-flex,0,1.0
1092,BWA-no-clip,1,1.0
1092,BWA-std,1,0.7
1092,NW-flex,1,1.0
1092,BWA-no-clip,2,1.0
1092,BWA-std,2,0.5
1092,NW-flex,2,1.0
1092,BWA-no-clip,3,1.0
1092,BWA-std,3,0.3
1092,NW-flex,3,1.0
1092,BWA-no-clip,4,1.0
1092,BWA-std,4,0.1
1092,NW-flex,4,1.0
1092,BWA-no-clip,5,1.0
1092,BWA-std,5,0.0
1092,NW-flex,5,1.0
1093,BWA-no-clip,-5,0.4
1093,BWA-std,-5,0.1
1093,NW-flex,-5,1.0
1093,BWA-no-clip,-4,0.8
1093,BWA-std,-4,0.2
1093,NW-flex,-4,1.0
1093,BWA-no-clip,-3,0.8
1093,BWA-std,-3,0.4
1093,NW-flex,-3,1.0
1093,BWA-no-clip,-2,0.9
1093,BWA-std,-2,0.6
1093,NW-flex,-2,1.0
1093,BWA-no-clip,-1,0.9
1093,BWA-std,-1,0.7
1093,NW-flex,-1,1.0
1093,BWA-no-clip,0,1.0
1093,BWA-std,0,1.0
1093,NW-flex,0,1.0
1093,BWA-no-clip,1,1.0
1093,BWA-std,1,0.7
1093,NW-flex,1,1.0
1093,BWA-no-clip,2,1.0
1093,BWA-std,2,0.5
1093,NW-flex,2,1.0
1093,BWA-no-clip,3,1.0
1093,BWA-std,3,0.3
1093,NW-flex,3,1.0
1093,BWA-no-clip,4,1.0
1093,BWA-std,4,0.1
1093,NW-flex,4,1.0
1093,BWA-no-clip,5,0.8
1093,BWA-std,5,0.0
1093,NW-flex,5,1.0
1094,BWA-no-clip,-5,0.6
1094,BWA-std,-5,0.1
1094,NW-flex,-5,1.0
1094,BWA-no-clip,-4,0.7
1094,BWA-std,-4,0.2
1094,NW-flex,-4,1.0
1094,BWA-no-clip,-3,0.7
1094,BWA-std,-3,0.4
1094,NW-flex,-3,1.0
1094,BWA-no-clip,-2,0.7333333333333333
1094,BWA-std,-2,0.5
1094,NW-flex,-2,1.0
1094,BWA-no-clip,-1,0.7
1094,BWA-std,-1,0.7
1094,NW-flex,-1,1.0
1094,BWA-no-clip,0,1.0
1094,BWA-std,0,1.0
1094,NW-flex,0,1.0
1094,BWA-no-clip,1,0.8
1094,BWA-std,1,0.7
1094,NW-flex,1,1.0
1094,BWA-no-clip,2,0.8
1094,BWA-std,2,0.5
1094,NW-flex,2,1.0
1094,BWA-no-clip,3,0.8
1094,BWA-std,3,0.3
1094,NW-flex,3,1.0
1094,BWA-no-clip,4,0.8
1094,BWA-std,4,0.1
1094,NW-flex,4,1.0
1094,BWA-no-clip,5,0.8
1094,BWA-std,5,0.0
1094,NW-flex,5,1.0
1095,BWA-no-clip,-5,0.6
1095,BWA-std,-5,0.1
1095,NW-flex,-5,1.0
1095,BWA-no-clip,-4,0.6
1095,BWA-std,-4,0.2
1095,NW-flex,-4,1.0
1095,BWA-no-clip,-3,0.8
1095,BWA-std,-3,0.4
1095,NW-flex,-3,1.0
1095,BWA-no-clip,-2,0.9
1095,BWA-std,-2,0.6
1095,NW-flex,-2,1.0
1095,BWA-no-clip,-1,0.9
1095,BWA-std,-1,0.7
1095,NW-flex,-1,1.0
1095,BWA-no-clip,0,1.0
1095,BWA-std,0,1.0
1095,NW-flex,0,1.0
1095,BWA-no-clip,1,1.0
1095,BWA-std,1,0.7
1095,NW-flex,1,1.0
1095,BWA-no-clip,2,1.0
1095,BWA-std,2,0.5
1095,NW-flex,2,1.0
1095,BWA-no-clip,3,1.0
1095,BWA-std,3,0.3
1095,NW-flex,3,1.0
1095,BWA-no-clip,4,1.0
1095,BWA-std,4,0.1
1095,NW-flex,4,1.0
1095,BWA-no-clip,5,1.0
1095,BWA-std,5,0.0
1095,NW-flex,5,1.0
1096,BWA-no-clip,-5,0.5
1096,BWA-std,-5,0.1
1096,NW-flex,-5,1.0
1096,BWA-no-clip,-4,0.8
1096,BWA-std,-4,0.2
1096,NW-flex,-4,1.0
1096,BWA-no-clip,-3,0.8
1096,BWA-std,-3,0.4
1096,NW-flex,-3,1.0
1096,BWA-no-clip,-2,0.9
1096,BWA-std,-2,0.6
1096,NW-flex,-2,1.0
1096,BWA-no-clip,-1,0.9
1096,BWA-std,-1,0.7
1096,NW-flex,-1,1.0
1096,BWA-no-clip,0,1.0
1096,BWA-std,0,1.0
1096,NW-flex,0,1.0
1096,BWA-no-clip,1,1.0
1096,BWA-std,1,0.7
1096,NW-flex,1,1.0
1096,BWA-no-clip,2,1.0
1096,BWA-std,2,0.5
1096,NW-flex,2,1.0
1096,BWA-no-clip,3,1.0
1096,BWA-std,3,0.3
1096,NW-flex,3,1.0
1096,BWA-no-clip,4,1.0
1096,BWA-std,4,0.1
1096,NW-flex,4,1.0
1096,BWA-no-clip,5,1.0
1096,BWA-std,5,0.0
1096,NW-flex,5,1.0
1097,BWA-no-clip,-5,0.6
1097,BWA-std,-5,0.1
1097,NW-flex,-5,1.0
1097,BWA-no-clip,-4,0.8
1097,BWA-std,-4,0.2
1097,NW-flex,-4,1.0
1097,BWA-no-clip,-3,0.8
1097,BWA-std,-3,0.4
1097,NW-flex,-3,1.0
1097,BWA-no-clip,-2,0.9
1097,BWA-std,-2,0.6
1097,NW-flex,-2,1.0
1097,BWA-no-clip,-1,0.9
1097,BWA-std,-1,0.7
1097,NW-flex,-1,1.0
1097,BWA-no-clip,0,1.0
1097,BWA-std,0,1.0
1097,NW-flex,0,1.0
1097,BWA-no-clip,1,1.0
1097,BWA-std,1,0.7
1097,NW-flex,1,1.0
1097,BWA-no-clip,2,1.0
1097,BWA-std,2,0.5
1097,NW-flex,2,1.0
1097,BWA-no-clip,3,1.0
1097,BWA-std,3,0.3
1097,NW-flex,3,1.0
1097,BWA-no-clip,4,1.0
1097,BWA-std,4,0.1
1097,NW-flex,4,1.0
1097,BWA-no-clip,5,1.0
1097,BWA-std,5,0.0
1097,NW-flex,5,1.0
1098,BWA-no-clip,-5,0.7
1098,BWA-std,-5,0.1
1098,NW-flex,-5,1.0
1098,BWA-no-clip,-4,0.8
1098,BWA-std,-4,0.2
1098,NW-flex,-4,1.0
1098,BWA-no-clip,-3,0.8
1098,BWA-std,-3,0.4
1098,NW-flex,-3,1.0
1098,BWA-no-clip,-2,0.9
1098,BWA-std,-2,0.6
1098,NW-flex,-2,1.0
1098,BWA-no-clip,-1,0.9
1098,BWA-std,-1,0.7
1098,NW-flex,-1,1.0
1098,BWA-no-clip,0,1.0
1098,BWA-std,0,1.0
1098,NW-flex,0,1.0
1098,BWA-no-clip,1,1.0
1098,BWA-std,1,0.7
1098,NW-flex,1,1.0
1098,BWA-no-clip,2,1.0
1098,BWA-std,2,0.5
1098,NW-flex,2,1.0
1098,BWA-no-clip,3,1.0
1098,BWA-std,3,0.3
1098,NW-flex,3,1.0
1098,BWA-no-clip,4,1.0
1098,BWA-std,4,0.1
1098,NW-flex,4,1.0
1098,BWA-no-clip,5,1.0
1098,BWA-std,5,0.0
1098,NW-flex,5,1.0
1099,BWA-no-clip,-5,0.5
1099,BWA-std,-5,0.1
1099,NW-flex,-5,1.0
1099,BWA-no-clip,-4,0.7
1099,BWA-std,-4,0.2
1099,NW-flex,-4,1.0
1099,BWA-no-clip,-3,0.8
1099,BWA-std,-3,0.4
1099,NW-flex,-3,1.0
1099,BWA-no-clip,-2,0.9
1099,BWA-std,-2,0.6
1099,NW-flex,-2,1.0
1099,BWA-no-clip,-1,0.9
1099,BWA-std,-1,0.7
1099,NW-flex,-1,1.0
1099,BWA-no-clip,0,1.0
1099,BWA-std,0,1.0
1099,NW-flex,0,1.0
1099,BWA-no-clip,1,1.0
1099,BWA-std,1,0.7
1099,NW-flex,1,1.0
1099,BWA-no-clip,2,0.9
1099,BWA-std,2,0.5
1099,NW-flex,2,1.0
1099,BWA-no-clip,3,0.9
1099,BWA-std,3,0.3
1099,NW-flex,3,1.0
1099,BWA-no-clip,4,0.9
1099,BWA-std,4,0.1
1099,NW-flex,4,1.0
1099,BWA-no-clip,5,0.9
1099,BWA-std,5,0.0
1099,NW-flex,5,1.0
1100,BWA-no-clip,-5,0.7
1100,BWA-std,-5,0.1
1100,NW-flex,-5,1.0
1100,BWA-no-clip,-4,0.8
1100,BWA-std,-4,0.2
1100,NW-flex,-4,1.0
1100,BWA-no-clip,-3,0.8
1100,BWA-std,-3,0.4
1100,NW-flex,-3,1.0
1100,BWA-no-clip,-2,0.9
1100,BWA-std,-2,0.6
1100,NW-flex,-2,1.0
1100,BWA-no-clip,-1,0.9
1100,BWA-std,-1,0.7
1100,NW-flex,-1,1.0
1100,BWA-no-clip,0,1.0
1100,BWA-std,0,1.0
1100,NW-flex,0,1.0
1100,BWA-no-clip,1,1.0
1100,BWA-std,1,0.7
1100,NW-flex,1,1.0
1100,BWA-no-clip,2,1.0
1100,BWA-std,2,0.5
1100,NW-flex,2,1.0
1100,BWA-no-clip,3,1.0
1100,BWA-std,3,0.3
1100,NW-flex,3,1.0
1100,BWA-no-clip,4,1.0
1100,BWA-std,4,0.1
1100,NW-flex,4,1.0
1100,BWA-no-clip,5,1.0
1100,BWA-std,5,0.0
1100,NW-flex,5,1.0
1101,BWA-no-clip,-5,0.7
1101,BWA-std,-5,0.1
1101,NW-flex,-5,1.0
1101,BWA-no-clip,-4,0.8
1101,BWA-std,-4,0.2
1101,NW-flex,-4,1.0
1101,BWA-no-clip,-3,0.8
1101,BWA-std,-3,0.4
1101,NW-flex,-3,1.0
1101,BWA-no-clip,-2,0.9
1101,BWA-std,-2,0.6
1101,NW-flex,-2,1.0
1101,BWA-no-clip,-1,0.9
1101,BWA-std,-1,0.7
1101,NW-flex,-1,1.0
1101,BWA-no-clip,0,1.0
1101,BWA-std,0,1.0
1101,NW-flex,0,1.0
1101,BWA-no-clip,1,1.0
1101,BWA-std,1,0.7
1101,NW-flex,1,1.0
1101,BWA-no-clip,2,1.0
1101,BWA-std,2,0.5
1101,NW-flex,2,1.0
1101,BWA-no-clip,3,1.0
1101,BWA-std,3,0.3
1101,NW-flex,3,1.0
1101,BWA-no-clip,4,1.0
1101,BWA-std,4,0.1
1101,NW-flex,4,1.0
1101,BWA-no-clip,5,1.0
1101,BWA-std,5,0.0
1101,NW-flex,5,1.0
1102,BWA-no-clip,-5,0.6
1102,BWA-std,-5,0.1
1102,NW-flex,-5,1.0
1102,BWA-no-clip,-4,0.7
1102,BWA-std,-4,0.2
1102,NW-flex,-4,1.0
1102,BWA-no-clip,-3,0.7
1102,BWA-std,-3,0.4
1102,NW-flex,-3,1.0
1102,BWA-no-clip,-2,0.9
1102,BWA-std,-2,0.6
1102,NW-flex,-2,1.0
1102,BWA-no-clip,-1,0.9
1102,BWA-std,-1,0.7
1102,NW-flex,-1,1.0
1102,BWA-no-clip,0,1.0
1102,BWA-std,0,1.0
1102,NW-flex,0,1.0
1102,BWA-no-clip,1,1.0
1102,BWA-std,1,0.7
1102,NW-flex,1,1.0
1102,BWA-no-clip,2,1.0
1102,BWA-std,2,0.5
1102,NW-flex,2,1.0
1102,BWA-no-clip,3,1.0
1102,BWA-std,3,0.3
1102,NW-flex,3,1.0
1102,BWA-no-clip,4,1.0
1102,BWA-std,4,0.1
1102,NW-flex,4,1.0
1102,BWA-no-clip,5,1.0
1102,BWA-std,5,0.0
1102,NW-flex,5,1.0
1103,BWA-no-clip,-5,0.6
1103,BWA-std,-5,0.1
1103,NW-flex,-5,1.0
1103,BWA-no-clip,-4,0.7
1103,BWA-std,-4,0.2
1103,NW-flex,-4,1.0
1103,BWA-no-clip,-3,0.7
1103,BWA-std,-3,0.4
1103,NW-flex,-3,1.0
1103,BWA-no-clip,-2,0.8
1103,BWA-std,-2,0.6
1103,NW-flex,-2,1.0
1103,BWA-no-clip,-1,0.9
1103,BWA-std,-1,0.7
1103,NW-flex,-1,1.0
1103,BWA-no-clip,0,1.0
1103,BWA-std,0,1.0
1103,NW-flex,0,1.0
1103,BWA-no-clip,1,1.0
1103,BWA-std,1,0.7
1103,NW-flex,1,1.0
1103,BWA-no-clip,2,1.0
1103,BWA-std,2,0.5
1103,NW-flex,2,1.0
1103,BWA-no-clip,3,1.0
1103,BWA-std,3,0.3
1103,NW-flex,3,1.0
1103,BWA-no-clip,4,1.0
1103,BWA-std,4,0.1
1103,NW-flex,4,1.0
1103,BWA-no-clip,5,1.0
1103,BWA-std,5,0.0
1103,NW-flex,5,1.0
1104,BWA-no-clip,-5,0.7
1104,BWA-std,-5,0.1
1104,NW-flex,-5,1.0
1104,BWA-no-clip,-4,0.8
1104,BWA-std,-4,0.2
1104,NW-flex,-4,1.0
1104,BWA-no-clip,-3,0.8
1104,BWA-std,-3,0.4
1104,NW-flex,-3,1.0
1104,BWA-no-clip,-2,0.9
1104,BWA-std,-2,0.6
1104,NW-flex,-2,1.0
1104,BWA-no-clip,-1,0.9
1104,BWA-std,-1,0.7
1104,NW-flex,-1,1.0
1104,BWA-no-clip,0,1.0
1104,BWA-std,0,1.0
1104,NW-flex,0,1.0
1104,BWA-no-clip,1,1.0
1104,BWA-std,1,0.7
1104,NW-flex,1,1.0
1104,BWA-no-clip,2,1.0
1104,BWA-std,2,0.5
1104,NW-flex,2,1.0
1104,BWA-no-clip,3,1.0
1104,BWA-std,3,0.3
1104,NW-flex,3,1.0
1104,BWA-no-clip,4,1.0
1104,BWA-std,4,0.1
1104,NW-flex,4,1.0
1104,BWA-no-clip,5,1.0
1104,BWA-std,5,0.0
1104,NW-flex,5,1.0
1105,BWA-no-clip,-5,0.6
1105,BWA-std,-5,0.1
1105,NW-flex,-5,1.0
1105,BWA-no-clip,-4,0.6
1105,BWA-std,-4,0.2
1105,NW-flex,-4,1.0
1105,BWA-no-clip,-3,0.7
1105,BWA-std,-3,0.4
1105,NW-flex,-3,1.0
1105,BWA-no-clip,-2,0.7
1105,BWA-std,-2,0.6
1105,NW-flex,-2,1.0
1105,BWA-no-clip,-1,0.9
1105,BWA-std,-1,0.7
1105,NW-flex,-1,1.0
1105,BWA-no-clip,0,1.0
1105,BWA-std,0,1.0
1105,NW-flex,0,1.0
1105,BWA-no-clip,1,1.0
1105,BWA-std,1,0.7
1105,NW-flex,1,1.0
1105,BWA-no-clip,2,1.0
1105,BWA-std,2,0.5
1105,NW-flex,2,1.0
1105,BWA-no-clip,3,1.0
1105,BWA-std,3,0.3
1105,NW-flex,3,1.0
1105,BWA-no-clip,4,1.0
1105,BWA-std,4,0.1
1105,NW-flex,4,1.0
1105,BWA-no-clip,5,1.0
1105,BWA-std,5,0.0
1105,NW-flex,5,1.0
1106,BWA-no-clip,-5,0.7
1106,BWA-std,-5,0.1
1106,NW-flex,-5,1.0
1106,BWA-no-clip,-4,0.8
1106,BWA-std,-4,0.2
1106,NW-flex,-4,1.0
1106,BWA-no-clip,-3,0.8
1106,BWA-std,-3,0.4
1106,NW-flex,-3,1.0
1106,BWA-no-clip,-2,0.9
1106,BWA-std,-2,0.6
1106,NW-flex,-2,1.0
1106,BWA-no-clip,-1,0.9
1106,BWA-std,-1,0.7
1106,NW-flex,-1,1.0
1106,BWA-no-clip,0,1.0
1106,BWA-std,0,1.0
1106,NW-flex,0,1.0
1106,BWA-no-clip,1,1.0
1106,BWA-std,1,0.7
1106,NW-flex,1,1.0
1106,BWA-no-clip,2,1.0
1106,BWA-std,2,0.5
1106,NW-flex,2,1.0
1106,BWA-no-clip,3,1.0
1106,BWA-std,3,0.3
1106,NW-flex,3,1.0
1106,BWA-no-clip,4,1.0
1106,BWA-std,4,0.1
1106,NW-flex,4,1.0
1106,BWA-no-clip,5,1.0
1106,BWA-std,5,0.0
1106,NW-flex,5,1.0
1107,BWA-no-clip,-5,0.6
1107,BWA-std,-5,0.1
1107,NW-flex,-5,1.0
1107,BWA-no-clip,-4,0.7
1107,BWA-std,-4,0.2
1107,NW-flex,-4,1.0
1107,BWA-no-clip,-3,0.8
1107,BWA-std,-3,0.4
1107,NW-flex,-3,1.0
1107,BWA-no-clip,-2,0.9
1107,BWA-std,-2,0.6
1107,NW-flex,-2,1.0
1107,BWA-no-clip,-1,0.9
1107,BWA-std,-1,0.7
1107,NW-flex,-1,1.0
1107,BWA-no-clip,0,1.0
1107,BWA-std,0,1.0
1107,NW-flex,0,1.0
1107,BWA-no-clip,1,1.0
1107,BWA-std,1,0.7
1107,NW-flex,1,1.0
1107,BWA-no-clip,2,1.0
1107,BWA-std,2,0.5
1107,NW-flex,2,1.0
1107,BWA-no-clip,3,1.0
1107,BWA-std,3,0.3
1107,NW-flex,3,1.0
1107,BWA-no-clip,4,1.0
1107,BWA-std,4,0.1
1107,NW-flex,4,1.0
1107,BWA-no-clip,5,1.0
1107,BWA-std,5,0.0
1107,NW-flex,5,1.0
1108,BWA-no-clip,-5,0.6
1108,BWA-std,-5,0.1
1108,NW-flex,-5,1.0
1108,BWA-no-clip,-4,0.8
1108,BWA-std,-4,0.2
1108,NW-flex,-4,1.0
1108,BWA-no-clip,-3,0.8
1108,BWA-std,-3,0.4
1108,NW-flex,-3,1.0
1108,BWA-no-clip,-2,0.9
1108,BWA-std,-2,0.6
1108,NW-flex,-2,1.0
1108,BWA-no-clip,-1,0.9
1108,BWA-std,-1,0.7
1108,NW-flex,-1,1.0
1108,BWA-no-clip,0,1.0
1108,BWA-std,0,1.0
1108,NW-flex,0,1.0
1108,BWA-no-clip,1,1.0
1108,BWA-std,1,0.7
1108,NW-flex,1,1.0
1108,BWA-no-clip,2,1.0
1108,BWA-std,2,0.5
1108,NW-flex,2,1.0
1108,BWA-no-clip,3,1.0
1108,BWA-std,3,0.3
1108,NW-flex,3,1.0
1108,BWA-no-clip,4,1.0
1108,BWA-std,4,0.1
1108,NW-flex,4,1.0
1108,BWA-no-clip,5,1.0
1108,BWA-std,5,0.0
1108,NW-flex,5,1.0
1109,BWA-no-clip,-5,0.6
1109,BWA-std,-5,0.1
1109,NW-flex,-5,1.0
1109,BWA-no-clip,-4,0.7
1109,BWA-std,-4,0.2
1109,NW-flex,-4,1.0
1109,BWA-no-clip,-3,0.7
1109,BWA-std,-3,0.4
1109,NW-flex,-3,1.0
1109,BWA-no-clip,-2,0.8
1109,BWA-std,-2,0.5
1109,NW-flex,-2,1.0
1109,BWA-no-clip,-1,0.8
1109,BWA-std,-1,0.7
1109,NW-flex,-1,1.0
1109,BWA-no-clip,0,1.0
1109,BWA-std,0,1.0
1109,NW-flex,0,1.0
1109,BWA-no-clip,1,1.0
1109,BWA-std,1,0.7
1109,NW-flex,1,1.0
1109,BWA-no-clip,2,1.0
1109,BWA-std,2,0.5
1109,NW-flex,2,1.0
1109,BWA-no-clip,3,1.0
1109,BWA-std,3,0.3
1109,NW-flex,3,1.0
1109,BWA-no-clip,4,1.0
1109,BWA-std,4,0.1
1109,NW-flex,4,1.0
1109,BWA-no-clip,5,1.0
1109,BWA-std,5,0.0
1109,NW-flex,5,1.0
1110,BWA-no-clip,-5,0.5
1110,BWA-std,-5,0.1
1110,NW-flex,-5,1.0
1110,BWA-no-clip,-4,0.6
1110,BWA-std,-4,0.2
1110,NW-flex,-4,1.0
1110,BWA-no-clip,-3,0.7
1110,BWA-std,-3,0.4
1110,NW-flex,-3,1.0
1110,BWA-no-clip,-2,0.8
1110,BWA-std,-2,0.5
1110,NW-flex,-2,1.0
1110,BWA-no-clip,-1,0.8
1110,BWA-std,-1,0.7
1110,NW-flex,-1,1.0
1110,BWA-no-clip,0,1.0
1110,BWA-std,0,1.0
1110,NW-flex,0,1.0
1110,BWA-no-clip,1,0.9
1110,BWA-std,1,0.7
1110,NW-flex,1,1.0
1110,BWA-no-clip,2,0.9
1110,BWA-std,2,0.5
1110,NW-flex,2,1.0
1110,BWA-no-clip,3,0.9
1110,BWA-std,3,0.3
1110,NW-flex,3,1.0
1110,BWA-no-clip,4,0.9
1110,BWA-std,4,0.1
1110,NW-flex,4,1.0
1110,BWA-no-clip,5,0.9
1110,BWA-std,5,0.0
1110,NW-flex,5,1.0
1111,BWA-no-clip,-5,0.7
1111,BWA-std,-5,0.1
1111,NW-flex,-5,1.0
1111,BWA-no-clip,-4,0.7
1111,BWA-std,-4,0.2
1111,NW-flex,-4,1.0
1111,BWA-no-clip,-3,0.8
1111,BWA-std,-3,0.4
1111,NW-flex,-3,1.0
1111,BWA-no-clip,-2,0.8
1111,BWA-std,-2,0.6
1111,NW-flex,-2,1.0
1111,BWA-no-clip,-1,0.9
1111,BWA-std,-1,0.7
1111,NW-flex,-1,1.0
1111,BWA-no-clip,0,1.0
1111,BWA-std,0,1.0
1111,NW-flex,0,1.0
1111,BWA-no-clip,1,1.0
1111,BWA-std,1,0.7
1111,NW-flex,1,1.0
1111,BWA-no-clip,2,1.0
1111,BWA-std,2,0.5
1111,NW-flex,2,1.0
1111,BWA-no-clip,3,1.0
1111,BWA-std,3,0.3
1111,NW-flex,3,1.0
1111,BWA-no-clip,4,1.0
1111,BWA-std,4,0.1
1111,NW-flex,4,1.0
1111,BWA-no-clip,5,1.0
1111,BWA-std,5,0.0
1111,NW-flex,5,1.0
1112,BWA-no-clip,-5,0.1
1112,BWA-std,-5,0.1
1112,NW-flex,-5,1.0
1112,BWA-no-clip,-4,0.8
1112,BWA-std,-4,0.2
1112,NW-flex,-4,1.0
1112,BWA-no-clip,-3,0.8
1112,BWA-std,-3,0.4
1112,NW-flex,-3,1.0
1112,BWA-no-clip,-2,0.9
1112,BWA-std,-2,0.6
1112,NW-flex,-2,1.0
1112,BWA-no-clip,-1,0.9
1112,BWA-std,-1,0.7
1112,NW-flex,-1,1.0
1112,BWA-no-clip,0,1.0
1112,BWA-std,0,1.0
1112,NW-flex,0,1.0
1112,BWA-no-clip,1,1.0
1112,BWA-std,1,0.7
1112,NW-flex,1,1.0
1112,BWA-no-clip,2,1.0
1112,BWA-std,2,0.5
1112,NW-flex,2,1.0
1112,BWA-no-clip,3,1.0
1112,BWA-std,3,0.3
1112,NW-flex,3,1.0
1112,BWA-no-clip,4,0.8
1112,BWA-std,4,0.1
1112,NW-flex,4,1.0
1112,BWA-no-clip,5,0.8
1112,BWA-std,5,0.0
1112,NW-flex,5,1.0
1113,BWA-no-clip,-5,0.7
1113,BWA-std,-5,0.1
1113,NW-flex,-5,1.0
1113,BWA-no-clip,-4,0.8
1113,BWA-std,-4,0.2
1113,NW-flex,-4,1.0
1113,BWA-no-clip,-3,0.8
1113,BWA-std,-3,0.4
1113,NW-flex,-3,1.0
1113,BWA-no-clip,-2,0.9
1113,BWA-std,-2,0.6
1113,NW-flex,-2,1.0
1113,BWA-no-clip,-1,0.9
1113,BWA-std,-1,0.7
1113,NW-flex,-1,1.0
1113,BWA-no-clip,0,1.0
1113,BWA-std,0,1.0
1113,NW-flex,0,1.0
1113,BWA-no-clip,1,1.0
1113,BWA-std,1,0.7
1113,NW-flex,1,1.0
1113,BWA-no-clip,2,1.0
1113,BWA-std,2,0.5
1113,NW-flex,2,1.0
1113,BWA-no-clip,3,1.0
1113,BWA-std,3,0.3
1113,NW-flex,3,1.0
1113,BWA-no-clip,4,1.0
1113,BWA-std,4,0.1
1113,NW-flex,4,1.0
1113,BWA-no-clip,5,1.0
1113,BWA-std,5,0.0
1113,NW-flex,5,1.0
1114,BWA-no-clip,-5,0.7
1114,BWA-std,-5,0.1
1114,NW-flex,-5,1.0
1114,BWA-no-clip,-4,0.8
1114,BWA-std,-4,0.2
1114,NW-flex,-4,1.0
1114,BWA-no-clip,-3,0.8
1114,BWA-std,-3,0.4
1114,NW-flex,-3,1.0
1114,BWA-no-clip,-2,0.9
1114,BWA-std,-2,0.6
1114,NW-flex,-2,1.0
1114,BWA-no-clip,-1,0.9
1114,BWA-std,-1,0.7
1114,NW-flex,-1,1.0
1114,BWA-no-clip,0,1.0
1114,BWA-std,0,1.0
1114,NW-flex,0,1.0
1114,BWA-no-clip,1,1.0
1114,BWA-std,1,0.7
1114,NW-flex,1,1.0
1114,BWA-no-clip,2,1.0
1114,BWA-std,2,0.5
1114,NW-flex,2,1.0
1114,BWA-no-clip,3,1.0
1114,BWA-std,3,0.3
1114,NW-flex,3,1.0
1114,BWA-no-clip,4,1.0
1114,BWA-std,4,0.1
1114,NW-flex,4,1.0
1114,BWA-no-clip,5,1.0
1114,BWA-std,5,0.0
1114,NW-flex,5,1.0
1115,BWA-no-clip,-5,0.5
1115,BWA-std,-5,0.1
1115,NW-flex,-5,1.0
1115,BWA-no-clip,-4,0.6
1115,BWA-std,-4,0.2
1115,NW-flex,-4,1.0
1115,BWA-no-clip,-3,0.7
1115,BWA-std,-3,0.4
1115,NW-flex,-3,1.0
1115,BWA-no-clip,-2,0.7333333333333333
1115,BWA-std,-2,0.5
1115,NW-flex,-2,1.0
1115,BWA-no-clip,-1,0.7
1115,BWA-std,-1,0.7
1115,NW-flex,-1,1.0
1115,BWA-no-clip,0,1.0
1115,BWA-std,0,1.0
1115,NW-flex,0,1.0
1115,BWA-no-clip,1,0.8
1115,BWA-std,1,0.7
1115,NW-flex,1,1.0
1115,BWA-no-clip,2,0.8
1115,BWA-std,2,0.5
1115,NW-flex,2,1.0
1115,BWA-no-clip,3,0.8
1115,BWA-std,3,0.3
1115,NW-flex,3,1.0
1115,BWA-no-clip,4,0.8
1115,BWA-std,4,0.1
1115,NW-flex,4,1.0
1115,BWA-no-clip,5,0.8
1115,BWA-std,5,0.0
1115,NW-flex,5,1.0
1116,BWA-no-clip,-5,0.5
1116,BWA-std,-5,0.1
1116,NW-flex,-5,1.0
1116,BWA-no-clip,-4,0.6
1116,BWA-std,-4,0.2
1116,NW-flex,-4,1.0
1116,BWA-no-clip,-3,0.6
1116,BWA-std,-3,0.3
1116,NW-flex,-3,1.0
1116,BWA-no-clip,-2,0.7
1116,BWA-std,-2,0.5
1116,NW-flex,-2,1.0
1116,BWA-no-clip,-1,0.8
1116,BWA-std,-1,0.7
1116,NW-flex,-1,1.0
1116,BWA-no-clip,0,1.0
1116,BWA-std,0,1.0
1116,NW-flex,0,1.0
1116,BWA-no-clip,1,1.0
1116,BWA-std,1,0.7
1116,NW-flex,1,1.0
1116,BWA-no-clip,2,0.9
1116,BWA-std,2,0.5
1116,NW-flex,2,1.0
1116,BWA-no-clip,3,0.9
1116,BWA-std,3,0.3
1116,NW-flex,3,1.0
1116,BWA-no-clip,4,0.9
1116,BWA-std,4,0.1
1116,NW-flex,4,1.0
1116,BWA-no-clip,5,0.9
1116,BWA-std,5,0.0
1116,NW-flex,5,1.0
1117,BWA-no-clip,-5,0.7
1117,BWA-std,-5,0.1
1117,NW-flex,-5,1.0
1117,BWA-no-clip,-4,0.8
1117,BWA-std,-4,0.2
1117,NW-flex,-4,1.0
1117,BWA-no-clip,-3,0.8
1117,BWA-std,-3,0.4
1117,NW-flex,-3,1.0
1117,BWA-no-clip,-2,0.9
1117,BWA-std,-2,0.6
1117,NW-flex,-2,1.0
1117,BWA-no-clip,-1,0.9
1117,BWA-std,-1,0.7
1117,NW-flex,-1,1.0
1117,BWA-no-clip,0,1.0
1117,BWA-std,0,1.0
1117,NW-flex,0,1.0
1117,BWA-no-clip,1,1.0
1117,BWA-std,1,0.7
1117,NW-flex,1,1.0
1117,BWA-no-clip,2,1.0
1117,BWA-std,2,0.5
1117,NW-flex,2,1.0
1117,BWA-no-clip,3,1.0
1117,BWA-std,3,0.3
1117,NW-flex,3,1.0
1117,BWA-no-clip,4,1.0
1117,BWA-std,4,0.1
1117,NW-flex,4,1.0
1117,BWA-no-clip,5,1.0
1117,BWA-std,5,0.0
1117,NW-flex,5,1.0
1118,BWA-no-clip,-5,0.4
1118,BWA-std,-5,0.1
1118,NW-flex,-5,1.0
1118,BWA-no-clip,-4,0.4
1118,BWA-std,-4,0.2
1118,NW-flex,-4,1.0
1118,BWA-no-clip,-3,0.6
1118,BWA-std,-3,0.3
1118,NW-flex,-3,1.0
1118,BWA-no-clip,-2,0.7
1118,BWA-std,-2,0.5
1118,NW-flex,-2,1.0
1118,BWA-no-clip,-1,0.8
1118,BWA-std,-1,0.7
1118,NW-flex,-1,1.0
1118,BWA-no-clip,0,1.0
1118,BWA-std,0,1.0
1118,NW-flex,0,1.0
1118,BWA-no-clip,1,1.0
1118,BWA-std,1,0.7
1118,NW-flex,1,1.0
1118,BWA-no-clip,2,1.0
1118,BWA-std,2,0.5
1118,NW-flex,2,1.0
1118,BWA-no-clip,3,1.0
1118,BWA-std,3,0.3
1118,NW-flex,3,1.0
1118,BWA-no-clip,4,1.0
1118,BWA-std,4,0.1
1118,NW-flex,4,1.0
1118,BWA-no-clip,5,0.9
1118,BWA-std,5,0.0
1118,NW-flex,5,1.0
1119,BWA-no-clip,-5,0.6
1119,BWA-std,-5,0.1
1119,NW-flex,-5,1.0
1119,BWA-no-clip,-4,0.7
1119,BWA-std,-4,0.2
1119,NW-flex,-4,1.0
1119,BWA-no-clip,-3,0.7
1119,BWA-std,-3,0.4
1119,NW-flex,-3,1.0
1119,BWA-no-clip,-2,0.7333333333333333
1119,BWA-std,-2,0.5
1119,NW-flex,-2,1.0
1119,BWA-no-clip,-1,0.7
1119,BWA-std,-1,0.7
1119,NW-flex,-1,1.0
1119,BWA-no-clip,0,1.0
1119,BWA-std,0,1.0
1119,NW-flex,0,1.0
1119,BWA-no-clip,1,0.8
1119,BWA-std,1,0.7
1119,NW-flex,1,1.0
1119,BWA-no-clip,2,0.8
1119,BWA-std,2,0.5
1119,NW-flex,2,1.0
1119,BWA-no-clip,3,0.8
1119,BWA-std,3,0.3
1119,NW-flex,3,1.0
1119,BWA-no-clip,4,0.8
1119,BWA-std,4,0.1
1119,NW-flex,4,1.0
1119,BWA-no-clip,5,0.8
1119,BWA-std,5,0.0
1119,NW-flex,5,1.0
1120,BWA-no-clip,-5,0.3
1120,BWA-std,-5,0.1
1120,NW-flex,-5,1.0
1120,BWA-no-clip,-4,0.7
1120,BWA-std,-4,0.2
1120,NW-flex,-4,1.0
1120,BWA-no-clip,-3,0.8
1120,BWA-std,-3,0.4
1120,NW-flex,-3,1.0
1120,BWA-no-clip,-2,0.9
1120,BWA-std,-2,0.6
1120,NW-flex,-2,1.0
1120,BWA-no-clip,-1,0.9
1120,BWA-std,-1,0.7
1120,NW-flex,-1,1.0
1120,BWA-no-clip,0,1.0
1120,BWA-std,0,1.0
1120,NW-flex,0,1.0
1120,BWA-no-clip,1,1.0
1120,BWA-std,1,0.7
1120,NW-flex,1,1.0
1120,BWA-no-clip,2,1.0
1120,BWA-std,2,0.5
1120,NW-flex,2,1.0
1120,BWA-no-clip,3,1.0
1120,BWA-std,3,0.3
1120,NW-flex,3,1.0
1120,BWA-no-clip,4,1.0
1120,BWA-std,4,0.1
1120,NW-flex,4,1.0
1120,BWA-no-clip,5,1.0
1120,BWA-std,5,0.0
1120,NW-flex,5,1.0
1121,BWA-no-clip,-5,0.6
1121,BWA-std,-5,0.1
1121,NW-flex,-5,1.0
1121,BWA-no-clip,-4,0.8
1121,BWA-std,-4,0.2
1121,NW-flex,-4,1.0
1121,BWA-no-clip,-3,0.8
1121,BWA-std,-3,0.4
1121,NW-flex,-3,1.0
1121,BWA-no-clip,-2,0.9
1121,BWA-std,-2,0.6
1121,NW-flex,-2,1.0
1121,BWA-no-clip,-1,0.9
1121,BWA-std,-1,0.7
1121,NW-flex,-1,1.0
1121,BWA-no-clip,0,1.0
1121,BWA-std,0,1.0
1121,NW-flex,0,1.0
1121,BWA-no-clip,1,1.0
1121,BWA-std,1,0.7
1121,NW-flex,1,1.0
1121,BWA-no-clip,2,1.0
1121,BWA-std,2,0.5
1121,NW-flex,2,1.0
1121,BWA-no-clip,3,1.0
1121,BWA-std,3,0.3
1121,NW-flex,3,1.0
1121,BWA-no-clip,4,1.0
1121,BWA-std,4,0.1
1121,NW-flex,4,1.0
1121,BWA-no-clip,5,1.0
1121,BWA-std,5,0.0
1121,NW-flex,5,1.0
1122,BWA-no-clip,-5,0.6
1122,BWA-std,-5,0.1
1122,NW-flex,-5,1.0
1122,BWA-no-clip,-4,0.6
1122,BWA-std,-4,0.2
1122,NW-flex,-4,1.0
1122,BWA-no-clip,-3,0.7
1122,BWA-std,-3,0.4
1122,NW-flex,-3,1.0
1122,BWA-no-clip,-2,0.8
1122,BWA-std,-2,0.5
1122,NW-flex,-2,1.0
1122,BWA-no-clip,-1,0.8
1122,BWA-std,-1,0.7
1122,NW-flex,-1,1.0
1122,BWA-no-clip,0,1.0
1122,BWA-std,0,1.0
1122,NW-flex,0,1.0
1122,BWA-no-clip,1,0.9
1122,BWA-std,1,0.7
1122,NW-flex,1,1.0
1122,BWA-no-clip,2,0.9
1122,BWA-std,2,0.5
1122,NW-flex,2,1.0
1122,BWA-no-clip,3,0.9
1122,BWA-std,3,0.3
1122,NW-flex,3,1.0
1122,BWA-no-clip,4,0.9
1122,BWA-std,4,0.1
1122,NW-flex,4,1.0
1122,BWA-no-clip,5,0.9
1122,BWA-std,5,0.0
1122,NW-flex,5,1.0
1123,BWA-no-clip,-5,0.5
1123,BWA-std,-5,0.1
1123,NW-flex,-5,1.0
1123,BWA-no-clip,-4,0.6
1123,BWA-std,-4,0.2
1123,NW-flex,-4,1.0
1123,BWA-no-clip,-3,0.8
1123,BWA-std,-3,0.4
1123,NW-flex,-3,1.0
1123,BWA-no-clip,-2,0.9
1123,BWA-std,-2,0.6
1123,NW-flex,-2,1.0
1123,BWA-no-clip,-1,0.9
1123,BWA-std,-1,0.7
1123,NW-flex,-1,1.0
1123,BWA-no-clip,0,1.0
1123,BWA-std,0,1.0
1123,NW-flex,0,1.0
1123,BWA-no-clip,1,1.0
1123,BWA-std,1,0.7
1123,NW-flex,1,1.0
1123,BWA-no-clip,2,1.0
1123,BWA-std,2,0.5
1123,NW-flex,2,1.0
1123,BWA-no-clip,3,1.0
1123,BWA-std,3,0.3
1123,NW-flex,3,1.0
1123,BWA-no-clip,4,1.0
1123,BWA-std,4,0.1
1123,NW-flex,4,1.0
1123,BWA-no-clip,5,1.0
1123,BWA-std,5,0.0
1123,NW-flex,5,1.0
1124,BWA-no-clip,-5,0.6
1124,BWA-std,-5,0.1
1124,NW-flex,-5,1.0
1124,BWA-no-clip,-4,0.7
1124,BWA-std,-4,0.2
1124,NW-flex,-4,1.0
1124,BWA-no-clip,-3,0.7
1124,BWA-std,-3,0.4
1124,NW-flex,-3,1.0
1124,BWA-no-clip,-2,0.9
1124,BWA-std,-2,0.6
1124,NW-flex,-2,1.0
1124,BWA-no-clip,-1,0.9
1124,BWA-std,-1,0.7
1124,NW-flex,-1,1.0
1124,BWA-no-clip,0,1.0
1124,BWA-std,0,1.0
1124,NW-flex,0,1.0
1124,BWA-no-clip,1,1.0
1124,BWA-std,1,0.7
1124,NW-flex,1,1.0
1124,BWA-no-clip,2,1.0
1124,BWA-std,2,0.5
1124,NW-flex,2,1.0
1124,BWA-no-clip,3,1.0
1124,BWA-std,3,0.3
1124,NW-flex,3,1.0
1124,BWA-no-clip,4,1.0
1124,BWA-std,4,0.1
1124,NW-flex,4,1.0
1124,BWA-no-clip,5,1.0
1124,BWA-std,5,0.0
1124,NW-flex,5,1.0
1125,BWA-no-clip,-5,0.6
1125,BWA-std,-5,0.1
1125,NW-flex,-5,1.0
1125,BWA-no-clip,-4,0.7
1125,BWA-std,-4,0.2
1125,NW-flex,-4,1.0
1125,BWA-no-clip,-3,0.7
1125,BWA-std,-3,0.4
1125,NW-flex,-3,1.0
1125,BWA-no-clip,-2,0.9
1125,BWA-std,-2,0.6
1125,NW-flex,-2,1.0
1125,BWA-no-clip,-1,0.9
1125,BWA-std,-1,0.7
1125,NW-flex,-1,1.0
1125,BWA-no-clip,0,1.0
1125,BWA-std,0,1.0
1125,NW-flex,0,1.0
1125,BWA-no-clip,1,1.0
1125,BWA-std,1,0.7
1125,NW-flex,1,1.0
1125,BWA-no-clip,2,1.0
1125,BWA-std,2,0.5
1125,NW-flex,2,1.0
1125,BWA-no-clip,3,1.0
1125,BWA-std,3,0.3
1125,NW-flex,3,1.0
1125,BWA-no-clip,4,1.0
1125,BWA-std,4,0.1
1125,NW-flex,4,1.0
1125,BWA-no-clip,5,1.0
1125,BWA-std,5,0.0
1125,NW-flex,5,1.0
1126,BWA-no-clip,-5,0.5
1126,BWA-std,-5,0.1
1126,NW-flex,-5,1.0
1126,BWA-no-clip,-4,0.5
1126,BWA-std,-4,0.2
1126,NW-flex,-4,1.0
1126,BWA-no-clip,-3,0.8
1126,BWA-std,-3,0.4
1126,NW-flex,-3,1.0
1126,BWA-no-clip,-2,0.9
1126,BWA-std,-2,0.6
1126,NW-flex,-2,1.0
1126,BWA-no-clip,-1,0.9
1126,BWA-std,-1,0.7
1126,NW-flex,-1,1.0
1126,BWA-no-clip,0,1.0
1126,BWA-std,0,1.0
1126,NW-flex,0,1.0
1126,BWA-no-clip,1,1.0
1126,BWA-std,1,0.7
1126,NW-flex,1,1.0
1126,BWA-no-clip,2,1.0
1126,BWA-std,2,0.5
1126,NW-flex,2,1.0
1126,BWA-no-clip,3,1.0
1126,BWA-std,3,0.3
1126,NW-flex,3,1.0
1126,BWA-no-clip,4,0.9
1126,BWA-std,4,0.1
1126,NW-flex,4,1.0
1126,BWA-no-clip,5,0.9
1126,BWA-std,5,0.0
1126,NW-flex,5,1.0
1127,BWA-no-clip,-5,0.6
1127,BWA-std,-5,0.1
1127,NW-flex,-5,1.0
1127,BWA-no-clip,-4,0.7
1127,BWA-std,-4,0.2
1127,NW-flex,-4,1.0
1127,BWA-no-clip,-3,0.7
1127,BWA-std,-3,0.4
1127,NW-flex,-3,1.0
1127,BWA-no-clip,-2,0.9
1127,BWA-std,-2,0.6
1127,NW-flex,-2,1.0
1127,BWA-no-clip,-1,0.9
1127,BWA-std,-1,0.7
1127,NW-flex,-1,1.0
1127,BWA-no-clip,0,1.0
1127,BWA-std,0,1.0
1127,NW-flex,0,1.0
1127,BWA-no-clip,1,1.0
1127,BWA-std,1,0.7
1127,NW-flex,1,1.0
1127,BWA-no-clip,2,1.0
1127,BWA-std,2,0.5
1127,NW-flex,2,1.0
1127,BWA-no-clip,3,1.0
1127,BWA-std,3,0.3
1127,NW-flex,3,1.0
1127,BWA-no-clip,4,1.0
1127,BWA-std,4,0.1
1127,NW-flex,4,1.0
1127,BWA-no-clip,5,1.0
1127,BWA-std,5,0.0
1127,NW-flex,5,1.0
1128,BWA-no-clip,-5,0.7
1128,BWA-std,-5,0.1
1128,NW-flex,-5,1.0
1128,BWA-no-clip,-4,0.8
1128,BWA-std,-4,0.2
1128,NW-flex,-4,1.0
1128,BWA-no-clip,-3,0.8
1128,BWA-std,-3,0.4
1128,NW-flex,-3,1.0
1128,BWA-no-clip,-2,0.9
1128,BWA-std,-2,0.6
1128,NW-flex,-2,1.0
1128,BWA-no-clip,-1,0.9
1128,BWA-std,-1,0.7
1128,NW-flex,-1,1.0
1128,BWA-no-clip,0,1.0
1128,BWA-std,0,1.0
1128,NW-flex,0,1.0
1128,BWA-no-clip,1,1.0
1128,BWA-std,1,0.7
1128,NW-flex,1,1.0
1128,BWA-no-clip,2,1.0
1128,BWA-std,2,0.5
1128,NW-flex,2,1.0
1128,BWA-no-clip,3,1.0
1128,BWA-std,3,0.3
1128,NW-flex,3,1.0
1128,BWA-no-clip,4,1.0
1128,BWA-std,4,0.1
1128,NW-flex,4,1.0
1128,BWA-no-clip,5,1.0
1128,BWA-std,5,0.0
1128,NW-flex,5,1.0
1129,BWA-no-clip,-5,0.5
1129,BWA-std,-5,0.1
1129,NW-flex,-5,1.0
1129,BWA-no-clip,-4,0.6
1129,BWA-std,-4,0.2
1129,NW-flex,-4,1.0
1129,BWA-no-clip,-3,0.6
1129,BWA-std,-3,0.4
1129,NW-flex,-3,1.0
1129,BWA-no-clip,-2,0.8
1129,BWA-std,-2,0.5
1129,NW-flex,-2,1.0
1129,BWA-no-clip,-1,0.8
1129,BWA-std,-1,0.7
1129,NW-flex,-1,1.0
1129,BWA-no-clip,0,1.0
1129,BWA-std,0,1.0
1129,NW-flex,0,1.0
1129,BWA-no-clip,1,1.0
1129,BWA-std,1,0.7
1129,NW-flex,1,1.0
1129,BWA-no-clip,2,1.0
1129,BWA-std,2,0.5
1129,NW-flex,2,1.0
1129,BWA-no-clip,3,1.0
1129,BWA-std,3,0.3
1129,NW-flex,3,1.0
1129,BWA-no-clip,4,1.0
1129,BWA-std,4,0.1
1129,NW-flex,4,1.0
1129,BWA-no-clip,5,1.0
1129,BWA-std,5,0.0
1129,NW-flex,5,1.0
1130,BWA-no-clip,-5,0.4
1130,BWA-std,-5,0.1
1130,NW-flex,-5,1.0
1130,BWA-no-clip,-4,0.6
1130,BWA-std,-4,0.2
1130,NW-flex,-4,1.0
1130,BWA-no-clip,-3,0.6
1130,BWA-std,-3,0.3
1130,NW-flex,-3,1.0
1130,BWA-no-clip,-2,0.7
1130,BWA-std,-2,0.5
1130,NW-flex,-2,1.0
1130,BWA-no-clip,-1,0.8
1130,BWA-std,-1,0.7
1130,NW-flex,-1,1.0
1130,BWA-no-clip,0,1.0
1130,BWA-std,0,1.0
1130,NW-flex,0,1.0
1130,BWA-no-clip,1,1.0
1130,BWA-std,1,0.7
1130,NW-flex,1,1.0
1130,BWA-no-clip,2,0.8
1130,BWA-std,2,0.5
1130,NW-flex,2,1.0
1130,BWA-no-clip,3,1.0
1130,BWA-std,3,0.3
1130,NW-flex,3,1.0
1130,BWA-no-clip,4,1.0
1130,BWA-std,4,0.1
1130,NW-flex,4,1.0
1130,BWA-no-clip,5,1.0
1130,BWA-std,5,0.0
1130,NW-flex,5,1.0
1131,BWA-no-clip,-5,0.7
1131,BWA-std,-5,0.1
1131,NW-flex,-5,1.0
1131,BWA-no-clip,-4,0.8
1131,BWA-std,-4,0.2
1131,NW-flex,-4,1.0
1131,BWA-no-clip,-3,0.8
1131,BWA-std,-3,0.4
1131,NW-flex,-3,1.0
1131,BWA-no-clip,-2,0.9
1131,BWA-std,-2,0.6
1131,NW-flex,-2,1.0
1131,BWA-no-clip,-1,0.9
1131,BWA-std,-1,0.7
1131,NW-flex,-1,1.0
1131,BWA-no-clip,0,1.0
1131,BWA-std,0,1.0
1131,NW-flex,0,1.0
1131,BWA-no-clip,1,1.0
1131,BWA-std,1,0.7
1131,NW-flex,1,1.0
1131,BWA-no-clip,2,1.0
1131,BWA-std,2,0.5
1131,NW-flex,2,1.0
1131,BWA-no-clip,3,1.0
1131,BWA-std,3,0.3
1131,NW-flex,3,1.0
1131,BWA-no-clip,4,1.0
1131,BWA-std,4,0.1
1131,NW-flex,4,1.0
1131,BWA-no-clip,5,1.0
1131,BWA-std,5,0.0
1131,NW-flex,5,1.0
1132,BWA-no-clip,-5,0.5
1132,BWA-std,-5,0.1
1132,NW-flex,-5,1.0
1132,BWA-no-clip,-4,0.6
1132,BWA-std,-4,0.2
1132,NW-flex,-4,1.0
1132,BWA-no-clip,-3,0.6
1132,BWA-std,-3,0.4
1132,NW-flex,-3,1.0
1132,BWA-no-clip,-2,0.6666666666666666
1132,BWA-std,-2,0.5
1132,NW-flex,-2,1.0
1132,BWA-no-clip,-1,0.6
1132,BWA-std,-1,0.6
1132,NW-flex,-1,1.0
1132,BWA-no-clip,0,1.0
1132,BWA-std,0,1.0
1132,NW-flex,0,1.0
1132,BWA-no-clip,1,0.7
1132,BWA-std,1,0.7
1132,NW-flex,1,1.0
1132,BWA-no-clip,2,0.7
1132,BWA-std,2,0.5
1132,NW-flex,2,1.0
1132,BWA-no-clip,3,0.7
1132,BWA-std,3,0.3
1132,NW-flex,3,1.0
1132,BWA-no-clip,4,0.7
1132,BWA-std,4,0.1
1132,NW-flex,4,1.0
1132,BWA-no-clip,5,0.7
1132,BWA-std,5,0.0
1132,NW-flex,5,1.0
1133,BWA-no-clip,-5,0.5
1133,BWA-std,-5,0.1
1133,NW-flex,-5,1.0
1133,BWA-no-clip,-4,0.5
1133,BWA-std,-4,0.2
1133,NW-flex,-4,1.0
1133,BWA-no-clip,-3,0.7
1133,BWA-std,-3,0.4
1133,NW-flex,-3,1.0
1133,BWA-no-clip,-2,0.7333333333333333
1133,BWA-std,-2,0.5
1133,NW-flex,-2,1.0
1133,BWA-no-clip,-1,0.7
1133,BWA-std,-1,0.7
1133,NW-flex,-1,1.0
1133,BWA-no-clip,0,1.0
1133,BWA-std,0,1.0
1133,NW-flex,0,1.0
1133,BWA-no-clip,1,0.8
1133,BWA-std,1,0.7
1133,NW-flex,1,1.0
1133,BWA-no-clip,2,0.8
1133,BWA-std,2,0.5
1133,NW-flex,2,1.0
1133,BWA-no-clip,3,0.8
1133,BWA-std,3,0.3
1133,NW-flex,3,1.0
1133,BWA-no-clip,4,0.8
1133,BWA-std,4,0.1
1133,NW-flex,4,1.0
1133,BWA-no-clip,5,0.8
1133,BWA-std,5,0.0
1133,NW-flex,5,1.0
1134,BWA-no-clip,-5,0.7
1134,BWA-std,-5,0.1
1134,NW-flex,-5,1.0
1134,BWA-no-clip,-4,0.7
1134,BWA-std,-4,0.2
1134,NW-flex,-4,1.0
1134,BWA-no-clip,-3,0.8
1134,BWA-std,-3,0.4
1134,NW-flex,-3,1.0
1134,BWA-no-clip,-2,0.9
1134,BWA-std,-2,0.6
1134,NW-flex,-2,1.0
1134,BWA-no-clip,-1,0.9
1134,BWA-std,-1,0.7
1134,NW-flex,-1,1.0
1134,BWA-no-clip,0,1.0
1134,BWA-std,0,1.0
1134,NW-flex,0,1.0
1134,BWA-no-clip,1,1.0
1134,BWA-std,1,0.7
1134,NW-flex,1,1.0
1134,BWA-no-clip,2,1.0
1134,BWA-std,2,0.5
1134,NW-flex,2,1.0
1134,BWA-no-clip,3,1.0
1134,BWA-std,3,0.3
1134,NW-flex,3,1.0
1134,BWA-no-clip,4,1.0
1134,BWA-std,4,0.1
1134,NW-flex,4,1.0
1134,BWA-no-clip,5,1.0
1134,BWA-std,5,0.0
1134,NW-flex,5,1.0
1135,BWA-no-clip,-5,0.7
1135,BWA-std,-5,0.1
1135,NW-flex,-5,1.0
1135,BWA-no-clip,-4,0.8
1135,BWA-std,-4,0.2
1135,NW-flex,-4,1.0
1135,BWA-no-clip,-3,0.8
1135,BWA-std,-3,0.4
1135,NW-flex,-3,1.0
1135,BWA-no-clip,-2,0.9
1135,BWA-std,-2,0.6
1135,NW-flex,-2,1.0
1135,BWA-no-clip,-1,0.9
1135,BWA-std,-1,0.7
1135,NW-flex,-1,1.0
1135,BWA-no-clip,0,1.0
1135,BWA-std,0,1.0
1135,NW-flex,0,1.0
1135,BWA-no-clip,1,1.0
1135,BWA-std,1,0.7
1135,NW-flex,1,1.0
1135,BWA-no-clip,2,1.0
1135,BWA-std,2,0.5
1135,NW-flex,2,1.0
1135,BWA-no-clip,3,1.0
1135,BWA-std,3,0.3
1135,NW-flex,3,1.0
1135,BWA-no-clip,4,1.0
1135,BWA-std,4,0.1
1135,NW-flex,4,1.0
1135,BWA-no-clip,5,1.0
1135,BWA-std,5,0.0
1135,NW-flex,5,1.0
1136,BWA-no-clip,-5,0.6
1136,BWA-std,-5,0.1
1136,NW-flex,-5,1.0
1136,BWA-no-clip,-4,0.7
1136,BWA-std,-4,0.2
1136,NW-flex,-4,1.0
1136,BWA-no-clip,-3,0.8
1136,BWA-std,-3,0.4
1136,NW-flex,-3,1.0
1136,BWA-no-clip,-2,0.9
1136,BWA-std,-2,0.6
1136,NW-flex,-2,1.0
1136,BWA-no-clip,-1,0.9
1136,BWA-std,-1,0.7
1136,NW-flex,-1,1.0
1136,BWA-no-clip,0,1.0
1136,BWA-std,0,1.0
1136,NW-flex,0,1.0
1136,BWA-no-clip,1,1.0
1136,BWA-std,1,0.7
1136,NW-flex,1,1.0
1136,BWA-no-clip,2,1.0
1136,BWA-std,2,0.5
1136,NW-flex,2,1.0
1136,BWA-no-clip,3,1.0
1136,BWA-std,3,0.3
1136,NW-flex,3,1.0
1136,BWA-no-clip,4,1.0
1136,BWA-std,4,0.1
1136,NW-flex,4,1.0
1136,BWA-no-clip,5,1.0
1136,BWA-std,5,0.0
1136,NW-flex,5,1.0
1137,BWA-no-clip,-5,0.6
1137,BWA-std,-5,0.1
1137,NW-flex,-5,1.0
1137,BWA-no-clip,-4,0.6
1137,BWA-std,-4,0.2
1137,NW-flex,-4,1.0
1137,BWA-no-clip,-3,0.8
1137,BWA-std,-3,0.4
1137,NW-flex,-3,1.0
1137,BWA-no-clip,-2,0.9
1137,BWA-std,-2,0.6
1137,NW-flex,-2,1.0
1137,BWA-no-clip,-1,0.9
1137,BWA-std,-1,0.7
1137,NW-flex,-1,1.0
1137,BWA-no-clip,0,1.0
1137,BWA-std,0,1.0
1137,NW-flex,0,1.0
1137,BWA-no-clip,1,1.0
1137,BWA-std,1,0.7
1137,NW-flex,1,1.0
1137,BWA-no-clip,2,1.0
1137,BWA-std,2,0.5
1137,NW-flex,2,1.0
1137,BWA-no-clip,3,1.0
1137,BWA-std,3,0.3
1137,NW-flex,3,1.0
1137,BWA-no-clip,4,1.0
1137,BWA-std,4,0.1
1137,NW-flex,4,1.0
1137,BWA-no-clip,5,1.0
1137,BWA-std,5,0.0
1137,NW-flex,5,1.0
1138,BWA-no-clip,-5,0.6
1138,BWA-std,-5,0.1
1138,NW-flex,-5,1.0
1138,BWA-no-clip,-4,0.7
1138,BWA-std,-4,0.2
1138,NW-flex,-4,1.0
1138,BWA-no-clip,-3,0.7
1138,BWA-std,-3,0.4
1138,NW-flex,-3,1.0
1138,BWA-no-clip,-2,0.9
1138,BWA-std,-2,0.6
1138,NW-flex,-2,1.0
1138,BWA-no-clip,-1,0.9
1138,BWA-std,-1,0.7
1138,NW-flex,-1,1.0
1138,BWA-no-clip,0,1.0
1138,BWA-std,0,1.0
1138,NW-flex,0,1.0
1138,BWA-no-clip,1,1.0
1138,BWA-std,1,0.7
1138,NW-flex,1,1.0
1138,BWA-no-clip,2,1.0
1138,BWA-std,2,0.5
1138,NW-flex,2,1.0
1138,BWA-no-clip,3,1.0
1138,BWA-std,3,0.3
1138,NW-flex,3,1.0
1138,BWA-no-clip,4,1.0
1138,BWA-std,4,0.1
1138,NW-flex,4,1.0
1138,BWA-no-clip,5,1.0
1138,BWA-std,5,0.0
1138,NW-flex,5,1.0
1139,BWA-no-clip,-5,0.4
1139,BWA-std,-5,0.1
1139,NW-flex,-5,1.0
1139,BWA-no-clip,-4,0.5
1139,BWA-std,-4,0.2
1139,NW-flex,-4,1.0
1139,BWA-no-clip,-3,0.5
1139,BWA-std,-3,0.3
1139,NW-flex,-3,1.0
1139,BWA-no-clip,-2,0.7
1139,BWA-std,-2,0.5
1139,NW-flex,-2,1.0
1139,BWA-no-clip,-1,0.8
1139,BWA-std,-1,0.7
1139,NW-flex,-1,1.0
1139,BWA-no-clip,0,1.0
1139,BWA-std,0,1.0
1139,NW-flex,0,1.0
1139,BWA-no-clip,1,0.9
1139,BWA-std,1,0.7
1139,NW-flex,1,1.0
1139,BWA-no-clip,2,0.9
1139,BWA-std,2,0.5
1139,NW-flex,2,1.0
1139,BWA-no-clip,3,0.7
1139,BWA-std,3,0.3
1139,NW-flex,3,1.0
1139,BWA-no-clip,4,0.9
1139,BWA-std,4,0.1
1139,NW-flex,4,1.0
1139,BWA-no-clip,5,0.9
1139,BWA-std,5,0.0
1139,NW-flex,5,1.0
1140,BWA-no-clip,-5,0.6
1140,BWA-std,-5,0.1
1140,NW-flex,-5,1.0
1140,BWA-no-clip,-4,0.7
1140,BWA-std,-4,0.2
1140,NW-flex,-4,1.0
1140,BWA-no-clip,-3,0.7
1140,BWA-std,-3,0.4
1140,NW-flex,-3,1.0
1140,BWA-no-clip,-2,0.8
1140,BWA-std,-2,0.5
1140,NW-flex,-2,1.0
1140,BWA-no-clip,-1,0.8
1140,BWA-std,-1,0.7
1140,NW-flex,-1,1.0
1140,BWA-no-clip,0,1.0
1140,BWA-std,0,1.0
1140,NW-flex,0,1.0
1140,BWA-no-clip,1,0.9
1140,BWA-std,1,0.7
1140,NW-flex,1,1.0
1140,BWA-no-clip,2,0.9
1140,BWA-std,2,0.5
1140,NW-flex,2,1.0
1140,BWA-no-clip,3,0.9
1140,BWA-std,3,0.3
1140,NW-flex,3,1.0
1140,BWA-no-clip,4,0.9
1140,BWA-std,4,0.1
1140,NW-flex,4,1.0
1140,BWA-no-clip,5,0.9
1140,BWA-std,5,0.0
1140,NW-flex,5,1.0
1141,BWA-no-clip,-5,0.7
1141,BWA-std,-5,0.1
1141,NW-flex,-5,1.0
1141,BWA-no-clip,-4,0.8
1141,BWA-std,-4,0.2
1141,NW-flex,-4,1.0
1141,BWA-no-clip,-3,0.8
1141,BWA-std,-3,0.4
1141,NW-flex,-3,1.0
1141,BWA-no-clip,-2,0.9
1141,BWA-std,-2,0.6
1141,NW-flex,-2,1.0
1141,BWA-no-clip,-1,0.9
1141,BWA-std,-1,0.7
1141,NW-flex,-1,1.0
1141,BWA-no-clip,0,1.0
1141,BWA-std,0,1.0
1141,NW-flex,0,1.0
1141,BWA-no-clip,1,1.0
1141,BWA-std,1,0.7
1141,NW-flex,1,1.0
1141,BWA-no-clip,2,1.0
1141,BWA-std,2,0.5
1141,NW-flex,2,1.0
1141,BWA-no-clip,3,1.0
1141,BWA-std,3,0.3
1141,NW-flex,3,1.0
1141,BWA-no-clip,4,1.0
1141,BWA-std,4,0.1
1141,NW-flex,4,1.0
1141,BWA-no-clip,5,1.0
1141,BWA-std,5,0.0
1141,NW-flex,5,1.0
1142,BWA-no-clip,-5,0.5
1142,BWA-std,-5,0.1
1142,NW-flex,-5,1.0
1142,BWA-no-clip,-4,0.5
1142,BWA-std,-4,0.2
1142,NW-flex,-4,1.0
1142,BWA-no-clip,-3,0.6
1142,BWA-std,-3,0.3
1142,NW-flex,-3,1.0
1142,BWA-no-clip,-2,0.7
1142,BWA-std,-2,0.5
1142,NW-flex,-2,1.0
1142,BWA-no-clip,-1,0.8
1142,BWA-std,-1,0.7
1142,NW-flex,-1,1.0
1142,BWA-no-clip,0,1.0
1142,BWA-std,0,1.0
1142,NW-flex,0,1.0
1142,BWA-no-clip,1,0.9
1142,BWA-std,1,0.7
1142,NW-flex,1,1.0
1142,BWA-no-clip,2,0.9
1142,BWA-std,2,0.5
1142,NW-flex,2,1.0
1142,BWA-no-clip,3,0.9
1142,BWA-std,3,0.3
1142,NW-flex,3,1.0
1142,BWA-no-clip,4,0.9
1142,BWA-std,4,0.1
1142,NW-flex,4,1.0
1142,BWA-no-clip,5,0.9
1142,BWA-std,5,0.0
1142,NW-flex,5,1.0
1143,BWA-no-clip,-5,0.5
1143,BWA-std,-5,0.1
1143,NW-flex,-5,1.0
1143,BWA-no-clip,-4,0.6
1143,BWA-std,-4,0.2
1143,NW-flex,-4,1.0
1143,BWA-no-clip,-3,0.6
1143,BWA-std,-3,0.3
1143,NW-flex,-3,1.0
1143,BWA-no-clip,-2,0.7
1143,BWA-std,-2,0.5
1143,NW-flex,-2,1.0
1143,BWA-no-clip,-1,0.8
1143,BWA-std,-1,0.7
1143,NW-flex,-1,1.0
1143,BWA-no-clip,0,1.0
1143,BWA-std,0,1.0
1143,NW-flex,0,1.0
1143,BWA-no-clip,1,0.9
1143,BWA-std,1,0.7
1143,NW-flex,1,1.0
1143,BWA-no-clip,2,0.9
1143,BWA-std,2,0.5
1143,NW-flex,2,1.0
1143,BWA-no-clip,3,0.9
1143,BWA-std,3,0.3
1143,NW-flex,3,1.0
1143,BWA-no-clip,4,0.9
1143,BWA-std,4,0.1
1143,NW-flex,4,1.0
1143,BWA-no-clip,5,0.9
1143,BWA-std,5,0.0
1143,NW-flex,5,1.0
1144,BWA-no-clip,-5,0.7
1144,BWA-std,-5,0.1
1144,NW-flex,-5,1.0
1144,BWA-no-clip,-4,0.8
1144,BWA-std,-4,0.2
1144,NW-flex,-4,1.0
1144,BWA-no-clip,-3,0.8
1144,BWA-std,-3,0.4
1144,NW-flex,-3,1.0
1144,BWA-no-clip,-2,0.9
1144,BWA-std,-2,0.6
1144,NW-flex,-2,1.0
1144,BWA-no-clip,-1,0.9
1144,BWA-std,-1,0.7
1144,NW-flex,-1,1.0
1144,BWA-no-clip,0,1.0
1144,BWA-std,0,1.0
1144,NW-flex,0,1.0
1144,BWA-no-clip,1,1.0
1144,BWA-std,1,0.7
1144,NW-flex,1,1.0
1144,BWA-no-clip,2,1.0
1144,BWA-std,2,0.5
1144,NW-flex,2,1.0
1144,BWA-no-clip,3,1.0
1144,BWA-std,3,0.3
1144,NW-flex,3,1.0
1144,BWA-no-clip,4,1.0
1144,BWA-std,4,0.1
1144,NW-flex,4,1.0
1144,BWA-no-clip,5,1.0
1144,BWA-std,5,0.0
1144,NW-flex,5,1.0
1145,BWA-no-clip,-5,0.5
1145,BWA-std,-5,0.1
1145,NW-flex,-5,1.0
1145,BWA-no-clip,-4,0.7
1145,BWA-std,-4,0.2
1145,NW-flex,-4,1.0
1145,BWA-no-clip,-3,0.7
1145,BWA-std,-3,0.4
1145,NW-flex,-3,1.0
1145,BWA-no-clip,-2,0.9
1145,BWA-std,-2,0.6
1145,NW-flex,-2,1.0
1145,BWA-no-clip,-1,0.9
1145,BWA-std,-1,0.7
1145,NW-flex,-1,1.0
1145,BWA-no-clip,0,1.0
1145,BWA-std,0,1.0
1145,NW-flex,0,1.0
1145,BWA-no-clip,1,1.0
1145,BWA-std,1,0.7
1145,NW-flex,1,1.0
1145,BWA-no-clip,2,1.0
1145,BWA-std,2,0.5
1145,NW-flex,2,1.0
1145,BWA-no-clip,3,1.0
1145,BWA-std,3,0.3
1145,NW-flex,3,1.0
1145,BWA-no-clip,4,1.0
1145,BWA-std,4,0.1
1145,NW-flex,4,1.0
1145,BWA-no-clip,5,1.0
1145,BWA-std,5,0.0
1145,NW-flex,5,1.0
1146,BWA-no-clip,-5,0.6
1146,BWA-std,-5,0.1
1146,NW-flex,-5,1.0
1146,BWA-no-clip,-4,0.7
1146,BWA-std,-4,0.2
1146,NW-flex,-4,1.0
1146,BWA-no-clip,-3,0.7
1146,BWA-std,-3,0.4
1146,NW-flex,-3,1.0
1146,BWA-no-clip,-2,0.8
1146,BWA-std,-2,0.5
1146,NW-flex,-2,1.0
1146,BWA-no-clip,-1,0.7
1146,BWA-std,-1,0.7
1146,NW-flex,-1,1.0
1146,BWA-no-clip,0,1.0
1146,BWA-std,0,1.0
1146,NW-flex,0,1.0
1146,BWA-no-clip,1,0.9
1146,BWA-std,1,0.7
1146,NW-flex,1,1.0
1146,BWA-no-clip,2,1.0
1146,BWA-std,2,0.5
1146,NW-flex,2,1.0
1146,BWA-no-clip,3,1.0
1146,BWA-std,3,0.3
1146,NW-flex,3,1.0
1146,BWA-no-clip,4,1.0
1146,BWA-std,4,0.1
1146,NW-flex,4,1.0
1146,BWA-no-clip,5,1.0
1146,BWA-std,5,0.0
1146,NW-flex,5,1.0
1147,BWA-no-clip,-5,0.5
1147,BWA-std,-5,0.1
1147,NW-flex,-5,1.0
1147,BWA-no-clip,-4,0.6
1147,BWA-std,-4,0.2
1147,NW-flex,-4,1.0
1147,BWA-no-clip,-3,0.6
1147,BWA-std,-3,0.4
1147,NW-flex,-3,1.0
1147,BWA-no-clip,-2,0.8
1147,BWA-std,-2,0.5
1147,NW-flex,-2,1.0
1147,BWA-no-clip,-1,0.8
1147,BWA-std,-1,0.7
1147,NW-flex,-1,1.0
1147,BWA-no-clip,0,1.0
1147,BWA-std,0,1.0
1147,NW-flex,0,1.0
1147,BWA-no-clip,1,1.0
1147,BWA-std,1,0.7
1147,NW-flex,1,1.0
1147,BWA-no-clip,2,1.0
1147,BWA-std,2,0.5
1147,NW-flex,2,1.0
1147,BWA-no-clip,3,1.0
1147,BWA-std,3,0.3
1147,NW-flex,3,1.0
1147,BWA-no-clip,4,1.0
1147,BWA-std,4,0.1
1147,NW-flex,4,1.0
1147,BWA-no-clip,5,1.0
1147,BWA-std,5,0.0
1147,NW-flex,5,1.0
1148,BWA-no-clip,-5,0.6
1148,BWA-std,-5,0.1
1148,NW-flex,-5,1.0
1148,BWA-no-clip,-4,0.7
1148,BWA-std,-4,0.2
1148,NW-flex,-4,1.0
1148,BWA-no-clip,-3,0.8
1148,BWA-std,-3,0.4
1148,NW-flex,-3,1.0
1148,BWA-no-clip,-2,0.8
1148,BWA-std,-2,0.6
1148,NW-flex,-2,1.0
1148,BWA-no-clip,-1,0.9
1148,BWA-std,-1,0.7
1148,NW-flex,-1,1.0
1148,BWA-no-clip,0,1.0
1148,BWA-std,0,1.0
1148,NW-flex,0,1.0
1148,BWA-no-clip,1,1.0
1148,BWA-std,1,0.7
1148,NW-flex,1,1.0
1148,BWA-no-clip,2,1.0
1148,BWA-std,2,0.5
1148,NW-flex,2,1.0
1148,BWA-no-clip,3,1.0
1148,BWA-std,3,0.3
1148,NW-flex,3,1.0
1148,BWA-no-clip,4,1.0
1148,BWA-std,4,0.1
1148,NW-flex,4,1.0
1148,BWA-no-clip,5,1.0
1148,BWA-std,5,0.0
1148,NW-flex,5,1.0
1149,BWA-no-clip,-5,0.6
1149,BWA-std,-5,0.1
1149,NW-flex,-5,1.0
1149,BWA-no-clip,-4,0.7
1149,BWA-std,-4,0.2
1149,NW-flex,-4,1.0
1149,BWA-no-clip,-3,0.8
1149,BWA-std,-3,0.4
1149,NW-flex,-3,1.0
1149,BWA-no-clip,-2,0.9
1149,BWA-std,-2,0.6
1149,NW-flex,-2,1.0
1149,BWA-no-clip,-1,0.9
1149,BWA-std,-1,0.7
1149,NW-flex,-1,1.0
1149,BWA-no-clip,0,1.0
1149,BWA-std,0,1.0
1149,NW-flex,0,1.0
1149,BWA-no-clip,1,1.0
1149,BWA-std,1,0.7
1149,NW-flex,1,1.0
1149,BWA-no-clip,2,1.0
1149,BWA-std,2,0.5
1149,NW-flex,2,1.0
1149,BWA-no-clip,3,1.0
1149,BWA-std,3,0.3
1149,NW-flex,3,1.0
1149,BWA-no-clip,4,1.0
1149,BWA-std,4,0.1
1149,NW-flex,4,1.0
1149,BWA-no-clip,5,1.0
1149,BWA-std,5,0.0
1149,NW-flex,5,1.0
1150,BWA-no-clip,-5,0.6
1150,BWA-std,-5,0.1
1150,NW-flex,-5,1.0
1150,BWA-no-clip,-4,0.6
1150,BWA-std,-4,0.2
1150,NW-flex,-4,1.0
1150,BWA-no-clip,-3,0.8
1150,BWA-std,-3,0.4
1150,NW-flex,-3,1.0
1150,BWA-no-clip,-2,0.9
1150,BWA-std,-2,0.6
1150,NW-flex,-2,1.0
1150,BWA-no-clip,-1,0.9
1150,BWA-std,-1,0.7
1150,NW-flex,-1,1.0
1150,BWA-no-clip,0,1.0
1150,BWA-std,0,1.0
1150,NW-flex,0,1.0
1150,BWA-no-clip,1,1.0
1150,BWA-std,1,0.7
1150,NW-flex,1,1.0
1150,BWA-no-clip,2,1.0
1150,BWA-std,2,0.5
1150,NW-flex,2,1.0
1150,BWA-no-clip,3,1.0
1150,BWA-std,3,0.3
1150,NW-flex,3,1.0
1150,BWA-no-clip,4,1.0
1150,BWA-std,4,0.1
1150,NW-flex,4,1.0
1150,BWA-no-clip,5,1.0
1150,BWA-std,5,0.0
1150,NW-flex,5,1.0
1151,BWA-no-clip,-5,0.6
1151,BWA-std,-5,0.1
1151,NW-flex,-5,1.0
1151,BWA-no-clip,-4,0.7
1151,BWA-std,-4,0.2
1151,NW-flex,-4,1.0
1151,BWA-no-clip,-3,0.7
1151,BWA-std,-3,0.4
1151,NW-flex,-3,1.0
1151,BWA-no-clip,-2,0.8
1151,BWA-std,-2,0.5
1151,NW-flex,-2,1.0
1151,BWA-no-clip,-1,0.7
1151,BWA-std,-1,0.7
1151,NW-flex,-1,1.0
1151,BWA-no-clip,0,1.0
1151,BWA-std,0,1.0
1151,NW-flex,0,1.0
1151,BWA-no-clip,1,0.9
1151,BWA-std,1,0.7
1151,NW-flex,1,1.0
1151,BWA-no-clip,2,1.0
1151,BWA-std,2,0.5
1151,NW-flex,2,1.0
1151,BWA-no-clip,3,1.0
1151,BWA-std,3,0.3
1151,NW-flex,3,1.0
1151,BWA-no-clip,4,1.0
1151,BWA-std,4,0.1
1151,NW-flex,4,1.0
1151,BWA-no-clip,5,1.0
1151,BWA-std,5,0.0
1151,NW-flex,5,1.0
1152,BWA-no-clip,-5,0.6
1152,BWA-std,-5,0.1
1152,NW-flex,-5,1.0
1152,BWA-no-clip,-4,0.7
1152,BWA-std,-4,0.2
1152,NW-flex,-4,1.0
1152,BWA-no-clip,-3,0.7
1152,BWA-std,-3,0.4
1152,NW-flex,-3,1.0
1152,BWA-no-clip,-2,0.8
1152,BWA-std,-2,0.5
1152,NW-flex,-2,1.0
1152,BWA-no-clip,-1,0.8
1152,BWA-std,-1,0.7
1152,NW-flex,-1,1.0
1152,BWA-no-clip,0,1.0
1152,BWA-std,0,1.0
1152,NW-flex,0,1.0
1152,BWA-no-clip,1,0.9
1152,BWA-std,1,0.7
1152,NW-flex,1,1.0
1152,BWA-no-clip,2,0.9
1152,BWA-std,2,0.5
1152,NW-flex,2,1.0
1152,BWA-no-clip,3,0.9
1152,BWA-std,3,0.3
1152,NW-flex,3,1.0
1152,BWA-no-clip,4,0.9
1152,BWA-std,4,0.1
1152,NW-flex,4,1.0
1152,BWA-no-clip,5,0.9
1152,BWA-std,5,0.0
1152,NW-flex,5,1.0
1153,BWA-no-clip,-5,0.4
1153,BWA-std,-5,0.1
1153,NW-flex,-5,1.0
1153,BWA-no-clip,-4,0.5
1153,BWA-std,-4,0.2
1153,NW-flex,-4,1.0
1153,BWA-no-clip,-3,0.5
1153,BWA-std,-3,0.3
1153,NW-flex,-3,1.0
1153,BWA-no-clip,-2,0.7
1153,BWA-std,-2,0.5
1153,NW-flex,-2,1.0
1153,BWA-no-clip,-1,0.8
1153,BWA-std,-1,0.7
1153,NW-flex,-1,1.0
1153,BWA-no-clip,0,1.0
1153,BWA-std,0,1.0
1153,NW-flex,0,1.0
1153,BWA-no-clip,1,1.0
1153,BWA-std,1,0.7
1153,NW-flex,1,1.0
1153,BWA-no-clip,2,1.0
1153,BWA-std,2,0.5
1153,NW-flex,2,1.0
1153,BWA-no-clip,3,1.0
1153,BWA-std,3,0.3
1153,NW-flex,3,1.0
1153,BWA-no-clip,4,1.0
1153,BWA-std,4,0.1
1153,NW-flex,4,1.0
1153,BWA-no-clip,5,1.0
1153,BWA-std,5,0.0
1153,NW-flex,5,1.0
1154,BWA-no-clip,-5,0.7
1154,BWA-std,-5,0.1
1154,NW-flex,-5,1.0
1154,BWA-no-clip,-4,0.8
1154,BWA-std,-4,0.2
1154,NW-flex,-4,1.0
1154,BWA-no-clip,-3,0.8
1154,BWA-std,-3,0.4
1154,NW-flex,-3,1.0
1154,BWA-no-clip,-2,0.9
1154,BWA-std,-2,0.6
1154,NW-flex,-2,1.0
1154,BWA-no-clip,-1,0.9
1154,BWA-std,-1,0.7
1154,NW-flex,-1,1.0
1154,BWA-no-clip,0,1.0
1154,BWA-std,0,1.0
1154,NW-flex,0,1.0
1154,BWA-no-clip,1,1.0
1154,BWA-std,1,0.7
1154,NW-flex,1,1.0
1154,BWA-no-clip,2,1.0
1154,BWA-std,2,0.5
1154,NW-flex,2,1.0
1154,BWA-no-clip,3,1.0
1154,BWA-std,3,0.3
1154,NW-flex,3,1.0
1154,BWA-no-clip,4,1.0
1154,BWA-std,4,0.1
1154,NW-flex,4,1.0
1154,BWA-no-clip,5,1.0
1154,BWA-std,5,0.0
1154,NW-flex,5,1.0
1155,BWA-no-clip,-5,0.7
1155,BWA-std,-5,0.1
1155,NW-flex,-5,1.0
1155,BWA-no-clip,-4,0.8
1155,BWA-std,-4,0.2
1155,NW-flex,-4,1.0
1155,BWA-no-clip,-3,0.8
1155,BWA-std,-3,0.4
1155,NW-flex,-3,1.0
1155,BWA-no-clip,-2,0.9
1155,BWA-std,-2,0.6
1155,NW-flex,-2,1.0
1155,BWA-no-clip,-1,0.9
1155,BWA-std,-1,0.7
1155,NW-flex,-1,1.0
1155,BWA-no-clip,0,1.0
1155,BWA-std,0,1.0
1155,NW-flex,0,1.0
1155,BWA-no-clip,1,1.0
1155,BWA-std,1,0.7
1155,NW-flex,1,1.0
1155,BWA-no-clip,2,1.0
1155,BWA-std,2,0.5
1155,NW-flex,2,1.0
1155,BWA-no-clip,3,1.0
1155,BWA-std,3,0.3
1155,NW-flex,3,1.0
1155,BWA-no-clip,4,1.0
1155,BWA-std,4,0.1
1155,NW-flex,4,1.0
1155,BWA-no-clip,5,1.0
1155,BWA-std,5,0.0
1155,NW-flex,5,1.0
1156,BWA-no-clip,-5,0.0
1156,BWA-std,-5,0.1
1156,NW-flex,-5,1.0
1156,BWA-no-clip,-4,0.3
1156,BWA-std,-4,0.2
1156,NW-flex,-4,1.0
1156,BWA-no-clip,-3,0.4
1156,BWA-std,-3,0.3
1156,NW-flex,-3,1.0
1156,BWA-no-clip,-2,0.7
1156,BWA-std,-2,0.5
1156,NW-flex,-2,1.0
1156,BWA-no-clip,-1,0.8
1156,BWA-std,-1,0.7
1156,NW-flex,-1,1.0
1156,BWA-no-clip,0,1.0
1156,BWA-std,0,1.0
1156,NW-flex,0,1.0
1156,BWA-no-clip,1,1.0
1156,BWA-std,1,0.7
1156,NW-flex,1,1.0
1156,BWA-no-clip,2,0.9
1156,BWA-std,2,0.5
1156,NW-flex,2,1.0
1156,BWA-no-clip,3,0.9
1156,BWA-std,3,0.3
1156,NW-flex,3,1.0
1156,BWA-no-clip,4,0.8
1156,BWA-std,4,0.1
1156,NW-flex,4,1.0
1156,BWA-no-clip,5,0.6
1156,BWA-std,5,0.0
1156,NW-flex,5,1.0
1157,BWA-no-clip,-5,0.5
1157,BWA-std,-5,0.1
1157,NW-flex,-5,1.0
1157,BWA-no-clip,-4,0.6
1157,BWA-std,-4,0.2
1157,NW-flex,-4,1.0
1157,BWA-no-clip,-3,0.8
1157,BWA-std,-3,0.4
1157,NW-flex,-3,1.0
1157,BWA-no-clip,-2,0.8
1157,BWA-std,-2,0.6
1157,NW-flex,-2,1.0
1157,BWA-no-clip,-1,0.9
1157,BWA-std,-1,0.7
1157,NW-flex,-1,1.0
1157,BWA-no-clip,0,1.0
1157,BWA-std,0,1.0
1157,NW-flex,0,1.0
1157,BWA-no-clip,1,1.0
1157,BWA-std,1,0.7
1157,NW-flex,1,1.0
1157,BWA-no-clip,2,1.0
1157,BWA-std,2,0.5
1157,NW-flex,2,1.0
1157,BWA-no-clip,3,1.0
1157,BWA-std,3,0.3
1157,NW-flex,3,1.0
1157,BWA-no-clip,4,1.0
1157,BWA-std,4,0.1
1157,NW-flex,4,1.0
1157,BWA-no-clip,5,1.0
1157,BWA-std,5,0.0
1157,NW-flex,5,1.0
1158,BWA-no-clip,-5,0.6
1158,BWA-std,-5,0.1
1158,NW-flex,-5,1.0
1158,BWA-no-clip,-4,0.7
1158,BWA-std,-4,0.2
1158,NW-flex,-4,1.0
1158,BWA-no-clip,-3,0.7
1158,BWA-std,-3,0.4
1158,NW-flex,-3,1.0
1158,BWA-no-clip,-2,0.8
1158,BWA-std,-2,0.5
1158,NW-flex,-2,1.0
1158,BWA-no-clip,-1,0.8
1158,BWA-std,-1,0.7
1158,NW-flex,-1,1.0
1158,BWA-no-clip,0,1.0
1158,BWA-std,0,1.0
1158,NW-flex,0,1.0
1158,BWA-no-clip,1,1.0
1158,BWA-std,1,0.7
1158,NW-flex,1,1.0
1158,BWA-no-clip,2,1.0
1158,BWA-std,2,0.5
1158,NW-flex,2,1.0
1158,BWA-no-clip,3,1.0
1158,BWA-std,3,0.3
1158,NW-flex,3,1.0
1158,BWA-no-clip,4,0.9
1158,BWA-std,4,0.1
1158,NW-flex,4,1.0
1158,BWA-no-clip,5,0.9
1158,BWA-std,5,0.0
1158,NW-flex,5,1.0
1159,BWA-no-clip,-5,0.5
1159,BWA-std,-5,0.1
1159,NW-flex,-5,1.0
1159,BWA-no-clip,-4,0.8
1159,BWA-std,-4,0.2
1159,NW-flex,-4,1.0
1159,BWA-no-clip,-3,0.8
1159,BWA-std,-3,0.4
1159,NW-flex,-3,1.0
1159,BWA-no-clip,-2,0.9
1159,BWA-std,-2,0.6
1159,NW-flex,-2,1.0
1159,BWA-no-clip,-1,0.9
1159,BWA-std,-1,0.7
1159,NW-flex,-1,1.0
1159,BWA-no-clip,0,1.0
1159,BWA-std,0,1.0
1159,NW-flex,0,1.0
1159,BWA-no-clip,1,1.0
1159,BWA-std,1,0.7
1159,NW-flex,1,1.0
1159,BWA-no-clip,2,1.0
1159,BWA-std,2,0.5
1159,NW-flex,2,1.0
1159,BWA-no-clip,3,1.0
1159,BWA-std,3,0.3
1159,NW-flex,3,1.0
1159,BWA-no-clip,4,1.0
1159,BWA-std,4,0.1
1159,NW-flex,4,1.0
1159,BWA-no-clip,5,1.0
1159,BWA-std,5,0.0
1159,NW-flex,5,1.0
1160,BWA-no-clip,-5,0.6
1160,BWA-std,-5,0.1
1160,NW-flex,-5,1.0
1160,BWA-no-clip,-4,0.7
1160,BWA-std,-4,0.2
1160,NW-flex,-4,1.0
1160,BWA-no-clip,-3,0.7
1160,BWA-std,-3,0.4
1160,NW-flex,-3,1.0
1160,BWA-no-clip,-2,0.7333333333333333
1160,BWA-std,-2,0.5
1160,NW-flex,-2,1.0
1160,BWA-no-clip,-1,0.7
1160,BWA-std,-1,0.7
1160,NW-flex,-1,1.0
1160,BWA-no-clip,0,1.0
1160,BWA-std,0,1.0
1160,NW-flex,0,1.0
1160,BWA-no-clip,1,0.8
1160,BWA-std,1,0.7
1160,NW-flex,1,1.0
1160,BWA-no-clip,2,0.8
1160,BWA-std,2,0.5
1160,NW-flex,2,1.0
1160,BWA-no-clip,3,0.8
1160,BWA-std,3,0.3
1160,NW-flex,3,1.0
1160,BWA-no-clip,4,0.8
1160,BWA-std,4,0.1
1160,NW-flex,4,1.0
1160,BWA-no-clip,5,0.8
1160,BWA-std,5,0.0
1160,NW-flex,5,1.0
1161,BWA-no-clip,-5,0.5
1161,BWA-std,-5,0.1
1161,NW-flex,-5,1.0
1161,BWA-no-clip,-4,0.7
1161,BWA-std,-4,0.2
1161,NW-flex,-4,1.0
1161,BWA-no-clip,-3,0.7
1161,BWA-std,-3,0.4
1161,NW-flex,-3,1.0
1161,BWA-no-clip,-2,0.8
1161,BWA-std,-2,0.6
1161,NW-flex,-2,1.0
1161,BWA-no-clip,-1,0.9
1161,BWA-std,-1,0.7
1161,NW-flex,-1,1.0
1161,BWA-no-clip,0,1.0
1161,BWA-std,0,1.0
1161,NW-flex,0,1.0
1161,BWA-no-clip,1,1.0
1161,BWA-std,1,0.7
1161,NW-flex,1,1.0
1161,BWA-no-clip,2,1.0
1161,BWA-std,2,0.5
1161,NW-flex,2,1.0
1161,BWA-no-clip,3,1.0
1161,BWA-std,3,0.3
1161,NW-flex,3,1.0
1161,BWA-no-clip,4,1.0
1161,BWA-std,4,0.1
1161,NW-flex,4,1.0
1161,BWA-no-clip,5,1.0
1161,BWA-std,5,0.0
1161,NW-flex,5,1.0
1162,BWA-no-clip,-5,0.5
1162,BWA-std,-5,0.1
1162,NW-flex,-5,1.0
1162,BWA-no-clip,-4,0.6
1162,BWA-std,-4,0.2
1162,NW-flex,-4,1.0
1162,BWA-no-clip,-3,0.7
1162,BWA-std,-3,0.4
1162,NW-flex,-3,1.0
1162,BWA-no-clip,-2,0.9
1162,BWA-std,-2,0.6
1162,NW-flex,-2,1.0
1162,BWA-no-clip,-1,0.9
1162,BWA-std,-1,0.7
1162,NW-flex,-1,1.0
1162,BWA-no-clip,0,1.0
1162,BWA-std,0,1.0
1162,NW-flex,0,1.0
1162,BWA-no-clip,1,1.0
1162,BWA-std,1,0.7
1162,NW-flex,1,1.0
1162,BWA-no-clip,2,1.0
1162,BWA-std,2,0.5
1162,NW-flex,2,1.0
1162,BWA-no-clip,3,1.0
1162,BWA-std,3,0.3
1162,NW-flex,3,1.0
1162,BWA-no-clip,4,1.0
1162,BWA-std,4,0.1
1162,NW-flex,4,1.0
1162,BWA-no-clip,5,1.0
1162,BWA-std,5,0.0
1162,NW-flex,5,1.0
1163,BWA-no-clip,-5,0.4
1163,BWA-std,-5,0.1
1163,NW-flex,-5,1.0
1163,BWA-no-clip,-4,0.6
1163,BWA-std,-4,0.2
1163,NW-flex,-4,1.0
1163,BWA-no-clip,-3,0.8
1163,BWA-std,-3,0.4
1163,NW-flex,-3,1.0
1163,BWA-no-clip,-2,0.9
1163,BWA-std,-2,0.6
1163,NW-flex,-2,1.0
1163,BWA-no-clip,-1,0.9
1163,BWA-std,-1,0.7
1163,NW-flex,-1,1.0
1163,BWA-no-clip,0,1.0
1163,BWA-std,0,1.0
1163,NW-flex,0,1.0
1163,BWA-no-clip,1,1.0
1163,BWA-std,1,0.7
1163,NW-flex,1,1.0
1163,BWA-no-clip,2,1.0
1163,BWA-std,2,0.5
1163,NW-flex,2,1.0
1163,BWA-no-clip,3,1.0
1163,BWA-std,3,0.3
1163,NW-flex,3,1.0
1163,BWA-no-clip,4,1.0
1163,BWA-std,4,0.1
1163,NW-flex,4,1.0
1163,BWA-no-clip,5,1.0
1163,BWA-std,5,0.0
1163,NW-flex,5,1.0
1164,BWA-no-clip,-5,0.7
1164,BWA-std,-5,0.1
1164,NW-flex,-5,1.0
1164,BWA-no-clip,-4,0.8
1164,BWA-std,-4,0.2
1164,NW-flex,-4,1.0
1164,BWA-no-clip,-3,0.8
1164,BWA-std,-3,0.4
1164,NW-flex,-3,1.0
1164,BWA-no-clip,-2,0.9
1164,BWA-std,-2,0.6
1164,NW-flex,-2,1.0
1164,BWA-no-clip,-1,0.9
1164,BWA-std,-1,0.7
1164,NW-flex,-1,1.0
1164,BWA-no-clip,0,1.0
1164,BWA-std,0,1.0
1164,NW-flex,0,1.0
1164,BWA-no-clip,1,1.0
1164,BWA-std,1,0.7
1164,NW-flex,1,1.0
1164,BWA-no-clip,2,1.0
1164,BWA-std,2,0.5
1164,NW-flex,2,1.0
1164,BWA-no-clip,3,1.0
1164,BWA-std,3,0.3
1164,NW-flex,3,1.0
1164,BWA-no-clip,4,1.0
1164,BWA-std,4,0.1
1164,NW-flex,4,1.0
1164,BWA-no-clip,5,1.0
1164,BWA-std,5,0.0
1164,NW-flex,5,1.0
1165,BWA-no-clip,-5,0.6
1165,BWA-std,-5,0.1
1165,NW-flex,-5,1.0
1165,BWA-no-clip,-4,0.8
1165,BWA-std,-4,0.2
1165,NW-flex,-4,1.0
1165,BWA-no-clip,-3,0.8
1165,BWA-std,-3,0.4
1165,NW-flex,-3,1.0
1165,BWA-no-clip,-2,0.9
1165,BWA-std,-2,0.6
1165,NW-flex,-2,1.0
1165,BWA-no-clip,-1,0.9
1165,BWA-std,-1,0.7
1165,NW-flex,-1,1.0
1165,BWA-no-clip,0,1.0
1165,BWA-std,0,1.0
1165,NW-flex,0,1.0
1165,BWA-no-clip,1,1.0
1165,BWA-std,1,0.7
1165,NW-flex,1,1.0
1165,BWA-no-clip,2,1.0
1165,BWA-std,2,0.5
1165,NW-flex,2,1.0
1165,BWA-no-clip,3,1.0
1165,BWA-std,3,0.3
1165,NW-flex,3,1.0
1165,BWA-no-clip,4,1.0
1165,BWA-std,4,0.1
1165,NW-flex,4,1.0
1165,BWA-no-clip,5,1.0
1165,BWA-std,5,0.0
1165,NW-flex,5,1.0
1166,BWA-no-clip,-5,0.6
1166,BWA-std,-5,0.1
1166,NW-flex,-5,1.0
1166,BWA-no-clip,-4,0.6
1166,BWA-std,-4,0.2
1166,NW-flex,-4,1.0
1166,BWA-no-clip,-3,0.7
1166,BWA-std,-3,0.4
1166,NW-flex,-3,1.0
1166,BWA-no-clip,-2,0.8
1166,BWA-std,-2,0.5
1166,NW-flex,-2,1.0
1166,BWA-no-clip,-1,0.8
1166,BWA-std,-1,0.7
1166,NW-flex,-1,1.0
1166,BWA-no-clip,0,1.0
1166,BWA-std,0,1.0
1166,NW-flex,0,1.0
1166,BWA-no-clip,1,0.9
1166,BWA-std,1,0.7
1166,NW-flex,1,1.0
1166,BWA-no-clip,2,0.9
1166,BWA-std,2,0.5
1166,NW-flex,2,1.0
1166,BWA-no-clip,3,0.9
1166,BWA-std,3,0.3
1166,NW-flex,3,1.0
1166,BWA-no-clip,4,0.9
1166,BWA-std,4,0.1
1166,NW-flex,4,1.0
1166,BWA-no-clip,5,0.9
1166,BWA-std,5,0.0
1166,NW-flex,5,1.0
1167,BWA-no-clip,-5,0.5
1167,BWA-std,-5,0.1
1167,NW-flex,-5,1.0
1167,BWA-no-clip,-4,0.6
1167,BWA-std,-4,0.2
1167,NW-flex,-4,1.0
1167,BWA-no-clip,-3,0.6
1167,BWA-std,-3,0.4
1167,NW-flex,-3,1.0
1167,BWA-no-clip,-2,0.8
1167,BWA-std,-2,0.5
1167,NW-flex,-2,1.0
1167,BWA-no-clip,-1,0.8
1167,BWA-std,-1,0.7
1167,NW-flex,-1,1.0
1167,BWA-no-clip,0,1.0
1167,BWA-std,0,1.0
1167,NW-flex,0,1.0
1167,BWA-no-clip,1,1.0
1167,BWA-std,1,0.7
1167,NW-flex,1,1.0
1167,BWA-no-clip,2,1.0
1167,BWA-std,2,0.5
1167,NW-flex,2,1.0
1167,BWA-no-clip,3,1.0
1167,BWA-std,3,0.3
1167,NW-flex,3,1.0
1167,BWA-no-clip,4,1.0
1167,BWA-std,4,0.1
1167,NW-flex,4,1.0
1167,BWA-no-clip,5,1.0
1167,BWA-std,5,0.0
1167,NW-flex,5,1.0
1168,BWA-no-clip,-5,0.5
1168,BWA-std,-5,0.1
1168,NW-flex,-5,1.0
1168,BWA-no-clip,-4,0.8
1168,BWA-std,-4,0.2
1168,NW-flex,-4,1.0
1168,BWA-no-clip,-3,0.8
1168,BWA-std,-3,0.4
1168,NW-flex,-3,1.0
1168,BWA-no-clip,-2,0.9
1168,BWA-std,-2,0.6
1168,NW-flex,-2,1.0
1168,BWA-no-clip,-1,0.9
1168,BWA-std,-1,0.7
1168,NW-flex,-1,1.0
1168,BWA-no-clip,0,1.0
1168,BWA-std,0,1.0
1168,NW-flex,0,1.0
1168,BWA-no-clip,1,1.0
1168,BWA-std,1,0.7
1168,NW-flex,1,1.0
1168,BWA-no-clip,2,1.0
1168,BWA-std,2,0.5
1168,NW-flex,2,1.0
1168,BWA-no-clip,3,1.0
1168,BWA-std,3,0.3
1168,NW-flex,3,1.0
1168,BWA-no-clip,4,1.0
1168,BWA-std,4,0.1
1168,NW-flex,4,1.0
1168,BWA-no-clip,5,1.0
1168,BWA-std,5,0.0
1168,NW-flex,5,1.0
1169,BWA-no-clip,-5,0.6
1169,BWA-std,-5,0.1
1169,NW-flex,-5,1.0
1169,BWA-no-clip,-4,0.7
1169,BWA-std,-4,0.2
1169,NW-flex,-4,1.0
1169,BWA-no-clip,-3,0.8
1169,BWA-std,-3,0.4
1169,NW-flex,-3,1.0
1169,BWA-no-clip,-2,0.9
1169,BWA-std,-2,0.6
1169,NW-flex,-2,1.0
1169,BWA-no-clip,-1,0.9
1169,BWA-std,-1,0.7
1169,NW-flex,-1,1.0
1169,BWA-no-clip,0,1.0
1169,BWA-std,0,1.0
1169,NW-flex,0,1.0
1169,BWA-no-clip,1,1.0
1169,BWA-std,1,0.7
1169,NW-flex,1,1.0
1169,BWA-no-clip,2,1.0
1169,BWA-std,2,0.5
1169,NW-flex,2,1.0
1169,BWA-no-clip,3,1.0
1169,BWA-std,3,0.3
1169,NW-flex,3,1.0
1169,BWA-no-clip,4,1.0
1169,BWA-std,4,0.1
1169,NW-flex,4,1.0
1169,BWA-no-clip,5,1.0
1169,BWA-std,5,0.0
1169,NW-flex,5,1.0
1170,BWA-no-clip,-5,0.5
1170,BWA-std,-5,0.1
1170,NW-flex,-5,1.0
1170,BWA-no-clip,-4,0.6
1170,BWA-std,-4,0.2
1170,NW-flex,-4,1.0
1170,BWA-no-clip,-3,0.6
1170,BWA-std,-3,0.4
1170,NW-flex,-3,1.0
1170,BWA-no-clip,-2,0.8
1170,BWA-std,-2,0.5
1170,NW-flex,-2,1.0
1170,BWA-no-clip,-1,0.5
1170,BWA-std,-1,0.5
1170,NW-flex,-1,1.0
1170,BWA-no-clip,0,1.0
1170,BWA-std,0,1.0
1170,NW-flex,0,1.0
1170,BWA-no-clip,1,0.7
1170,BWA-std,1,0.7
1170,NW-flex,1,1.0
1170,BWA-no-clip,2,0.9
1170,BWA-std,2,0.5
1170,NW-flex,2,1.0
1170,BWA-no-clip,3,1.0
1170,BWA-std,3,0.3
1170,NW-flex,3,1.0
1170,BWA-no-clip,4,1.0
1170,BWA-std,4,0.1
1170,NW-flex,4,1.0
1170,BWA-no-clip,5,1.0
1170,BWA-std,5,0.0
1170,NW-flex,5,1.0
1171,BWA-no-clip,-5,0.4
1171,BWA-std,-5,0.1
1171,NW-flex,-5,1.0
1171,BWA-no-clip,-4,0.5
1171,BWA-std,-4,0.2
1171,NW-flex,-4,1.0
1171,BWA-no-clip,-3,0.5
1171,BWA-std,-3,0.3
1171,NW-flex,-3,1.0
1171,BWA-no-clip,-2,0.7
1171,BWA-std,-2,0.5
1171,NW-flex,-2,1.0
1171,BWA-no-clip,-1,0.8
1171,BWA-std,-1,0.7
1171,NW-flex,-1,1.0
1171,BWA-no-clip,0,1.0
1171,BWA-std,0,1.0
1171,NW-flex,0,1.0
1171,BWA-no-clip,1,0.9
1171,BWA-std,1,0.7
1171,NW-flex,1,1.0
1171,BWA-no-clip,2,0.9
1171,BWA-std,2,0.5
1171,NW-flex,2,1.0
1171,BWA-no-clip,3,0.9
1171,BWA-std,3,0.3
1171,NW-flex,3,1.0
1171,BWA-no-clip,4,0.9
1171,BWA-std,4,0.1
1171,NW-flex,4,1.0
1171,BWA-no-clip,5,0.9
1171,BWA-std,5,0.0
1171,NW-flex,5,1.0
1172,BWA-no-clip,-5,0.7
1172,BWA-std,-5,0.1
1172,NW-flex,-5,1.0
1172,BWA-no-clip,-4,0.7
1172,BWA-std,-4,0.2
1172,NW-flex,-4,1.0
1172,BWA-no-clip,-3,0.8
1172,BWA-std,-3,0.4
1172,NW-flex,-3,1.0
1172,BWA-no-clip,-2,0.9
1172,BWA-std,-2,0.6
1172,NW-flex,-2,1.0
1172,BWA-no-clip,-1,0.9
1172,BWA-std,-1,0.7
1172,NW-flex,-1,1.0
1172,BWA-no-clip,0,1.0
1172,BWA-std,0,1.0
1172,NW-flex,0,1.0
1172,BWA-no-clip,1,1.0
1172,BWA-std,1,0.7
1172,NW-flex,1,1.0
1172,BWA-no-clip,2,1.0
1172,BWA-std,2,0.5
1172,NW-flex,2,1.0
1172,BWA-no-clip,3,1.0
1172,BWA-std,3,0.3
1172,NW-flex,3,1.0
1172,BWA-no-clip,4,1.0
1172,BWA-std,4,0.1
1172,NW-flex,4,1.0
1172,BWA-no-clip,5,1.0
1172,BWA-std,5,0.0
1172,NW-flex,5,1.0
1173,BWA-no-clip,-5,0.4
1173,BWA-std,-5,0.1
1173,NW-flex,-5,1.0
1173,BWA-no-clip,-4,0.8
1173,BWA-std,-4,0.2
1173,NW-flex,-4,1.0
1173,BWA-no-clip,-3,0.8
1173,BWA-std,-3,0.4
1173,NW-flex,-3,1.0
1173,BWA-no-clip,-2,0.9
1173,BWA-std,-2,0.6
1173,NW-flex,-2,1.0
1173,BWA-no-clip,-1,0.9
1173,BWA-std,-1,0.7
1173,NW-flex,-1,1.0
1173,BWA-no-clip,0,1.0
1173,BWA-std,0,1.0
1173,NW-flex,0,1.0
1173,BWA-no-clip,1,1.0
1173,BWA-std,1,0.7
1173,NW-flex,1,1.0
1173,BWA-no-clip,2,1.0
1173,BWA-std,2,0.5
1173,NW-flex,2,1.0
1173,BWA-no-clip,3,0.9
1173,BWA-std,3,0.3
1173,NW-flex,3,1.0
1173,BWA-no-clip,4,1.0
1173,BWA-std,4,0.1
1173,NW-flex,4,1.0
1173,BWA-no-clip,5,1.0
1173,BWA-std,5,0.0
1173,NW-flex,5,1.0
1174,BWA-no-clip,-5,0.7
1174,BWA-std,-5,0.1
1174,NW-flex,-5,1.0
1174,BWA-no-clip,-4,0.7
1174,BWA-std,-4,0.2
1174,NW-flex,-4,1.0
1174,BWA-no-clip,-3,0.8
1174,BWA-std,-3,0.4
1174,NW-flex,-3,1.0
1174,BWA-no-clip,-2,0.8
1174,BWA-std,-2,0.6
1174,NW-flex,-2,1.0
1174,BWA-no-clip,-1,0.9
1174,BWA-std,-1,0.7
1174,NW-flex,-1,1.0
1174,BWA-no-clip,0,1.0
1174,BWA-std,0,1.0
1174,NW-flex,0,1.0
1174,BWA-no-clip,1,1.0
1174,BWA-std,1,0.7
1174,NW-flex,1,1.0
1174,BWA-no-clip,2,1.0
1174,BWA-std,2,0.5
1174,NW-flex,2,1.0
1174,BWA-no-clip,3,1.0
1174,BWA-std,3,0.3
1174,NW-flex,3,1.0
1174,BWA-no-clip,4,1.0
1174,BWA-std,4,0.1
1174,NW-flex,4,1.0
1174,BWA-no-clip,5,1.0
1174,BWA-std,5,0.0
1174,NW-flex,5,1.0
1175,BWA-no-clip,-5,0.6
1175,BWA-std,-5,0.1
1175,NW-flex,-5,1.0
1175,BWA-no-clip,-4,0.7
1175,BWA-std,-4,0.2
1175,NW-flex,-4,1.0
1175,BWA-no-clip,-3,0.7
1175,BWA-std,-3,0.4
1175,NW-flex,-3,1.0
1175,BWA-no-clip,-2,0.9
1175,BWA-std,-2,0.6
1175,NW-flex,-2,1.0
1175,BWA-no-clip,-1,0.9
1175,BWA-std,-1,0.7
1175,NW-flex,-1,1.0
1175,BWA-no-clip,0,1.0
1175,BWA-std,0,1.0
1175,NW-flex,0,1.0
1175,BWA-no-clip,1,1.0
1175,BWA-std,1,0.7
1175,NW-flex,1,1.0
1175,BWA-no-clip,2,1.0
1175,BWA-std,2,0.5
1175,NW-flex,2,1.0
1175,BWA-no-clip,3,1.0
1175,BWA-std,3,0.3
1175,NW-flex,3,1.0
1175,BWA-no-clip,4,1.0
1175,BWA-std,4,0.1
1175,NW-flex,4,1.0
1175,BWA-no-clip,5,1.0
1175,BWA-std,5,0.0
1175,NW-flex,5,1.0
1176,BWA-no-clip,-5,0.4
1176,BWA-std,-5,0.1
1176,NW-flex,-5,1.0
1176,BWA-no-clip,-4,0.6
1176,BWA-std,-4,0.2
1176,NW-flex,-4,1.0
1176,BWA-no-clip,-3,0.6
1176,BWA-std,-3,0.4
1176,NW-flex,-3,1.0
1176,BWA-no-clip,-2,0.8
1176,BWA-std,-2,0.5
1176,NW-flex,-2,1.0
1176,BWA-no-clip,-1,0.6
1176,BWA-std,-1,0.6
1176,NW-flex,-1,1.0
1176,BWA-no-clip,0,1.0
1176,BWA-std,0,1.0
1176,NW-flex,0,1.0
1176,BWA-no-clip,1,0.8
1176,BWA-std,1,0.7
1176,NW-flex,1,1.0
1176,BWA-no-clip,2,1.0
1176,BWA-std,2,0.5
1176,NW-flex,2,1.0
1176,BWA-no-clip,3,1.0
1176,BWA-std,3,0.3
1176,NW-flex,3,1.0
1176,BWA-no-clip,4,1.0
1176,BWA-std,4,0.1
1176,NW-flex,4,1.0
1176,BWA-no-clip,5,0.8
1176,BWA-std,5,0.0
1176,NW-flex,5,1.0
1177,BWA-no-clip,-5,0.6
1177,BWA-std,-5,0.1
1177,NW-flex,-5,1.0
1177,BWA-no-clip,-4,0.8
1177,BWA-std,-4,0.2
1177,NW-flex,-4,1.0
1177,BWA-no-clip,-3,0.8
1177,BWA-std,-3,0.4
1177,NW-flex,-3,1.0
1177,BWA-no-clip,-2,0.9
1177,BWA-std,-2,0.6
1177,NW-flex,-2,1.0
1177,BWA-no-clip,-1,0.9
1177,BWA-std,-1,0.7
1177,NW-flex,-1,1.0
1177,BWA-no-clip,0,1.0
1177,BWA-std,0,1.0
1177,NW-flex,0,1.0
1177,BWA-no-clip,1,1.0
1177,BWA-std,1,0.7
1177,NW-flex,1,1.0
1177,BWA-no-clip,2,1.0
1177,BWA-std,2,0.5
1177,NW-flex,2,1.0
1177,BWA-no-clip,3,1.0
1177,BWA-std,3,0.3
1177,NW-flex,3,1.0
1177,BWA-no-clip,4,1.0
1177,BWA-std,4,0.1
1177,NW-flex,4,1.0
1177,BWA-no-clip,5,1.0
1177,BWA-std,5,0.0
1177,NW-flex,5,1.0
1178,BWA-no-clip,-5,0.4
1178,BWA-std,-5,0.1
1178,NW-flex,-5,1.0
1178,BWA-no-clip,-4,0.4
1178,BWA-std,-4,0.2
1178,NW-flex,-4,1.0
1178,BWA-no-clip,-3,0.7
1178,BWA-std,-3,0.4
1178,NW-flex,-3,1.0
1178,BWA-no-clip,-2,0.8
1178,BWA-std,-2,0.5
1178,NW-flex,-2,1.0
1178,BWA-no-clip,-1,0.8
1178,BWA-std,-1,0.7
1178,NW-flex,-1,1.0
1178,BWA-no-clip,0,1.0
1178,BWA-std,0,1.0
1178,NW-flex,0,1.0
1178,BWA-no-clip,1,1.0
1178,BWA-std,1,0.7
1178,NW-flex,1,1.0
1178,BWA-no-clip,2,1.0
1178,BWA-std,2,0.5
1178,NW-flex,2,1.0
1178,BWA-no-clip,3,1.0
1178,BWA-std,3,0.3
1178,NW-flex,3,1.0
1178,BWA-no-clip,4,1.0
1178,BWA-std,4,0.1
1178,NW-flex,4,1.0
1178,BWA-no-clip,5,1.0
1178,BWA-std,5,0.0
1178,NW-flex,5,1.0
1179,BWA-no-clip,-5,0.7
1179,BWA-std,-5,0.1
1179,NW-flex,-5,1.0
1179,BWA-no-clip,-4,0.8
1179,BWA-std,-4,0.2
1179,NW-flex,-4,1.0
1179,BWA-no-clip,-3,0.8
1179,BWA-std,-3,0.4
1179,NW-flex,-3,1.0
1179,BWA-no-clip,-2,0.9
1179,BWA-std,-2,0.6
1179,NW-flex,-2,1.0
1179,BWA-no-clip,-1,0.9
1179,BWA-std,-1,0.7
1179,NW-flex,-1,1.0
1179,BWA-no-clip,0,1.0
1179,BWA-std,0,1.0
1179,NW-flex,0,1.0
1179,BWA-no-clip,1,1.0
1179,BWA-std,1,0.7
1179,NW-flex,1,1.0
1179,BWA-no-clip,2,1.0
1179,BWA-std,2,0.5
1179,NW-flex,2,1.0
1179,BWA-no-clip,3,1.0
1179,BWA-std,3,0.3
1179,NW-flex,3,1.0
1179,BWA-no-clip,4,1.0
1179,BWA-std,4,0.1
1179,NW-flex,4,1.0
1179,BWA-no-clip,5,1.0
1179,BWA-std,5,0.0
1179,NW-flex,5,1.0
1180,BWA-no-clip,-5,0.1
1180,BWA-std,-5,0.1
1180,NW-flex,-5,1.0
1180,BWA-no-clip,-4,0.5
1180,BWA-std,-4,0.2
1180,NW-flex,-4,1.0
1180,BWA-no-clip,-3,0.5
1180,BWA-std,-3,0.4
1180,NW-flex,-3,1.0
1180,BWA-no-clip,-2,0.8
1180,BWA-std,-2,0.5
1180,NW-flex,-2,1.0
1180,BWA-no-clip,-1,0.6
1180,BWA-std,-1,0.6
1180,NW-flex,-1,1.0
1180,BWA-no-clip,0,1.0
1180,BWA-std,0,1.0
1180,NW-flex,0,1.0
1180,BWA-no-clip,1,0.8
1180,BWA-std,1,0.7
1180,NW-flex,1,1.0
1180,BWA-no-clip,2,1.0
1180,BWA-std,2,0.5
1180,NW-flex,2,1.0
1180,BWA-no-clip,3,1.0
1180,BWA-std,3,0.3
1180,NW-flex,3,1.0
1180,BWA-no-clip,4,0.9
1180,BWA-std,4,0.1
1180,NW-flex,4,1.0
1180,BWA-no-clip,5,0.9
1180,BWA-std,5,0.0
1180,NW-flex,5,1.0
1181,BWA-no-clip,-5,0.5
1181,BWA-std,-5,0.1
1181,NW-flex,-5,1.0
1181,BWA-no-clip,-4,0.5
1181,BWA-std,-4,0.2
1181,NW-flex,-4,1.0
1181,BWA-no-clip,-3,0.7
1181,BWA-std,-3,0.4
1181,NW-flex,-3,1.0
1181,BWA-no-clip,-2,0.8
1181,BWA-std,-2,0.5
1181,NW-flex,-2,1.0
1181,BWA-no-clip,-1,0.8
1181,BWA-std,-1,0.7
1181,NW-flex,-1,1.0
1181,BWA-no-clip,0,1.0
1181,BWA-std,0,1.0
1181,NW-flex,0,1.0
1181,BWA-no-clip,1,1.0
1181,BWA-std,1,0.7
1181,NW-flex,1,1.0
1181,BWA-no-clip,2,1.0
1181,BWA-std,2,0.5
1181,NW-flex,2,1.0
1181,BWA-no-clip,3,1.0
1181,BWA-std,3,0.3
1181,NW-flex,3,1.0
1181,BWA-no-clip,4,1.0
1181,BWA-std,4,0.1
1181,NW-flex,4,1.0
1181,BWA-no-clip,5,0.7
1181,BWA-std,5,0.0
1181,NW-flex,5,1.0
1182,BWA-no-clip,-5,0.5
1182,BWA-std,-5,0.1
1182,NW-flex,-5,1.0
1182,BWA-no-clip,-4,0.6
1182,BWA-std,-4,0.2
1182,NW-flex,-4,1.0
1182,BWA-no-clip,-3,0.7
1182,BWA-std,-3,0.4
1182,NW-flex,-3,1.0
1182,BWA-no-clip,-2,0.8
1182,BWA-std,-2,0.6
1182,NW-flex,-2,1.0
1182,BWA-no-clip,-1,0.9
1182,BWA-std,-1,0.7
1182,NW-flex,-1,1.0
1182,BWA-no-clip,0,1.0
1182,BWA-std,0,1.0
1182,NW-flex,0,1.0
1182,BWA-no-clip,1,1.0
1182,BWA-std,1,0.7
1182,NW-flex,1,1.0
1182,BWA-no-clip,2,1.0
1182,BWA-std,2,0.5
1182,NW-flex,2,1.0
1182,BWA-no-clip,3,0.9
1182,BWA-std,3,0.3
1182,NW-flex,3,1.0
1182,BWA-no-clip,4,0.9
1182,BWA-std,4,0.1
1182,NW-flex,4,1.0
1182,BWA-no-clip,5,0.9
1182,BWA-std,5,0.0
1182,NW-flex,5,1.0
1183,BWA-no-clip,-5,0.5
1183,BWA-std,-5,0.1
1183,NW-flex,-5,1.0
1183,BWA-no-clip,-4,0.6
1183,BWA-std,-4,0.2
1183,NW-flex,-4,1.0
1183,BWA-no-clip,-3,0.6
1183,BWA-std,-3,0.3
1183,NW-flex,-3,1.0
1183,BWA-no-clip,-2,0.7
1183,BWA-std,-2,0.5
1183,NW-flex,-2,1.0
1183,BWA-no-clip,-1,0.8
1183,BWA-std,-1,0.7
1183,NW-flex,-1,1.0
1183,BWA-no-clip,0,1.0
1183,BWA-std,0,1.0
1183,NW-flex,0,1.0
1183,BWA-no-clip,1,0.9
1183,BWA-std,1,0.7
1183,NW-flex,1,1.0
1183,BWA-no-clip,2,0.9
1183,BWA-std,2,0.5
1183,NW-flex,2,1.0
1183,BWA-no-clip,3,0.9
1183,BWA-std,3,0.3
1183,NW-flex,3,1.0
1183,BWA-no-clip,4,0.9
1183,BWA-std,4,0.1
1183,NW-flex,4,1.0
1183,BWA-no-clip,5,0.9
1183,BWA-std,5,0.0
1183,NW-flex,5,1.0
1184,BWA-no-clip,-5,0.5
1184,BWA-std,-5,0.1
1184,NW-flex,-5,1.0
1184,BWA-no-clip,-4,0.6
1184,BWA-std,-4,0.2
1184,NW-flex,-4,1.0
1184,BWA-no-clip,-3,0.7
1184,BWA-std,-3,0.4
1184,NW-flex,-3,1.0
1184,BWA-no-clip,-2,0.8
1184,BWA-std,-2,0.6
1184,NW-flex,-2,1.0
1184,BWA-no-clip,-1,0.9
1184,BWA-std,-1,0.7
1184,NW-flex,-1,1.0
1184,BWA-no-clip,0,1.0
1184,BWA-std,0,1.0
1184,NW-flex,0,1.0
1184,BWA-no-clip,1,1.0
1184,BWA-std,1,0.7
1184,NW-flex,1,1.0
1184,BWA-no-clip,2,1.0
1184,BWA-std,2,0.5
1184,NW-flex,2,1.0
1184,BWA-no-clip,3,1.0
1184,BWA-std,3,0.3
1184,NW-flex,3,1.0
1184,BWA-no-clip,4,1.0
1184,BWA-std,4,0.1
1184,NW-flex,4,1.0
1184,BWA-no-clip,5,1.0
1184,BWA-std,5,0.0
1184,NW-flex,5,1.0
1185,BWA-no-clip,-5,0.5
1185,BWA-std,-5,0.1
1185,NW-flex,-5,1.0
1185,BWA-no-clip,-4,0.6
1185,BWA-std,-4,0.2
1185,NW-flex,-4,1.0
1185,BWA-no-clip,-3,0.6
1185,BWA-std,-3,0.4
1185,NW-flex,-3,1.0
1185,BWA-no-clip,-2,0.8
1185,BWA-std,-2,0.5
1185,NW-flex,-2,1.0
1185,BWA-no-clip,-1,0.8
1185,BWA-std,-1,0.7
1185,NW-flex,-1,1.0
1185,BWA-no-clip,0,1.0
1185,BWA-std,0,1.0
1185,NW-flex,0,1.0
1185,BWA-no-clip,1,1.0
1185,BWA-std,1,0.7
1185,NW-flex,1,1.0
1185,BWA-no-clip,2,0.9
1185,BWA-std,2,0.5
1185,NW-flex,2,1.0
1185,BWA-no-clip,3,1.0
1185,BWA-std,3,0.3
1185,NW-flex,3,1.0
1185,BWA-no-clip,4,1.0
1185,BWA-std,4,0.1
1185,NW-flex,4,1.0
1185,BWA-no-clip,5,1.0
1185,BWA-std,5,0.0
1185,NW-flex,5,1.0
1186,BWA-no-clip,-5,0.6
1186,BWA-std,-5,0.1
1186,NW-flex,-5,1.0
1186,BWA-no-clip,-4,0.7
1186,BWA-std,-4,0.2
1186,NW-flex,-4,1.0
1186,BWA-no-clip,-3,0.8
1186,BWA-std,-3,0.4
1186,NW-flex,-3,1.0
1186,BWA-no-clip,-2,0.9
1186,BWA-std,-2,0.6
1186,NW-flex,-2,1.0
1186,BWA-no-clip,-1,0.9
1186,BWA-std,-1,0.7
1186,NW-flex,-1,1.0
1186,BWA-no-clip,0,1.0
1186,BWA-std,0,1.0
1186,NW-flex,0,1.0
1186,BWA-no-clip,1,1.0
1186,BWA-std,1,0.7
1186,NW-flex,1,1.0
1186,BWA-no-clip,2,0.9
1186,BWA-std,2,0.5
1186,NW-flex,2,1.0
1186,BWA-no-clip,3,0.9
1186,BWA-std,3,0.3
1186,NW-flex,3,1.0
1186,BWA-no-clip,4,0.9
1186,BWA-std,4,0.1
1186,NW-flex,4,1.0
1186,BWA-no-clip,5,0.9
1186,BWA-std,5,0.0
1186,NW-flex,5,1.0
1187,BWA-no-clip,-5,0.6
1187,BWA-std,-5,0.1
1187,NW-flex,-5,1.0
1187,BWA-no-clip,-4,0.6
1187,BWA-std,-4,0.2
1187,NW-flex,-4,1.0
1187,BWA-no-clip,-3,0.8
1187,BWA-std,-3,0.4
1187,NW-flex,-3,1.0
1187,BWA-no-clip,-2,0.9
1187,BWA-std,-2,0.6
1187,NW-flex,-2,1.0
1187,BWA-no-clip,-1,0.9
1187,BWA-std,-1,0.7
1187,NW-flex,-1,1.0
1187,BWA-no-clip,0,1.0
1187,BWA-std,0,1.0
1187,NW-flex,0,1.0
1187,BWA-no-clip,1,1.0
1187,BWA-std,1,0.7
1187,NW-flex,1,1.0
1187,BWA-no-clip,2,1.0
1187,BWA-std,2,0.5
1187,NW-flex,2,1.0
1187,BWA-no-clip,3,1.0
1187,BWA-std,3,0.3
1187,NW-flex,3,1.0
1187,BWA-no-clip,4,1.0
1187,BWA-std,4,0.1
1187,NW-flex,4,1.0
1187,BWA-no-clip,5,1.0
1187,BWA-std,5,0.0
1187,NW-flex,5,1.0
1188,BWA-no-clip,-5,0.5
1188,BWA-std,-5,0.1
1188,NW-flex,-5,1.0
1188,BWA-no-clip,-4,0.6
1188,BWA-std,-4,0.2
1188,NW-flex,-4,1.0
1188,BWA-no-clip,-3,0.7
1188,BWA-std,-3,0.4
1188,NW-flex,-3,1.0
1188,BWA-no-clip,-2,0.7
1188,BWA-std,-2,0.6
1188,NW-flex,-2,1.0
1188,BWA-no-clip,-1,0.9
1188,BWA-std,-1,0.7
1188,NW-flex,-1,1.0
1188,BWA-no-clip,0,1.0
1188,BWA-std,0,1.0
1188,NW-flex,0,1.0
1188,BWA-no-clip,1,1.0
1188,BWA-std,1,0.7
1188,NW-flex,1,1.0
1188,BWA-no-clip,2,1.0
1188,BWA-std,2,0.5
1188,NW-flex,2,1.0
1188,BWA-no-clip,3,1.0
1188,BWA-std,3,0.3
1188,NW-flex,3,1.0
1188,BWA-no-clip,4,1.0
1188,BWA-std,4,0.1
1188,NW-flex,4,1.0
1188,BWA-no-clip,5,1.0
1188,BWA-std,5,0.0
1188,NW-flex,5,1.0
1189,BWA-no-clip,-5,0.6
1189,BWA-std,-5,0.1
1189,NW-flex,-5,1.0
1189,BWA-no-clip,-4,0.7
1189,BWA-std,-4,0.2
1189,NW-flex,-4,1.0
1189,BWA-no-clip,-3,0.7
1189,BWA-std,-3,0.4
1189,NW-flex,-3,1.0
1189,BWA-no-clip,-2,0.7333333333333333
1189,BWA-std,-2,0.5
1189,NW-flex,-2,1.0
1189,BWA-no-clip,-1,0.7
1189,BWA-std,-1,0.7
1189,NW-flex,-1,1.0
1189,BWA-no-clip,0,1.0
1189,BWA-std,0,1.0
1189,NW-flex,0,1.0
1189,BWA-no-clip,1,0.8
1189,BWA-std,1,0.7
1189,NW-flex,1,1.0
1189,BWA-no-clip,2,0.8
1189,BWA-std,2,0.5
1189,NW-flex,2,1.0
1189,BWA-no-clip,3,0.8
1189,BWA-std,3,0.3
1189,NW-flex,3,1.0
1189,BWA-no-clip,4,0.8
1189,BWA-std,4,0.1
1189,NW-flex,4,1.0
1189,BWA-no-clip,5,0.8
1189,BWA-std,5,0.0
1189,NW-flex,5,1.0
1190,BWA-no-clip,-5,0.6
1190,BWA-std,-5,0.1
1190,NW-flex,-5,1.0
1190,BWA-no-clip,-4,0.7
1190,BWA-std,-4,0.2
1190,NW-flex,-4,1.0
1190,BWA-no-clip,-3,0.8
1190,BWA-std,-3,0.4
1190,NW-flex,-3,1.0
1190,BWA-no-clip,-2,0.8
1190,BWA-std,-2,0.6
1190,NW-flex,-2,1.0
1190,BWA-no-clip,-1,0.9
1190,BWA-std,-1,0.7
1190,NW-flex,-1,1.0
1190,BWA-no-clip,0,1.0
1190,BWA-std,0,1.0
1190,NW-flex,0,1.0
1190,BWA-no-clip,1,1.0
1190,BWA-std,1,0.7
1190,NW-flex,1,1.0
1190,BWA-no-clip,2,1.0
1190,BWA-std,2,0.5
1190,NW-flex,2,1.0
1190,BWA-no-clip,3,1.0
1190,BWA-std,3,0.3
1190,NW-flex,3,1.0
1190,BWA-no-clip,4,1.0
1190,BWA-std,4,0.1
1190,NW-flex,4,1.0
1190,BWA-no-clip,5,1.0
1190,BWA-std,5,0.0
1190,NW-flex,5,1.0
1191,BWA-no-clip,-5,0.5
1191,BWA-std,-5,0.1
1191,NW-flex,-5,1.0
1191,BWA-no-clip,-4,0.5
1191,BWA-std,-4,0.2
1191,NW-flex,-4,1.0
1191,BWA-no-clip,-3,0.7
1191,BWA-std,-3,0.4
1191,NW-flex,-3,1.0
1191,BWA-no-clip,-2,0.7333333333333333
1191,BWA-std,-2,0.5
1191,NW-flex,-2,1.0
1191,BWA-no-clip,-1,0.7
1191,BWA-std,-1,0.7
1191,NW-flex,-1,1.0
1191,BWA-no-clip,0,1.0
1191,BWA-std,0,1.0
1191,NW-flex,0,1.0
1191,BWA-no-clip,1,0.8
1191,BWA-std,1,0.7
1191,NW-flex,1,1.0
1191,BWA-no-clip,2,0.8
1191,BWA-std,2,0.5
1191,NW-flex,2,1.0
1191,BWA-no-clip,3,0.8
1191,BWA-std,3,0.3
1191,NW-flex,3,1.0
1191,BWA-no-clip,4,0.8
1191,BWA-std,4,0.1
1191,NW-flex,4,1.0
1191,BWA-no-clip,5,0.8
1191,BWA-std,5,0.0
1191,NW-flex,5,1.0
1192,BWA-no-clip,-5,0.4
1192,BWA-std,-5,0.1
1192,NW-flex,-5,1.0
1192,BWA-no-clip,-4,0.7
1192,BWA-std,-4,0.2
1192,NW-flex,-4,1.0
1192,BWA-no-clip,-3,0.8
1192,BWA-std,-3,0.4
1192,NW-flex,-3,1.0
1192,BWA-no-clip,-2,0.8
1192,BWA-std,-2,0.6
1192,NW-flex,-2,1.0
1192,BWA-no-clip,-1,0.9
1192,BWA-std,-1,0.7
1192,NW-flex,-1,1.0
1192,BWA-no-clip,0,1.0
1192,BWA-std,0,1.0
1192,NW-flex,0,1.0
1192,BWA-no-clip,1,1.0
1192,BWA-std,1,0.7
1192,NW-flex,1,1.0
1192,BWA-no-clip,2,1.0
1192,BWA-std,2,0.5
1192,NW-flex,2,1.0
1192,BWA-no-clip,3,1.0
1192,BWA-std,3,0.3
1192,NW-flex,3,1.0
1192,BWA-no-clip,4,1.0
1192,BWA-std,4,0.1
1192,NW-flex,4,1.0
1192,BWA-no-clip,5,1.0
1192,BWA-std,5,0.0
1192,NW-flex,5,1.0
1193,BWA-no-clip,-5,0.5
1193,BWA-std,-5,0.1
1193,NW-flex,-5,1.0
1193,BWA-no-clip,-4,0.5
1193,BWA-std,-4,0.2
1193,NW-flex,-4,1.0
1193,BWA-no-clip,-3,0.6
1193,BWA-std,-3,0.3
1193,NW-flex,-3,1.0
1193,BWA-no-clip,-2,0.7
1193,BWA-std,-2,0.5
1193,NW-flex,-2,1.0
1193,BWA-no-clip,-1,0.8
1193,BWA-std,-1,0.7
1193,NW-flex,-1,1.0
1193,BWA-no-clip,0,1.0
1193,BWA-std,0,1.0
1193,NW-flex,0,1.0
1193,BWA-no-clip,1,1.0
1193,BWA-std,1,0.7
1193,NW-flex,1,1.0
1193,BWA-no-clip,2,0.8
1193,BWA-std,2,0.5
1193,NW-flex,2,1.0
1193,BWA-no-clip,3,0.8
1193,BWA-std,3,0.3
1193,NW-flex,3,1.0
1193,BWA-no-clip,4,0.8
1193,BWA-std,4,0.1
1193,NW-flex,4,1.0
1193,BWA-no-clip,5,0.8
1193,BWA-std,5,0.0
1193,NW-flex,5,1.0
1194,BWA-no-clip,-5,0.4
1194,BWA-std,-5,0.1
1194,NW-flex,-5,1.0
1194,BWA-no-clip,-4,0.5
1194,BWA-std,-4,0.2
1194,NW-flex,-4,1.0
1194,BWA-no-clip,-3,0.5
1194,BWA-std,-3,0.4
1194,NW-flex,-3,1.0
1194,BWA-no-clip,-2,0.6666666666666666
1194,BWA-std,-2,0.5
1194,NW-flex,-2,1.0
1194,BWA-no-clip,-1,0.6
1194,BWA-std,-1,0.6
1194,NW-flex,-1,1.0
1194,BWA-no-clip,0,1.0
1194,BWA-std,0,1.0
1194,NW-flex,0,1.0
1194,BWA-no-clip,1,0.7
1194,BWA-std,1,0.7
1194,NW-flex,1,1.0
1194,BWA-no-clip,2,0.7
1194,BWA-std,2,0.5
1194,NW-flex,2,1.0
1194,BWA-no-clip,3,0.7
1194,BWA-std,3,0.3
1194,NW-flex,3,1.0
1194,BWA-no-clip,4,0.7
1194,BWA-std,4,0.1
1194,NW-flex,4,1.0
1194,BWA-no-clip,5,0.7
1194,BWA-std,5,0.0
1194,NW-flex,5,1.0
1195,BWA-no-clip,-5,0.6
1195,BWA-std,-5,0.1
1195,NW-flex,-5,1.0
1195,BWA-no-clip,-4,0.6
1195,BWA-std,-4,0.2
1195,NW-flex,-4,1.0
1195,BWA-no-clip,-3,0.8
1195,BWA-std,-3,0.4
1195,NW-flex,-3,1.0
1195,BWA-no-clip,-2,0.9
1195,BWA-std,-2,0.6
1195,NW-flex,-2,1.0
1195,BWA-no-clip,-1,0.9
1195,BWA-std,-1,0.7
1195,NW-flex,-1,1.0
1195,BWA-no-clip,0,1.0
1195,BWA-std,0,1.0
1195,NW-flex,0,1.0
1195,BWA-no-clip,1,1.0
1195,BWA-std,1,0.7
1195,NW-flex,1,1.0
1195,BWA-no-clip,2,1.0
1195,BWA-std,2,0.5
1195,NW-flex,2,1.0
1195,BWA-no-clip,3,1.0
1195,BWA-std,3,0.3
1195,NW-flex,3,1.0
1195,BWA-no-clip,4,1.0
1195,BWA-std,4,0.1
1195,NW-flex,4,1.0
1195,BWA-no-clip,5,1.0
1195,BWA-std,5,0.0
1195,NW-flex,5,1.0
1196,BWA-no-clip,-5,0.5
1196,BWA-std,-5,0.1
1196,NW-flex,-5,1.0
1196,BWA-no-clip,-4,0.6
1196,BWA-std,-4,0.2
1196,NW-flex,-4,1.0
1196,BWA-no-clip,-3,0.8
1196,BWA-std,-3,0.4
1196,NW-flex,-3,1.0
1196,BWA-no-clip,-2,0.9
1196,BWA-std,-2,0.6
1196,NW-flex,-2,1.0
1196,BWA-no-clip,-1,0.9
1196,BWA-std,-1,0.7
1196,NW-flex,-1,1.0
1196,BWA-no-clip,0,1.0
1196,BWA-std,0,1.0
1196,NW-flex,0,1.0
1196,BWA-no-clip,1,1.0
1196,BWA-std,1,0.7
1196,NW-flex,1,1.0
1196,BWA-no-clip,2,1.0
1196,BWA-std,2,0.5
1196,NW-flex,2,1.0
1196,BWA-no-clip,3,1.0
1196,BWA-std,3,0.3
1196,NW-flex,3,1.0
1196,BWA-no-clip,4,1.0
1196,BWA-std,4,0.1
1196,NW-flex,4,1.0
1196,BWA-no-clip,5,1.0
1196,BWA-std,5,0.0
1196,NW-flex,5,1.0
1197,BWA-no-clip,-5,0.7
1197,BWA-std,-5,0.1
1197,NW-flex,-5,1.0
1197,BWA-no-clip,-4,0.7
1197,BWA-std,-4,0.2
1197,NW-flex,-4,1.0
1197,BWA-no-clip,-3,0.8
1197,BWA-std,-3,0.4
1197,NW-flex,-3,1.0
1197,BWA-no-clip,-2,0.8
1197,BWA-std,-2,0.6
1197,NW-flex,-2,1.0
1197,BWA-no-clip,-1,0.9
1197,BWA-std,-1,0.7
1197,NW-flex,-1,1.0
1197,BWA-no-clip,0,1.0
1197,BWA-std,0,1.0
1197,NW-flex,0,1.0
1197,BWA-no-clip,1,1.0
1197,BWA-std,1,0.7
1197,NW-flex,1,1.0
1197,BWA-no-clip,2,1.0
1197,BWA-std,2,0.5
1197,NW-flex,2,1.0
1197,BWA-no-clip,3,0.9
1197,BWA-std,3,0.3
1197,NW-flex,3,1.0
1197,BWA-no-clip,4,0.9
1197,BWA-std,4,0.1
1197,NW-flex,4,1.0
1197,BWA-no-clip,5,0.9
1197,BWA-std,5,0.0
1197,NW-flex,5,1.0
1198,BWA-no-clip,-5,0.5
1198,BWA-std,-5,0.1
1198,NW-flex,-5,1.0
1198,BWA-no-clip,-4,0.5
1198,BWA-std,-4,0.2
1198,NW-flex,-4,1.0
1198,BWA-no-clip,-3,0.7
1198,BWA-std,-3,0.4
1198,NW-flex,-3,1.0
1198,BWA-no-clip,-2,0.8
1198,BWA-std,-2,0.6
1198,NW-flex,-2,1.0
1198,BWA-no-clip,-1,0.9
1198,BWA-std,-1,0.7
1198,NW-flex,-1,1.0
1198,BWA-no-clip,0,1.0
1198,BWA-std,0,1.0
1198,NW-flex,0,1.0
1198,BWA-no-clip,1,1.0
1198,BWA-std,1,0.7
1198,NW-flex,1,1.0
1198,BWA-no-clip,2,1.0
1198,BWA-std,2,0.5
1198,NW-flex,2,1.0
1198,BWA-no-clip,3,1.0
1198,BWA-std,3,0.3
1198,NW-flex,3,1.0
1198,BWA-no-clip,4,1.0
1198,BWA-std,4,0.1
1198,NW-flex,4,1.0
1198,BWA-no-clip,5,1.0
1198,BWA-std,5,0.0
1198,NW-flex,5,1.0
1199,BWA-no-clip,-5,0.6
1199,BWA-std,-5,0.1
1199,NW-flex,-5,1.0
1199,BWA-no-clip,-4,0.7
1199,BWA-std,-4,0.2
1199,NW-flex,-4,1.0
1199,BWA-no-clip,-3,0.8
1199,BWA-std,-3,0.4
1199,NW-flex,-3,1.0
1199,BWA-no-clip,-2,0.9
1199,BWA-std,-2,0.6
1199,NW-flex,-2,1.0
1199,BWA-no-clip,-1,0.9
1199,BWA-std,-1,0.7
1199,NW-flex,-1,1.0
1199,BWA-no-clip,0,1.0
1199,BWA-std,0,1.0
1199,NW-flex,0,1.0
1199,BWA-no-clip,1,1.0
1199,BWA-std,1,0.7
1199,NW-flex,1,1.0
1199,BWA-no-clip,2,1.0
1199,BWA-std,2,0.5
1199,NW-flex,2,1.0
1199,BWA-no-clip,3,1.0
1199,BWA-std,3,0.3
1199,NW-flex,3,1.0
1199,BWA-no-clip,4,1.0
1199,BWA-std,4,0.1
1199,NW-flex,4,1.0
1199,BWA-no-clip,5,1.0
1199,BWA-std,5,0.0
1199,NW-flex,5,1.0
1200,BWA-no-clip,-5,0.6
1200,BWA-std,-5,0.1
1200,NW-flex,-5,1.0
1200,BWA-no-clip,-4,0.6
1200,BWA-std,-4,0.2
1200,NW-flex,-4,1.0
1200,BWA-no-clip,-3,0.8
1200,BWA-std,-3,0.4
1200,NW-flex,-3,1.0
1200,BWA-no-clip,-2,0.9
1200,BWA-std,-2,0.6
1200,NW-flex,-2,1.0
1200,BWA-no-clip,-1,0.9
1200,BWA-std,-1,0.7
1200,NW-flex,-1,1.0
1200,BWA-no-clip,0,1.0
1200,BWA-std,0,1.0
1200,NW-flex,0,1.0
1200,BWA-no-clip,1,1.0
1200,BWA-std,1,0.7
1200,NW-flex,1,1.0
1200,BWA-no-clip,2,1.0
1200,BWA-std,2,0.5
1200,NW-flex,2,1.0
1200,BWA-no-clip,3,1.0
1200,BWA-std,3,0.3
1200,NW-flex,3,1.0
1200,BWA-no-clip,4,1.0
1200,BWA-std,4,0.1
1200,NW-flex,4,1.0
1200,BWA-no-clip,5,1.0
1200,BWA-std,5,0.0
1200,NW-flex,5,1.0
1201,BWA-no-clip,-5,0.6
1201,BWA-std,-5,0.1
1201,NW-flex,-5,1.0
1201,BWA-no-clip,-4,0.7
1201,BWA-std,-4,0.2
1201,NW-flex,-4,1.0
1201,BWA-no-clip,-3,0.7
1201,BWA-std,-3,0.4
1201,NW-flex,-3,1.0
1201,BWA-no-clip,-2,0.7333333333333333
1201,BWA-std,-2,0.5
1201,NW-flex,-2,1.0
1201,BWA-no-clip,-1,0.7
1201,BWA-std,-1,0.7
1201,NW-flex,-1,1.0
1201,BWA-no-clip,0,1.0
1201,BWA-std,0,1.0
1201,NW-flex,0,1.0
1201,BWA-no-clip,1,0.8
1201,BWA-std,1,0.7
1201,NW-flex,1,1.0
1201,BWA-no-clip,2,0.8
1201,BWA-std,2,0.5
1201,NW-flex,2,1.0
1201,BWA-no-clip,3,0.8
1201,BWA-std,3,0.3
1201,NW-flex,3,1.0
1201,BWA-no-clip,4,0.8
1201,BWA-std,4,0.1
1201,NW-flex,4,1.0
1201,BWA-no-clip,5,0.8
1201,BWA-std,5,0.0
1201,NW-flex,5,1.0
1202,BWA-no-clip,-5,0.5
1202,BWA-std,-5,0.1
1202,NW-flex,-5,1.0
1202,BWA-no-clip,-4,0.7
1202,BWA-std,-4,0.2
1202,NW-flex,-4,1.0
1202,BWA-no-clip,-3,0.7
1202,BWA-std,-3,0.4
1202,NW-flex,-3,1.0
1202,BWA-no-clip,-2,0.7333333333333333
1202,BWA-std,-2,0.5
1202,NW-flex,-2,1.0
1202,BWA-no-clip,-1,0.7
1202,BWA-std,-1,0.7
1202,NW-flex,-1,1.0
1202,BWA-no-clip,0,1.0
1202,BWA-std,0,1.0
1202,NW-flex,0,1.0
1202,BWA-no-clip,1,0.8
1202,BWA-std,1,0.7
1202,NW-flex,1,1.0
1202,BWA-no-clip,2,0.8
1202,BWA-std,2,0.5
1202,NW-flex,2,1.0
1202,BWA-no-clip,3,0.8
1202,BWA-std,3,0.3
1202,NW-flex,3,1.0
1202,BWA-no-clip,4,0.8
1202,BWA-std,4,0.1
1202,NW-flex,4,1.0
1202,BWA-no-clip,5,0.8
1202,BWA-std,5,0.0
1202,NW-flex,5,1.0
1203,BWA-no-clip,-5,0.7
1203,BWA-std,-5,0.1
1203,NW-flex,-5,1.0
1203,BWA-no-clip,-4,0.8
1203,BWA-std,-4,0.2
1203,NW-flex,-4,1.0
1203,BWA-no-clip,-3,0.8
1203,BWA-std,-3,0.4
1203,NW-flex,-3,1.0
1203,BWA-no-clip,-2,0.9
1203,BWA-std,-2,0.6
1203,NW-flex,-2,1.0
1203,BWA-no-clip,-1,0.9
1203,BWA-std,-1,0.7
1203,NW-flex,-1,1.0
1203,BWA-no-clip,0,1.0
1203,BWA-std,0,1.0
1203,NW-flex,0,1.0
1203,BWA-no-clip,1,1.0
1203,BWA-std,1,0.7
1203,NW-flex,1,1.0
1203,BWA-no-clip,2,1.0
1203,BWA-std,2,0.5
1203,NW-flex,2,1.0
1203,BWA-no-clip,3,1.0
1203,BWA-std,3,0.3
1203,NW-flex,3,1.0
1203,BWA-no-clip,4,1.0
1203,BWA-std,4,0.1
1203,NW-flex,4,1.0
1203,BWA-no-clip,5,1.0
1203,BWA-std,5,0.0
1203,NW-flex,5,1.0
1204,BWA-no-clip,-5,0.5
1204,BWA-std,-5,0.1
1204,NW-flex,-5,1.0
1204,BWA-no-clip,-4,0.6
1204,BWA-std,-4,0.2
1204,NW-flex,-4,1.0
1204,BWA-no-clip,-3,0.7
1204,BWA-std,-3,0.4
1204,NW-flex,-3,1.0
1204,BWA-no-clip,-2,0.7
1204,BWA-std,-2,0.6
1204,NW-flex,-2,1.0
1204,BWA-no-clip,-1,0.9
1204,BWA-std,-1,0.7
1204,NW-flex,-1,1.0
1204,BWA-no-clip,0,1.0
1204,BWA-std,0,1.0
1204,NW-flex,0,1.0
1204,BWA-no-clip,1,1.0
1204,BWA-std,1,0.7
1204,NW-flex,1,1.0
1204,BWA-no-clip,2,1.0
1204,BWA-std,2,0.5
1204,NW-flex,2,1.0
1204,BWA-no-clip,3,1.0
1204,BWA-std,3,0.3
1204,NW-flex,3,1.0
1204,BWA-no-clip,4,1.0
1204,BWA-std,4,0.1
1204,NW-flex,4,1.0
1204,BWA-no-clip,5,1.0
1204,BWA-std,5,0.0
1204,NW-flex,5,1.0
1205,BWA-no-clip,-5,0.3
1205,BWA-std,-5,0.1
1205,NW-flex,-5,1.0
1205,BWA-no-clip,-4,0.6
1205,BWA-std,-4,0.2
1205,NW-flex,-4,1.0
1205,BWA-no-clip,-3,0.6
1205,BWA-std,-3,0.3
1205,NW-flex,-3,1.0
1205,BWA-no-clip,-2,0.7
1205,BWA-std,-2,0.5
1205,NW-flex,-2,1.0
1205,BWA-no-clip,-1,0.8
1205,BWA-std,-1,0.7
1205,NW-flex,-1,1.0
1205,BWA-no-clip,0,1.0
1205,BWA-std,0,1.0
1205,NW-flex,0,1.0
1205,BWA-no-clip,1,1.0
1205,BWA-std,1,0.7
1205,NW-flex,1,1.0
1205,BWA-no-clip,2,1.0
1205,BWA-std,2,0.5
1205,NW-flex,2,1.0
1205,BWA-no-clip,3,1.0
1205,BWA-std,3,0.3
1205,NW-flex,3,1.0
1205,BWA-no-clip,4,1.0
1205,BWA-std,4,0.1
1205,NW-flex,4,1.0
1205,BWA-no-clip,5,0.8
1205,BWA-std,5,0.0
1205,NW-flex,5,1.0
1206,BWA-no-clip,-5,0.4
1206,BWA-std,-5,0.1
1206,NW-flex,-5,1.0
1206,BWA-no-clip,-4,0.7
1206,BWA-std,-4,0.2
1206,NW-flex,-4,1.0
1206,BWA-no-clip,-3,0.8
1206,BWA-std,-3,0.4
1206,NW-flex,-3,1.0
1206,BWA-no-clip,-2,0.9
1206,BWA-std,-2,0.6
1206,NW-flex,-2,1.0
1206,BWA-no-clip,-1,0.9
1206,BWA-std,-1,0.7
1206,NW-flex,-1,1.0
1206,BWA-no-clip,0,1.0
1206,BWA-std,0,1.0
1206,NW-flex,0,1.0
1206,BWA-no-clip,1,1.0
1206,BWA-std,1,0.7
1206,NW-flex,1,1.0
1206,BWA-no-clip,2,1.0
1206,BWA-std,2,0.5
1206,NW-flex,2,1.0
1206,BWA-no-clip,3,1.0
1206,BWA-std,3,0.3
1206,NW-flex,3,1.0
1206,BWA-no-clip,4,1.0
1206,BWA-std,4,0.1
1206,NW-flex,4,1.0
1206,BWA-no-clip,5,1.0
1206,BWA-std,5,0.0
1206,NW-flex,5,1.0
1207,BWA-no-clip,-5,0.5
1207,BWA-std,-5,0.1
1207,NW-flex,-5,1.0
1207,BWA-no-clip,-4,0.6
1207,BWA-std,-4,0.2
1207,NW-flex,-4,1.0
1207,BWA-no-clip,-3,0.6
1207,BWA-std,-3,0.4
1207,NW-flex,-3,1.0
1207,BWA-no-clip,-2,0.6666666666666666
1207,BWA-std,-2,0.5
1207,NW-flex,-2,1.0
1207,BWA-no-clip,-1,0.6
1207,BWA-std,-1,0.6
1207,NW-flex,-1,1.0
1207,BWA-no-clip,0,1.0
1207,BWA-std,0,1.0
1207,NW-flex,0,1.0
1207,BWA-no-clip,1,0.7
1207,BWA-std,1,0.7
1207,NW-flex,1,1.0
1207,BWA-no-clip,2,0.7
1207,BWA-std,2,0.5
1207,NW-flex,2,1.0
1207,BWA-no-clip,3,0.7
1207,BWA-std,3,0.3
1207,NW-flex,3,1.0
1207,BWA-no-clip,4,0.7
1207,BWA-std,4,0.1
1207,NW-flex,4,1.0
1207,BWA-no-clip,5,0.7
1207,BWA-std,5,0.0
1207,NW-flex,5,1.0
1208,BWA-no-clip,-5,0.4
1208,BWA-std,-5,0.1
1208,NW-flex,-5,1.0
1208,BWA-no-clip,-4,0.6
1208,BWA-std,-4,0.2
1208,NW-flex,-4,1.0
1208,BWA-no-clip,-3,0.7
1208,BWA-std,-3,0.4
1208,NW-flex,-3,1.0
1208,BWA-no-clip,-2,0.8
1208,BWA-std,-2,0.5
1208,NW-flex,-2,1.0
1208,BWA-no-clip,-1,0.8
1208,BWA-std,-1,0.7
1208,NW-flex,-1,1.0
1208,BWA-no-clip,0,1.0
1208,BWA-std,0,1.0
1208,NW-flex,0,1.0
1208,BWA-no-clip,1,1.0
1208,BWA-std,1,0.7
1208,NW-flex,1,1.0
1208,BWA-no-clip,2,1.0
1208,BWA-std,2,0.5
1208,NW-flex,2,1.0
1208,BWA-no-clip,3,1.0
1208,BWA-std,3,0.3
1208,NW-flex,3,1.0
1208,BWA-no-clip,4,1.0
1208,BWA-std,4,0.1
1208,NW-flex,4,1.0
1208,BWA-no-clip,5,0.8
1208,BWA-std,5,0.0
1208,NW-flex,5,1.0
1209,BWA-no-clip,-5,0.6
1209,BWA-std,-5,0.1
1209,NW-flex,-5,1.0
1209,BWA-no-clip,-4,0.7
1209,BWA-std,-4,0.2
1209,NW-flex,-4,1.0
1209,BWA-no-clip,-3,0.7
1209,BWA-std,-3,0.4
1209,NW-flex,-3,1.0
1209,BWA-no-clip,-2,0.8
1209,BWA-std,-2,0.5
1209,NW-flex,-2,1.0
1209,BWA-no-clip,-1,0.7
1209,BWA-std,-1,0.7
1209,NW-flex,-1,1.0
1209,BWA-no-clip,0,1.0
1209,BWA-std,0,1.0
1209,NW-flex,0,1.0
1209,BWA-no-clip,1,0.9
1209,BWA-std,1,0.7
1209,NW-flex,1,1.0
1209,BWA-no-clip,2,1.0
1209,BWA-std,2,0.5
1209,NW-flex,2,1.0
1209,BWA-no-clip,3,1.0
1209,BWA-std,3,0.3
1209,NW-flex,3,1.0
1209,BWA-no-clip,4,1.0
1209,BWA-std,4,0.1
1209,NW-flex,4,1.0
1209,BWA-no-clip,5,1.0
1209,BWA-std,5,0.0
1209,NW-flex,5,1.0
1210,BWA-no-clip,-5,0.6
1210,BWA-std,-5,0.1
1210,NW-flex,-5,1.0
1210,BWA-no-clip,-4,0.7
1210,BWA-std,-4,0.2
1210,NW-flex,-4,1.0
1210,BWA-no-clip,-3,0.7
1210,BWA-std,-3,0.4
1210,NW-flex,-3,1.0
1210,BWA-no-clip,-2,0.8
1210,BWA-std,-2,0.5
1210,NW-flex,-2,1.0
1210,BWA-no-clip,-1,0.8
1210,BWA-std,-1,0.7
1210,NW-flex,-1,1.0
1210,BWA-no-clip,0,1.0
1210,BWA-std,0,1.0
1210,NW-flex,0,1.0
1210,BWA-no-clip,1,0.9
1210,BWA-std,1,0.7
1210,NW-flex,1,1.0
1210,BWA-no-clip,2,0.9
1210,BWA-std,2,0.5
1210,NW-flex,2,1.0
1210,BWA-no-clip,3,0.9
1210,BWA-std,3,0.3
1210,NW-flex,3,1.0
1210,BWA-no-clip,4,0.9
1210,BWA-std,4,0.1
1210,NW-flex,4,1.0
1210,BWA-no-clip,5,0.9
1210,BWA-std,5,0.0
1210,NW-flex,5,1.0
1211,BWA-no-clip,-5,0.5
1211,BWA-std,-5,0.1
1211,NW-flex,-5,1.0
1211,BWA-no-clip,-4,0.7
1211,BWA-std,-4,0.2
1211,NW-flex,-4,1.0
1211,BWA-no-clip,-3,0.7
1211,BWA-std,-3,0.4
1211,NW-flex,-3,1.0
1211,BWA-no-clip,-2,0.8
1211,BWA-std,-2,0.6
1211,NW-flex,-2,1.0
1211,BWA-no-clip,-1,0.9
1211,BWA-std,-1,0.7
1211,NW-flex,-1,1.0
1211,BWA-no-clip,0,1.0
1211,BWA-std,0,1.0
1211,NW-flex,0,1.0
1211,BWA-no-clip,1,1.0
1211,BWA-std,1,0.7
1211,NW-flex,1,1.0
1211,BWA-no-clip,2,1.0
1211,BWA-std,2,0.5
1211,NW-flex,2,1.0
1211,BWA-no-clip,3,1.0
1211,BWA-std,3,0.3
1211,NW-flex,3,1.0
1211,BWA-no-clip,4,1.0
1211,BWA-std,4,0.1
1211,NW-flex,4,1.0
1211,BWA-no-clip,5,1.0
1211,BWA-std,5,0.0
1211,NW-flex,5,1.0
1212,BWA-no-clip,-5,0.7
1212,BWA-std,-5,0.1
1212,NW-flex,-5,1.0
1212,BWA-no-clip,-4,0.7
1212,BWA-std,-4,0.2
1212,NW-flex,-4,1.0
1212,BWA-no-clip,-3,0.8
1212,BWA-std,-3,0.4
1212,NW-flex,-3,1.0
1212,BWA-no-clip,-2,0.9
1212,BWA-std,-2,0.6
1212,NW-flex,-2,1.0
1212,BWA-no-clip,-1,0.9
1212,BWA-std,-1,0.7
1212,NW-flex,-1,1.0
1212,BWA-no-clip,0,1.0
1212,BWA-std,0,1.0
1212,NW-flex,0,1.0
1212,BWA-no-clip,1,1.0
1212,BWA-std,1,0.7
1212,NW-flex,1,1.0
1212,BWA-no-clip,2,1.0
1212,BWA-std,2,0.5
1212,NW-flex,2,1.0
1212,BWA-no-clip,3,1.0
1212,BWA-std,3,0.3
1212,NW-flex,3,1.0
1212,BWA-no-clip,4,1.0
1212,BWA-std,4,0.1
1212,NW-flex,4,1.0
1212,BWA-no-clip,5,1.0
1212,BWA-std,5,0.0
1212,NW-flex,5,1.0
1213,BWA-no-clip,-5,0.6
1213,BWA-std,-5,0.1
1213,NW-flex,-5,1.0
1213,BWA-no-clip,-4,0.7
1213,BWA-std,-4,0.2
1213,NW-flex,-4,1.0
1213,BWA-no-clip,-3,0.8
1213,BWA-std,-3,0.4
1213,NW-flex,-3,1.0
1213,BWA-no-clip,-2,0.8
1213,BWA-std,-2,0.6
1213,NW-flex,-2,1.0
1213,BWA-no-clip,-1,0.9
1213,BWA-std,-1,0.7
1213,NW-flex,-1,1.0
1213,BWA-no-clip,0,1.0
1213,BWA-std,0,1.0
1213,NW-flex,0,1.0
1213,BWA-no-clip,1,1.0
1213,BWA-std,1,0.7
1213,NW-flex,1,1.0
1213,BWA-no-clip,2,0.9
1213,BWA-std,2,0.5
1213,NW-flex,2,1.0
1213,BWA-no-clip,3,0.9
1213,BWA-std,3,0.3
1213,NW-flex,3,1.0
1213,BWA-no-clip,4,0.9
1213,BWA-std,4,0.1
1213,NW-flex,4,1.0
1213,BWA-no-clip,5,0.9
1213,BWA-std,5,0.0
1213,NW-flex,5,1.0
1214,BWA-no-clip,-5,0.6
1214,BWA-std,-5,0.1
1214,NW-flex,-5,1.0
1214,BWA-no-clip,-4,0.6
1214,BWA-std,-4,0.2
1214,NW-flex,-4,1.0
1214,BWA-no-clip,-3,0.7
1214,BWA-std,-3,0.4
1214,NW-flex,-3,1.0
1214,BWA-no-clip,-2,0.8
1214,BWA-std,-2,0.5
1214,NW-flex,-2,1.0
1214,BWA-no-clip,-1,0.8
1214,BWA-std,-1,0.7
1214,NW-flex,-1,1.0
1214,BWA-no-clip,0,1.0
1214,BWA-std,0,1.0
1214,NW-flex,0,1.0
1214,BWA-no-clip,1,1.0
1214,BWA-std,1,0.7
1214,NW-flex,1,1.0
1214,BWA-no-clip,2,1.0
1214,BWA-std,2,0.5
1214,NW-flex,2,1.0
1214,BWA-no-clip,3,1.0
1214,BWA-std,3,0.3
1214,NW-flex,3,1.0
1214,BWA-no-clip,4,1.0
1214,BWA-std,4,0.1
1214,NW-flex,4,1.0
1214,BWA-no-clip,5,0.9
1214,BWA-std,5,0.0
1214,NW-flex,5,1.0
1215,BWA-no-clip,-5,0.6
1215,BWA-std,-5,0.1
1215,NW-flex,-5,1.0
1215,BWA-no-clip,-4,0.7
1215,BWA-std,-4,0.2
1215,NW-flex,-4,1.0
1215,BWA-no-clip,-3,0.7
1215,BWA-std,-3,0.4
1215,NW-flex,-3,1.0
1215,BWA-no-clip,-2,0.7333333333333333
1215,BWA-std,-2,0.5
1215,NW-flex,-2,1.0
1215,BWA-no-clip,-1,0.7
1215,BWA-std,-1,0.7
1215,NW-flex,-1,1.0
1215,BWA-no-clip,0,1.0
1215,BWA-std,0,1.0
1215,NW-flex,0,1.0
1215,BWA-no-clip,1,0.8
1215,BWA-std,1,0.7
1215,NW-flex,1,1.0
1215,BWA-no-clip,2,0.8
1215,BWA-std,2,0.5
1215,NW-flex,2,1.0
1215,BWA-no-clip,3,0.8
1215,BWA-std,3,0.3
1215,NW-flex,3,1.0
1215,BWA-no-clip,4,0.8
1215,BWA-std,4,0.1
1215,NW-flex,4,1.0
1215,BWA-no-clip,5,0.8
1215,BWA-std,5,0.0
1215,NW-flex,5,1.0
1216,BWA-no-clip,-5,0.5
1216,BWA-std,-5,0.1
1216,NW-flex,-5,1.0
1216,BWA-no-clip,-4,0.7
1216,BWA-std,-4,0.2
1216,NW-flex,-4,1.0
1216,BWA-no-clip,-3,0.7
1216,BWA-std,-3,0.4
1216,NW-flex,-3,1.0
1216,BWA-no-clip,-2,0.9
1216,BWA-std,-2,0.6
1216,NW-flex,-2,1.0
1216,BWA-no-clip,-1,0.9
1216,BWA-std,-1,0.7
1216,NW-flex,-1,1.0
1216,BWA-no-clip,0,1.0
1216,BWA-std,0,1.0
1216,NW-flex,0,1.0
1216,BWA-no-clip,1,1.0
1216,BWA-std,1,0.7
1216,NW-flex,1,1.0
1216,BWA-no-clip,2,1.0
1216,BWA-std,2,0.5
1216,NW-flex,2,1.0
1216,BWA-no-clip,3,1.0
1216,BWA-std,3,0.3
1216,NW-flex,3,1.0
1216,BWA-no-clip,4,1.0
1216,BWA-std,4,0.1
1216,NW-flex,4,1.0
1216,BWA-no-clip,5,1.0
1216,BWA-std,5,0.0
1216,NW-flex,5,1.0
1217,BWA-no-clip,-5,0.3
1217,BWA-std,-5,0.1
1217,NW-flex,-5,1.0
1217,BWA-no-clip,-4,0.4
1217,BWA-std,-4,0.2
1217,NW-flex,-4,1.0
1217,BWA-no-clip,-3,0.4
1217,BWA-std,-3,0.4
1217,NW-flex,-3,1.0
1217,BWA-no-clip,-2,0.6666666666666666
1217,BWA-std,-2,0.5
1217,NW-flex,-2,1.0
1217,BWA-no-clip,-1,0.6
1217,BWA-std,-1,0.6
1217,NW-flex,-1,1.0
1217,BWA-no-clip,0,1.0
1217,BWA-std,0,1.0
1217,NW-flex,0,1.0
1217,BWA-no-clip,1,0.7
1217,BWA-std,1,0.7
1217,NW-flex,1,1.0
1217,BWA-no-clip,2,0.7
1217,BWA-std,2,0.5
1217,NW-flex,2,1.0
1217,BWA-no-clip,3,0.7
1217,BWA-std,3,0.3
1217,NW-flex,3,1.0
1217,BWA-no-clip,4,0.7
1217,BWA-std,4,0.1
1217,NW-flex,4,1.0
1217,BWA-no-clip,5,0.7
1217,BWA-std,5,0.0
1217,NW-flex,5,1.0
1218,BWA-no-clip,-5,0.3
1218,BWA-std,-5,0.1
1218,NW-flex,-5,1.0
1218,BWA-no-clip,-4,0.6
1218,BWA-std,-4,0.2
1218,NW-flex,-4,1.0
1218,BWA-no-clip,-3,0.6
1218,BWA-std,-3,0.4
1218,NW-flex,-3,1.0
1218,BWA-no-clip,-2,0.8
1218,BWA-std,-2,0.5
1218,NW-flex,-2,1.0
1218,BWA-no-clip,-1,0.8
1218,BWA-std,-1,0.7
1218,NW-flex,-1,1.0
1218,BWA-no-clip,0,1.0
1218,BWA-std,0,1.0
1218,NW-flex,0,1.0
1218,BWA-no-clip,1,0.9
1218,BWA-std,1,0.7
1218,NW-flex,1,1.0
1218,BWA-no-clip,2,0.8
1218,BWA-std,2,0.5
1218,NW-flex,2,1.0
1218,BWA-no-clip,3,0.9
1218,BWA-std,3,0.3
1218,NW-flex,3,1.0
1218,BWA-no-clip,4,0.9
1218,BWA-std,4,0.1
1218,NW-flex,4,1.0
1218,BWA-no-clip,5,0.9
1218,BWA-std,5,0.0
1218,NW-flex,5,1.0
1219,BWA-no-clip,-5,0.3
1219,BWA-std,-5,0.1
1219,NW-flex,-5,1.0
1219,BWA-no-clip,-4,0.7
1219,BWA-std,-4,0.2
1219,NW-flex,-4,1.0
1219,BWA-no-clip,-3,0.8
1219,BWA-std,-3,0.4
1219,NW-flex,-3,1.0
1219,BWA-no-clip,-2,0.9
1219,BWA-std,-2,0.6
1219,NW-flex,-2,1.0
1219,BWA-no-clip,-1,0.9
1219,BWA-std,-1,0.7
1219,NW-flex,-1,1.0
1219,BWA-no-clip,0,1.0
1219,BWA-std,0,1.0
1219,NW-flex,0,1.0
1219,BWA-no-clip,1,1.0
1219,BWA-std,1,0.7
1219,NW-flex,1,1.0
1219,BWA-no-clip,2,1.0
1219,BWA-std,2,0.5
1219,NW-flex,2,1.0
1219,BWA-no-clip,3,1.0
1219,BWA-std,3,0.3
1219,NW-flex,3,1.0
1219,BWA-no-clip,4,1.0
1219,BWA-std,4,0.1
1219,NW-flex,4,1.0
1219,BWA-no-clip,5,1.0
1219,BWA-std,5,0.0
1219,NW-flex,5,1.0
1220,BWA-no-clip,-5,0.5
1220,BWA-std,-5,0.1
1220,NW-flex,-5,1.0
1220,BWA-no-clip,-4,0.6
1220,BWA-std,-4,0.2
1220,NW-flex,-4,1.0
1220,BWA-no-clip,-3,0.6
1220,BWA-std,-3,0.4
1220,NW-flex,-3,1.0
1220,BWA-no-clip,-2,0.9
1220,BWA-std,-2,0.6
1220,NW-flex,-2,1.0
1220,BWA-no-clip,-1,0.9
1220,BWA-std,-1,0.7
1220,NW-flex,-1,1.0
1220,BWA-no-clip,0,1.0
1220,BWA-std,0,1.0
1220,NW-flex,0,1.0
1220,BWA-no-clip,1,1.0
1220,BWA-std,1,0.7
1220,NW-flex,1,1.0
1220,BWA-no-clip,2,1.0
1220,BWA-std,2,0.5
1220,NW-flex,2,1.0
1220,BWA-no-clip,3,1.0
1220,BWA-std,3,0.3
1220,NW-flex,3,1.0
1220,BWA-no-clip,4,1.0
1220,BWA-std,4,0.1
1220,NW-flex,4,1.0
1220,BWA-no-clip,5,1.0
1220,BWA-std,5,0.0
1220,NW-flex,5,1.0
1221,BWA-no-clip,-5,0.4
1221,BWA-std,-5,0.1
1221,NW-flex,-5,1.0
1221,BWA-no-clip,-4,0.7
1221,BWA-std,-4,0.2
1221,NW-flex,-4,1.0
1221,BWA-no-clip,-3,0.8
1221,BWA-std,-3,0.4
1221,NW-flex,-3,1.0
1221,BWA-no-clip,-2,0.9
1221,BWA-std,-2,0.6
1221,NW-flex,-2,1.0
1221,BWA-no-clip,-1,0.9
1221,BWA-std,-1,0.7
1221,NW-flex,-1,1.0
1221,BWA-no-clip,0,1.0
1221,BWA-std,0,1.0
1221,NW-flex,0,1.0
1221,BWA-no-clip,1,1.0
1221,BWA-std,1,0.7
1221,NW-flex,1,1.0
1221,BWA-no-clip,2,1.0
1221,BWA-std,2,0.5
1221,NW-flex,2,1.0
1221,BWA-no-clip,3,1.0
1221,BWA-std,3,0.3
1221,NW-flex,3,1.0
1221,BWA-no-clip,4,1.0
1221,BWA-std,4,0.1
1221,NW-flex,4,1.0
1221,BWA-no-clip,5,1.0
1221,BWA-std,5,0.0
1221,NW-flex,5,1.0
1222,BWA-no-clip,-5,0.5
1222,BWA-std,-5,0.1
1222,NW-flex,-5,1.0
1222,BWA-no-clip,-4,0.6
1222,BWA-std,-4,0.2
1222,NW-flex,-4,1.0
1222,BWA-no-clip,-3,0.6
1222,BWA-std,-3,0.4
1222,NW-flex,-3,1.0
1222,BWA-no-clip,-2,0.8
1222,BWA-std,-2,0.5
1222,NW-flex,-2,1.0
1222,BWA-no-clip,-1,0.8
1222,BWA-std,-1,0.7
1222,NW-flex,-1,1.0
1222,BWA-no-clip,0,1.0
1222,BWA-std,0,1.0
1222,NW-flex,0,1.0
1222,BWA-no-clip,1,0.9
1222,BWA-std,1,0.7
1222,NW-flex,1,1.0
1222,BWA-no-clip,2,0.9
1222,BWA-std,2,0.5
1222,NW-flex,2,1.0
1222,BWA-no-clip,3,0.9
1222,BWA-std,3,0.3
1222,NW-flex,3,1.0
1222,BWA-no-clip,4,0.9
1222,BWA-std,4,0.1
1222,NW-flex,4,1.0
1222,BWA-no-clip,5,0.9
1222,BWA-std,5,0.0
1222,NW-flex,5,1.0
1223,BWA-no-clip,-5,0.5
1223,BWA-std,-5,0.1
1223,NW-flex,-5,1.0
1223,BWA-no-clip,-4,0.7
1223,BWA-std,-4,0.2
1223,NW-flex,-4,1.0
1223,BWA-no-clip,-3,0.7
1223,BWA-std,-3,0.4
1223,NW-flex,-3,1.0
1223,BWA-no-clip,-2,0.7333333333333333
1223,BWA-std,-2,0.5
1223,NW-flex,-2,1.0
1223,BWA-no-clip,-1,0.7
1223,BWA-std,-1,0.7
1223,NW-flex,-1,1.0
1223,BWA-no-clip,0,1.0
1223,BWA-std,0,1.0
1223,NW-flex,0,1.0
1223,BWA-no-clip,1,0.8
1223,BWA-std,1,0.7
1223,NW-flex,1,1.0
1223,BWA-no-clip,2,0.8
1223,BWA-std,2,0.5
1223,NW-flex,2,1.0
1223,BWA-no-clip,3,0.8
1223,BWA-std,3,0.3
1223,NW-flex,3,1.0
1223,BWA-no-clip,4,0.8
1223,BWA-std,4,0.1
1223,NW-flex,4,1.0
1223,BWA-no-clip,5,0.8
1223,BWA-std,5,0.0
1223,NW-flex,5,1.0
1224,BWA-no-clip,-5,0.4
1224,BWA-std,-5,0.1
1224,NW-flex,-5,1.0
1224,BWA-no-clip,-4,0.6
1224,BWA-std,-4,0.2
1224,NW-flex,-4,1.0
1224,BWA-no-clip,-3,0.6
1224,BWA-std,-3,0.4
1224,NW-flex,-3,1.0
1224,BWA-no-clip,-2,0.8
1224,BWA-std,-2,0.5
1224,NW-flex,-2,1.0
1224,BWA-no-clip,-1,0.6
1224,BWA-std,-1,0.6
1224,NW-flex,-1,1.0
1224,BWA-no-clip,0,1.0
1224,BWA-std,0,1.0
1224,NW-flex,0,1.0
1224,BWA-no-clip,1,0.8
1224,BWA-std,1,0.7
1224,NW-flex,1,1.0
1224,BWA-no-clip,2,1.0
1224,BWA-std,2,0.5
1224,NW-flex,2,1.0
1224,BWA-no-clip,3,1.0
1224,BWA-std,3,0.3
1224,NW-flex,3,1.0
1224,BWA-no-clip,4,1.0
1224,BWA-std,4,0.1
1224,NW-flex,4,1.0
1224,BWA-no-clip,5,1.0
1224,BWA-std,5,0.0
1224,NW-flex,5,1.0
1225,BWA-no-clip,-5,0.6
1225,BWA-std,-5,0.1
1225,NW-flex,-5,1.0
1225,BWA-no-clip,-4,0.7
1225,BWA-std,-4,0.2
1225,NW-flex,-4,1.0
1225,BWA-no-clip,-3,0.7
1225,BWA-std,-3,0.4
1225,NW-flex,-3,1.0
1225,BWA-no-clip,-2,0.8
1225,BWA-std,-2,0.6
1225,NW-flex,-2,1.0
1225,BWA-no-clip,-1,0.9
1225,BWA-std,-1,0.7
1225,NW-flex,-1,1.0
1225,BWA-no-clip,0,1.0
1225,BWA-std,0,1.0
1225,NW-flex,0,1.0
1225,BWA-no-clip,1,1.0
1225,BWA-std,1,0.7
1225,NW-flex,1,1.0
1225,BWA-no-clip,2,1.0
1225,BWA-std,2,0.5
1225,NW-flex,2,1.0
1225,BWA-no-clip,3,1.0
1225,BWA-std,3,0.3
1225,NW-flex,3,1.0
1225,BWA-no-clip,4,1.0
1225,BWA-std,4,0.1
1225,NW-flex,4,1.0
1225,BWA-no-clip,5,1.0
1225,BWA-std,5,0.0
1225,NW-flex,5,1.0
1226,BWA-no-clip,-5,0.6
1226,BWA-std,-5,0.1
1226,NW-flex,-5,1.0
1226,BWA-no-clip,-4,0.7
1226,BWA-std,-4,0.2
1226,NW-flex,-4,1.0
1226,BWA-no-clip,-3,0.8
1226,BWA-std,-3,0.4
1226,NW-flex,-3,1.0
1226,BWA-no-clip,-2,0.9
1226,BWA-std,-2,0.6
1226,NW-flex,-2,1.0
1226,BWA-no-clip,-1,0.9
1226,BWA-std,-1,0.7
1226,NW-flex,-1,1.0
1226,BWA-no-clip,0,1.0
1226,BWA-std,0,1.0
1226,NW-flex,0,1.0
1226,BWA-no-clip,1,1.0
1226,BWA-std,1,0.7
1226,NW-flex,1,1.0
1226,BWA-no-clip,2,0.9
1226,BWA-std,2,0.5
1226,NW-flex,2,1.0
1226,BWA-no-clip,3,0.9
1226,BWA-std,3,0.3
1226,NW-flex,3,1.0
1226,BWA-no-clip,4,0.9
1226,BWA-std,4,0.1
1226,NW-flex,4,1.0
1226,BWA-no-clip,5,0.9
1226,BWA-std,5,0.0
1226,NW-flex,5,1.0
1227,BWA-no-clip,-5,0.4
1227,BWA-std,-5,0.1
1227,NW-flex,-5,1.0
1227,BWA-no-clip,-4,0.6
1227,BWA-std,-4,0.2
1227,NW-flex,-4,1.0
1227,BWA-no-clip,-3,0.6
1227,BWA-std,-3,0.4
1227,NW-flex,-3,1.0
1227,BWA-no-clip,-2,0.8
1227,BWA-std,-2,0.5
1227,NW-flex,-2,1.0
1227,BWA-no-clip,-1,0.8
1227,BWA-std,-1,0.7
1227,NW-flex,-1,1.0
1227,BWA-no-clip,0,1.0
1227,BWA-std,0,1.0
1227,NW-flex,0,1.0
1227,BWA-no-clip,1,1.0
1227,BWA-std,1,0.7
1227,NW-flex,1,1.0
1227,BWA-no-clip,2,1.0
1227,BWA-std,2,0.5
1227,NW-flex,2,1.0
1227,BWA-no-clip,3,1.0
1227,BWA-std,3,0.3
1227,NW-flex,3,1.0
1227,BWA-no-clip,4,1.0
1227,BWA-std,4,0.1
1227,NW-flex,4,1.0
1227,BWA-no-clip,5,0.8
1227,BWA-std,5,0.0
1227,NW-flex,5,1.0
1228,BWA-no-clip,-5,0.4
1228,BWA-std,-5,0.1
1228,NW-flex,-5,1.0
1228,BWA-no-clip,-4,0.4
1228,BWA-std,-4,0.2
1228,NW-flex,-4,1.0
1228,BWA-no-clip,-3,0.7
1228,BWA-std,-3,0.4
1228,NW-flex,-3,1.0
1228,BWA-no-clip,-2,0.8
1228,BWA-std,-2,0.6
1228,NW-flex,-2,1.0
1228,BWA-no-clip,-1,0.9
1228,BWA-std,-1,0.7
1228,NW-flex,-1,1.0
1228,BWA-no-clip,0,1.0
1228,BWA-std,0,1.0
1228,NW-flex,0,1.0
1228,BWA-no-clip,1,1.0
1228,BWA-std,1,0.7
1228,NW-flex,1,1.0
1228,BWA-no-clip,2,1.0
1228,BWA-std,2,0.5
1228,NW-flex,2,1.0
1228,BWA-no-clip,3,1.0
1228,BWA-std,3,0.3
1228,NW-flex,3,1.0
1228,BWA-no-clip,4,1.0
1228,BWA-std,4,0.1
1228,NW-flex,4,1.0
1228,BWA-no-clip,5,1.0
1228,BWA-std,5,0.0
1228,NW-flex,5,1.0
1229,BWA-no-clip,-5,0.5
1229,BWA-std,-5,0.1
1229,NW-flex,-5,1.0
1229,BWA-no-clip,-4,0.6
1229,BWA-std,-4,0.2
1229,NW-flex,-4,1.0
1229,BWA-no-clip,-3,0.7
1229,BWA-std,-3,0.4
1229,NW-flex,-3,1.0
1229,BWA-no-clip,-2,0.8
1229,BWA-std,-2,0.6
1229,NW-flex,-2,1.0
1229,BWA-no-clip,-1,0.9
1229,BWA-std,-1,0.7
1229,NW-flex,-1,1.0
1229,BWA-no-clip,0,1.0
1229,BWA-std,0,1.0
1229,NW-flex,0,1.0
1229,BWA-no-clip,1,1.0
1229,BWA-std,1,0.7
1229,NW-flex,1,1.0
1229,BWA-no-clip,2,1.0
1229,BWA-std,2,0.5
1229,NW-flex,2,1.0
1229,BWA-no-clip,3,1.0
1229,BWA-std,3,0.3
1229,NW-flex,3,1.0
1229,BWA-no-clip,4,1.0
1229,BWA-std,4,0.1
1229,NW-flex,4,1.0
1229,BWA-no-clip,5,1.0
1229,BWA-std,5,0.0
1229,NW-flex,5,1.0
1230,BWA-no-clip,-5,0.5
1230,BWA-std,-5,0.1
1230,NW-flex,-5,1.0
1230,BWA-no-clip,-4,0.6
1230,BWA-std,-4,0.2
1230,NW-flex,-4,1.0
1230,BWA-no-clip,-3,0.7
1230,BWA-std,-3,0.4
1230,NW-flex,-3,1.0
1230,BWA-no-clip,-2,0.7333333333333333
1230,BWA-std,-2,0.5
1230,NW-flex,-2,1.0
1230,BWA-no-clip,-1,0.7
1230,BWA-std,-1,0.7
1230,NW-flex,-1,1.0
1230,BWA-no-clip,0,1.0
1230,BWA-std,0,1.0
1230,NW-flex,0,1.0
1230,BWA-no-clip,1,0.8
1230,BWA-std,1,0.7
1230,NW-flex,1,1.0
1230,BWA-no-clip,2,0.8
1230,BWA-std,2,0.5
1230,NW-flex,2,1.0
1230,BWA-no-clip,3,0.8
1230,BWA-std,3,0.3
1230,NW-flex,3,1.0
1230,BWA-no-clip,4,0.8
1230,BWA-std,4,0.1
1230,NW-flex,4,1.0
1230,BWA-no-clip,5,0.8
1230,BWA-std,5,0.0
1230,NW-flex,5,1.0
1231,BWA-no-clip,-5,0.3
1231,BWA-std,-5,0.1
1231,NW-flex,-5,1.0
1231,BWA-no-clip,-4,0.6
1231,BWA-std,-4,0.2
1231,NW-flex,-4,1.0
1231,BWA-no-clip,-3,0.6
1231,BWA-std,-3,0.4
1231,NW-flex,-3,1.0
1231,BWA-no-clip,-2,0.8
1231,BWA-std,-2,0.5
1231,NW-flex,-2,1.0
1231,BWA-no-clip,-1,0.6
1231,BWA-std,-1,0.6
1231,NW-flex,-1,1.0
1231,BWA-no-clip,0,1.0
1231,BWA-std,0,1.0
1231,NW-flex,0,1.0
1231,BWA-no-clip,1,0.8
1231,BWA-std,1,0.7
1231,NW-flex,1,1.0
1231,BWA-no-clip,2,1.0
1231,BWA-std,2,0.5
1231,NW-flex,2,1.0
1231,BWA-no-clip,3,1.0
1231,BWA-std,3,0.3
1231,NW-flex,3,1.0
1231,BWA-no-clip,4,1.0
1231,BWA-std,4,0.1
1231,NW-flex,4,1.0
1231,BWA-no-clip,5,0.9
1231,BWA-std,5,0.0
1231,NW-flex,5,1.0
1232,BWA-no-clip,-5,0.6
1232,BWA-std,-5,0.1
1232,NW-flex,-5,1.0
1232,BWA-no-clip,-4,0.7
1232,BWA-std,-4,0.2
1232,NW-flex,-4,1.0
1232,BWA-no-clip,-3,0.8
1232,BWA-std,-3,0.4
1232,NW-flex,-3,1.0
1232,BWA-no-clip,-2,0.8
1232,BWA-std,-2,0.6
1232,NW-flex,-2,1.0
1232,BWA-no-clip,-1,0.9
1232,BWA-std,-1,0.7
1232,NW-flex,-1,1.0
1232,BWA-no-clip,0,1.0
1232,BWA-std,0,1.0
1232,NW-flex,0,1.0
1232,BWA-no-clip,1,1.0
1232,BWA-std,1,0.7
1232,NW-flex,1,1.0
1232,BWA-no-clip,2,1.0
1232,BWA-std,2,0.5
1232,NW-flex,2,1.0
1232,BWA-no-clip,3,1.0
1232,BWA-std,3,0.3
1232,NW-flex,3,1.0
1232,BWA-no-clip,4,1.0
1232,BWA-std,4,0.1
1232,NW-flex,4,1.0
1232,BWA-no-clip,5,1.0
1232,BWA-std,5,0.0
1232,NW-flex,5,1.0
1233,BWA-no-clip,-5,0.5
1233,BWA-std,-5,0.1
1233,NW-flex,-5,1.0
1233,BWA-no-clip,-4,0.7
1233,BWA-std,-4,0.2
1233,NW-flex,-4,1.0
1233,BWA-no-clip,-3,0.7
1233,BWA-std,-3,0.4
1233,NW-flex,-3,1.0
1233,BWA-no-clip,-2,0.8
1233,BWA-std,-2,0.6
1233,NW-flex,-2,1.0
1233,BWA-no-clip,-1,0.9
1233,BWA-std,-1,0.7
1233,NW-flex,-1,1.0
1233,BWA-no-clip,0,1.0
1233,BWA-std,0,1.0
1233,NW-flex,0,1.0
1233,BWA-no-clip,1,1.0
1233,BWA-std,1,0.7
1233,NW-flex,1,1.0
1233,BWA-no-clip,2,1.0
1233,BWA-std,2,0.5
1233,NW-flex,2,1.0
1233,BWA-no-clip,3,1.0
1233,BWA-std,3,0.3
1233,NW-flex,3,1.0
1233,BWA-no-clip,4,1.0
1233,BWA-std,4,0.1
1233,NW-flex,4,1.0
1233,BWA-no-clip,5,1.0
1233,BWA-std,5,0.0
1233,NW-flex,5,1.0
1234,BWA-no-clip,-5,0.3
1234,BWA-std,-5,0.1
1234,NW-flex,-5,1.0
1234,BWA-no-clip,-4,0.6
1234,BWA-std,-4,0.2
1234,NW-flex,-4,1.0
1234,BWA-no-clip,-3,0.7
1234,BWA-std,-3,0.4
1234,NW-flex,-3,1.0
1234,BWA-no-clip,-2,0.8
1234,BWA-std,-2,0.6
1234,NW-flex,-2,1.0
1234,BWA-no-clip,-1,0.9
1234,BWA-std,-1,0.7
1234,NW-flex,-1,1.0
1234,BWA-no-clip,0,1.0
1234,BWA-std,0,1.0
1234,NW-flex,0,1.0
1234,BWA-no-clip,1,1.0
1234,BWA-std,1,0.7
1234,NW-flex,1,1.0
1234,BWA-no-clip,2,1.0
1234,BWA-std,2,0.5
1234,NW-flex,2,1.0
1234,BWA-no-clip,3,1.0
1234,BWA-std,3,0.3
1234,NW-flex,3,1.0
1234,BWA-no-clip,4,0.9
1234,BWA-std,4,0.1
1234,NW-flex,4,1.0
1234,BWA-no-clip,5,1.0
1234,BWA-std,5,0.0
1234,NW-flex,5,1.0
1235,BWA-no-clip,-5,0.6
1235,BWA-std,-5,0.1
1235,NW-flex,-5,1.0
1235,BWA-no-clip,-4,0.7
1235,BWA-std,-4,0.2
1235,NW-flex,-4,1.0
1235,BWA-no-clip,-3,0.8
1235,BWA-std,-3,0.4
1235,NW-flex,-3,1.0
1235,BWA-no-clip,-2,0.8
1235,BWA-std,-2,0.6
1235,NW-flex,-2,1.0
1235,BWA-no-clip,-1,0.9
1235,BWA-std,-1,0.7
1235,NW-flex,-1,1.0
1235,BWA-no-clip,0,1.0
1235,BWA-std,0,1.0
1235,NW-flex,0,1.0
1235,BWA-no-clip,1,1.0
1235,BWA-std,1,0.7
1235,NW-flex,1,1.0
1235,BWA-no-clip,2,0.9
1235,BWA-std,2,0.5
1235,NW-flex,2,1.0
1235,BWA-no-clip,3,0.9
1235,BWA-std,3,0.3
1235,NW-flex,3,1.0
1235,BWA-no-clip,4,0.9
1235,BWA-std,4,0.1
1235,NW-flex,4,1.0
1235,BWA-no-clip,5,0.9
1235,BWA-std,5,0.0
1235,NW-flex,5,1.0
1236,BWA-no-clip,-5,0.5
1236,BWA-std,-5,0.1
1236,NW-flex,-5,1.0
1236,BWA-no-clip,-4,0.6
1236,BWA-std,-4,0.2
1236,NW-flex,-4,1.0
1236,BWA-no-clip,-3,0.6
1236,BWA-std,-3,0.4
1236,NW-flex,-3,1.0
1236,BWA-no-clip,-2,0.8
1236,BWA-std,-2,0.5
1236,NW-flex,-2,1.0
1236,BWA-no-clip,-1,0.6
1236,BWA-std,-1,0.6
1236,NW-flex,-1,1.0
1236,BWA-no-clip,0,1.0
1236,BWA-std,0,1.0
1236,NW-flex,0,1.0
1236,BWA-no-clip,1,0.8
1236,BWA-std,1,0.7
1236,NW-flex,1,1.0
1236,BWA-no-clip,2,1.0
1236,BWA-std,2,0.5
1236,NW-flex,2,1.0
1236,BWA-no-clip,3,1.0
1236,BWA-std,3,0.3
1236,NW-flex,3,1.0
1236,BWA-no-clip,4,1.0
1236,BWA-std,4,0.1
1236,NW-flex,4,1.0
1236,BWA-no-clip,5,1.0
1236,BWA-std,5,0.0
1236,NW-flex,5,1.0
1237,BWA-no-clip,-5,0.7
1237,BWA-std,-5,0.1
1237,NW-flex,-5,1.0
1237,BWA-no-clip,-4,0.7
1237,BWA-std,-4,0.2
1237,NW-flex,-4,1.0
1237,BWA-no-clip,-3,0.8
1237,BWA-std,-3,0.4
1237,NW-flex,-3,1.0
1237,BWA-no-clip,-2,0.9
1237,BWA-std,-2,0.6
1237,NW-flex,-2,1.0
1237,BWA-no-clip,-1,0.9
1237,BWA-std,-1,0.7
1237,NW-flex,-1,1.0
1237,BWA-no-clip,0,1.0
1237,BWA-std,0,1.0
1237,NW-flex,0,1.0
1237,BWA-no-clip,1,1.0
1237,BWA-std,1,0.7
1237,NW-flex,1,1.0
1237,BWA-no-clip,2,1.0
1237,BWA-std,2,0.5
1237,NW-flex,2,1.0
1237,BWA-no-clip,3,1.0
1237,BWA-std,3,0.3
1237,NW-flex,3,1.0
1237,BWA-no-clip,4,1.0
1237,BWA-std,4,0.1
1237,NW-flex,4,1.0
1237,BWA-no-clip,5,1.0
1237,BWA-std,5,0.0
1237,NW-flex,5,1.0
1238,BWA-no-clip,-5,0.6
1238,BWA-std,-5,0.1
1238,NW-flex,-5,1.0
1238,BWA-no-clip,-4,0.7
1238,BWA-std,-4,0.2
1238,NW-flex,-4,1.0
1238,BWA-no-clip,-3,0.7
1238,BWA-std,-3,0.4
1238,NW-flex,-3,1.0
1238,BWA-no-clip,-2,0.7333333333333333
1238,BWA-std,-2,0.5
1238,NW-flex,-2,1.0
1238,BWA-no-clip,-1,0.7
1238,BWA-std,-1,0.7
1238,NW-flex,-1,1.0
1238,BWA-no-clip,0,1.0
1238,BWA-std,0,1.0
1238,NW-flex,0,1.0
1238,BWA-no-clip,1,0.8
1238,BWA-std,1,0.7
1238,NW-flex,1,1.0
1238,BWA-no-clip,2,0.8
1238,BWA-std,2,0.5
1238,NW-flex,2,1.0
1238,BWA-no-clip,3,0.8
1238,BWA-std,3,0.3
1238,NW-flex,3,1.0
1238,BWA-no-clip,4,0.8
1238,BWA-std,4,0.1
1238,NW-flex,4,1.0
1238,BWA-no-clip,5,0.8
1238,BWA-std,5,0.0
1238,NW-flex,5,1.0
1239,BWA-no-clip,-5,0.6
1239,BWA-std,-5,0.1
1239,NW-flex,-5,1.0
1239,BWA-no-clip,-4,0.7
1239,BWA-std,-4,0.2
1239,NW-flex,-4,1.0
1239,BWA-no-clip,-3,0.7
1239,BWA-std,-3,0.4
1239,NW-flex,-3,1.0
1239,BWA-no-clip,-2,0.8
1239,BWA-std,-2,0.5
1239,NW-flex,-2,1.0
1239,BWA-no-clip,-1,0.7
1239,BWA-std,-1,0.7
1239,NW-flex,-1,1.0
1239,BWA-no-clip,0,1.0
1239,BWA-std,0,1.0
1239,NW-flex,0,1.0
1239,BWA-no-clip,1,0.9
1239,BWA-std,1,0.7
1239,NW-flex,1,1.0
1239,BWA-no-clip,2,1.0
1239,BWA-std,2,0.5
1239,NW-flex,2,1.0
1239,BWA-no-clip,3,1.0
1239,BWA-std,3,0.3
1239,NW-flex,3,1.0
1239,BWA-no-clip,4,1.0
1239,BWA-std,4,0.1
1239,NW-flex,4,1.0
1239,BWA-no-clip,5,1.0
1239,BWA-std,5,0.0
1239,NW-flex,5,1.0
1240,BWA-no-clip,-5,0.4
1240,BWA-std,-5,0.1
1240,NW-flex,-5,1.0
1240,BWA-no-clip,-4,0.4
1240,BWA-std,-4,0.2
1240,NW-flex,-4,1.0
1240,BWA-no-clip,-3,0.6
1240,BWA-std,-3,0.3
1240,NW-flex,-3,1.0
1240,BWA-no-clip,-2,0.7
1240,BWA-std,-2,0.5
1240,NW-flex,-2,1.0
1240,BWA-no-clip,-1,0.8
1240,BWA-std,-1,0.7
1240,NW-flex,-1,1.0
1240,BWA-no-clip,0,1.0
1240,BWA-std,0,1.0
1240,NW-flex,0,1.0
1240,BWA-no-clip,1,0.9
1240,BWA-std,1,0.7
1240,NW-flex,1,1.0
1240,BWA-no-clip,2,0.9
1240,BWA-std,2,0.5
1240,NW-flex,2,1.0
1240,BWA-no-clip,3,0.8
1240,BWA-std,3,0.3
1240,NW-flex,3,1.0
1240,BWA-no-clip,4,0.8
1240,BWA-std,4,0.1
1240,NW-flex,4,1.0
1240,BWA-no-clip,5,0.8
1240,BWA-std,5,0.0
1240,NW-flex,5,1.0
1241,BWA-no-clip,-5,0.6
1241,BWA-std,-5,0.1
1241,NW-flex,-5,1.0
1241,BWA-no-clip,-4,0.6
1241,BWA-std,-4,0.2
1241,NW-flex,-4,1.0
1241,BWA-no-clip,-3,0.7
1241,BWA-std,-3,0.4
1241,NW-flex,-3,1.0
1241,BWA-no-clip,-2,0.7
1241,BWA-std,-2,0.6
1241,NW-flex,-2,1.0
1241,BWA-no-clip,-1,0.9
1241,BWA-std,-1,0.7
1241,NW-flex,-1,1.0
1241,BWA-no-clip,0,1.0
1241,BWA-std,0,1.0
1241,NW-flex,0,1.0
1241,BWA-no-clip,1,1.0
1241,BWA-std,1,0.7
1241,NW-flex,1,1.0
1241,BWA-no-clip,2,1.0
1241,BWA-std,2,0.5
1241,NW-flex,2,1.0
1241,BWA-no-clip,3,1.0
1241,BWA-std,3,0.3
1241,NW-flex,3,1.0
1241,BWA-no-clip,4,1.0
1241,BWA-std,4,0.1
1241,NW-flex,4,1.0
1241,BWA-no-clip,5,1.0
1241,BWA-std,5,0.0
1241,NW-flex,5,1.0
1242,BWA-no-clip,-5,0.7
1242,BWA-std,-5,0.1
1242,NW-flex,-5,1.0
1242,BWA-no-clip,-4,0.7
1242,BWA-std,-4,0.2
1242,NW-flex,-4,1.0
1242,BWA-no-clip,-3,0.8
1242,BWA-std,-3,0.4
1242,NW-flex,-3,1.0
1242,BWA-no-clip,-2,0.9
1242,BWA-std,-2,0.6
1242,NW-flex,-2,1.0
1242,BWA-no-clip,-1,0.9
1242,BWA-std,-1,0.7
1242,NW-flex,-1,1.0
1242,BWA-no-clip,0,1.0
1242,BWA-std,0,1.0
1242,NW-flex,0,1.0
1242,BWA-no-clip,1,1.0
1242,BWA-std,1,0.7
1242,NW-flex,1,1.0
1242,BWA-no-clip,2,1.0
1242,BWA-std,2,0.5
1242,NW-flex,2,1.0
1242,BWA-no-clip,3,1.0
1242,BWA-std,3,0.3
1242,NW-flex,3,1.0
1242,BWA-no-clip,4,1.0
1242,BWA-std,4,0.1
1242,NW-flex,4,1.0
1242,BWA-no-clip,5,1.0
1242,BWA-std,5,0.0
1242,NW-flex,5,1.0
1243,BWA-no-clip,-5,0.3
1243,BWA-std,-5,0.1
1243,NW-flex,-5,1.0
1243,BWA-no-clip,-4,0.3
1243,BWA-std,-4,0.2
1243,NW-flex,-4,1.0
1243,BWA-no-clip,-3,0.3
1243,BWA-std,-3,0.4
1243,NW-flex,-3,1.0
1243,BWA-no-clip,-2,0.4666666666666667
1243,BWA-std,-2,0.36666666666666664
1243,NW-flex,-2,1.0
1243,BWA-no-clip,-1,0.3
1243,BWA-std,-1,0.3
1243,NW-flex,-1,1.0
1243,BWA-no-clip,0,1.0
1243,BWA-std,0,1.0
1243,NW-flex,0,1.0
1243,BWA-no-clip,1,0.4
1243,BWA-std,1,0.4
1243,NW-flex,1,1.0
1243,BWA-no-clip,2,0.4
1243,BWA-std,2,0.4
1243,NW-flex,2,1.0
1243,BWA-no-clip,3,0.4
1243,BWA-std,3,0.3
1243,NW-flex,3,1.0
1243,BWA-no-clip,4,0.4
1243,BWA-std,4,0.1
1243,NW-flex,4,1.0
1243,BWA-no-clip,5,0.4
1243,BWA-std,5,0.0
1243,NW-flex,5,1.0
1244,BWA-no-clip,-5,0.5
1244,BWA-std,-5,0.1
1244,NW-flex,-5,1.0
1244,BWA-no-clip,-4,0.5
1244,BWA-std,-4,0.2
1244,NW-flex,-4,1.0
1244,BWA-no-clip,-3,0.7
1244,BWA-std,-3,0.4
1244,NW-flex,-3,1.0
1244,BWA-no-clip,-2,0.8
1244,BWA-std,-2,0.6
1244,NW-flex,-2,1.0
1244,BWA-no-clip,-1,0.9
1244,BWA-std,-1,0.7
1244,NW-flex,-1,1.0
1244,BWA-no-clip,0,1.0
1244,BWA-std,0,1.0
1244,NW-flex,0,1.0
1244,BWA-no-clip,1,1.0
1244,BWA-std,1,0.7
1244,NW-flex,1,1.0
1244,BWA-no-clip,2,1.0
1244,BWA-std,2,0.5
1244,NW-flex,2,1.0
1244,BWA-no-clip,3,1.0
1244,BWA-std,3,0.3
1244,NW-flex,3,1.0
1244,BWA-no-clip,4,1.0
1244,BWA-std,4,0.1
1244,NW-flex,4,1.0
1244,BWA-no-clip,5,1.0
1244,BWA-std,5,0.0
1244,NW-flex,5,1.0
1245,BWA-no-clip,-5,0.6
1245,BWA-std,-5,0.1
1245,NW-flex,-5,1.0
1245,BWA-no-clip,-4,0.6
1245,BWA-std,-4,0.2
1245,NW-flex,-4,1.0
1245,BWA-no-clip,-3,0.7
1245,BWA-std,-3,0.4
1245,NW-flex,-3,1.0
1245,BWA-no-clip,-2,0.8
1245,BWA-std,-2,0.5
1245,NW-flex,-2,1.0
1245,BWA-no-clip,-1,0.7
1245,BWA-std,-1,0.7
1245,NW-flex,-1,1.0
1245,BWA-no-clip,0,1.0
1245,BWA-std,0,1.0
1245,NW-flex,0,1.0
1245,BWA-no-clip,1,0.9
1245,BWA-std,1,0.7
1245,NW-flex,1,1.0
1245,BWA-no-clip,2,1.0
1245,BWA-std,2,0.5
1245,NW-flex,2,1.0
1245,BWA-no-clip,3,1.0
1245,BWA-std,3,0.3
1245,NW-flex,3,1.0
1245,BWA-no-clip,4,1.0
1245,BWA-std,4,0.1
1245,NW-flex,4,1.0
1245,BWA-no-clip,5,1.0
1245,BWA-std,5,0.0
1245,NW-flex,5,1.0
1246,BWA-no-clip,-5,0.6
1246,BWA-std,-5,0.1
1246,NW-flex,-5,1.0
1246,BWA-no-clip,-4,0.7
1246,BWA-std,-4,0.2
1246,NW-flex,-4,1.0
1246,BWA-no-clip,-3,0.7
1246,BWA-std,-3,0.4
1246,NW-flex,-3,1.0
1246,BWA-no-clip,-2,0.8
1246,BWA-std,-2,0.5
1246,NW-flex,-2,1.0
1246,BWA-no-clip,-1,0.8
1246,BWA-std,-1,0.7
1246,NW-flex,-1,1.0
1246,BWA-no-clip,0,1.0
1246,BWA-std,0,1.0
1246,NW-flex,0,1.0
1246,BWA-no-clip,1,0.9
1246,BWA-std,1,0.7
1246,NW-flex,1,1.0
1246,BWA-no-clip,2,0.9
1246,BWA-std,2,0.5
1246,NW-flex,2,1.0
1246,BWA-no-clip,3,0.9
1246,BWA-std,3,0.3
1246,NW-flex,3,1.0
1246,BWA-no-clip,4,0.9
1246,BWA-std,4,0.1
1246,NW-flex,4,1.0
1246,BWA-no-clip,5,0.9
1246,BWA-std,5,0.0
1246,NW-flex,5,1.0
1247,BWA-no-clip,-5,0.6
1247,BWA-std,-5,0.1
1247,NW-flex,-5,1.0
1247,BWA-no-clip,-4,0.6
1247,BWA-std,-4,0.2
1247,NW-flex,-4,1.0
1247,BWA-no-clip,-3,0.7
1247,BWA-std,-3,0.4
1247,NW-flex,-3,1.0
1247,BWA-no-clip,-2,0.8
1247,BWA-std,-2,0.6
1247,NW-flex,-2,1.0
1247,BWA-no-clip,-1,0.9
1247,BWA-std,-1,0.7
1247,NW-flex,-1,1.0
1247,BWA-no-clip,0,1.0
1247,BWA-std,0,1.0
1247,NW-flex,0,1.0
1247,BWA-no-clip,1,1.0
1247,BWA-std,1,0.7
1247,NW-flex,1,1.0
1247,BWA-no-clip,2,1.0
1247,BWA-std,2,0.5
1247,NW-flex,2,1.0
1247,BWA-no-clip,3,1.0
1247,BWA-std,3,0.3
1247,NW-flex,3,1.0
1247,BWA-no-clip,4,1.0
1247,BWA-std,4,0.1
1247,NW-flex,4,1.0
1247,BWA-no-clip,5,1.0
1247,BWA-std,5,0.0
1247,NW-flex,5,1.0
1248,BWA-no-clip,-5,0.7
1248,BWA-std,-5,0.1
1248,NW-flex,-5,1.0
1248,BWA-no-clip,-4,0.7
1248,BWA-std,-4,0.2
1248,NW-flex,-4,1.0
1248,BWA-no-clip,-3,0.8
1248,BWA-std,-3,0.4
1248,NW-flex,-3,1.0
1248,BWA-no-clip,-2,0.9
1248,BWA-std,-2,0.6
1248,NW-flex,-2,1.0
1248,BWA-no-clip,-1,0.9
1248,BWA-std,-1,0.7
1248,NW-flex,-1,1.0
1248,BWA-no-clip,0,1.0
1248,BWA-std,0,1.0
1248,NW-flex,0,1.0
1248,BWA-no-clip,1,1.0
1248,BWA-std,1,0.7
1248,NW-flex,1,1.0
1248,BWA-no-clip,2,1.0
1248,BWA-std,2,0.5
1248,NW-flex,2,1.0
1248,BWA-no-clip,3,1.0
1248,BWA-std,3,0.3
1248,NW-flex,3,1.0
1248,BWA-no-clip,4,1.0
1248,BWA-std,4,0.1
1248,NW-flex,4,1.0
1248,BWA-no-clip,5,1.0
1248,BWA-std,5,0.0
1248,NW-flex,5,1.0
1249,BWA-no-clip,-5,0.5
1249,BWA-std,-5,0.1
1249,NW-flex,-5,1.0
1249,BWA-no-clip,-4,0.5
1249,BWA-std,-4,0.2
1249,NW-flex,-4,1.0
1249,BWA-no-clip,-3,0.5
1249,BWA-std,-3,0.4
1249,NW-flex,-3,1.0
1249,BWA-no-clip,-2,0.6
1249,BWA-std,-2,0.5
1249,NW-flex,-2,1.0
1249,BWA-no-clip,-1,0.5
1249,BWA-std,-1,0.5
1249,NW-flex,-1,1.0
1249,BWA-no-clip,0,1.0
1249,BWA-std,0,1.0
1249,NW-flex,0,1.0
1249,BWA-no-clip,1,0.6
1249,BWA-std,1,0.6
1249,NW-flex,1,1.0
1249,BWA-no-clip,2,0.6
1249,BWA-std,2,0.5
1249,NW-flex,2,1.0
1249,BWA-no-clip,3,0.6
1249,BWA-std,3,0.3
1249,NW-flex,3,1.0
1249,BWA-no-clip,4,0.6
1249,BWA-std,4,0.1
1249,NW-flex,4,1.0
1249,BWA-no-clip,5,0.6
1249,BWA-std,5,0.0
1249,NW-flex,5,1.0
1250,BWA-no-clip,-5,0.6
1250,BWA-std,-5,0.1
1250,NW-flex,-5,1.0
1250,BWA-no-clip,-4,0.6
1250,BWA-std,-4,0.2
1250,NW-flex,-4,1.0
1250,BWA-no-clip,-3,0.7
1250,BWA-std,-3,0.4
1250,NW-flex,-3,1.0
1250,BWA-no-clip,-2,0.9
1250,BWA-std,-2,0.6
1250,NW-flex,-2,1.0
1250,BWA-no-clip,-1,0.9
1250,BWA-std,-1,0.7
1250,NW-flex,-1,1.0
1250,BWA-no-clip,0,1.0
1250,BWA-std,0,1.0
1250,NW-flex,0,1.0
1250,BWA-no-clip,1,1.0
1250,BWA-std,1,0.7
1250,NW-flex,1,1.0
1250,BWA-no-clip,2,1.0
1250,BWA-std,2,0.5
1250,NW-flex,2,1.0
1250,BWA-no-clip,3,1.0
1250,BWA-std,3,0.3
1250,NW-flex,3,1.0
1250,BWA-no-clip,4,1.0
1250,BWA-std,4,0.1
1250,NW-flex,4,1.0
1250,BWA-no-clip,5,1.0
1250,BWA-std,5,0.0
1250,NW-flex,5,1.0
1251,BWA-no-clip,-5,0.6
1251,BWA-std,-5,0.1
1251,NW-flex,-5,1.0
1251,BWA-no-clip,-4,0.6
1251,BWA-std,-4,0.2
1251,NW-flex,-4,1.0
1251,BWA-no-clip,-3,0.7
1251,BWA-std,-3,0.4
1251,NW-flex,-3,1.0
1251,BWA-no-clip,-2,0.9
1251,BWA-std,-2,0.6
1251,NW-flex,-2,1.0
1251,BWA-no-clip,-1,0.9
1251,BWA-std,-1,0.7
1251,NW-flex,-1,1.0
1251,BWA-no-clip,0,1.0
1251,BWA-std,0,1.0
1251,NW-flex,0,1.0
1251,BWA-no-clip,1,1.0
1251,BWA-std,1,0.7
1251,NW-flex,1,1.0
1251,BWA-no-clip,2,1.0
1251,BWA-std,2,0.5
1251,NW-flex,2,1.0
1251,BWA-no-clip,3,1.0
1251,BWA-std,3,0.3
1251,NW-flex,3,1.0
1251,BWA-no-clip,4,1.0
1251,BWA-std,4,0.1
1251,NW-flex,4,1.0
1251,BWA-no-clip,5,1.0
1251,BWA-std,5,0.0
1251,NW-flex,5,1.0
1252,BWA-no-clip,-5,0.6
1252,BWA-std,-5,0.1
1252,NW-flex,-5,1.0
1252,BWA-no-clip,-4,0.6
1252,BWA-std,-4,0.2
1252,NW-flex,-4,1.0
1252,BWA-no-clip,-3,0.7
1252,BWA-std,-3,0.4
1252,NW-flex,-3,1.0
1252,BWA-no-clip,-2,0.8
1252,BWA-std,-2,0.6
1252,NW-flex,-2,1.0
1252,BWA-no-clip,-1,0.9
1252,BWA-std,-1,0.7
1252,NW-flex,-1,1.0
1252,BWA-no-clip,0,1.0
1252,BWA-std,0,1.0
1252,NW-flex,0,1.0
1252,BWA-no-clip,1,1.0
1252,BWA-std,1,0.7
1252,NW-flex,1,1.0
1252,BWA-no-clip,2,1.0
1252,BWA-std,2,0.5
1252,NW-flex,2,1.0
1252,BWA-no-clip,3,1.0
1252,BWA-std,3,0.3
1252,NW-flex,3,1.0
1252,BWA-no-clip,4,1.0
1252,BWA-std,4,0.1
1252,NW-flex,4,1.0
1252,BWA-no-clip,5,1.0
1252,BWA-std,5,0.0
1252,NW-flex,5,1.0
1253,BWA-no-clip,-5,0.5
1253,BWA-std,-5,0.1
1253,NW-flex,-5,1.0
1253,BWA-no-clip,-4,0.6
1253,BWA-std,-4,0.2
1253,NW-flex,-4,1.0
1253,BWA-no-clip,-3,0.6
1253,BWA-std,-3,0.4
1253,NW-flex,-3,1.0
1253,BWA-no-clip,-2,0.8
1253,BWA-std,-2,0.6
1253,NW-flex,-2,1.0
1253,BWA-no-clip,-1,0.9
1253,BWA-std,-1,0.7
1253,NW-flex,-1,1.0
1253,BWA-no-clip,0,1.0
1253,BWA-std,0,1.0
1253,NW-flex,0,1.0
1253,BWA-no-clip,1,1.0
1253,BWA-std,1,0.7
1253,NW-flex,1,1.0
1253,BWA-no-clip,2,1.0
1253,BWA-std,2,0.5
1253,NW-flex,2,1.0
1253,BWA-no-clip,3,1.0
1253,BWA-std,3,0.3
1253,NW-flex,3,1.0
1253,BWA-no-clip,4,1.0
1253,BWA-std,4,0.1
1253,NW-flex,4,1.0
1253,BWA-no-clip,5,1.0
1253,BWA-std,5,0.0
1253,NW-flex,5,1.0
1254,BWA-no-clip,-5,0.6
1254,BWA-std,-5,0.1
1254,NW-flex,-5,1.0
1254,BWA-no-clip,-4,0.7
1254,BWA-std,-4,0.2
1254,NW-flex,-4,1.0
1254,BWA-no-clip,-3,0.8
1254,BWA-std,-3,0.4
1254,NW-flex,-3,1.0
1254,BWA-no-clip,-2,0.9
1254,BWA-std,-2,0.6
1254,NW-flex,-2,1.0
1254,BWA-no-clip,-1,0.9
1254,BWA-std,-1,0.7
1254,NW-flex,-1,1.0
1254,BWA-no-clip,0,1.0
1254,BWA-std,0,1.0
1254,NW-flex,0,1.0
1254,BWA-no-clip,1,1.0
1254,BWA-std,1,0.7
1254,NW-flex,1,1.0
1254,BWA-no-clip,2,0.9
1254,BWA-std,2,0.5
1254,NW-flex,2,1.0
1254,BWA-no-clip,3,0.9
1254,BWA-std,3,0.3
1254,NW-flex,3,1.0
1254,BWA-no-clip,4,0.9
1254,BWA-std,4,0.1
1254,NW-flex,4,1.0
1254,BWA-no-clip,5,0.9
1254,BWA-std,5,0.0
1254,NW-flex,5,1.0
1255,BWA-no-clip,-5,0.6
1255,BWA-std,-5,0.1
1255,NW-flex,-5,1.0
1255,BWA-no-clip,-4,0.6
1255,BWA-std,-4,0.2
1255,NW-flex,-4,1.0
1255,BWA-no-clip,-3,0.7
1255,BWA-std,-3,0.4
1255,NW-flex,-3,1.0
1255,BWA-no-clip,-2,0.8
1255,BWA-std,-2,0.6
1255,NW-flex,-2,1.0
1255,BWA-no-clip,-1,0.9
1255,BWA-std,-1,0.7
1255,NW-flex,-1,1.0
1255,BWA-no-clip,0,1.0
1255,BWA-std,0,1.0
1255,NW-flex,0,1.0
1255,BWA-no-clip,1,1.0
1255,BWA-std,1,0.7
1255,NW-flex,1,1.0
1255,BWA-no-clip,2,1.0
1255,BWA-std,2,0.5
1255,NW-flex,2,1.0
1255,BWA-no-clip,3,1.0
1255,BWA-std,3,0.3
1255,NW-flex,3,1.0
1255,BWA-no-clip,4,1.0
1255,BWA-std,4,0.1
1255,NW-flex,4,1.0
1255,BWA-no-clip,5,0.8
1255,BWA-std,5,0.0
1255,NW-flex,5,1.0
1256,BWA-no-clip,-5,0.5
1256,BWA-std,-5,0.1
1256,NW-flex,-5,1.0
1256,BWA-no-clip,-4,0.6
1256,BWA-std,-4,0.2
1256,NW-flex,-4,1.0
1256,BWA-no-clip,-3,0.7
1256,BWA-std,-3,0.4
1256,NW-flex,-3,1.0
1256,BWA-no-clip,-2,0.9
1256,BWA-std,-2,0.6
1256,NW-flex,-2,1.0
1256,BWA-no-clip,-1,0.9
1256,BWA-std,-1,0.7
1256,NW-flex,-1,1.0
1256,BWA-no-clip,0,1.0
1256,BWA-std,0,1.0
1256,NW-flex,0,1.0
1256,BWA-no-clip,1,1.0
1256,BWA-std,1,0.7
1256,NW-flex,1,1.0
1256,BWA-no-clip,2,1.0
1256,BWA-std,2,0.5
1256,NW-flex,2,1.0
1256,BWA-no-clip,3,1.0
1256,BWA-std,3,0.3
1256,NW-flex,3,1.0
1256,BWA-no-clip,4,1.0
1256,BWA-std,4,0.1
1256,NW-flex,4,1.0
1256,BWA-no-clip,5,1.0
1256,BWA-std,5,0.0
1256,NW-flex,5,1.0
1257,BWA-no-clip,-5,0.5
1257,BWA-std,-5,0.1
1257,NW-flex,-5,1.0
1257,BWA-no-clip,-4,0.7
1257,BWA-std,-4,0.2
1257,NW-flex,-4,1.0
1257,BWA-no-clip,-3,0.7
1257,BWA-std,-3,0.4
1257,NW-flex,-3,1.0
1257,BWA-no-clip,-2,0.9
1257,BWA-std,-2,0.6
1257,NW-flex,-2,1.0
1257,BWA-no-clip,-1,0.9
1257,BWA-std,-1,0.7
1257,NW-flex,-1,1.0
1257,BWA-no-clip,0,1.0
1257,BWA-std,0,1.0
1257,NW-flex,0,1.0
1257,BWA-no-clip,1,1.0
1257,BWA-std,1,0.7
1257,NW-flex,1,1.0
1257,BWA-no-clip,2,1.0
1257,BWA-std,2,0.5
1257,NW-flex,2,1.0
1257,BWA-no-clip,3,1.0
1257,BWA-std,3,0.3
1257,NW-flex,3,1.0
1257,BWA-no-clip,4,1.0
1257,BWA-std,4,0.1
1257,NW-flex,4,1.0
1257,BWA-no-clip,5,1.0
1257,BWA-std,5,0.0
1257,NW-flex,5,1.0
1258,BWA-no-clip,-5,0.5
1258,BWA-std,-5,0.1
1258,NW-flex,-5,1.0
1258,BWA-no-clip,-4,0.7
1258,BWA-std,-4,0.2
1258,NW-flex,-4,1.0
1258,BWA-no-clip,-3,0.8
1258,BWA-std,-3,0.4
1258,NW-flex,-3,1.0
1258,BWA-no-clip,-2,0.9
1258,BWA-std,-2,0.6
1258,NW-flex,-2,1.0
1258,BWA-no-clip,-1,0.9
1258,BWA-std,-1,0.7
1258,NW-flex,-1,1.0
1258,BWA-no-clip,0,1.0
1258,BWA-std,0,1.0
1258,NW-flex,0,1.0
1258,BWA-no-clip,1,1.0
1258,BWA-std,1,0.7
1258,NW-flex,1,1.0
1258,BWA-no-clip,2,1.0
1258,BWA-std,2,0.5
1258,NW-flex,2,1.0
1258,BWA-no-clip,3,1.0
1258,BWA-std,3,0.3
1258,NW-flex,3,1.0
1258,BWA-no-clip,4,1.0
1258,BWA-std,4,0.1
1258,NW-flex,4,1.0
1258,BWA-no-clip,5,1.0
1258,BWA-std,5,0.0
1258,NW-flex,5,1.0
1259,BWA-no-clip,-5,0.5
1259,BWA-std,-5,0.1
1259,NW-flex,-5,1.0
1259,BWA-no-clip,-4,0.7
1259,BWA-std,-4,0.2
1259,NW-flex,-4,1.0
1259,BWA-no-clip,-3,0.7
1259,BWA-std,-3,0.4
1259,NW-flex,-3,1.0
1259,BWA-no-clip,-2,0.8
1259,BWA-std,-2,0.6
1259,NW-flex,-2,1.0
1259,BWA-no-clip,-1,0.9
1259,BWA-std,-1,0.7
1259,NW-flex,-1,1.0
1259,BWA-no-clip,0,1.0
1259,BWA-std,0,1.0
1259,NW-flex,0,1.0
1259,BWA-no-clip,1,1.0
1259,BWA-std,1,0.7
1259,NW-flex,1,1.0
1259,BWA-no-clip,2,1.0
1259,BWA-std,2,0.5
1259,NW-flex,2,1.0
1259,BWA-no-clip,3,1.0
1259,BWA-std,3,0.3
1259,NW-flex,3,1.0
1259,BWA-no-clip,4,1.0
1259,BWA-std,4,0.1
1259,NW-flex,4,1.0
1259,BWA-no-clip,5,1.0
1259,BWA-std,5,0.0
1259,NW-flex,5,1.0
1260,BWA-no-clip,-5,0.4
1260,BWA-std,-5,0.1
1260,NW-flex,-5,1.0
1260,BWA-no-clip,-4,0.5
1260,BWA-std,-4,0.2
1260,NW-flex,-4,1.0
1260,BWA-no-clip,-3,0.6
1260,BWA-std,-3,0.3
1260,NW-flex,-3,1.0
1260,BWA-no-clip,-2,0.7
1260,BWA-std,-2,0.5
1260,NW-flex,-2,1.0
1260,BWA-no-clip,-1,0.8
1260,BWA-std,-1,0.7
1260,NW-flex,-1,1.0
1260,BWA-no-clip,0,1.0
1260,BWA-std,0,1.0
1260,NW-flex,0,1.0
1260,BWA-no-clip,1,0.9
1260,BWA-std,1,0.7
1260,NW-flex,1,1.0
1260,BWA-no-clip,2,0.8
1260,BWA-std,2,0.5
1260,NW-flex,2,1.0
1260,BWA-no-clip,3,0.8
1260,BWA-std,3,0.3
1260,NW-flex,3,1.0
1260,BWA-no-clip,4,0.7
1260,BWA-std,4,0.1
1260,NW-flex,4,1.0
1260,BWA-no-clip,5,0.7
1260,BWA-std,5,0.0
1260,NW-flex,5,1.0
1261,BWA-no-clip,-5,0.4
1261,BWA-std,-5,0.1
1261,NW-flex,-5,1.0
1261,BWA-no-clip,-4,0.6
1261,BWA-std,-4,0.2
1261,NW-flex,-4,1.0
1261,BWA-no-clip,-3,0.6
1261,BWA-std,-3,0.4
1261,NW-flex,-3,1.0
1261,BWA-no-clip,-2,0.8
1261,BWA-std,-2,0.5
1261,NW-flex,-2,1.0
1261,BWA-no-clip,-1,0.2
1261,BWA-std,-1,0.2
1261,NW-flex,-1,1.0
1261,BWA-no-clip,0,1.0
1261,BWA-std,0,1.0
1261,NW-flex,0,1.0
1261,BWA-no-clip,1,0.4
1261,BWA-std,1,0.4
1261,NW-flex,1,1.0
1261,BWA-no-clip,2,0.6
1261,BWA-std,2,0.5
1261,NW-flex,2,1.0
1261,BWA-no-clip,3,0.8
1261,BWA-std,3,0.3
1261,NW-flex,3,1.0
1261,BWA-no-clip,4,1.0
1261,BWA-std,4,0.1
1261,NW-flex,4,1.0
1261,BWA-no-clip,5,0.9
1261,BWA-std,5,0.0
1261,NW-flex,5,1.0
1262,BWA-no-clip,-5,0.4
1262,BWA-std,-5,0.1
1262,NW-flex,-5,1.0
1262,BWA-no-clip,-4,0.6
1262,BWA-std,-4,0.2
1262,NW-flex,-4,1.0
1262,BWA-no-clip,-3,0.6
1262,BWA-std,-3,0.4
1262,NW-flex,-3,1.0
1262,BWA-no-clip,-2,0.8
1262,BWA-std,-2,0.6
1262,NW-flex,-2,1.0
1262,BWA-no-clip,-1,0.9
1262,BWA-std,-1,0.7
1262,NW-flex,-1,1.0
1262,BWA-no-clip,0,1.0
1262,BWA-std,0,1.0
1262,NW-flex,0,1.0
1262,BWA-no-clip,1,1.0
1262,BWA-std,1,0.7
1262,NW-flex,1,1.0
1262,BWA-no-clip,2,1.0
1262,BWA-std,2,0.5
1262,NW-flex,2,1.0
1262,BWA-no-clip,3,1.0
1262,BWA-std,3,0.3
1262,NW-flex,3,1.0
1262,BWA-no-clip,4,0.7
1262,BWA-std,4,0.1
1262,NW-flex,4,1.0
1262,BWA-no-clip,5,1.0
1262,BWA-std,5,0.0
1262,NW-flex,5,1.0
1263,BWA-no-clip,-5,0.5
1263,BWA-std,-5,0.1
1263,NW-flex,-5,1.0
1263,BWA-no-clip,-4,0.6
1263,BWA-std,-4,0.2
1263,NW-flex,-4,1.0
1263,BWA-no-clip,-3,0.7
1263,BWA-std,-3,0.4
1263,NW-flex,-3,1.0
1263,BWA-no-clip,-2,0.8
1263,BWA-std,-2,0.6
1263,NW-flex,-2,1.0
1263,BWA-no-clip,-1,0.9
1263,BWA-std,-1,0.7
1263,NW-flex,-1,1.0
1263,BWA-no-clip,0,1.0
1263,BWA-std,0,1.0
1263,NW-flex,0,1.0
1263,BWA-no-clip,1,1.0
1263,BWA-std,1,0.7
1263,NW-flex,1,1.0
1263,BWA-no-clip,2,1.0
1263,BWA-std,2,0.5
1263,NW-flex,2,1.0
1263,BWA-no-clip,3,1.0
1263,BWA-std,3,0.3
1263,NW-flex,3,1.0
1263,BWA-no-clip,4,1.0
1263,BWA-std,4,0.1
1263,NW-flex,4,1.0
1263,BWA-no-clip,5,1.0
1263,BWA-std,5,0.0
1263,NW-flex,5,1.0
1264,BWA-no-clip,-5,0.6
1264,BWA-std,-5,0.1
1264,NW-flex,-5,1.0
1264,BWA-no-clip,-4,0.6
1264,BWA-std,-4,0.2
1264,NW-flex,-4,1.0
1264,BWA-no-clip,-3,0.7
1264,BWA-std,-3,0.4
1264,NW-flex,-3,1.0
1264,BWA-no-clip,-2,0.9
1264,BWA-std,-2,0.6
1264,NW-flex,-2,1.0
1264,BWA-no-clip,-1,0.9
1264,BWA-std,-1,0.7
1264,NW-flex,-1,1.0
1264,BWA-no-clip,0,1.0
1264,BWA-std,0,1.0
1264,NW-flex,0,1.0
1264,BWA-no-clip,1,1.0
1264,BWA-std,1,0.7
1264,NW-flex,1,1.0
1264,BWA-no-clip,2,1.0
1264,BWA-std,2,0.5
1264,NW-flex,2,1.0
1264,BWA-no-clip,3,1.0
1264,BWA-std,3,0.3
1264,NW-flex,3,1.0
1264,BWA-no-clip,4,1.0
1264,BWA-std,4,0.1
1264,NW-flex,4,1.0
1264,BWA-no-clip,5,1.0
1264,BWA-std,5,0.0
1264,NW-flex,5,1.0
1265,BWA-no-clip,-5,0.5
1265,BWA-std,-5,0.1
1265,NW-flex,-5,1.0
1265,BWA-no-clip,-4,0.5
1265,BWA-std,-4,0.2
1265,NW-flex,-4,1.0
1265,BWA-no-clip,-3,0.8
1265,BWA-std,-3,0.4
1265,NW-flex,-3,1.0
1265,BWA-no-clip,-2,0.9
1265,BWA-std,-2,0.6
1265,NW-flex,-2,1.0
1265,BWA-no-clip,-1,0.9
1265,BWA-std,-1,0.7
1265,NW-flex,-1,1.0
1265,BWA-no-clip,0,1.0
1265,BWA-std,0,1.0
1265,NW-flex,0,1.0
1265,BWA-no-clip,1,1.0
1265,BWA-std,1,0.7
1265,NW-flex,1,1.0
1265,BWA-no-clip,2,1.0
1265,BWA-std,2,0.5
1265,NW-flex,2,1.0
1265,BWA-no-clip,3,1.0
1265,BWA-std,3,0.3
1265,NW-flex,3,1.0
1265,BWA-no-clip,4,1.0
1265,BWA-std,4,0.1
1265,NW-flex,4,1.0
1265,BWA-no-clip,5,1.0
1265,BWA-std,5,0.0
1265,NW-flex,5,1.0
1266,BWA-no-clip,-5,0.4
1266,BWA-std,-5,0.1
1266,NW-flex,-5,1.0
1266,BWA-no-clip,-4,0.6
1266,BWA-std,-4,0.2
1266,NW-flex,-4,1.0
1266,BWA-no-clip,-3,0.6
1266,BWA-std,-3,0.4
1266,NW-flex,-3,1.0
1266,BWA-no-clip,-2,0.8
1266,BWA-std,-2,0.5
1266,NW-flex,-2,1.0
1266,BWA-no-clip,-1,0.8
1266,BWA-std,-1,0.7
1266,NW-flex,-1,1.0
1266,BWA-no-clip,0,1.0
1266,BWA-std,0,1.0
1266,NW-flex,0,1.0
1266,BWA-no-clip,1,1.0
1266,BWA-std,1,0.7
1266,NW-flex,1,1.0
1266,BWA-no-clip,2,1.0
1266,BWA-std,2,0.5
1266,NW-flex,2,1.0
1266,BWA-no-clip,3,1.0
1266,BWA-std,3,0.3
1266,NW-flex,3,1.0
1266,BWA-no-clip,4,1.0
1266,BWA-std,4,0.1
1266,NW-flex,4,1.0
1266,BWA-no-clip,5,1.0
1266,BWA-std,5,0.0
1266,NW-flex,5,1.0
1267,BWA-no-clip,-5,0.6
1267,BWA-std,-5,0.1
1267,NW-flex,-5,1.0
1267,BWA-no-clip,-4,0.7
1267,BWA-std,-4,0.2
1267,NW-flex,-4,1.0
1267,BWA-no-clip,-3,0.7
1267,BWA-std,-3,0.4
1267,NW-flex,-3,1.0
1267,BWA-no-clip,-2,0.7333333333333333
1267,BWA-std,-2,0.5
1267,NW-flex,-2,1.0
1267,BWA-no-clip,-1,0.7
1267,BWA-std,-1,0.7
1267,NW-flex,-1,1.0
1267,BWA-no-clip,0,1.0
1267,BWA-std,0,1.0
1267,NW-flex,0,1.0
1267,BWA-no-clip,1,0.8
1267,BWA-std,1,0.7
1267,NW-flex,1,1.0
1267,BWA-no-clip,2,0.8
1267,BWA-std,2,0.5
1267,NW-flex,2,1.0
1267,BWA-no-clip,3,0.8
1267,BWA-std,3,0.3
1267,NW-flex,3,1.0
1267,BWA-no-clip,4,0.8
1267,BWA-std,4,0.1
1267,NW-flex,4,1.0
1267,BWA-no-clip,5,0.8
1267,BWA-std,5,0.0
1267,NW-flex,5,1.0
1268,BWA-no-clip,-5,0.6
1268,BWA-std,-5,0.1
1268,NW-flex,-5,1.0
1268,BWA-no-clip,-4,0.6
1268,BWA-std,-4,0.2
1268,NW-flex,-4,1.0
1268,BWA-no-clip,-3,0.7
1268,BWA-std,-3,0.4
1268,NW-flex,-3,1.0
1268,BWA-no-clip,-2,0.8
1268,BWA-std,-2,0.5
1268,NW-flex,-2,1.0
1268,BWA-no-clip,-1,0.8
1268,BWA-std,-1,0.7
1268,NW-flex,-1,1.0
1268,BWA-no-clip,0,1.0
1268,BWA-std,0,1.0
1268,NW-flex,0,1.0
1268,BWA-no-clip,1,1.0
1268,BWA-std,1,0.7
1268,NW-flex,1,1.0
1268,BWA-no-clip,2,1.0
1268,BWA-std,2,0.5
1268,NW-flex,2,1.0
1268,BWA-no-clip,3,1.0
1268,BWA-std,3,0.3
1268,NW-flex,3,1.0
1268,BWA-no-clip,4,1.0
1268,BWA-std,4,0.1
1268,NW-flex,4,1.0
1268,BWA-no-clip,5,1.0
1268,BWA-std,5,0.0
1268,NW-flex,5,1.0
1269,BWA-no-clip,-5,0.7
1269,BWA-std,-5,0.1
1269,NW-flex,-5,1.0
1269,BWA-no-clip,-4,0.7
1269,BWA-std,-4,0.2
1269,NW-flex,-4,1.0
1269,BWA-no-clip,-3,0.8
1269,BWA-std,-3,0.4
1269,NW-flex,-3,1.0
1269,BWA-no-clip,-2,0.8
1269,BWA-std,-2,0.6
1269,NW-flex,-2,1.0
1269,BWA-no-clip,-1,0.9
1269,BWA-std,-1,0.7
1269,NW-flex,-1,1.0
1269,BWA-no-clip,0,1.0
1269,BWA-std,0,1.0
1269,NW-flex,0,1.0
1269,BWA-no-clip,1,1.0
1269,BWA-std,1,0.7
1269,NW-flex,1,1.0
1269,BWA-no-clip,2,1.0
1269,BWA-std,2,0.5
1269,NW-flex,2,1.0
1269,BWA-no-clip,3,1.0
1269,BWA-std,3,0.3
1269,NW-flex,3,1.0
1269,BWA-no-clip,4,1.0
1269,BWA-std,4,0.1
1269,NW-flex,4,1.0
1269,BWA-no-clip,5,1.0
1269,BWA-std,5,0.0
1269,NW-flex,5,1.0
1270,BWA-no-clip,-5,0.7
1270,BWA-std,-5,0.1
1270,NW-flex,-5,1.0
1270,BWA-no-clip,-4,0.7
1270,BWA-std,-4,0.2
1270,NW-flex,-4,1.0
1270,BWA-no-clip,-3,0.8
1270,BWA-std,-3,0.4
1270,NW-flex,-3,1.0
1270,BWA-no-clip,-2,0.9
1270,BWA-std,-2,0.6
1270,NW-flex,-2,1.0
1270,BWA-no-clip,-1,0.9
1270,BWA-std,-1,0.7
1270,NW-flex,-1,1.0
1270,BWA-no-clip,0,1.0
1270,BWA-std,0,1.0
1270,NW-flex,0,1.0
1270,BWA-no-clip,1,1.0
1270,BWA-std,1,0.7
1270,NW-flex,1,1.0
1270,BWA-no-clip,2,1.0
1270,BWA-std,2,0.5
1270,NW-flex,2,1.0
1270,BWA-no-clip,3,1.0
1270,BWA-std,3,0.3
1270,NW-flex,3,1.0
1270,BWA-no-clip,4,1.0
1270,BWA-std,4,0.1
1270,NW-flex,4,1.0
1270,BWA-no-clip,5,1.0
1270,BWA-std,5,0.0
1270,NW-flex,5,1.0
1271,BWA-no-clip,-5,0.3
1271,BWA-std,-5,0.1
1271,NW-flex,-5,1.0
1271,BWA-no-clip,-4,0.5
1271,BWA-std,-4,0.2
1271,NW-flex,-4,1.0
1271,BWA-no-clip,-3,0.5
1271,BWA-std,-3,0.3
1271,NW-flex,-3,1.0
1271,BWA-no-clip,-2,0.7
1271,BWA-std,-2,0.5
1271,NW-flex,-2,1.0
1271,BWA-no-clip,-1,0.8
1271,BWA-std,-1,0.7
1271,NW-flex,-1,1.0
1271,BWA-no-clip,0,1.0
1271,BWA-std,0,1.0
1271,NW-flex,0,1.0
1271,BWA-no-clip,1,0.9
1271,BWA-std,1,0.7
1271,NW-flex,1,1.0
1271,BWA-no-clip,2,0.9
1271,BWA-std,2,0.5
1271,NW-flex,2,1.0
1271,BWA-no-clip,3,0.9
1271,BWA-std,3,0.3
1271,NW-flex,3,1.0
1271,BWA-no-clip,4,0.9
1271,BWA-std,4,0.1
1271,NW-flex,4,1.0
1271,BWA-no-clip,5,0.9
1271,BWA-std,5,0.0
1271,NW-flex,5,1.0
1272,BWA-no-clip,-5,0.6
1272,BWA-std,-5,0.1
1272,NW-flex,-5,1.0
1272,BWA-no-clip,-4,0.8
1272,BWA-std,-4,0.2
1272,NW-flex,-4,1.0
1272,BWA-no-clip,-3,0.8
1272,BWA-std,-3,0.4
1272,NW-flex,-3,1.0
1272,BWA-no-clip,-2,0.9
1272,BWA-std,-2,0.6
1272,NW-flex,-2,1.0
1272,BWA-no-clip,-1,0.9
1272,BWA-std,-1,0.7
1272,NW-flex,-1,1.0
1272,BWA-no-clip,0,1.0
1272,BWA-std,0,1.0
1272,NW-flex,0,1.0
1272,BWA-no-clip,1,1.0
1272,BWA-std,1,0.7
1272,NW-flex,1,1.0
1272,BWA-no-clip,2,1.0
1272,BWA-std,2,0.5
1272,NW-flex,2,1.0
1272,BWA-no-clip,3,1.0
1272,BWA-std,3,0.3
1272,NW-flex,3,1.0
1272,BWA-no-clip,4,1.0
1272,BWA-std,4,0.1
1272,NW-flex,4,1.0
1272,BWA-no-clip,5,1.0
1272,BWA-std,5,0.0
1272,NW-flex,5,1.0
1273,BWA-no-clip,-5,0.5
1273,BWA-std,-5,0.1
1273,NW-flex,-5,1.0
1273,BWA-no-clip,-4,0.5
1273,BWA-std,-4,0.2
1273,NW-flex,-4,1.0
1273,BWA-no-clip,-3,0.7
1273,BWA-std,-3,0.4
1273,NW-flex,-3,1.0
1273,BWA-no-clip,-2,0.8
1273,BWA-std,-2,0.5
1273,NW-flex,-2,1.0
1273,BWA-no-clip,-1,0.8
1273,BWA-std,-1,0.7
1273,NW-flex,-1,1.0
1273,BWA-no-clip,0,1.0
1273,BWA-std,0,1.0
1273,NW-flex,0,1.0
1273,BWA-no-clip,1,0.9
1273,BWA-std,1,0.7
1273,NW-flex,1,1.0
1273,BWA-no-clip,2,0.9
1273,BWA-std,2,0.5
1273,NW-flex,2,1.0
1273,BWA-no-clip,3,0.9
1273,BWA-std,3,0.3
1273,NW-flex,3,1.0
1273,BWA-no-clip,4,0.9
1273,BWA-std,4,0.1
1273,NW-flex,4,1.0
1273,BWA-no-clip,5,0.9
1273,BWA-std,5,0.0
1273,NW-flex,5,1.0
1274,BWA-no-clip,-5,0.5
1274,BWA-std,-5,0.1
1274,NW-flex,-5,1.0
1274,BWA-no-clip,-4,0.5
1274,BWA-std,-4,0.2
1274,NW-flex,-4,1.0
1274,BWA-no-clip,-3,0.8
1274,BWA-std,-3,0.4
1274,NW-flex,-3,1.0
1274,BWA-no-clip,-2,0.8
1274,BWA-std,-2,0.6
1274,NW-flex,-2,1.0
1274,BWA-no-clip,-1,0.9
1274,BWA-std,-1,0.7
1274,NW-flex,-1,1.0
1274,BWA-no-clip,0,1.0
1274,BWA-std,0,1.0
1274,NW-flex,0,1.0
1274,BWA-no-clip,1,1.0
1274,BWA-std,1,0.7
1274,NW-flex,1,1.0
1274,BWA-no-clip,2,1.0
1274,BWA-std,2,0.5
1274,NW-flex,2,1.0
1274,BWA-no-clip,3,1.0
1274,BWA-std,3,0.3
1274,NW-flex,3,1.0
1274,BWA-no-clip,4,1.0
1274,BWA-std,4,0.1
1274,NW-flex,4,1.0
1274,BWA-no-clip,5,1.0
1274,BWA-std,5,0.0
1274,NW-flex,5,1.0
1275,BWA-no-clip,-5,0.2
1275,BWA-std,-5,0.1
1275,NW-flex,-5,1.0
1275,BWA-no-clip,-4,0.6
1275,BWA-std,-4,0.2
1275,NW-flex,-4,1.0
1275,BWA-no-clip,-3,0.6
1275,BWA-std,-3,0.4
1275,NW-flex,-3,1.0
1275,BWA-no-clip,-2,0.8
1275,BWA-std,-2,0.5
1275,NW-flex,-2,1.0
1275,BWA-no-clip,-1,0.8
1275,BWA-std,-1,0.7
1275,NW-flex,-1,1.0
1275,BWA-no-clip,0,1.0
1275,BWA-std,0,1.0
1275,NW-flex,0,1.0
1275,BWA-no-clip,1,1.0
1275,BWA-std,1,0.7
1275,NW-flex,1,1.0
1275,BWA-no-clip,2,1.0
1275,BWA-std,2,0.5
1275,NW-flex,2,1.0
1275,BWA-no-clip,3,1.0
1275,BWA-std,3,0.3
1275,NW-flex,3,1.0
1275,BWA-no-clip,4,0.8
1275,BWA-std,4,0.1
1275,NW-flex,4,1.0
1275,BWA-no-clip,5,0.9
1275,BWA-std,5,0.0
1275,NW-flex,5,1.0
1276,BWA-no-clip,-5,0.5
1276,BWA-std,-5,0.1
1276,NW-flex,-5,1.0
1276,BWA-no-clip,-4,0.6
1276,BWA-std,-4,0.2
1276,NW-flex,-4,1.0
1276,BWA-no-clip,-3,0.7
1276,BWA-std,-3,0.4
1276,NW-flex,-3,1.0
1276,BWA-no-clip,-2,0.8
1276,BWA-std,-2,0.5
1276,NW-flex,-2,1.0
1276,BWA-no-clip,-1,0.8
1276,BWA-std,-1,0.7
1276,NW-flex,-1,1.0
1276,BWA-no-clip,0,1.0
1276,BWA-std,0,1.0
1276,NW-flex,0,1.0
1276,BWA-no-clip,1,1.0
1276,BWA-std,1,0.7
1276,NW-flex,1,1.0
1276,BWA-no-clip,2,1.0
1276,BWA-std,2,0.5
1276,NW-flex,2,1.0
1276,BWA-no-clip,3,1.0
1276,BWA-std,3,0.3
1276,NW-flex,3,1.0
1276,BWA-no-clip,4,1.0
1276,BWA-std,4,0.1
1276,NW-flex,4,1.0
1276,BWA-no-clip,5,1.0
1276,BWA-std,5,0.0
1276,NW-flex,5,1.0
1277,BWA-no-clip,-5,0.4
1277,BWA-std,-5,0.1
1277,NW-flex,-5,1.0
1277,BWA-no-clip,-4,0.5
1277,BWA-std,-4,0.2
1277,NW-flex,-4,1.0
1277,BWA-no-clip,-3,0.5
1277,BWA-std,-3,0.3
1277,NW-flex,-3,1.0
1277,BWA-no-clip,-2,0.7
1277,BWA-std,-2,0.5
1277,NW-flex,-2,1.0
1277,BWA-no-clip,-1,0.8
1277,BWA-std,-1,0.7
1277,NW-flex,-1,1.0
1277,BWA-no-clip,0,1.0
1277,BWA-std,0,1.0
1277,NW-flex,0,1.0
1277,BWA-no-clip,1,1.0
1277,BWA-std,1,0.7
1277,NW-flex,1,1.0
1277,BWA-no-clip,2,1.0
1277,BWA-std,2,0.5
1277,NW-flex,2,1.0
1277,BWA-no-clip,3,0.9
1277,BWA-std,3,0.3
1277,NW-flex,3,1.0
1277,BWA-no-clip,4,0.9
1277,BWA-std,4,0.1
1277,NW-flex,4,1.0
1277,BWA-no-clip,5,0.9
1277,BWA-std,5,0.0
1277,NW-flex,5,1.0
1278,BWA-no-clip,-5,0.6
1278,BWA-std,-5,0.1
1278,NW-flex,-5,1.0
1278,BWA-no-clip,-4,0.7
1278,BWA-std,-4,0.2
1278,NW-flex,-4,1.0
1278,BWA-no-clip,-3,0.8
1278,BWA-std,-3,0.4
1278,NW-flex,-3,1.0
1278,BWA-no-clip,-2,0.8
1278,BWA-std,-2,0.6
1278,NW-flex,-2,1.0
1278,BWA-no-clip,-1,0.9
1278,BWA-std,-1,0.7
1278,NW-flex,-1,1.0
1278,BWA-no-clip,0,1.0
1278,BWA-std,0,1.0
1278,NW-flex,0,1.0
1278,BWA-no-clip,1,1.0
1278,BWA-std,1,0.7
1278,NW-flex,1,1.0
1278,BWA-no-clip,2,1.0
1278,BWA-std,2,0.5
1278,NW-flex,2,1.0
1278,BWA-no-clip,3,1.0
1278,BWA-std,3,0.3
1278,NW-flex,3,1.0
1278,BWA-no-clip,4,1.0
1278,BWA-std,4,0.1
1278,NW-flex,4,1.0
1278,BWA-no-clip,5,1.0
1278,BWA-std,5,0.0
1278,NW-flex,5,1.0
1279,BWA-no-clip,-5,0.7
1279,BWA-std,-5,0.1
1279,NW-flex,-5,1.0
1279,BWA-no-clip,-4,0.7
1279,BWA-std,-4,0.2
1279,NW-flex,-4,1.0
1279,BWA-no-clip,-3,0.8
1279,BWA-std,-3,0.4
1279,NW-flex,-3,1.0
1279,BWA-no-clip,-2,0.9
1279,BWA-std,-2,0.6
1279,NW-flex,-2,1.0
1279,BWA-no-clip,-1,0.9
1279,BWA-std,-1,0.7
1279,NW-flex,-1,1.0
1279,BWA-no-clip,0,1.0
1279,BWA-std,0,1.0
1279,NW-flex,0,1.0
1279,BWA-no-clip,1,1.0
1279,BWA-std,1,0.7
1279,NW-flex,1,1.0
1279,BWA-no-clip,2,1.0
1279,BWA-std,2,0.5
1279,NW-flex,2,1.0
1279,BWA-no-clip,3,1.0
1279,BWA-std,3,0.3
1279,NW-flex,3,1.0
1279,BWA-no-clip,4,1.0
1279,BWA-std,4,0.1
1279,NW-flex,4,1.0
1279,BWA-no-clip,5,1.0
1279,BWA-std,5,0.0
1279,NW-flex,5,1.0
1280,BWA-no-clip,-5,0.6
1280,BWA-std,-5,0.1
1280,NW-flex,-5,1.0
1280,BWA-no-clip,-4,0.8
1280,BWA-std,-4,0.2
1280,NW-flex,-4,1.0
1280,BWA-no-clip,-3,0.8
1280,BWA-std,-3,0.4
1280,NW-flex,-3,1.0
1280,BWA-no-clip,-2,0.9
1280,BWA-std,-2,0.6
1280,NW-flex,-2,1.0
1280,BWA-no-clip,-1,0.9
1280,BWA-std,-1,0.7
1280,NW-flex,-1,1.0
1280,BWA-no-clip,0,1.0
1280,BWA-std,0,1.0
1280,NW-flex,0,1.0
1280,BWA-no-clip,1,1.0
1280,BWA-std,1,0.7
1280,NW-flex,1,1.0
1280,BWA-no-clip,2,1.0
1280,BWA-std,2,0.5
1280,NW-flex,2,1.0
1280,BWA-no-clip,3,1.0
1280,BWA-std,3,0.3
1280,NW-flex,3,1.0
1280,BWA-no-clip,4,1.0
1280,BWA-std,4,0.1
1280,NW-flex,4,1.0
1280,BWA-no-clip,5,1.0
1280,BWA-std,5,0.0
1280,NW-flex,5,1.0
1281,BWA-no-clip,-5,0.6
1281,BWA-std,-5,0.1
1281,NW-flex,-5,1.0
1281,BWA-no-clip,-4,0.7
1281,BWA-std,-4,0.2
1281,NW-flex,-4,1.0
1281,BWA-no-clip,-3,0.7
1281,BWA-std,-3,0.4
1281,NW-flex,-3,1.0
1281,BWA-no-clip,-2,0.8
1281,BWA-std,-2,0.5
1281,NW-flex,-2,1.0
1281,BWA-no-clip,-1,0.8
1281,BWA-std,-1,0.7
1281,NW-flex,-1,1.0
1281,BWA-no-clip,0,1.0
1281,BWA-std,0,1.0
1281,NW-flex,0,1.0
1281,BWA-no-clip,1,1.0
1281,BWA-std,1,0.7
1281,NW-flex,1,1.0
1281,BWA-no-clip,2,1.0
1281,BWA-std,2,0.5
1281,NW-flex,2,1.0
1281,BWA-no-clip,3,1.0
1281,BWA-std,3,0.3
1281,NW-flex,3,1.0
1281,BWA-no-clip,4,1.0
1281,BWA-std,4,0.1
1281,NW-flex,4,1.0
1281,BWA-no-clip,5,1.0
1281,BWA-std,5,0.0
1281,NW-flex,5,1.0
1282,BWA-no-clip,-5,0.6
1282,BWA-std,-5,0.1
1282,NW-flex,-5,1.0
1282,BWA-no-clip,-4,0.7
1282,BWA-std,-4,0.2
1282,NW-flex,-4,1.0
1282,BWA-no-clip,-3,0.8
1282,BWA-std,-3,0.4
1282,NW-flex,-3,1.0
1282,BWA-no-clip,-2,0.9
1282,BWA-std,-2,0.6
1282,NW-flex,-2,1.0
1282,BWA-no-clip,-1,0.9
1282,BWA-std,-1,0.7
1282,NW-flex,-1,1.0
1282,BWA-no-clip,0,1.0
1282,BWA-std,0,1.0
1282,NW-flex,0,1.0
1282,BWA-no-clip,1,1.0
1282,BWA-std,1,0.7
1282,NW-flex,1,1.0
1282,BWA-no-clip,2,1.0
1282,BWA-std,2,0.5
1282,NW-flex,2,1.0
1282,BWA-no-clip,3,1.0
1282,BWA-std,3,0.3
1282,NW-flex,3,1.0
1282,BWA-no-clip,4,1.0
1282,BWA-std,4,0.1
1282,NW-flex,4,1.0
1282,BWA-no-clip,5,1.0
1282,BWA-std,5,0.0
1282,NW-flex,5,1.0
1283,BWA-no-clip,-5,0.6
1283,BWA-std,-5,0.1
1283,NW-flex,-5,1.0
1283,BWA-no-clip,-4,0.8
1283,BWA-std,-4,0.2
1283,NW-flex,-4,1.0
1283,BWA-no-clip,-3,0.8
1283,BWA-std,-3,0.4
1283,NW-flex,-3,1.0
1283,BWA-no-clip,-2,0.9
1283,BWA-std,-2,0.6
1283,NW-flex,-2,1.0
1283,BWA-no-clip,-1,0.9
1283,BWA-std,-1,0.7
1283,NW-flex,-1,1.0
1283,BWA-no-clip,0,1.0
1283,BWA-std,0,1.0
1283,NW-flex,0,1.0
1283,BWA-no-clip,1,1.0
1283,BWA-std,1,0.7
1283,NW-flex,1,1.0
1283,BWA-no-clip,2,1.0
1283,BWA-std,2,0.5
1283,NW-flex,2,1.0
1283,BWA-no-clip,3,1.0
1283,BWA-std,3,0.3
1283,NW-flex,3,1.0
1283,BWA-no-clip,4,1.0
1283,BWA-std,4,0.1
1283,NW-flex,4,1.0
1283,BWA-no-clip,5,1.0
1283,BWA-std,5,0.0
1283,NW-flex,5,1.0
1284,BWA-no-clip,-5,0.6
1284,BWA-std,-5,0.1
1284,NW-flex,-5,1.0
1284,BWA-no-clip,-4,0.6
1284,BWA-std,-4,0.2
1284,NW-flex,-4,1.0
1284,BWA-no-clip,-3,0.7
1284,BWA-std,-3,0.4
1284,NW-flex,-3,1.0
1284,BWA-no-clip,-2,0.7
1284,BWA-std,-2,0.6
1284,NW-flex,-2,1.0
1284,BWA-no-clip,-1,0.9
1284,BWA-std,-1,0.7
1284,NW-flex,-1,1.0
1284,BWA-no-clip,0,1.0
1284,BWA-std,0,1.0
1284,NW-flex,0,1.0
1284,BWA-no-clip,1,0.9
1284,BWA-std,1,0.7
1284,NW-flex,1,1.0
1284,BWA-no-clip,2,0.9
1284,BWA-std,2,0.5
1284,NW-flex,2,1.0
1284,BWA-no-clip,3,0.9
1284,BWA-std,3,0.3
1284,NW-flex,3,1.0
1284,BWA-no-clip,4,0.9
1284,BWA-std,4,0.1
1284,NW-flex,4,1.0
1284,BWA-no-clip,5,0.9
1284,BWA-std,5,0.0
1284,NW-flex,5,1.0
1285,BWA-no-clip,-5,0.5
1285,BWA-std,-5,0.1
1285,NW-flex,-5,1.0
1285,BWA-no-clip,-4,0.6
1285,BWA-std,-4,0.2
1285,NW-flex,-4,1.0
1285,BWA-no-clip,-3,0.7
1285,BWA-std,-3,0.4
1285,NW-flex,-3,1.0
1285,BWA-no-clip,-2,0.9
1285,BWA-std,-2,0.6
1285,NW-flex,-2,1.0
1285,BWA-no-clip,-1,0.9
1285,BWA-std,-1,0.7
1285,NW-flex,-1,1.0
1285,BWA-no-clip,0,1.0
1285,BWA-std,0,1.0
1285,NW-flex,0,1.0
1285,BWA-no-clip,1,1.0
1285,BWA-std,1,0.7
1285,NW-flex,1,1.0
1285,BWA-no-clip,2,1.0
1285,BWA-std,2,0.5
1285,NW-flex,2,1.0
1285,BWA-no-clip,3,1.0
1285,BWA-std,3,0.3
1285,NW-flex,3,1.0
1285,BWA-no-clip,4,1.0
1285,BWA-std,4,0.1
1285,NW-flex,4,1.0
1285,BWA-no-clip,5,1.0
1285,BWA-std,5,0.0
1285,NW-flex,5,1.0
1286,BWA-no-clip,-5,0.5
1286,BWA-std,-5,0.1
1286,NW-flex,-5,1.0
1286,BWA-no-clip,-4,0.6
1286,BWA-std,-4,0.2
1286,NW-flex,-4,1.0
1286,BWA-no-clip,-3,0.6
1286,BWA-std,-3,0.4
1286,NW-flex,-3,1.0
1286,BWA-no-clip,-2,0.9
1286,BWA-std,-2,0.6
1286,NW-flex,-2,1.0
1286,BWA-no-clip,-1,0.9
1286,BWA-std,-1,0.7
1286,NW-flex,-1,1.0
1286,BWA-no-clip,0,1.0
1286,BWA-std,0,1.0
1286,NW-flex,0,1.0
1286,BWA-no-clip,1,1.0
1286,BWA-std,1,0.7
1286,NW-flex,1,1.0
1286,BWA-no-clip,2,1.0
1286,BWA-std,2,0.5
1286,NW-flex,2,1.0
1286,BWA-no-clip,3,1.0
1286,BWA-std,3,0.3
1286,NW-flex,3,1.0
1286,BWA-no-clip,4,1.0
1286,BWA-std,4,0.1
1286,NW-flex,4,1.0
1286,BWA-no-clip,5,1.0
1286,BWA-std,5,0.0
1286,NW-flex,5,1.0
1287,BWA-no-clip,-5,0.6
1287,BWA-std,-5,0.1
1287,NW-flex,-5,1.0
1287,BWA-no-clip,-4,0.6
1287,BWA-std,-4,0.2
1287,NW-flex,-4,1.0
1287,BWA-no-clip,-3,0.8
1287,BWA-std,-3,0.4
1287,NW-flex,-3,1.0
1287,BWA-no-clip,-2,0.8
1287,BWA-std,-2,0.6
1287,NW-flex,-2,1.0
1287,BWA-no-clip,-1,0.9
1287,BWA-std,-1,0.7
1287,NW-flex,-1,1.0
1287,BWA-no-clip,0,1.0
1287,BWA-std,0,1.0
1287,NW-flex,0,1.0
1287,BWA-no-clip,1,1.0
1287,BWA-std,1,0.7
1287,NW-flex,1,1.0
1287,BWA-no-clip,2,1.0
1287,BWA-std,2,0.5
1287,NW-flex,2,1.0
1287,BWA-no-clip,3,1.0
1287,BWA-std,3,0.3
1287,NW-flex,3,1.0
1287,BWA-no-clip,4,1.0
1287,BWA-std,4,0.1
1287,NW-flex,4,1.0
1287,BWA-no-clip,5,1.0
1287,BWA-std,5,0.0
1287,NW-flex,5,1.0
1288,BWA-no-clip,-5,0.5
1288,BWA-std,-5,0.1
1288,NW-flex,-5,1.0
1288,BWA-no-clip,-4,0.5
1288,BWA-std,-4,0.2
1288,NW-flex,-4,1.0
1288,BWA-no-clip,-3,0.7
1288,BWA-std,-3,0.4
1288,NW-flex,-3,1.0
1288,BWA-no-clip,-2,0.7333333333333333
1288,BWA-std,-2,0.5
1288,NW-flex,-2,1.0
1288,BWA-no-clip,-1,0.7
1288,BWA-std,-1,0.7
1288,NW-flex,-1,1.0
1288,BWA-no-clip,0,1.0
1288,BWA-std,0,1.0
1288,NW-flex,0,1.0
1288,BWA-no-clip,1,0.8
1288,BWA-std,1,0.7
1288,NW-flex,1,1.0
1288,BWA-no-clip,2,0.8
1288,BWA-std,2,0.5
1288,NW-flex,2,1.0
1288,BWA-no-clip,3,0.8
1288,BWA-std,3,0.3
1288,NW-flex,3,1.0
1288,BWA-no-clip,4,0.8
1288,BWA-std,4,0.1
1288,NW-flex,4,1.0
1288,BWA-no-clip,5,0.8
1288,BWA-std,5,0.0
1288,NW-flex,5,1.0
1289,BWA-no-clip,-5,0.6
1289,BWA-std,-5,0.1
1289,NW-flex,-5,1.0
1289,BWA-no-clip,-4,0.8
1289,BWA-std,-4,0.2
1289,NW-flex,-4,1.0
1289,BWA-no-clip,-3,0.8
1289,BWA-std,-3,0.4
1289,NW-flex,-3,1.0
1289,BWA-no-clip,-2,0.9
1289,BWA-std,-2,0.6
1289,NW-flex,-2,1.0
1289,BWA-no-clip,-1,0.9
1289,BWA-std,-1,0.7
1289,NW-flex,-1,1.0
1289,BWA-no-clip,0,1.0
1289,BWA-std,0,1.0
1289,NW-flex,0,1.0
1289,BWA-no-clip,1,1.0
1289,BWA-std,1,0.7
1289,NW-flex,1,1.0
1289,BWA-no-clip,2,1.0
1289,BWA-std,2,0.5
1289,NW-flex,2,1.0
1289,BWA-no-clip,3,1.0
1289,BWA-std,3,0.3
1289,NW-flex,3,1.0
1289,BWA-no-clip,4,1.0
1289,BWA-std,4,0.1
1289,NW-flex,4,1.0
1289,BWA-no-clip,5,1.0
1289,BWA-std,5,0.0
1289,NW-flex,5,1.0
1290,BWA-no-clip,-5,0.6
1290,BWA-std,-5,0.1
1290,NW-flex,-5,1.0
1290,BWA-no-clip,-4,0.7
1290,BWA-std,-4,0.2
1290,NW-flex,-4,1.0
1290,BWA-no-clip,-3,0.7
1290,BWA-std,-3,0.4
1290,NW-flex,-3,1.0
1290,BWA-no-clip,-2,0.8
1290,BWA-std,-2,0.5
1290,NW-flex,-2,1.0
1290,BWA-no-clip,-1,0.8
1290,BWA-std,-1,0.7
1290,NW-flex,-1,1.0
1290,BWA-no-clip,0,1.0
1290,BWA-std,0,1.0
1290,NW-flex,0,1.0
1290,BWA-no-clip,1,1.0
1290,BWA-std,1,0.7
1290,NW-flex,1,1.0
1290,BWA-no-clip,2,1.0
1290,BWA-std,2,0.5
1290,NW-flex,2,1.0
1290,BWA-no-clip,3,1.0
1290,BWA-std,3,0.3
1290,NW-flex,3,1.0
1290,BWA-no-clip,4,1.0
1290,BWA-std,4,0.1
1290,NW-flex,4,1.0
1290,BWA-no-clip,5,1.0
1290,BWA-std,5,0.0
1290,NW-flex,5,1.0
1291,BWA-no-clip,-5,0.6
1291,BWA-std,-5,0.1
1291,NW-flex,-5,1.0
1291,BWA-no-clip,-4,0.7
1291,BWA-std,-4,0.2
1291,NW-flex,-4,1.0
1291,BWA-no-clip,-3,0.7
1291,BWA-std,-3,0.4
1291,NW-flex,-3,1.0
1291,BWA-no-clip,-2,0.8
1291,BWA-std,-2,0.5
1291,NW-flex,-2,1.0
1291,BWA-no-clip,-1,0.8
1291,BWA-std,-1,0.7
1291,NW-flex,-1,1.0
1291,BWA-no-clip,0,1.0
1291,BWA-std,0,1.0
1291,NW-flex,0,1.0
1291,BWA-no-clip,1,0.9
1291,BWA-std,1,0.7
1291,NW-flex,1,1.0
1291,BWA-no-clip,2,0.9
1291,BWA-std,2,0.5
1291,NW-flex,2,1.0
1291,BWA-no-clip,3,0.9
1291,BWA-std,3,0.3
1291,NW-flex,3,1.0
1291,BWA-no-clip,4,0.9
1291,BWA-std,4,0.1
1291,NW-flex,4,1.0
1291,BWA-no-clip,5,0.9
1291,BWA-std,5,0.0
1291,NW-flex,5,1.0
1292,BWA-no-clip,-5,0.6
1292,BWA-std,-5,0.1
1292,NW-flex,-5,1.0
1292,BWA-no-clip,-4,0.6
1292,BWA-std,-4,0.2
1292,NW-flex,-4,1.0
1292,BWA-no-clip,-3,0.7
1292,BWA-std,-3,0.4
1292,NW-flex,-3,1.0
1292,BWA-no-clip,-2,0.8
1292,BWA-std,-2,0.5
1292,NW-flex,-2,1.0
1292,BWA-no-clip,-1,0.8
1292,BWA-std,-1,0.7
1292,NW-flex,-1,1.0
1292,BWA-no-clip,0,1.0
1292,BWA-std,0,1.0
1292,NW-flex,0,1.0
1292,BWA-no-clip,1,0.9
1292,BWA-std,1,0.7
1292,NW-flex,1,1.0
1292,BWA-no-clip,2,0.9
1292,BWA-std,2,0.5
1292,NW-flex,2,1.0
1292,BWA-no-clip,3,0.9
1292,BWA-std,3,0.3
1292,NW-flex,3,1.0
1292,BWA-no-clip,4,0.9
1292,BWA-std,4,0.1
1292,NW-flex,4,1.0
1292,BWA-no-clip,5,0.9
1292,BWA-std,5,0.0
1292,NW-flex,5,1.0
1293,BWA-no-clip,-5,0.6
1293,BWA-std,-5,0.1
1293,NW-flex,-5,1.0
1293,BWA-no-clip,-4,0.7
1293,BWA-std,-4,0.2
1293,NW-flex,-4,1.0
1293,BWA-no-clip,-3,0.8
1293,BWA-std,-3,0.4
1293,NW-flex,-3,1.0
1293,BWA-no-clip,-2,0.8
1293,BWA-std,-2,0.6
1293,NW-flex,-2,1.0
1293,BWA-no-clip,-1,0.9
1293,BWA-std,-1,0.7
1293,NW-flex,-1,1.0
1293,BWA-no-clip,0,1.0
1293,BWA-std,0,1.0
1293,NW-flex,0,1.0
1293,BWA-no-clip,1,1.0
1293,BWA-std,1,0.7
1293,NW-flex,1,1.0
1293,BWA-no-clip,2,1.0
1293,BWA-std,2,0.5
1293,NW-flex,2,1.0
1293,BWA-no-clip,3,1.0
1293,BWA-std,3,0.3
1293,NW-flex,3,1.0
1293,BWA-no-clip,4,1.0
1293,BWA-std,4,0.1
1293,NW-flex,4,1.0
1293,BWA-no-clip,5,1.0
1293,BWA-std,5,0.0
1293,NW-flex,5,1.0
1294,BWA-no-clip,-5,0.6
1294,BWA-std,-5,0.1
1294,NW-flex,-5,1.0
1294,BWA-no-clip,-4,0.7
1294,BWA-std,-4,0.2
1294,NW-flex,-4,1.0
1294,BWA-no-clip,-3,0.7
1294,BWA-std,-3,0.4
1294,NW-flex,-3,1.0
1294,BWA-no-clip,-2,0.9
1294,BWA-std,-2,0.6
1294,NW-flex,-2,1.0
1294,BWA-no-clip,-1,0.9
1294,BWA-std,-1,0.7
1294,NW-flex,-1,1.0
1294,BWA-no-clip,0,1.0
1294,BWA-std,0,1.0
1294,NW-flex,0,1.0
1294,BWA-no-clip,1,1.0
1294,BWA-std,1,0.7
1294,NW-flex,1,1.0
1294,BWA-no-clip,2,1.0
1294,BWA-std,2,0.5
1294,NW-flex,2,1.0
1294,BWA-no-clip,3,1.0
1294,BWA-std,3,0.3
1294,NW-flex,3,1.0
1294,BWA-no-clip,4,1.0
1294,BWA-std,4,0.1
1294,NW-flex,4,1.0
1294,BWA-no-clip,5,1.0
1294,BWA-std,5,0.0
1294,NW-flex,5,1.0
1295,BWA-no-clip,-5,0.3
1295,BWA-std,-5,0.1
1295,NW-flex,-5,1.0
1295,BWA-no-clip,-4,0.4
1295,BWA-std,-4,0.2
1295,NW-flex,-4,1.0
1295,BWA-no-clip,-3,0.3
1295,BWA-std,-3,0.4
1295,NW-flex,-3,1.0
1295,BWA-no-clip,-2,0.6666666666666666
1295,BWA-std,-2,0.5
1295,NW-flex,-2,1.0
1295,BWA-no-clip,-1,0.6
1295,BWA-std,-1,0.6
1295,NW-flex,-1,1.0
1295,BWA-no-clip,0,1.0
1295,BWA-std,0,1.0
1295,NW-flex,0,1.0
1295,BWA-no-clip,1,0.7
1295,BWA-std,1,0.7
1295,NW-flex,1,1.0
1295,BWA-no-clip,2,0.7
1295,BWA-std,2,0.5
1295,NW-flex,2,1.0
1295,BWA-no-clip,3,0.7
1295,BWA-std,3,0.3
1295,NW-flex,3,1.0
1295,BWA-no-clip,4,0.7
1295,BWA-std,4,0.1
1295,NW-flex,4,1.0
1295,BWA-no-clip,5,0.7
1295,BWA-std,5,0.0
1295,NW-flex,5,1.0
1296,BWA-no-clip,-5,0.4
1296,BWA-std,-5,0.1
1296,NW-flex,-5,1.0
1296,BWA-no-clip,-4,0.4
1296,BWA-std,-4,0.2
1296,NW-flex,-4,1.0
1296,BWA-no-clip,-3,0.6
1296,BWA-std,-3,0.3
1296,NW-flex,-3,1.0
1296,BWA-no-clip,-2,0.7
1296,BWA-std,-2,0.5
1296,NW-flex,-2,1.0
1296,BWA-no-clip,-1,0.8
1296,BWA-std,-1,0.7
1296,NW-flex,-1,1.0
1296,BWA-no-clip,0,1.0
1296,BWA-std,0,1.0
1296,NW-flex,0,1.0
1296,BWA-no-clip,1,1.0
1296,BWA-std,1,0.7
1296,NW-flex,1,1.0
1296,BWA-no-clip,2,1.0
1296,BWA-std,2,0.5
1296,NW-flex,2,1.0
1296,BWA-no-clip,3,0.9
1296,BWA-std,3,0.3
1296,NW-flex,3,1.0
1296,BWA-no-clip,4,0.9
1296,BWA-std,4,0.1
1296,NW-flex,4,1.0
1296,BWA-no-clip,5,0.9
1296,BWA-std,5,0.0
1296,NW-flex,5,1.0
1297,BWA-no-clip,-5,0.3
1297,BWA-std,-5,0.1
1297,NW-flex,-5,1.0
1297,BWA-no-clip,-4,0.3
1297,BWA-std,-4,0.2
1297,NW-flex,-4,1.0
1297,BWA-no-clip,-3,0.7
1297,BWA-std,-3,0.4
1297,NW-flex,-3,1.0
1297,BWA-no-clip,-2,0.9
1297,BWA-std,-2,0.6
1297,NW-flex,-2,1.0
1297,BWA-no-clip,-1,0.9
1297,BWA-std,-1,0.7
1297,NW-flex,-1,1.0
1297,BWA-no-clip,0,1.0
1297,BWA-std,0,1.0
1297,NW-flex,0,1.0
1297,BWA-no-clip,1,1.0
1297,BWA-std,1,0.7
1297,NW-flex,1,1.0
1297,BWA-no-clip,2,1.0
1297,BWA-std,2,0.5
1297,NW-flex,2,1.0
1297,BWA-no-clip,3,0.9
1297,BWA-std,3,0.3
1297,NW-flex,3,1.0
1297,BWA-no-clip,4,0.9
1297,BWA-std,4,0.1
1297,NW-flex,4,1.0
1297,BWA-no-clip,5,0.9
1297,BWA-std,5,0.0
1297,NW-flex,5,1.0
1298,BWA-no-clip,-5,0.6
1298,BWA-std,-5,0.1
1298,NW-flex,-5,1.0
1298,BWA-no-clip,-4,0.7
1298,BWA-std,-4,0.2
1298,NW-flex,-4,1.0
1298,BWA-no-clip,-3,0.7
1298,BWA-std,-3,0.4
1298,NW-flex,-3,1.0
1298,BWA-no-clip,-2,0.8
1298,BWA-std,-2,0.5
1298,NW-flex,-2,1.0
1298,BWA-no-clip,-1,0.7
1298,BWA-std,-1,0.7
1298,NW-flex,-1,1.0
1298,BWA-no-clip,0,1.0
1298,BWA-std,0,1.0
1298,NW-flex,0,1.0
1298,BWA-no-clip,1,0.9
1298,BWA-std,1,0.7
1298,NW-flex,1,1.0
1298,BWA-no-clip,2,1.0
1298,BWA-std,2,0.5
1298,NW-flex,2,1.0
1298,BWA-no-clip,3,1.0
1298,BWA-std,3,0.3
1298,NW-flex,3,1.0
1298,BWA-no-clip,4,1.0
1298,BWA-std,4,0.1
1298,NW-flex,4,1.0
1298,BWA-no-clip,5,1.0
1298,BWA-std,5,0.0
1298,NW-flex,5,1.0
1299,BWA-no-clip,-5,0.6
1299,BWA-std,-5,0.1
1299,NW-flex,-5,1.0
1299,BWA-no-clip,-4,0.8
1299,BWA-std,-4,0.2
1299,NW-flex,-4,1.0
1299,BWA-no-clip,-3,0.8
1299,BWA-std,-3,0.4
1299,NW-flex,-3,1.0
1299,BWA-no-clip,-2,0.9
1299,BWA-std,-2,0.6
1299,NW-flex,-2,1.0
1299,BWA-no-clip,-1,0.9
1299,BWA-std,-1,0.7
1299,NW-flex,-1,1.0
1299,BWA-no-clip,0,1.0
1299,BWA-std,0,1.0
1299,NW-flex,0,1.0
1299,BWA-no-clip,1,1.0
1299,BWA-std,1,0.7
1299,NW-flex,1,1.0
1299,BWA-no-clip,2,1.0
1299,BWA-std,2,0.5
1299,NW-flex,2,1.0
1299,BWA-no-clip,3,1.0
1299,BWA-std,3,0.3
1299,NW-flex,3,1.0
1299,BWA-no-clip,4,1.0
1299,BWA-std,4,0.1
1299,NW-flex,4,1.0
1299,BWA-no-clip,5,1.0
1299,BWA-std,5,0.0
1299,NW-flex,5,1.0
1300,BWA-no-clip,-5,0.5
1300,BWA-std,-5,0.1
1300,NW-flex,-5,1.0
1300,BWA-no-clip,-4,0.7
1300,BWA-std,-4,0.2
1300,NW-flex,-4,1.0
1300,BWA-no-clip,-3,0.7
1300,BWA-std,-3,0.4
1300,NW-flex,-3,1.0
1300,BWA-no-clip,-2,0.9
1300,BWA-std,-2,0.6
1300,NW-flex,-2,1.0
1300,BWA-no-clip,-1,0.9
1300,BWA-std,-1,0.7
1300,NW-flex,-1,1.0
1300,BWA-no-clip,0,1.0
1300,BWA-std,0,1.0
1300,NW-flex,0,1.0
1300,BWA-no-clip,1,1.0
1300,BWA-std,1,0.7
1300,NW-flex,1,1.0
1300,BWA-no-clip,2,1.0
1300,BWA-std,2,0.5
1300,NW-flex,2,1.0
1300,BWA-no-clip,3,1.0
1300,BWA-std,3,0.3
1300,NW-flex,3,1.0
1300,BWA-no-clip,4,1.0
1300,BWA-std,4,0.1
1300,NW-flex,4,1.0
1300,BWA-no-clip,5,1.0
1300,BWA-std,5,0.0
1300,NW-flex,5,1.0
1301,BWA-no-clip,-5,0.7
1301,BWA-std,-5,0.1
1301,NW-flex,-5,1.0
1301,BWA-no-clip,-4,0.8
1301,BWA-std,-4,0.2
1301,NW-flex,-4,1.0
1301,BWA-no-clip,-3,0.8
1301,BWA-std,-3,0.4
1301,NW-flex,-3,1.0
1301,BWA-no-clip,-2,0.9
1301,BWA-std,-2,0.6
1301,NW-flex,-2,1.0
1301,BWA-no-clip,-1,0.9
1301,BWA-std,-1,0.7
1301,NW-flex,-1,1.0
1301,BWA-no-clip,0,1.0
1301,BWA-std,0,1.0
1301,NW-flex,0,1.0
1301,BWA-no-clip,1,1.0
1301,BWA-std,1,0.7
1301,NW-flex,1,1.0
1301,BWA-no-clip,2,1.0
1301,BWA-std,2,0.5
1301,NW-flex,2,1.0
1301,BWA-no-clip,3,1.0
1301,BWA-std,3,0.3
1301,NW-flex,3,1.0
1301,BWA-no-clip,4,1.0
1301,BWA-std,4,0.1
1301,NW-flex,4,1.0
1301,BWA-no-clip,5,1.0
1301,BWA-std,5,0.0
1301,NW-flex,5,1.0
1302,BWA-no-clip,-5,0.6
1302,BWA-std,-5,0.1
1302,NW-flex,-5,1.0
1302,BWA-no-clip,-4,0.8
1302,BWA-std,-4,0.2
1302,NW-flex,-4,1.0
1302,BWA-no-clip,-3,0.8
1302,BWA-std,-3,0.4
1302,NW-flex,-3,1.0
1302,BWA-no-clip,-2,0.9
1302,BWA-std,-2,0.6
1302,NW-flex,-2,1.0
1302,BWA-no-clip,-1,0.9
1302,BWA-std,-1,0.7
1302,NW-flex,-1,1.0
1302,BWA-no-clip,0,1.0
1302,BWA-std,0,1.0
1302,NW-flex,0,1.0
1302,BWA-no-clip,1,1.0
1302,BWA-std,1,0.7
1302,NW-flex,1,1.0
1302,BWA-no-clip,2,1.0
1302,BWA-std,2,0.5
1302,NW-flex,2,1.0
1302,BWA-no-clip,3,1.0
1302,BWA-std,3,0.3
1302,NW-flex,3,1.0
1302,BWA-no-clip,4,1.0
1302,BWA-std,4,0.1
1302,NW-flex,4,1.0
1302,BWA-no-clip,5,1.0
1302,BWA-std,5,0.0
1302,NW-flex,5,1.0
1303,BWA-no-clip,-5,0.6
1303,BWA-std,-5,0.1
1303,NW-flex,-5,1.0
1303,BWA-no-clip,-4,0.7
1303,BWA-std,-4,0.2
1303,NW-flex,-4,1.0
1303,BWA-no-clip,-3,0.8
1303,BWA-std,-3,0.4
1303,NW-flex,-3,1.0
1303,BWA-no-clip,-2,0.9
1303,BWA-std,-2,0.6
1303,NW-flex,-2,1.0
1303,BWA-no-clip,-1,0.9
1303,BWA-std,-1,0.7
1303,NW-flex,-1,1.0
1303,BWA-no-clip,0,1.0
1303,BWA-std,0,1.0
1303,NW-flex,0,1.0
1303,BWA-no-clip,1,1.0
1303,BWA-std,1,0.7
1303,NW-flex,1,1.0
1303,BWA-no-clip,2,1.0
1303,BWA-std,2,0.5
1303,NW-flex,2,1.0
1303,BWA-no-clip,3,1.0
1303,BWA-std,3,0.3
1303,NW-flex,3,1.0
1303,BWA-no-clip,4,1.0
1303,BWA-std,4,0.1
1303,NW-flex,4,1.0
1303,BWA-no-clip,5,1.0
1303,BWA-std,5,0.0
1303,NW-flex,5,1.0
1304,BWA-no-clip,-5,0.7
1304,BWA-std,-5,0.1
1304,NW-flex,-5,1.0
1304,BWA-no-clip,-4,0.8
1304,BWA-std,-4,0.2
1304,NW-flex,-4,1.0
1304,BWA-no-clip,-3,0.8
1304,BWA-std,-3,0.4
1304,NW-flex,-3,1.0
1304,BWA-no-clip,-2,0.9
1304,BWA-std,-2,0.6
1304,NW-flex,-2,1.0
1304,BWA-no-clip,-1,0.9
1304,BWA-std,-1,0.7
1304,NW-flex,-1,1.0
1304,BWA-no-clip,0,1.0
1304,BWA-std,0,1.0
1304,NW-flex,0,1.0
1304,BWA-no-clip,1,1.0
1304,BWA-std,1,0.7
1304,NW-flex,1,1.0
1304,BWA-no-clip,2,1.0
1304,BWA-std,2,0.5
1304,NW-flex,2,1.0
1304,BWA-no-clip,3,1.0
1304,BWA-std,3,0.3
1304,NW-flex,3,1.0
1304,BWA-no-clip,4,1.0
1304,BWA-std,4,0.1
1304,NW-flex,4,1.0
1304,BWA-no-clip,5,1.0
1304,BWA-std,5,0.0
1304,NW-flex,5,1.0
1305,BWA-no-clip,-5,0.5
1305,BWA-std,-5,0.1
1305,NW-flex,-5,1.0
1305,BWA-no-clip,-4,0.7
1305,BWA-std,-4,0.2
1305,NW-flex,-4,1.0
1305,BWA-no-clip,-3,0.7
1305,BWA-std,-3,0.4
1305,NW-flex,-3,1.0
1305,BWA-no-clip,-2,0.8
1305,BWA-std,-2,0.6
1305,NW-flex,-2,1.0
1305,BWA-no-clip,-1,0.9
1305,BWA-std,-1,0.7
1305,NW-flex,-1,1.0
1305,BWA-no-clip,0,1.0
1305,BWA-std,0,1.0
1305,NW-flex,0,1.0
1305,BWA-no-clip,1,1.0
1305,BWA-std,1,0.7
1305,NW-flex,1,1.0
1305,BWA-no-clip,2,1.0
1305,BWA-std,2,0.5
1305,NW-flex,2,1.0
1305,BWA-no-clip,3,1.0
1305,BWA-std,3,0.3
1305,NW-flex,3,1.0
1305,BWA-no-clip,4,1.0
1305,BWA-std,4,0.1
1305,NW-flex,4,1.0
1305,BWA-no-clip,5,1.0
1305,BWA-std,5,0.0
1305,NW-flex,5,1.0
1306,BWA-no-clip,-5,0.4
1306,BWA-std,-5,0.1
1306,NW-flex,-5,1.0
1306,BWA-no-clip,-4,0.7
1306,BWA-std,-4,0.2
1306,NW-flex,-4,1.0
1306,BWA-no-clip,-3,0.8
1306,BWA-std,-3,0.4
1306,NW-flex,-3,1.0
1306,BWA-no-clip,-2,0.9
1306,BWA-std,-2,0.6
1306,NW-flex,-2,1.0
1306,BWA-no-clip,-1,0.9
1306,BWA-std,-1,0.7
1306,NW-flex,-1,1.0
1306,BWA-no-clip,0,1.0
1306,BWA-std,0,1.0
1306,NW-flex,0,1.0
1306,BWA-no-clip,1,1.0
1306,BWA-std,1,0.7
1306,NW-flex,1,1.0
1306,BWA-no-clip,2,1.0
1306,BWA-std,2,0.5
1306,NW-flex,2,1.0
1306,BWA-no-clip,3,1.0
1306,BWA-std,3,0.3
1306,NW-flex,3,1.0
1306,BWA-no-clip,4,1.0
1306,BWA-std,4,0.1
1306,NW-flex,4,1.0
1306,BWA-no-clip,5,1.0
1306,BWA-std,5,0.0
1306,NW-flex,5,1.0
1307,BWA-no-clip,-5,0.5
1307,BWA-std,-5,0.1
1307,NW-flex,-5,1.0
1307,BWA-no-clip,-4,0.6
1307,BWA-std,-4,0.2
1307,NW-flex,-4,1.0
1307,BWA-no-clip,-3,0.6
1307,BWA-std,-3,0.4
1307,NW-flex,-3,1.0
1307,BWA-no-clip,-2,0.9
1307,BWA-std,-2,0.6
1307,NW-flex,-2,1.0
1307,BWA-no-clip,-1,0.9
1307,BWA-std,-1,0.7
1307,NW-flex,-1,1.0
1307,BWA-no-clip,0,1.0
1307,BWA-std,0,1.0
1307,NW-flex,0,1.0
1307,BWA-no-clip,1,1.0
1307,BWA-std,1,0.7
1307,NW-flex,1,1.0
1307,BWA-no-clip,2,0.9
1307,BWA-std,2,0.5
1307,NW-flex,2,1.0
1307,BWA-no-clip,3,1.0
1307,BWA-std,3,0.3
1307,NW-flex,3,1.0
1307,BWA-no-clip,4,1.0
1307,BWA-std,4,0.1
1307,NW-flex,4,1.0
1307,BWA-no-clip,5,1.0
1307,BWA-std,5,0.0
1307,NW-flex,5,1.0
1308,BWA-no-clip,-5,0.5
1308,BWA-std,-5,0.1
1308,NW-flex,-5,1.0
1308,BWA-no-clip,-4,0.6
1308,BWA-std,-4,0.2
1308,NW-flex,-4,1.0
1308,BWA-no-clip,-3,0.8
1308,BWA-std,-3,0.4
1308,NW-flex,-3,1.0
1308,BWA-no-clip,-2,0.8
1308,BWA-std,-2,0.6
1308,NW-flex,-2,1.0
1308,BWA-no-clip,-1,0.9
1308,BWA-std,-1,0.7
1308,NW-flex,-1,1.0
1308,BWA-no-clip,0,1.0
1308,BWA-std,0,1.0
1308,NW-flex,0,1.0
1308,BWA-no-clip,1,1.0
1308,BWA-std,1,0.7
1308,NW-flex,1,1.0
1308,BWA-no-clip,2,1.0
1308,BWA-std,2,0.5
1308,NW-flex,2,1.0
1308,BWA-no-clip,3,1.0
1308,BWA-std,3,0.3
1308,NW-flex,3,1.0
1308,BWA-no-clip,4,1.0
1308,BWA-std,4,0.1
1308,NW-flex,4,1.0
1308,BWA-no-clip,5,1.0
1308,BWA-std,5,0.0
1308,NW-flex,5,1.0
1309,BWA-no-clip,-5,0.7
1309,BWA-std,-5,0.1
1309,NW-flex,-5,1.0
1309,BWA-no-clip,-4,0.8
1309,BWA-std,-4,0.2
1309,NW-flex,-4,1.0
1309,BWA-no-clip,-3,0.8
1309,BWA-std,-3,0.4
1309,NW-flex,-3,1.0
1309,BWA-no-clip,-2,0.9
1309,BWA-std,-2,0.6
1309,NW-flex,-2,1.0
1309,BWA-no-clip,-1,0.9
1309,BWA-std,-1,0.7
1309,NW-flex,-1,1.0
1309,BWA-no-clip,0,1.0
1309,BWA-std,0,1.0
1309,NW-flex,0,1.0
1309,BWA-no-clip,1,1.0
1309,BWA-std,1,0.7
1309,NW-flex,1,1.0
1309,BWA-no-clip,2,1.0
1309,BWA-std,2,0.5
1309,NW-flex,2,1.0
1309,BWA-no-clip,3,1.0
1309,BWA-std,3,0.3
1309,NW-flex,3,1.0
1309,BWA-no-clip,4,1.0
1309,BWA-std,4,0.1
1309,NW-flex,4,1.0
1309,BWA-no-clip,5,1.0
1309,BWA-std,5,0.0
1309,NW-flex,5,1.0
1310,BWA-no-clip,-5,0.5
1310,BWA-std,-5,0.1
1310,NW-flex,-5,1.0
1310,BWA-no-clip,-4,0.5
1310,BWA-std,-4,0.2
1310,NW-flex,-4,1.0
1310,BWA-no-clip,-3,0.6
1310,BWA-std,-3,0.3
1310,NW-flex,-3,1.0
1310,BWA-no-clip,-2,0.7
1310,BWA-std,-2,0.5
1310,NW-flex,-2,1.0
1310,BWA-no-clip,-1,0.8
1310,BWA-std,-1,0.7
1310,NW-flex,-1,1.0
1310,BWA-no-clip,0,1.0
1310,BWA-std,0,1.0
1310,NW-flex,0,1.0
1310,BWA-no-clip,1,0.9
1310,BWA-std,1,0.7
1310,NW-flex,1,1.0
1310,BWA-no-clip,2,0.9
1310,BWA-std,2,0.5
1310,NW-flex,2,1.0
1310,BWA-no-clip,3,0.8
1310,BWA-std,3,0.3
1310,NW-flex,3,1.0
1310,BWA-no-clip,4,0.8
1310,BWA-std,4,0.1
1310,NW-flex,4,1.0
1310,BWA-no-clip,5,0.8
1310,BWA-std,5,0.0
1310,NW-flex,5,1.0
1311,BWA-no-clip,-5,0.5
1311,BWA-std,-5,0.1
1311,NW-flex,-5,1.0
1311,BWA-no-clip,-4,0.6
1311,BWA-std,-4,0.2
1311,NW-flex,-4,1.0
1311,BWA-no-clip,-3,0.8
1311,BWA-std,-3,0.4
1311,NW-flex,-3,1.0
1311,BWA-no-clip,-2,0.8
1311,BWA-std,-2,0.6
1311,NW-flex,-2,1.0
1311,BWA-no-clip,-1,0.9
1311,BWA-std,-1,0.7
1311,NW-flex,-1,1.0
1311,BWA-no-clip,0,1.0
1311,BWA-std,0,1.0
1311,NW-flex,0,1.0
1311,BWA-no-clip,1,1.0
1311,BWA-std,1,0.7
1311,NW-flex,1,1.0
1311,BWA-no-clip,2,1.0
1311,BWA-std,2,0.5
1311,NW-flex,2,1.0
1311,BWA-no-clip,3,1.0
1311,BWA-std,3,0.3
1311,NW-flex,3,1.0
1311,BWA-no-clip,4,1.0
1311,BWA-std,4,0.1
1311,NW-flex,4,1.0
1311,BWA-no-clip,5,1.0
1311,BWA-std,5,0.0
1311,NW-flex,5,1.0
1312,BWA-no-clip,-5,0.4
1312,BWA-std,-5,0.1
1312,NW-flex,-5,1.0
1312,BWA-no-clip,-4,0.5
1312,BWA-std,-4,0.2
1312,NW-flex,-4,1.0
1312,BWA-no-clip,-3,0.5
1312,BWA-std,-3,0.4
1312,NW-flex,-3,1.0
1312,BWA-no-clip,-2,0.8
1312,BWA-std,-2,0.6
1312,NW-flex,-2,1.0
1312,BWA-no-clip,-1,0.9
1312,BWA-std,-1,0.7
1312,NW-flex,-1,1.0
1312,BWA-no-clip,0,1.0
1312,BWA-std,0,1.0
1312,NW-flex,0,1.0
1312,BWA-no-clip,1,1.0
1312,BWA-std,1,0.7
1312,NW-flex,1,1.0
1312,BWA-no-clip,2,1.0
1312,BWA-std,2,0.5
1312,NW-flex,2,1.0
1312,BWA-no-clip,3,1.0
1312,BWA-std,3,0.3
1312,NW-flex,3,1.0
1312,BWA-no-clip,4,0.8
1312,BWA-std,4,0.1
1312,NW-flex,4,1.0
1312,BWA-no-clip,5,0.8
1312,BWA-std,5,0.0
1312,NW-flex,5,1.0
1313,BWA-no-clip,-5,0.7
1313,BWA-std,-5,0.1
1313,NW-flex,-5,1.0
1313,BWA-no-clip,-4,0.8
1313,BWA-std,-4,0.2
1313,NW-flex,-4,1.0
1313,BWA-no-clip,-3,0.8
1313,BWA-std,-3,0.4
1313,NW-flex,-3,1.0
1313,BWA-no-clip,-2,0.9
1313,BWA-std,-2,0.6
1313,NW-flex,-2,1.0
1313,BWA-no-clip,-1,0.9
1313,BWA-std,-1,0.7
1313,NW-flex,-1,1.0
1313,BWA-no-clip,0,1.0
1313,BWA-std,0,1.0
1313,NW-flex,0,1.0
1313,BWA-no-clip,1,1.0
1313,BWA-std,1,0.7
1313,NW-flex,1,1.0
1313,BWA-no-clip,2,1.0
1313,BWA-std,2,0.5
1313,NW-flex,2,1.0
1313,BWA-no-clip,3,1.0
1313,BWA-std,3,0.3
1313,NW-flex,3,1.0
1313,BWA-no-clip,4,1.0
1313,BWA-std,4,0.1
1313,NW-flex,4,1.0
1313,BWA-no-clip,5,1.0
1313,BWA-std,5,0.0
1313,NW-flex,5,1.0
1314,BWA-no-clip,-5,0.6
1314,BWA-std,-5,0.1
1314,NW-flex,-5,1.0
1314,BWA-no-clip,-4,0.8
1314,BWA-std,-4,0.2
1314,NW-flex,-4,1.0
1314,BWA-no-clip,-3,0.8
1314,BWA-std,-3,0.4
1314,NW-flex,-3,1.0
1314,BWA-no-clip,-2,0.9
1314,BWA-std,-2,0.6
1314,NW-flex,-2,1.0
1314,BWA-no-clip,-1,0.9
1314,BWA-std,-1,0.7
1314,NW-flex,-1,1.0
1314,BWA-no-clip,0,1.0
1314,BWA-std,0,1.0
1314,NW-flex,0,1.0
1314,BWA-no-clip,1,1.0
1314,BWA-std,1,0.7
1314,NW-flex,1,1.0
1314,BWA-no-clip,2,1.0
1314,BWA-std,2,0.5
1314,NW-flex,2,1.0
1314,BWA-no-clip,3,1.0
1314,BWA-std,3,0.3
1314,NW-flex,3,1.0
1314,BWA-no-clip,4,1.0
1314,BWA-std,4,0.1
1314,NW-flex,4,1.0
1314,BWA-no-clip,5,1.0
1314,BWA-std,5,0.0
1314,NW-flex,5,1.0
1315,BWA-no-clip,-5,0.6
1315,BWA-std,-5,0.1
1315,NW-flex,-5,1.0
1315,BWA-no-clip,-4,0.7
1315,BWA-std,-4,0.2
1315,NW-flex,-4,1.0
1315,BWA-no-clip,-3,0.7
1315,BWA-std,-3,0.4
1315,NW-flex,-3,1.0
1315,BWA-no-clip,-2,0.9
1315,BWA-std,-2,0.6
1315,NW-flex,-2,1.0
1315,BWA-no-clip,-1,0.9
1315,BWA-std,-1,0.7
1315,NW-flex,-1,1.0
1315,BWA-no-clip,0,1.0
1315,BWA-std,0,1.0
1315,NW-flex,0,1.0
1315,BWA-no-clip,1,1.0
1315,BWA-std,1,0.7
1315,NW-flex,1,1.0
1315,BWA-no-clip,2,1.0
1315,BWA-std,2,0.5
1315,NW-flex,2,1.0
1315,BWA-no-clip,3,1.0
1315,BWA-std,3,0.3
1315,NW-flex,3,1.0
1315,BWA-no-clip,4,1.0
1315,BWA-std,4,0.1
1315,NW-flex,4,1.0
1315,BWA-no-clip,5,1.0
1315,BWA-std,5,0.0
1315,NW-flex,5,1.0
1316,BWA-no-clip,-5,0.6
1316,BWA-std,-5,0.1
1316,NW-flex,-5,1.0
1316,BWA-no-clip,-4,0.6
1316,BWA-std,-4,0.2
1316,NW-flex,-4,1.0
1316,BWA-no-clip,-3,0.7
1316,BWA-std,-3,0.4
1316,NW-flex,-3,1.0
1316,BWA-no-clip,-2,0.7333333333333333
1316,BWA-std,-2,0.5
1316,NW-flex,-2,1.0
1316,BWA-no-clip,-1,0.7
1316,BWA-std,-1,0.7
1316,NW-flex,-1,1.0
1316,BWA-no-clip,0,1.0
1316,BWA-std,0,1.0
1316,NW-flex,0,1.0
1316,BWA-no-clip,1,0.8
1316,BWA-std,1,0.7
1316,NW-flex,1,1.0
1316,BWA-no-clip,2,0.8
1316,BWA-std,2,0.5
1316,NW-flex,2,1.0
1316,BWA-no-clip,3,0.8
1316,BWA-std,3,0.3
1316,NW-flex,3,1.0
1316,BWA-no-clip,4,0.8
1316,BWA-std,4,0.1
1316,NW-flex,4,1.0
1316,BWA-no-clip,5,0.8
1316,BWA-std,5,0.0
1316,NW-flex,5,1.0
1317,BWA-no-clip,-5,0.7
1317,BWA-std,-5,0.1
1317,NW-flex,-5,1.0
1317,BWA-no-clip,-4,0.7
1317,BWA-std,-4,0.2
1317,NW-flex,-4,1.0
1317,BWA-no-clip,-3,0.8
1317,BWA-std,-3,0.4
1317,NW-flex,-3,1.0
1317,BWA-no-clip,-2,0.9
1317,BWA-std,-2,0.6
1317,NW-flex,-2,1.0
1317,BWA-no-clip,-1,0.9
1317,BWA-std,-1,0.7
1317,NW-flex,-1,1.0
1317,BWA-no-clip,0,1.0
1317,BWA-std,0,1.0
1317,NW-flex,0,1.0
1317,BWA-no-clip,1,1.0
1317,BWA-std,1,0.7
1317,NW-flex,1,1.0
1317,BWA-no-clip,2,1.0
1317,BWA-std,2,0.5
1317,NW-flex,2,1.0
1317,BWA-no-clip,3,1.0
1317,BWA-std,3,0.3
1317,NW-flex,3,1.0
1317,BWA-no-clip,4,1.0
1317,BWA-std,4,0.1
1317,NW-flex,4,1.0
1317,BWA-no-clip,5,1.0
1317,BWA-std,5,0.0
1317,NW-flex,5,1.0
1318,BWA-no-clip,-5,0.7
1318,BWA-std,-5,0.1
1318,NW-flex,-5,1.0
1318,BWA-no-clip,-4,0.7
1318,BWA-std,-4,0.2
1318,NW-flex,-4,1.0
1318,BWA-no-clip,-3,0.8
1318,BWA-std,-3,0.4
1318,NW-flex,-3,1.0
1318,BWA-no-clip,-2,0.8
1318,BWA-std,-2,0.6
1318,NW-flex,-2,1.0
1318,BWA-no-clip,-1,0.9
1318,BWA-std,-1,0.7
1318,NW-flex,-1,1.0
1318,BWA-no-clip,0,1.0
1318,BWA-std,0,1.0
1318,NW-flex,0,1.0
1318,BWA-no-clip,1,1.0
1318,BWA-std,1,0.7
1318,NW-flex,1,1.0
1318,BWA-no-clip,2,1.0
1318,BWA-std,2,0.5
1318,NW-flex,2,1.0
1318,BWA-no-clip,3,1.0
1318,BWA-std,3,0.3
1318,NW-flex,3,1.0
1318,BWA-no-clip,4,1.0
1318,BWA-std,4,0.1
1318,NW-flex,4,1.0
1318,BWA-no-clip,5,1.0
1318,BWA-std,5,0.0
1318,NW-flex,5,1.0
1319,BWA-no-clip,-5,0.6
1319,BWA-std,-5,0.1
1319,NW-flex,-5,1.0
1319,BWA-no-clip,-4,0.7
1319,BWA-std,-4,0.2
1319,NW-flex,-4,1.0
1319,BWA-no-clip,-3,0.7
1319,BWA-std,-3,0.4
1319,NW-flex,-3,1.0
1319,BWA-no-clip,-2,0.9
1319,BWA-std,-2,0.6
1319,NW-flex,-2,1.0
1319,BWA-no-clip,-1,0.9
1319,BWA-std,-1,0.7
1319,NW-flex,-1,1.0
1319,BWA-no-clip,0,1.0
1319,BWA-std,0,1.0
1319,NW-flex,0,1.0
1319,BWA-no-clip,1,1.0
1319,BWA-std,1,0.7
1319,NW-flex,1,1.0
1319,BWA-no-clip,2,1.0
1319,BWA-std,2,0.5
1319,NW-flex,2,1.0
1319,BWA-no-clip,3,1.0
1319,BWA-std,3,0.3
1319,NW-flex,3,1.0
1319,BWA-no-clip,4,1.0
1319,BWA-std,4,0.1
1319,NW-flex,4,1.0
1319,BWA-no-clip,5,1.0
1319,BWA-std,5,0.0
1319,NW-flex,5,1.0
1320,BWA-no-clip,-5,0.6
1320,BWA-std,-5,0.1
1320,NW-flex,-5,1.0
1320,BWA-no-clip,-4,0.6
1320,BWA-std,-4,0.2
1320,NW-flex,-4,1.0
1320,BWA-no-clip,-3,0.8
1320,BWA-std,-3,0.4
1320,NW-flex,-3,1.0
1320,BWA-no-clip,-2,0.9
1320,BWA-std,-2,0.6
1320,NW-flex,-2,1.0
1320,BWA-no-clip,-1,0.9
1320,BWA-std,-1,0.7
1320,NW-flex,-1,1.0
1320,BWA-no-clip,0,1.0
1320,BWA-std,0,1.0
1320,NW-flex,0,1.0
1320,BWA-no-clip,1,1.0
1320,BWA-std,1,0.7
1320,NW-flex,1,1.0
1320,BWA-no-clip,2,1.0
1320,BWA-std,2,0.5
1320,NW-flex,2,1.0
1320,BWA-no-clip,3,1.0
1320,BWA-std,3,0.3
1320,NW-flex,3,1.0
1320,BWA-no-clip,4,1.0
1320,BWA-std,4,0.1
1320,NW-flex,4,1.0
1320,BWA-no-clip,5,1.0
1320,BWA-std,5,0.0
1320,NW-flex,5,1.0
1321,BWA-no-clip,-5,0.4
1321,BWA-std,-5,0.1
1321,NW-flex,-5,1.0
1321,BWA-no-clip,-4,0.7
1321,BWA-std,-4,0.2
1321,NW-flex,-4,1.0
1321,BWA-no-clip,-3,0.7
1321,BWA-std,-3,0.4
1321,NW-flex,-3,1.0
1321,BWA-no-clip,-2,0.8
1321,BWA-std,-2,0.5
1321,NW-flex,-2,1.0
1321,BWA-no-clip,-1,0.8
1321,BWA-std,-1,0.7
1321,NW-flex,-1,1.0
1321,BWA-no-clip,0,1.0
1321,BWA-std,0,1.0
1321,NW-flex,0,1.0
1321,BWA-no-clip,1,0.9
1321,BWA-std,1,0.7
1321,NW-flex,1,1.0
1321,BWA-no-clip,2,0.9
1321,BWA-std,2,0.5
1321,NW-flex,2,1.0
1321,BWA-no-clip,3,0.9
1321,BWA-std,3,0.3
1321,NW-flex,3,1.0
1321,BWA-no-clip,4,0.9
1321,BWA-std,4,0.1
1321,NW-flex,4,1.0
1321,BWA-no-clip,5,0.9
1321,BWA-std,5,0.0
1321,NW-flex,5,1.0
1322,BWA-no-clip,-5,0.6
1322,BWA-std,-5,0.1
1322,NW-flex,-5,1.0
1322,BWA-no-clip,-4,0.8
1322,BWA-std,-4,0.2
1322,NW-flex,-4,1.0
1322,BWA-no-clip,-3,0.8
1322,BWA-std,-3,0.4
1322,NW-flex,-3,1.0
1322,BWA-no-clip,-2,0.9
1322,BWA-std,-2,0.6
1322,NW-flex,-2,1.0
1322,BWA-no-clip,-1,0.9
1322,BWA-std,-1,0.7
1322,NW-flex,-1,1.0
1322,BWA-no-clip,0,1.0
1322,BWA-std,0,1.0
1322,NW-flex,0,1.0
1322,BWA-no-clip,1,1.0
1322,BWA-std,1,0.7
1322,NW-flex,1,1.0
1322,BWA-no-clip,2,1.0
1322,BWA-std,2,0.5
1322,NW-flex,2,1.0
1322,BWA-no-clip,3,1.0
1322,BWA-std,3,0.3
1322,NW-flex,3,1.0
1322,BWA-no-clip,4,1.0
1322,BWA-std,4,0.1
1322,NW-flex,4,1.0
1322,BWA-no-clip,5,1.0
1322,BWA-std,5,0.0
1322,NW-flex,5,1.0
1323,BWA-no-clip,-5,0.5
1323,BWA-std,-5,0.1
1323,NW-flex,-5,1.0
1323,BWA-no-clip,-4,0.5
1323,BWA-std,-4,0.2
1323,NW-flex,-4,1.0
1323,BWA-no-clip,-3,0.8
1323,BWA-std,-3,0.4
1323,NW-flex,-3,1.0
1323,BWA-no-clip,-2,0.8
1323,BWA-std,-2,0.6
1323,NW-flex,-2,1.0
1323,BWA-no-clip,-1,0.9
1323,BWA-std,-1,0.7
1323,NW-flex,-1,1.0
1323,BWA-no-clip,0,1.0
1323,BWA-std,0,1.0
1323,NW-flex,0,1.0
1323,BWA-no-clip,1,1.0
1323,BWA-std,1,0.7
1323,NW-flex,1,1.0
1323,BWA-no-clip,2,1.0
1323,BWA-std,2,0.5
1323,NW-flex,2,1.0
1323,BWA-no-clip,3,1.0
1323,BWA-std,3,0.3
1323,NW-flex,3,1.0
1323,BWA-no-clip,4,1.0
1323,BWA-std,4,0.1
1323,NW-flex,4,1.0
1323,BWA-no-clip,5,1.0
1323,BWA-std,5,0.0
1323,NW-flex,5,1.0
1324,BWA-no-clip,-5,0.5
1324,BWA-std,-5,0.1
1324,NW-flex,-5,1.0
1324,BWA-no-clip,-4,0.6
1324,BWA-std,-4,0.2
1324,NW-flex,-4,1.0
1324,BWA-no-clip,-3,0.6
1324,BWA-std,-3,0.4
1324,NW-flex,-3,1.0
1324,BWA-no-clip,-2,0.8
1324,BWA-std,-2,0.6
1324,NW-flex,-2,1.0
1324,BWA-no-clip,-1,0.9
1324,BWA-std,-1,0.7
1324,NW-flex,-1,1.0
1324,BWA-no-clip,0,1.0
1324,BWA-std,0,1.0
1324,NW-flex,0,1.0
1324,BWA-no-clip,1,1.0
1324,BWA-std,1,0.7
1324,NW-flex,1,1.0
1324,BWA-no-clip,2,1.0
1324,BWA-std,2,0.5
1324,NW-flex,2,1.0
1324,BWA-no-clip,3,1.0
1324,BWA-std,3,0.3
1324,NW-flex,3,1.0
1324,BWA-no-clip,4,1.0
1324,BWA-std,4,0.1
1324,NW-flex,4,1.0
1324,BWA-no-clip,5,1.0
1324,BWA-std,5,0.0
1324,NW-flex,5,1.0
1325,BWA-no-clip,-5,0.6
1325,BWA-std,-5,0.1
1325,NW-flex,-5,1.0
1325,BWA-no-clip,-4,0.7
1325,BWA-std,-4,0.2
1325,NW-flex,-4,1.0
1325,BWA-no-clip,-3,0.8
1325,BWA-std,-3,0.4
1325,NW-flex,-3,1.0
1325,BWA-no-clip,-2,0.8
1325,BWA-std,-2,0.6
1325,NW-flex,-2,1.0
1325,BWA-no-clip,-1,0.9
1325,BWA-std,-1,0.7
1325,NW-flex,-1,1.0
1325,BWA-no-clip,0,1.0
1325,BWA-std,0,1.0
1325,NW-flex,0,1.0
1325,BWA-no-clip,1,1.0
1325,BWA-std,1,0.7
1325,NW-flex,1,1.0
1325,BWA-no-clip,2,1.0
1325,BWA-std,2,0.5
1325,NW-flex,2,1.0
1325,BWA-no-clip,3,1.0
1325,BWA-std,3,0.3
1325,NW-flex,3,1.0
1325,BWA-no-clip,4,1.0
1325,BWA-std,4,0.1
1325,NW-flex,4,1.0
1325,BWA-no-clip,5,1.0
1325,BWA-std,5,0.0
1325,NW-flex,5,1.0
1326,BWA-no-clip,-5,0.7
1326,BWA-std,-5,0.1
1326,NW-flex,-5,1.0
1326,BWA-no-clip,-4,0.8
1326,BWA-std,-4,0.2
1326,NW-flex,-4,1.0
1326,BWA-no-clip,-3,0.8
1326,BWA-std,-3,0.4
1326,NW-flex,-3,1.0
1326,BWA-no-clip,-2,0.9
1326,BWA-std,-2,0.6
1326,NW-flex,-2,1.0
1326,BWA-no-clip,-1,0.9
1326,BWA-std,-1,0.7
1326,NW-flex,-1,1.0
1326,BWA-no-clip,0,1.0
1326,BWA-std,0,1.0
1326,NW-flex,0,1.0
1326,BWA-no-clip,1,1.0
1326,BWA-std,1,0.7
1326,NW-flex,1,1.0
1326,BWA-no-clip,2,1.0
1326,BWA-std,2,0.5
1326,NW-flex,2,1.0
1326,BWA-no-clip,3,1.0
1326,BWA-std,3,0.3
1326,NW-flex,3,1.0
1326,BWA-no-clip,4,1.0
1326,BWA-std,4,0.1
1326,NW-flex,4,1.0
1326,BWA-no-clip,5,1.0
1326,BWA-std,5,0.0
1326,NW-flex,5,1.0
1327,BWA-no-clip,-5,0.6
1327,BWA-std,-5,0.1
1327,NW-flex,-5,1.0
1327,BWA-no-clip,-4,0.7
1327,BWA-std,-4,0.2
1327,NW-flex,-4,1.0
1327,BWA-no-clip,-3,0.7
1327,BWA-std,-3,0.4
1327,NW-flex,-3,1.0
1327,BWA-no-clip,-2,0.8
1327,BWA-std,-2,0.5
1327,NW-flex,-2,1.0
1327,BWA-no-clip,-1,0.8
1327,BWA-std,-1,0.7
1327,NW-flex,-1,1.0
1327,BWA-no-clip,0,1.0
1327,BWA-std,0,1.0
1327,NW-flex,0,1.0
1327,BWA-no-clip,1,0.9
1327,BWA-std,1,0.7
1327,NW-flex,1,1.0
1327,BWA-no-clip,2,0.9
1327,BWA-std,2,0.5
1327,NW-flex,2,1.0
1327,BWA-no-clip,3,0.9
1327,BWA-std,3,0.3
1327,NW-flex,3,1.0
1327,BWA-no-clip,4,0.9
1327,BWA-std,4,0.1
1327,NW-flex,4,1.0
1327,BWA-no-clip,5,0.9
1327,BWA-std,5,0.0
1327,NW-flex,5,1.0
1328,BWA-no-clip,-5,0.5
1328,BWA-std,-5,0.1
1328,NW-flex,-5,1.0
1328,BWA-no-clip,-4,0.6
1328,BWA-std,-4,0.2
1328,NW-flex,-4,1.0
1328,BWA-no-clip,-3,0.7
1328,BWA-std,-3,0.4
1328,NW-flex,-3,1.0
1328,BWA-no-clip,-2,0.8
1328,BWA-std,-2,0.5
1328,NW-flex,-2,1.0
1328,BWA-no-clip,-1,0.8
1328,BWA-std,-1,0.7
1328,NW-flex,-1,1.0
1328,BWA-no-clip,0,1.0
1328,BWA-std,0,1.0
1328,NW-flex,0,1.0
1328,BWA-no-clip,1,1.0
1328,BWA-std,1,0.7
1328,NW-flex,1,1.0
1328,BWA-no-clip,2,1.0
1328,BWA-std,2,0.5
1328,NW-flex,2,1.0
1328,BWA-no-clip,3,1.0
1328,BWA-std,3,0.3
1328,NW-flex,3,1.0
1328,BWA-no-clip,4,1.0
1328,BWA-std,4,0.1
1328,NW-flex,4,1.0
1328,BWA-no-clip,5,0.9
1328,BWA-std,5,0.0
1328,NW-flex,5,1.0
1329,BWA-no-clip,-5,0.6
1329,BWA-std,-5,0.1
1329,NW-flex,-5,1.0
1329,BWA-no-clip,-4,0.7
1329,BWA-std,-4,0.2
1329,NW-flex,-4,1.0
1329,BWA-no-clip,-3,0.7
1329,BWA-std,-3,0.4
1329,NW-flex,-3,1.0
1329,BWA-no-clip,-2,0.8
1329,BWA-std,-2,0.5
1329,NW-flex,-2,1.0
1329,BWA-no-clip,-1,0.8
1329,BWA-std,-1,0.7
1329,NW-flex,-1,1.0
1329,BWA-no-clip,0,1.0
1329,BWA-std,0,1.0
1329,NW-flex,0,1.0
1329,BWA-no-clip,1,0.9
1329,BWA-std,1,0.7
1329,NW-flex,1,1.0
1329,BWA-no-clip,2,0.9
1329,BWA-std,2,0.5
1329,NW-flex,2,1.0
1329,BWA-no-clip,3,0.9
1329,BWA-std,3,0.3
1329,NW-flex,3,1.0
1329,BWA-no-clip,4,0.9
1329,BWA-std,4,0.1
1329,NW-flex,4,1.0
1329,BWA-no-clip,5,0.9
1329,BWA-std,5,0.0
1329,NW-flex,5,1.0
1330,BWA-no-clip,-5,0.5
1330,BWA-std,-5,0.1
1330,NW-flex,-5,1.0
1330,BWA-no-clip,-4,0.5
1330,BWA-std,-4,0.2
1330,NW-flex,-4,1.0
1330,BWA-no-clip,-3,0.5
1330,BWA-std,-3,0.4
1330,NW-flex,-3,1.0
1330,BWA-no-clip,-2,0.6
1330,BWA-std,-2,0.5
1330,NW-flex,-2,1.0
1330,BWA-no-clip,-1,0.5
1330,BWA-std,-1,0.5
1330,NW-flex,-1,1.0
1330,BWA-no-clip,0,1.0
1330,BWA-std,0,1.0
1330,NW-flex,0,1.0
1330,BWA-no-clip,1,0.6
1330,BWA-std,1,0.6
1330,NW-flex,1,1.0
1330,BWA-no-clip,2,0.6
1330,BWA-std,2,0.5
1330,NW-flex,2,1.0
1330,BWA-no-clip,3,0.6
1330,BWA-std,3,0.3
1330,NW-flex,3,1.0
1330,BWA-no-clip,4,0.6
1330,BWA-std,4,0.1
1330,NW-flex,4,1.0
1330,BWA-no-clip,5,0.6
1330,BWA-std,5,0.0
1330,NW-flex,5,1.0
1331,BWA-no-clip,-5,0.6
1331,BWA-std,-5,0.1
1331,NW-flex,-5,1.0
1331,BWA-no-clip,-4,0.8
1331,BWA-std,-4,0.2
1331,NW-flex,-4,1.0
1331,BWA-no-clip,-3,0.8
1331,BWA-std,-3,0.4
1331,NW-flex,-3,1.0
1331,BWA-no-clip,-2,0.9
1331,BWA-std,-2,0.6
1331,NW-flex,-2,1.0
1331,BWA-no-clip,-1,0.9
1331,BWA-std,-1,0.7
1331,NW-flex,-1,1.0
1331,BWA-no-clip,0,1.0
1331,BWA-std,0,1.0
1331,NW-flex,0,1.0
1331,BWA-no-clip,1,1.0
1331,BWA-std,1,0.7
1331,NW-flex,1,1.0
1331,BWA-no-clip,2,1.0
1331,BWA-std,2,0.5
1331,NW-flex,2,1.0
1331,BWA-no-clip,3,1.0
1331,BWA-std,3,0.3
1331,NW-flex,3,1.0
1331,BWA-no-clip,4,1.0
1331,BWA-std,4,0.1
1331,NW-flex,4,1.0
1331,BWA-no-clip,5,1.0
1331,BWA-std,5,0.0
1331,NW-flex,5,1.0
1332,BWA-no-clip,-5,0.1
1332,BWA-std,-5,0.1
1332,NW-flex,-5,1.0
1332,BWA-no-clip,-4,0.3
1332,BWA-std,-4,0.2
1332,NW-flex,-4,1.0
1332,BWA-no-clip,-3,0.4
1332,BWA-std,-3,0.3
1332,NW-flex,-3,1.0
1332,BWA-no-clip,-2,0.7
1332,BWA-std,-2,0.5
1332,NW-flex,-2,1.0
1332,BWA-no-clip,-1,0.8
1332,BWA-std,-1,0.7
1332,NW-flex,-1,1.0
1332,BWA-no-clip,0,1.0
1332,BWA-std,0,1.0
1332,NW-flex,0,1.0
1332,BWA-no-clip,1,1.0
1332,BWA-std,1,0.7
1332,NW-flex,1,1.0
1332,BWA-no-clip,2,1.0
1332,BWA-std,2,0.5
1332,NW-flex,2,1.0
1332,BWA-no-clip,3,0.9
1332,BWA-std,3,0.3
1332,NW-flex,3,1.0
1332,BWA-no-clip,4,0.9
1332,BWA-std,4,0.1
1332,NW-flex,4,1.0
1332,BWA-no-clip,5,0.4
1332,BWA-std,5,0.0
1332,NW-flex,5,1.0
1333,BWA-no-clip,-5,0.4
1333,BWA-std,-5,0.1
1333,NW-flex,-5,1.0
1333,BWA-no-clip,-4,0.4
1333,BWA-std,-4,0.2
1333,NW-flex,-4,1.0
1333,BWA-no-clip,-3,0.7
1333,BWA-std,-3,0.4
1333,NW-flex,-3,1.0
1333,BWA-no-clip,-2,0.7
1333,BWA-std,-2,0.6
1333,NW-flex,-2,1.0
1333,BWA-no-clip,-1,0.9
1333,BWA-std,-1,0.7
1333,NW-flex,-1,1.0
1333,BWA-no-clip,0,1.0
1333,BWA-std,0,1.0
1333,NW-flex,0,1.0
1333,BWA-no-clip,1,0.9
1333,BWA-std,1,0.7
1333,NW-flex,1,1.0
1333,BWA-no-clip,2,0.9
1333,BWA-std,2,0.5
1333,NW-flex,2,1.0
1333,BWA-no-clip,3,0.9
1333,BWA-std,3,0.3
1333,NW-flex,3,1.0
1333,BWA-no-clip,4,0.9
1333,BWA-std,4,0.1
1333,NW-flex,4,1.0
1333,BWA-no-clip,5,0.9
1333,BWA-std,5,0.0
1333,NW-flex,5,1.0
1334,BWA-no-clip,-5,0.4
1334,BWA-std,-5,0.1
1334,NW-flex,-5,1.0
1334,BWA-no-clip,-4,0.6
1334,BWA-std,-4,0.2
1334,NW-flex,-4,1.0
1334,BWA-no-clip,-3,0.6
1334,BWA-std,-3,0.4
1334,NW-flex,-3,1.0
1334,BWA-no-clip,-2,0.6666666666666666
1334,BWA-std,-2,0.5
1334,NW-flex,-2,1.0
1334,BWA-no-clip,-1,0.6
1334,BWA-std,-1,0.6
1334,NW-flex,-1,1.0
1334,BWA-no-clip,0,1.0
1334,BWA-std,0,1.0
1334,NW-flex,0,1.0
1334,BWA-no-clip,1,0.7
1334,BWA-std,1,0.7
1334,NW-flex,1,1.0
1334,BWA-no-clip,2,0.7
1334,BWA-std,2,0.5
1334,NW-flex,2,1.0
1334,BWA-no-clip,3,0.7
1334,BWA-std,3,0.3
1334,NW-flex,3,1.0
1334,BWA-no-clip,4,0.7
1334,BWA-std,4,0.1
1334,NW-flex,4,1.0
1334,BWA-no-clip,5,0.7
1334,BWA-std,5,0.0
1334,NW-flex,5,1.0
1335,BWA-no-clip,-5,0.7
1335,BWA-std,-5,0.1
1335,NW-flex,-5,1.0
1335,BWA-no-clip,-4,0.7
1335,BWA-std,-4,0.2
1335,NW-flex,-4,1.0
1335,BWA-no-clip,-3,0.8
1335,BWA-std,-3,0.4
1335,NW-flex,-3,1.0
1335,BWA-no-clip,-2,0.9
1335,BWA-std,-2,0.6
1335,NW-flex,-2,1.0
1335,BWA-no-clip,-1,0.9
1335,BWA-std,-1,0.7
1335,NW-flex,-1,1.0
1335,BWA-no-clip,0,1.0
1335,BWA-std,0,1.0
1335,NW-flex,0,1.0
1335,BWA-no-clip,1,1.0
1335,BWA-std,1,0.7
1335,NW-flex,1,1.0
1335,BWA-no-clip,2,1.0
1335,BWA-std,2,0.5
1335,NW-flex,2,1.0
1335,BWA-no-clip,3,1.0
1335,BWA-std,3,0.3
1335,NW-flex,3,1.0
1335,BWA-no-clip,4,1.0
1335,BWA-std,4,0.1
1335,NW-flex,4,1.0
1335,BWA-no-clip,5,1.0
1335,BWA-std,5,0.0
1335,NW-flex,5,1.0
1336,BWA-no-clip,-5,0.4
1336,BWA-std,-5,0.1
1336,NW-flex,-5,1.0
1336,BWA-no-clip,-4,0.6
1336,BWA-std,-4,0.2
1336,NW-flex,-4,1.0
1336,BWA-no-clip,-3,0.7
1336,BWA-std,-3,0.4
1336,NW-flex,-3,1.0
1336,BWA-no-clip,-2,0.9
1336,BWA-std,-2,0.6
1336,NW-flex,-2,1.0
1336,BWA-no-clip,-1,0.9
1336,BWA-std,-1,0.7
1336,NW-flex,-1,1.0
1336,BWA-no-clip,0,1.0
1336,BWA-std,0,1.0
1336,NW-flex,0,1.0
1336,BWA-no-clip,1,1.0
1336,BWA-std,1,0.7
1336,NW-flex,1,1.0
1336,BWA-no-clip,2,1.0
1336,BWA-std,2,0.5
1336,NW-flex,2,1.0
1336,BWA-no-clip,3,0.8
1336,BWA-std,3,0.3
1336,NW-flex,3,1.0
1336,BWA-no-clip,4,1.0
1336,BWA-std,4,0.1
1336,NW-flex,4,1.0
1336,BWA-no-clip,5,1.0
1336,BWA-std,5,0.0
1336,NW-flex,5,1.0
1337,BWA-no-clip,-5,0.7
1337,BWA-std,-5,0.1
1337,NW-flex,-5,1.0
1337,BWA-no-clip,-4,0.8
1337,BWA-std,-4,0.2
1337,NW-flex,-4,1.0
1337,BWA-no-clip,-3,0.8
1337,BWA-std,-3,0.4
1337,NW-flex,-3,1.0
1337,BWA-no-clip,-2,0.9
1337,BWA-std,-2,0.6
1337,NW-flex,-2,1.0
1337,BWA-no-clip,-1,0.9
1337,BWA-std,-1,0.7
1337,NW-flex,-1,1.0
1337,BWA-no-clip,0,1.0
1337,BWA-std,0,1.0
1337,NW-flex,0,1.0
1337,BWA-no-clip,1,1.0
1337,BWA-std,1,0.7
1337,NW-flex,1,1.0
1337,BWA-no-clip,2,1.0
1337,BWA-std,2,0.5
1337,NW-flex,2,1.0
1337,BWA-no-clip,3,1.0
1337,BWA-std,3,0.3
1337,NW-flex,3,1.0
1337,BWA-no-clip,4,1.0
1337,BWA-std,4,0.1
1337,NW-flex,4,1.0
1337,BWA-no-clip,5,1.0
1337,BWA-std,5,0.0
1337,NW-flex,5,1.0
1338,BWA-no-clip,-5,0.7
1338,BWA-std,-5,0.1
1338,NW-flex,-5,1.0
1338,BWA-no-clip,-4,0.8
1338,BWA-std,-4,0.2
1338,NW-flex,-4,1.0
1338,BWA-no-clip,-3,0.8
1338,BWA-std,-3,0.4
1338,NW-flex,-3,1.0
1338,BWA-no-clip,-2,0.9
1338,BWA-std,-2,0.6
1338,NW-flex,-2,1.0
1338,BWA-no-clip,-1,0.9
1338,BWA-std,-1,0.7
1338,NW-flex,-1,1.0
1338,BWA-no-clip,0,1.0
1338,BWA-std,0,1.0
1338,NW-flex,0,1.0
1338,BWA-no-clip,1,1.0
1338,BWA-std,1,0.7
1338,NW-flex,1,1.0
1338,BWA-no-clip,2,1.0
1338,BWA-std,2,0.5
1338,NW-flex,2,1.0
1338,BWA-no-clip,3,1.0
1338,BWA-std,3,0.3
1338,NW-flex,3,1.0
1338,BWA-no-clip,4,1.0
1338,BWA-std,4,0.1
1338,NW-flex,4,1.0
1338,BWA-no-clip,5,1.0
1338,BWA-std,5,0.0
1338,NW-flex,5,1.0
1339,BWA-no-clip,-5,0.7
1339,BWA-std,-5,0.1
1339,NW-flex,-5,1.0
1339,BWA-no-clip,-4,0.7
1339,BWA-std,-4,0.2
1339,NW-flex,-4,1.0
1339,BWA-no-clip,-3,0.8
1339,BWA-std,-3,0.4
1339,NW-flex,-3,1.0
1339,BWA-no-clip,-2,0.9
1339,BWA-std,-2,0.6
1339,NW-flex,-2,1.0
1339,BWA-no-clip,-1,0.9
1339,BWA-std,-1,0.7
1339,NW-flex,-1,1.0
1339,BWA-no-clip,0,1.0
1339,BWA-std,0,1.0
1339,NW-flex,0,1.0
1339,BWA-no-clip,1,1.0
1339,BWA-std,1,0.7
1339,NW-flex,1,1.0
1339,BWA-no-clip,2,1.0
1339,BWA-std,2,0.5
1339,NW-flex,2,1.0
1339,BWA-no-clip,3,1.0
1339,BWA-std,3,0.3
1339,NW-flex,3,1.0
1339,BWA-no-clip,4,1.0
1339,BWA-std,4,0.1
1339,NW-flex,4,1.0
1339,BWA-no-clip,5,1.0
1339,BWA-std,5,0.0
1339,NW-flex,5,1.0
1340,BWA-no-clip,-5,0.6
1340,BWA-std,-5,0.1
1340,NW-flex,-5,1.0
1340,BWA-no-clip,-4,0.8
1340,BWA-std,-4,0.2
1340,NW-flex,-4,1.0
1340,BWA-no-clip,-3,0.8
1340,BWA-std,-3,0.4
1340,NW-flex,-3,1.0
1340,BWA-no-clip,-2,0.9
1340,BWA-std,-2,0.6
1340,NW-flex,-2,1.0
1340,BWA-no-clip,-1,0.9
1340,BWA-std,-1,0.7
1340,NW-flex,-1,1.0
1340,BWA-no-clip,0,1.0
1340,BWA-std,0,1.0
1340,NW-flex,0,1.0
1340,BWA-no-clip,1,1.0
1340,BWA-std,1,0.7
1340,NW-flex,1,1.0
1340,BWA-no-clip,2,1.0
1340,BWA-std,2,0.5
1340,NW-flex,2,1.0
1340,BWA-no-clip,3,1.0
1340,BWA-std,3,0.3
1340,NW-flex,3,1.0
1340,BWA-no-clip,4,1.0
1340,BWA-std,4,0.1
1340,NW-flex,4,1.0
1340,BWA-no-clip,5,1.0
1340,BWA-std,5,0.0
1340,NW-flex,5,1.0
1341,BWA-no-clip,-5,0.5
1341,BWA-std,-5,0.1
1341,NW-flex,-5,1.0
1341,BWA-no-clip,-4,0.6
1341,BWA-std,-4,0.2
1341,NW-flex,-4,1.0
1341,BWA-no-clip,-3,0.6
1341,BWA-std,-3,0.4
1341,NW-flex,-3,1.0
1341,BWA-no-clip,-2,0.9
1341,BWA-std,-2,0.6
1341,NW-flex,-2,1.0
1341,BWA-no-clip,-1,0.9
1341,BWA-std,-1,0.7
1341,NW-flex,-1,1.0
1341,BWA-no-clip,0,1.0
1341,BWA-std,0,1.0
1341,NW-flex,0,1.0
1341,BWA-no-clip,1,1.0
1341,BWA-std,1,0.7
1341,NW-flex,1,1.0
1341,BWA-no-clip,2,1.0
1341,BWA-std,2,0.5
1341,NW-flex,2,1.0
1341,BWA-no-clip,3,1.0
1341,BWA-std,3,0.3
1341,NW-flex,3,1.0
1341,BWA-no-clip,4,1.0
1341,BWA-std,4,0.1
1341,NW-flex,4,1.0
1341,BWA-no-clip,5,1.0
1341,BWA-std,5,0.0
1341,NW-flex,5,1.0
1342,BWA-no-clip,-5,0.3
1342,BWA-std,-5,0.1
1342,NW-flex,-5,1.0
1342,BWA-no-clip,-4,0.6
1342,BWA-std,-4,0.2
1342,NW-flex,-4,1.0
1342,BWA-no-clip,-3,0.6
1342,BWA-std,-3,0.3
1342,NW-flex,-3,1.0
1342,BWA-no-clip,-2,0.7
1342,BWA-std,-2,0.5
1342,NW-flex,-2,1.0
1342,BWA-no-clip,-1,0.8
1342,BWA-std,-1,0.7
1342,NW-flex,-1,1.0
1342,BWA-no-clip,0,1.0
1342,BWA-std,0,1.0
1342,NW-flex,0,1.0
1342,BWA-no-clip,1,0.9
1342,BWA-std,1,0.7
1342,NW-flex,1,1.0
1342,BWA-no-clip,2,0.9
1342,BWA-std,2,0.5
1342,NW-flex,2,1.0
1342,BWA-no-clip,3,0.9
1342,BWA-std,3,0.3
1342,NW-flex,3,1.0
1342,BWA-no-clip,4,0.9
1342,BWA-std,4,0.1
1342,NW-flex,4,1.0
1342,BWA-no-clip,5,0.9
1342,BWA-std,5,0.0
1342,NW-flex,5,1.0
1343,BWA-no-clip,-5,0.43333333333333335
1343,BWA-std,-5,0.1
1343,NW-flex,-5,1.0
1343,BWA-no-clip,-4,0.5333333333333333
1343,BWA-std,-4,0.2
1343,NW-flex,-4,1.0
1343,BWA-no-clip,-3,0.6
1343,BWA-std,-3,0.4
1343,NW-flex,-3,1.0
1343,BWA-no-clip,-2,0.6666666666666666
1343,BWA-std,-2,0.5
1343,NW-flex,-2,1.0
1343,BWA-no-clip,-1,0.6
1343,BWA-std,-1,0.6
1343,NW-flex,-1,1.0
1343,BWA-no-clip,0,1.0
1343,BWA-std,0,1.0
1343,NW-flex,0,1.0
1343,BWA-no-clip,1,0.7
1343,BWA-std,1,0.7
1343,NW-flex,1,1.0
1343,BWA-no-clip,2,0.7
1343,BWA-std,2,0.5
1343,NW-flex,2,1.0
1343,BWA-no-clip,3,0.7
1343,BWA-std,3,0.3
1343,NW-flex,3,1.0
1343,BWA-no-clip,4,0.7
1343,BWA-std,4,0.1
1343,NW-flex,4,1.0
1343,BWA-no-clip,5,0.7
1343,BWA-std,5,0.0
1343,NW-flex,5,1.0
1344,BWA-no-clip,-5,0.6
1344,BWA-std,-5,0.1
1344,NW-flex,-5,1.0
1344,BWA-no-clip,-4,0.8
1344,BWA-std,-4,0.2
1344,NW-flex,-4,1.0
1344,BWA-no-clip,-3,0.8
1344,BWA-std,-3,0.4
1344,NW-flex,-3,1.0
1344,BWA-no-clip,-2,0.9
1344,BWA-std,-2,0.6
1344,NW-flex,-2,1.0
1344,BWA-no-clip,-1,0.9
1344,BWA-std,-1,0.7
1344,NW-flex,-1,1.0
1344,BWA-no-clip,0,1.0
1344,BWA-std,0,1.0
1344,NW-flex,0,1.0
1344,BWA-no-clip,1,1.0
1344,BWA-std,1,0.7
1344,NW-flex,1,1.0
1344,BWA-no-clip,2,1.0
1344,BWA-std,2,0.5
1344,NW-flex,2,1.0
1344,BWA-no-clip,3,1.0
1344,BWA-std,3,0.3
1344,NW-flex,3,1.0
1344,BWA-no-clip,4,1.0
1344,BWA-std,4,0.1
1344,NW-flex,4,1.0
1344,BWA-no-clip,5,1.0
1344,BWA-std,5,0.0
1344,NW-flex,5,1.0
1345,BWA-no-clip,-5,0.6
1345,BWA-std,-5,0.1
1345,NW-flex,-5,1.0
1345,BWA-no-clip,-4,0.6
1345,BWA-std,-4,0.2
1345,NW-flex,-4,1.0
1345,BWA-no-clip,-3,0.7
1345,BWA-std,-3,0.4
1345,NW-flex,-3,1.0
1345,BWA-no-clip,-2,0.8
1345,BWA-std,-2,0.5
1345,NW-flex,-2,1.0
1345,BWA-no-clip,-1,0.8
1345,BWA-std,-1,0.7
1345,NW-flex,-1,1.0
1345,BWA-no-clip,0,1.0
1345,BWA-std,0,1.0
1345,NW-flex,0,1.0
1345,BWA-no-clip,1,1.0
1345,BWA-std,1,0.7
1345,NW-flex,1,1.0
1345,BWA-no-clip,2,1.0
1345,BWA-std,2,0.5
1345,NW-flex,2,1.0
1345,BWA-no-clip,3,1.0
1345,BWA-std,3,0.3
1345,NW-flex,3,1.0
1345,BWA-no-clip,4,1.0
1345,BWA-std,4,0.1
1345,NW-flex,4,1.0
1345,BWA-no-clip,5,1.0
1345,BWA-std,5,0.0
1345,NW-flex,5,1.0
1346,BWA-no-clip,-5,0.6
1346,BWA-std,-5,0.1
1346,NW-flex,-5,1.0
1346,BWA-no-clip,-4,0.7
1346,BWA-std,-4,0.2
1346,NW-flex,-4,1.0
1346,BWA-no-clip,-3,0.7
1346,BWA-std,-3,0.4
1346,NW-flex,-3,1.0
1346,BWA-no-clip,-2,0.8
1346,BWA-std,-2,0.5
1346,NW-flex,-2,1.0
1346,BWA-no-clip,-1,0.8
1346,BWA-std,-1,0.7
1346,NW-flex,-1,1.0
1346,BWA-no-clip,0,1.0
1346,BWA-std,0,1.0
1346,NW-flex,0,1.0
1346,BWA-no-clip,1,0.9
1346,BWA-std,1,0.7
1346,NW-flex,1,1.0
1346,BWA-no-clip,2,0.9
1346,BWA-std,2,0.5
1346,NW-flex,2,1.0
1346,BWA-no-clip,3,0.9
1346,BWA-std,3,0.3
1346,NW-flex,3,1.0
1346,BWA-no-clip,4,0.9
1346,BWA-std,4,0.1
1346,NW-flex,4,1.0
1346,BWA-no-clip,5,0.9
1346,BWA-std,5,0.0
1346,NW-flex,5,1.0
1347,BWA-no-clip,-5,0.5
1347,BWA-std,-5,0.1
1347,NW-flex,-5,1.0
1347,BWA-no-clip,-4,0.6
1347,BWA-std,-4,0.2
1347,NW-flex,-4,1.0
1347,BWA-no-clip,-3,0.8
1347,BWA-std,-3,0.4
1347,NW-flex,-3,1.0
1347,BWA-no-clip,-2,0.9
1347,BWA-std,-2,0.6
1347,NW-flex,-2,1.0
1347,BWA-no-clip,-1,0.9
1347,BWA-std,-1,0.7
1347,NW-flex,-1,1.0
1347,BWA-no-clip,0,1.0
1347,BWA-std,0,1.0
1347,NW-flex,0,1.0
1347,BWA-no-clip,1,1.0
1347,BWA-std,1,0.7
1347,NW-flex,1,1.0
1347,BWA-no-clip,2,1.0
1347,BWA-std,2,0.5
1347,NW-flex,2,1.0
1347,BWA-no-clip,3,1.0
1347,BWA-std,3,0.3
1347,NW-flex,3,1.0
1347,BWA-no-clip,4,1.0
1347,BWA-std,4,0.1
1347,NW-flex,4,1.0
1347,BWA-no-clip,5,1.0
1347,BWA-std,5,0.0
1347,NW-flex,5,1.0
1348,BWA-no-clip,-5,0.5
1348,BWA-std,-5,0.1
1348,NW-flex,-5,1.0
1348,BWA-no-clip,-4,0.6
1348,BWA-std,-4,0.2
1348,NW-flex,-4,1.0
1348,BWA-no-clip,-3,0.8
1348,BWA-std,-3,0.4
1348,NW-flex,-3,1.0
1348,BWA-no-clip,-2,0.9
1348,BWA-std,-2,0.6
1348,NW-flex,-2,1.0
1348,BWA-no-clip,-1,0.9
1348,BWA-std,-1,0.7
1348,NW-flex,-1,1.0
1348,BWA-no-clip,0,1.0
1348,BWA-std,0,1.0
1348,NW-flex,0,1.0
1348,BWA-no-clip,1,1.0
1348,BWA-std,1,0.7
1348,NW-flex,1,1.0
1348,BWA-no-clip,2,1.0
1348,BWA-std,2,0.5
1348,NW-flex,2,1.0
1348,BWA-no-clip,3,0.9
1348,BWA-std,3,0.3
1348,NW-flex,3,1.0
1348,BWA-no-clip,4,0.9
1348,BWA-std,4,0.1
1348,NW-flex,4,1.0
1348,BWA-no-clip,5,0.9
1348,BWA-std,5,0.0
1348,NW-flex,5,1.0
1349,BWA-no-clip,-5,0.3
1349,BWA-std,-5,0.1
1349,NW-flex,-5,1.0
1349,BWA-no-clip,-4,0.3
1349,BWA-std,-4,0.2
1349,NW-flex,-4,1.0
1349,BWA-no-clip,-3,0.7
1349,BWA-std,-3,0.4
1349,NW-flex,-3,1.0
1349,BWA-no-clip,-2,0.7
1349,BWA-std,-2,0.6
1349,NW-flex,-2,1.0
1349,BWA-no-clip,-1,0.9
1349,BWA-std,-1,0.7
1349,NW-flex,-1,1.0
1349,BWA-no-clip,0,1.0
1349,BWA-std,0,1.0
1349,NW-flex,0,1.0
1349,BWA-no-clip,1,0.9
1349,BWA-std,1,0.7
1349,NW-flex,1,1.0
1349,BWA-no-clip,2,0.9
1349,BWA-std,2,0.5
1349,NW-flex,2,1.0
1349,BWA-no-clip,3,0.9
1349,BWA-std,3,0.3
1349,NW-flex,3,1.0
1349,BWA-no-clip,4,0.9
1349,BWA-std,4,0.1
1349,NW-flex,4,1.0
1349,BWA-no-clip,5,0.9
1349,BWA-std,5,0.0
1349,NW-flex,5,1.0
1350,BWA-no-clip,-5,0.6
1350,BWA-std,-5,0.1
1350,NW-flex,-5,1.0
1350,BWA-no-clip,-4,0.7
1350,BWA-std,-4,0.2
1350,NW-flex,-4,1.0
1350,BWA-no-clip,-3,0.8
1350,BWA-std,-3,0.4
1350,NW-flex,-3,1.0
1350,BWA-no-clip,-2,0.9
1350,BWA-std,-2,0.6
1350,NW-flex,-2,1.0
1350,BWA-no-clip,-1,0.9
1350,BWA-std,-1,0.7
1350,NW-flex,-1,1.0
1350,BWA-no-clip,0,1.0
1350,BWA-std,0,1.0
1350,NW-flex,0,1.0
1350,BWA-no-clip,1,1.0
1350,BWA-std,1,0.7
1350,NW-flex,1,1.0
1350,BWA-no-clip,2,1.0
1350,BWA-std,2,0.5
1350,NW-flex,2,1.0
1350,BWA-no-clip,3,1.0
1350,BWA-std,3,0.3
1350,NW-flex,3,1.0
1350,BWA-no-clip,4,1.0
1350,BWA-std,4,0.1
1350,NW-flex,4,1.0
1350,BWA-no-clip,5,1.0
1350,BWA-std,5,0.0
1350,NW-flex,5,1.0
1351,BWA-no-clip,-5,0.6
1351,BWA-std,-5,0.1
1351,NW-flex,-5,1.0
1351,BWA-no-clip,-4,0.7
1351,BWA-std,-4,0.2
1351,NW-flex,-4,1.0
1351,BWA-no-clip,-3,0.7
1351,BWA-std,-3,0.4
1351,NW-flex,-3,1.0
1351,BWA-no-clip,-2,0.8
1351,BWA-std,-2,0.5
1351,NW-flex,-2,1.0
1351,BWA-no-clip,-1,0.8
1351,BWA-std,-1,0.7
1351,NW-flex,-1,1.0
1351,BWA-no-clip,0,1.0
1351,BWA-std,0,1.0
1351,NW-flex,0,1.0
1351,BWA-no-clip,1,1.0
1351,BWA-std,1,0.7
1351,NW-flex,1,1.0
1351,BWA-no-clip,2,1.0
1351,BWA-std,2,0.5
1351,NW-flex,2,1.0
1351,BWA-no-clip,3,1.0
1351,BWA-std,3,0.3
1351,NW-flex,3,1.0
1351,BWA-no-clip,4,1.0
1351,BWA-std,4,0.1
1351,NW-flex,4,1.0
1351,BWA-no-clip,5,1.0
1351,BWA-std,5,0.0
1351,NW-flex,5,1.0
1352,BWA-no-clip,-5,0.6
1352,BWA-std,-5,0.1
1352,NW-flex,-5,1.0
1352,BWA-no-clip,-4,0.7
1352,BWA-std,-4,0.2
1352,NW-flex,-4,1.0
1352,BWA-no-clip,-3,0.8
1352,BWA-std,-3,0.4
1352,NW-flex,-3,1.0
1352,BWA-no-clip,-2,0.9
1352,BWA-std,-2,0.6
1352,NW-flex,-2,1.0
1352,BWA-no-clip,-1,0.9
1352,BWA-std,-1,0.7
1352,NW-flex,-1,1.0
1352,BWA-no-clip,0,1.0
1352,BWA-std,0,1.0
1352,NW-flex,0,1.0
1352,BWA-no-clip,1,1.0
1352,BWA-std,1,0.7
1352,NW-flex,1,1.0
1352,BWA-no-clip,2,1.0
1352,BWA-std,2,0.5
1352,NW-flex,2,1.0
1352,BWA-no-clip,3,1.0
1352,BWA-std,3,0.3
1352,NW-flex,3,1.0
1352,BWA-no-clip,4,1.0
1352,BWA-std,4,0.1
1352,NW-flex,4,1.0
1352,BWA-no-clip,5,1.0
1352,BWA-std,5,0.0
1352,NW-flex,5,1.0
1353,BWA-no-clip,-5,0.6
1353,BWA-std,-5,0.1
1353,NW-flex,-5,1.0
1353,BWA-no-clip,-4,0.7
1353,BWA-std,-4,0.2
1353,NW-flex,-4,1.0
1353,BWA-no-clip,-3,0.8
1353,BWA-std,-3,0.4
1353,NW-flex,-3,1.0
1353,BWA-no-clip,-2,0.9
1353,BWA-std,-2,0.6
1353,NW-flex,-2,1.0
1353,BWA-no-clip,-1,0.9
1353,BWA-std,-1,0.7
1353,NW-flex,-1,1.0
1353,BWA-no-clip,0,1.0
1353,BWA-std,0,1.0
1353,NW-flex,0,1.0
1353,BWA-no-clip,1,1.0
1353,BWA-std,1,0.7
1353,NW-flex,1,1.0
1353,BWA-no-clip,2,1.0
1353,BWA-std,2,0.5
1353,NW-flex,2,1.0
1353,BWA-no-clip,3,1.0
1353,BWA-std,3,0.3
1353,NW-flex,3,1.0
1353,BWA-no-clip,4,1.0
1353,BWA-std,4,0.1
1353,NW-flex,4,1.0
1353,BWA-no-clip,5,1.0
1353,BWA-std,5,0.0
1353,NW-flex,5,1.0
1354,BWA-no-clip,-5,0.5
1354,BWA-std,-5,0.1
1354,NW-flex,-5,1.0
1354,BWA-no-clip,-4,0.6
1354,BWA-std,-4,0.2
1354,NW-flex,-4,1.0
1354,BWA-no-clip,-3,0.6
1354,BWA-std,-3,0.4
1354,NW-flex,-3,1.0
1354,BWA-no-clip,-2,0.8
1354,BWA-std,-2,0.6
1354,NW-flex,-2,1.0
1354,BWA-no-clip,-1,0.9
1354,BWA-std,-1,0.7
1354,NW-flex,-1,1.0
1354,BWA-no-clip,0,1.0
1354,BWA-std,0,1.0
1354,NW-flex,0,1.0
1354,BWA-no-clip,1,1.0
1354,BWA-std,1,0.7
1354,NW-flex,1,1.0
1354,BWA-no-clip,2,0.9
1354,BWA-std,2,0.5
1354,NW-flex,2,1.0
1354,BWA-no-clip,3,0.9
1354,BWA-std,3,0.3
1354,NW-flex,3,1.0
1354,BWA-no-clip,4,0.9
1354,BWA-std,4,0.1
1354,NW-flex,4,1.0
1354,BWA-no-clip,5,0.9
1354,BWA-std,5,0.0
1354,NW-flex,5,1.0
1355,BWA-no-clip,-5,0.4
1355,BWA-std,-5,0.1
1355,NW-flex,-5,1.0
1355,BWA-no-clip,-4,0.4
1355,BWA-std,-4,0.2
1355,NW-flex,-4,1.0
1355,BWA-no-clip,-3,0.4
1355,BWA-std,-3,0.4
1355,NW-flex,-3,1.0
1355,BWA-no-clip,-2,0.5333333333333333
1355,BWA-std,-2,0.43333333333333335
1355,NW-flex,-2,1.0
1355,BWA-no-clip,-1,0.4
1355,BWA-std,-1,0.4
1355,NW-flex,-1,1.0
1355,BWA-no-clip,0,1.0
1355,BWA-std,0,1.0
1355,NW-flex,0,1.0
1355,BWA-no-clip,1,0.5
1355,BWA-std,1,0.5
1355,NW-flex,1,1.0
1355,BWA-no-clip,2,0.5
1355,BWA-std,2,0.5
1355,NW-flex,2,1.0
1355,BWA-no-clip,3,0.5
1355,BWA-std,3,0.3
1355,NW-flex,3,1.0
1355,BWA-no-clip,4,0.5
1355,BWA-std,4,0.1
1355,NW-flex,4,1.0
1355,BWA-no-clip,5,0.5
1355,BWA-std,5,0.0
1355,NW-flex,5,1.0
1356,BWA-no-clip,-5,0.2
1356,BWA-std,-5,0.1
1356,NW-flex,-5,1.0
1356,BWA-no-clip,-4,0.6
1356,BWA-std,-4,0.2
1356,NW-flex,-4,1.0
1356,BWA-no-clip,-3,0.6
1356,BWA-std,-3,0.4
1356,NW-flex,-3,1.0
1356,BWA-no-clip,-2,0.9
1356,BWA-std,-2,0.6
1356,NW-flex,-2,1.0
1356,BWA-no-clip,-1,0.9
1356,BWA-std,-1,0.7
1356,NW-flex,-1,1.0
1356,BWA-no-clip,0,1.0
1356,BWA-std,0,1.0
1356,NW-flex,0,1.0
1356,BWA-no-clip,1,1.0
1356,BWA-std,1,0.7
1356,NW-flex,1,1.0
1356,BWA-no-clip,2,1.0
1356,BWA-std,2,0.5
1356,NW-flex,2,1.0
1356,BWA-no-clip,3,1.0
1356,BWA-std,3,0.3
1356,NW-flex,3,1.0
1356,BWA-no-clip,4,0.9
1356,BWA-std,4,0.1
1356,NW-flex,4,1.0
1356,BWA-no-clip,5,0.9
1356,BWA-std,5,0.0
1356,NW-flex,5,1.0
1357,BWA-no-clip,-5,0.5
1357,BWA-std,-5,0.1
1357,NW-flex,-5,1.0
1357,BWA-no-clip,-4,0.6
1357,BWA-std,-4,0.2
1357,NW-flex,-4,1.0
1357,BWA-no-clip,-3,0.6
1357,BWA-std,-3,0.4
1357,NW-flex,-3,1.0
1357,BWA-no-clip,-2,0.8
1357,BWA-std,-2,0.5
1357,NW-flex,-2,1.0
1357,BWA-no-clip,-1,0.8
1357,BWA-std,-1,0.7
1357,NW-flex,-1,1.0
1357,BWA-no-clip,0,1.0
1357,BWA-std,0,1.0
1357,NW-flex,0,1.0
1357,BWA-no-clip,1,0.9
1357,BWA-std,1,0.7
1357,NW-flex,1,1.0
1357,BWA-no-clip,2,0.9
1357,BWA-std,2,0.5
1357,NW-flex,2,1.0
1357,BWA-no-clip,3,0.9
1357,BWA-std,3,0.3
1357,NW-flex,3,1.0
1357,BWA-no-clip,4,0.9
1357,BWA-std,4,0.1
1357,NW-flex,4,1.0
1357,BWA-no-clip,5,0.9
1357,BWA-std,5,0.0
1357,NW-flex,5,1.0
1358,BWA-no-clip,-5,0.6
1358,BWA-std,-5,0.1
1358,NW-flex,-5,1.0
1358,BWA-no-clip,-4,0.7
1358,BWA-std,-4,0.2
1358,NW-flex,-4,1.0
1358,BWA-no-clip,-3,0.7
1358,BWA-std,-3,0.4
1358,NW-flex,-3,1.0
1358,BWA-no-clip,-2,0.8
1358,BWA-std,-2,0.6
1358,NW-flex,-2,1.0
1358,BWA-no-clip,-1,0.9
1358,BWA-std,-1,0.7
1358,NW-flex,-1,1.0
1358,BWA-no-clip,0,1.0
1358,BWA-std,0,1.0
1358,NW-flex,0,1.0
1358,BWA-no-clip,1,1.0
1358,BWA-std,1,0.7
1358,NW-flex,1,1.0
1358,BWA-no-clip,2,1.0
1358,BWA-std,2,0.5
1358,NW-flex,2,1.0
1358,BWA-no-clip,3,1.0
1358,BWA-std,3,0.3
1358,NW-flex,3,1.0
1358,BWA-no-clip,4,1.0
1358,BWA-std,4,0.1
1358,NW-flex,4,1.0
1358,BWA-no-clip,5,1.0
1358,BWA-std,5,0.0
1358,NW-flex,5,1.0
1359,BWA-no-clip,-5,0.6
1359,BWA-std,-5,0.1
1359,NW-flex,-5,1.0
1359,BWA-no-clip,-4,0.7
1359,BWA-std,-4,0.2
1359,NW-flex,-4,1.0
1359,BWA-no-clip,-3,0.7
1359,BWA-std,-3,0.4
1359,NW-flex,-3,1.0
1359,BWA-no-clip,-2,0.9
1359,BWA-std,-2,0.6
1359,NW-flex,-2,1.0
1359,BWA-no-clip,-1,0.9
1359,BWA-std,-1,0.7
1359,NW-flex,-1,1.0
1359,BWA-no-clip,0,1.0
1359,BWA-std,0,1.0
1359,NW-flex,0,1.0
1359,BWA-no-clip,1,1.0
1359,BWA-std,1,0.7
1359,NW-flex,1,1.0
1359,BWA-no-clip,2,1.0
1359,BWA-std,2,0.5
1359,NW-flex,2,1.0
1359,BWA-no-clip,3,1.0
1359,BWA-std,3,0.3
1359,NW-flex,3,1.0
1359,BWA-no-clip,4,1.0
1359,BWA-std,4,0.1
1359,NW-flex,4,1.0
1359,BWA-no-clip,5,1.0
1359,BWA-std,5,0.0
1359,NW-flex,5,1.0
1360,BWA-no-clip,-5,0.7
1360,BWA-std,-5,0.1
1360,NW-flex,-5,1.0
1360,BWA-no-clip,-4,0.8
1360,BWA-std,-4,0.2
1360,NW-flex,-4,1.0
1360,BWA-no-clip,-3,0.8
1360,BWA-std,-3,0.4
1360,NW-flex,-3,1.0
1360,BWA-no-clip,-2,0.9
1360,BWA-std,-2,0.6
1360,NW-flex,-2,1.0
1360,BWA-no-clip,-1,0.9
1360,BWA-std,-1,0.7
1360,NW-flex,-1,1.0
1360,BWA-no-clip,0,1.0
1360,BWA-std,0,1.0
1360,NW-flex,0,1.0
1360,BWA-no-clip,1,1.0
1360,BWA-std,1,0.7
1360,NW-flex,1,1.0
1360,BWA-no-clip,2,1.0
1360,BWA-std,2,0.5
1360,NW-flex,2,1.0
1360,BWA-no-clip,3,1.0
1360,BWA-std,3,0.3
1360,NW-flex,3,1.0
1360,BWA-no-clip,4,1.0
1360,BWA-std,4,0.1
1360,NW-flex,4,1.0
1360,BWA-no-clip,5,1.0
1360,BWA-std,5,0.0
1360,NW-flex,5,1.0
1361,BWA-no-clip,-5,0.5
1361,BWA-std,-5,0.1
1361,NW-flex,-5,1.0
1361,BWA-no-clip,-4,0.5
1361,BWA-std,-4,0.2
1361,NW-flex,-4,1.0
1361,BWA-no-clip,-3,0.7
1361,BWA-std,-3,0.4
1361,NW-flex,-3,1.0
1361,BWA-no-clip,-2,0.7333333333333333
1361,BWA-std,-2,0.5
1361,NW-flex,-2,1.0
1361,BWA-no-clip,-1,0.7
1361,BWA-std,-1,0.7
1361,NW-flex,-1,1.0
1361,BWA-no-clip,0,1.0
1361,BWA-std,0,1.0
1361,NW-flex,0,1.0
1361,BWA-no-clip,1,0.8
1361,BWA-std,1,0.7
1361,NW-flex,1,1.0
1361,BWA-no-clip,2,0.8
1361,BWA-std,2,0.5
1361,NW-flex,2,1.0
1361,BWA-no-clip,3,0.8
1361,BWA-std,3,0.3
1361,NW-flex,3,1.0
1361,BWA-no-clip,4,0.8
1361,BWA-std,4,0.1
1361,NW-flex,4,1.0
1361,BWA-no-clip,5,0.8
1361,BWA-std,5,0.0
1361,NW-flex,5,1.0
1362,BWA-no-clip,-5,0.2
1362,BWA-std,-5,0.1
1362,NW-flex,-5,1.0
1362,BWA-no-clip,-4,0.6
1362,BWA-std,-4,0.2
1362,NW-flex,-4,1.0
1362,BWA-no-clip,-3,0.6
1362,BWA-std,-3,0.4
1362,NW-flex,-3,1.0
1362,BWA-no-clip,-2,0.8
1362,BWA-std,-2,0.6
1362,NW-flex,-2,1.0
1362,BWA-no-clip,-1,0.9
1362,BWA-std,-1,0.7
1362,NW-flex,-1,1.0
1362,BWA-no-clip,0,1.0
1362,BWA-std,0,1.0
1362,NW-flex,0,1.0
1362,BWA-no-clip,1,1.0
1362,BWA-std,1,0.7
1362,NW-flex,1,1.0
1362,BWA-no-clip,2,0.9
1362,BWA-std,2,0.5
1362,NW-flex,2,1.0
1362,BWA-no-clip,3,0.9
1362,BWA-std,3,0.3
1362,NW-flex,3,1.0
1362,BWA-no-clip,4,0.8
1362,BWA-std,4,0.1
1362,NW-flex,4,1.0
1362,BWA-no-clip,5,0.9
1362,BWA-std,5,0.0
1362,NW-flex,5,1.0
1363,BWA-no-clip,-5,0.6
1363,BWA-std,-5,0.1
1363,NW-flex,-5,1.0
1363,BWA-no-clip,-4,0.8
1363,BWA-std,-4,0.2
1363,NW-flex,-4,1.0
1363,BWA-no-clip,-3,0.8
1363,BWA-std,-3,0.4
1363,NW-flex,-3,1.0
1363,BWA-no-clip,-2,0.9
1363,BWA-std,-2,0.6
1363,NW-flex,-2,1.0
1363,BWA-no-clip,-1,0.9
1363,BWA-std,-1,0.7
1363,NW-flex,-1,1.0
1363,BWA-no-clip,0,1.0
1363,BWA-std,0,1.0
1363,NW-flex,0,1.0
1363,BWA-no-clip,1,1.0
1363,BWA-std,1,0.7
1363,NW-flex,1,1.0
1363,BWA-no-clip,2,1.0
1363,BWA-std,2,0.5
1363,NW-flex,2,1.0
1363,BWA-no-clip,3,1.0
1363,BWA-std,3,0.3
1363,NW-flex,3,1.0
1363,BWA-no-clip,4,1.0
1363,BWA-std,4,0.1
1363,NW-flex,4,1.0
1363,BWA-no-clip,5,1.0
1363,BWA-std,5,0.0
1363,NW-flex,5,1.0
1364,BWA-no-clip,-5,0.5
1364,BWA-std,-5,0.1
1364,NW-flex,-5,1.0
1364,BWA-no-clip,-4,0.6
1364,BWA-std,-4,0.2
1364,NW-flex,-4,1.0
1364,BWA-no-clip,-3,0.6
1364,BWA-std,-3,0.4
1364,NW-flex,-3,1.0
1364,BWA-no-clip,-2,0.8
1364,BWA-std,-2,0.5
1364,NW-flex,-2,1.0
1364,BWA-no-clip,-1,0.8
1364,BWA-std,-1,0.7
1364,NW-flex,-1,1.0
1364,BWA-no-clip,0,1.0
1364,BWA-std,0,1.0
1364,NW-flex,0,1.0
1364,BWA-no-clip,1,1.0
1364,BWA-std,1,0.7
1364,NW-flex,1,1.0
1364,BWA-no-clip,2,1.0
1364,BWA-std,2,0.5
1364,NW-flex,2,1.0
1364,BWA-no-clip,3,1.0
1364,BWA-std,3,0.3
1364,NW-flex,3,1.0
1364,BWA-no-clip,4,1.0
1364,BWA-std,4,0.1
1364,NW-flex,4,1.0
1364,BWA-no-clip,5,1.0
1364,BWA-std,5,0.0
1364,NW-flex,5,1.0
1365,BWA-no-clip,-5,0.5
1365,BWA-std,-5,0.1
1365,NW-flex,-5,1.0
1365,BWA-no-clip,-4,0.5
1365,BWA-std,-4,0.2
1365,NW-flex,-4,1.0
1365,BWA-no-clip,-3,0.7
1365,BWA-std,-3,0.4
1365,NW-flex,-3,1.0
1365,BWA-no-clip,-2,0.7333333333333333
1365,BWA-std,-2,0.5
1365,NW-flex,-2,1.0
1365,BWA-no-clip,-1,0.7
1365,BWA-std,-1,0.7
1365,NW-flex,-1,1.0
1365,BWA-no-clip,0,1.0
1365,BWA-std,0,1.0
1365,NW-flex,0,1.0
1365,BWA-no-clip,1,0.8
1365,BWA-std,1,0.7
1365,NW-flex,1,1.0
1365,BWA-no-clip,2,0.8
1365,BWA-std,2,0.5
1365,NW-flex,2,1.0
1365,BWA-no-clip,3,0.8
1365,BWA-std,3,0.3
1365,NW-flex,3,1.0
1365,BWA-no-clip,4,0.8
1365,BWA-std,4,0.1
1365,NW-flex,4,1.0
1365,BWA-no-clip,5,0.8
1365,BWA-std,5,0.0
1365,NW-flex,5,1.0
1366,BWA-no-clip,-5,0.7
1366,BWA-std,-5,0.1
1366,NW-flex,-5,1.0
1366,BWA-no-clip,-4,0.7
1366,BWA-std,-4,0.2
1366,NW-flex,-4,1.0
1366,BWA-no-clip,-3,0.8
1366,BWA-std,-3,0.4
1366,NW-flex,-3,1.0
1366,BWA-no-clip,-2,0.9
1366,BWA-std,-2,0.6
1366,NW-flex,-2,1.0
1366,BWA-no-clip,-1,0.9
1366,BWA-std,-1,0.7
1366,NW-flex,-1,1.0
1366,BWA-no-clip,0,1.0
1366,BWA-std,0,1.0
1366,NW-flex,0,1.0
1366,BWA-no-clip,1,1.0
1366,BWA-std,1,0.7
1366,NW-flex,1,1.0
1366,BWA-no-clip,2,1.0
1366,BWA-std,2,0.5
1366,NW-flex,2,1.0
1366,BWA-no-clip,3,1.0
1366,BWA-std,3,0.3
1366,NW-flex,3,1.0
1366,BWA-no-clip,4,1.0
1366,BWA-std,4,0.1
1366,NW-flex,4,1.0
1366,BWA-no-clip,5,1.0
1366,BWA-std,5,0.0
1366,NW-flex,5,1.0
1367,BWA-no-clip,-5,0.7
1367,BWA-std,-5,0.1
1367,NW-flex,-5,1.0
1367,BWA-no-clip,-4,0.7
1367,BWA-std,-4,0.2
1367,NW-flex,-4,1.0
1367,BWA-no-clip,-3,0.8
1367,BWA-std,-3,0.4
1367,NW-flex,-3,1.0
1367,BWA-no-clip,-2,0.8
1367,BWA-std,-2,0.6
1367,NW-flex,-2,1.0
1367,BWA-no-clip,-1,0.9
1367,BWA-std,-1,0.7
1367,NW-flex,-1,1.0
1367,BWA-no-clip,0,1.0
1367,BWA-std,0,1.0
1367,NW-flex,0,1.0
1367,BWA-no-clip,1,1.0
1367,BWA-std,1,0.7
1367,NW-flex,1,1.0
1367,BWA-no-clip,2,1.0
1367,BWA-std,2,0.5
1367,NW-flex,2,1.0
1367,BWA-no-clip,3,1.0
1367,BWA-std,3,0.3
1367,NW-flex,3,1.0
1367,BWA-no-clip,4,1.0
1367,BWA-std,4,0.1
1367,NW-flex,4,1.0
1367,BWA-no-clip,5,1.0
1367,BWA-std,5,0.0
1367,NW-flex,5,1.0
1368,BWA-no-clip,-5,0.3
1368,BWA-std,-5,0.1
1368,NW-flex,-5,1.0
1368,BWA-no-clip,-4,0.5
1368,BWA-std,-4,0.2
1368,NW-flex,-4,1.0
1368,BWA-no-clip,-3,0.6
1368,BWA-std,-3,0.3
1368,NW-flex,-3,1.0
1368,BWA-no-clip,-2,0.7
1368,BWA-std,-2,0.5
1368,NW-flex,-2,1.0
1368,BWA-no-clip,-1,0.8
1368,BWA-std,-1,0.7
1368,NW-flex,-1,1.0
1368,BWA-no-clip,0,1.0
1368,BWA-std,0,1.0
1368,NW-flex,0,1.0
1368,BWA-no-clip,1,0.9
1368,BWA-std,1,0.7
1368,NW-flex,1,1.0
1368,BWA-no-clip,2,0.5
1368,BWA-std,2,0.5
1368,NW-flex,2,1.0
1368,BWA-no-clip,3,0.9
1368,BWA-std,3,0.3
1368,NW-flex,3,1.0
1368,BWA-no-clip,4,0.9
1368,BWA-std,4,0.1
1368,NW-flex,4,1.0
1368,BWA-no-clip,5,0.9
1368,BWA-std,5,0.0
1368,NW-flex,5,1.0
1369,BWA-no-clip,-5,0.5
1369,BWA-std,-5,0.1
1369,NW-flex,-5,1.0
1369,BWA-no-clip,-4,0.5
1369,BWA-std,-4,0.2
1369,NW-flex,-4,1.0
1369,BWA-no-clip,-3,0.7
1369,BWA-std,-3,0.4
1369,NW-flex,-3,1.0
1369,BWA-no-clip,-2,0.7333333333333333
1369,BWA-std,-2,0.5
1369,NW-flex,-2,1.0
1369,BWA-no-clip,-1,0.7
1369,BWA-std,-1,0.7
1369,NW-flex,-1,1.0
1369,BWA-no-clip,0,1.0
1369,BWA-std,0,1.0
1369,NW-flex,0,1.0
1369,BWA-no-clip,1,0.8
1369,BWA-std,1,0.7
1369,NW-flex,1,1.0
1369,BWA-no-clip,2,0.8
1369,BWA-std,2,0.5
1369,NW-flex,2,1.0
1369,BWA-no-clip,3,0.8
1369,BWA-std,3,0.3
1369,NW-flex,3,1.0
1369,BWA-no-clip,4,0.8
1369,BWA-std,4,0.1
1369,NW-flex,4,1.0
1369,BWA-no-clip,5,0.8
1369,BWA-std,5,0.0
1369,NW-flex,5,1.0
1370,BWA-no-clip,-5,0.7
1370,BWA-std,-5,0.1
1370,NW-flex,-5,1.0
1370,BWA-no-clip,-4,0.7
1370,BWA-std,-4,0.2
1370,NW-flex,-4,1.0
1370,BWA-no-clip,-3,0.8
1370,BWA-std,-3,0.4
1370,NW-flex,-3,1.0
1370,BWA-no-clip,-2,0.9
1370,BWA-std,-2,0.6
1370,NW-flex,-2,1.0
1370,BWA-no-clip,-1,0.9
1370,BWA-std,-1,0.7
1370,NW-flex,-1,1.0
1370,BWA-no-clip,0,1.0
1370,BWA-std,0,1.0
1370,NW-flex,0,1.0
1370,BWA-no-clip,1,1.0
1370,BWA-std,1,0.7
1370,NW-flex,1,1.0
1370,BWA-no-clip,2,1.0
1370,BWA-std,2,0.5
1370,NW-flex,2,1.0
1370,BWA-no-clip,3,1.0
1370,BWA-std,3,0.3
1370,NW-flex,3,1.0
1370,BWA-no-clip,4,1.0
1370,BWA-std,4,0.1
1370,NW-flex,4,1.0
1370,BWA-no-clip,5,1.0
1370,BWA-std,5,0.0
1370,NW-flex,5,1.0
1371,BWA-no-clip,-5,0.6
1371,BWA-std,-5,0.1
1371,NW-flex,-5,1.0
1371,BWA-no-clip,-4,0.7
1371,BWA-std,-4,0.2
1371,NW-flex,-4,1.0
1371,BWA-no-clip,-3,0.7
1371,BWA-std,-3,0.4
1371,NW-flex,-3,1.0
1371,BWA-no-clip,-2,0.8
1371,BWA-std,-2,0.6
1371,NW-flex,-2,1.0
1371,BWA-no-clip,-1,0.9
1371,BWA-std,-1,0.7
1371,NW-flex,-1,1.0
1371,BWA-no-clip,0,1.0
1371,BWA-std,0,1.0
1371,NW-flex,0,1.0
1371,BWA-no-clip,1,1.0
1371,BWA-std,1,0.7
1371,NW-flex,1,1.0
1371,BWA-no-clip,2,1.0
1371,BWA-std,2,0.5
1371,NW-flex,2,1.0
1371,BWA-no-clip,3,1.0
1371,BWA-std,3,0.3
1371,NW-flex,3,1.0
1371,BWA-no-clip,4,1.0
1371,BWA-std,4,0.1
1371,NW-flex,4,1.0
1371,BWA-no-clip,5,1.0
1371,BWA-std,5,0.0
1371,NW-flex,5,1.0
1372,BWA-no-clip,-5,0.2
1372,BWA-std,-5,0.1
1372,NW-flex,-5,1.0
1372,BWA-no-clip,-4,0.5
1372,BWA-std,-4,0.2
1372,NW-flex,-4,1.0
1372,BWA-no-clip,-3,0.5
1372,BWA-std,-3,0.4
1372,NW-flex,-3,1.0
1372,BWA-no-clip,-2,0.6666666666666666
1372,BWA-std,-2,0.5
1372,NW-flex,-2,1.0
1372,BWA-no-clip,-1,0.6
1372,BWA-std,-1,0.6
1372,NW-flex,-1,1.0
1372,BWA-no-clip,0,1.0
1372,BWA-std,0,1.0
1372,NW-flex,0,1.0
1372,BWA-no-clip,1,0.7
1372,BWA-std,1,0.7
1372,NW-flex,1,1.0
1372,BWA-no-clip,2,0.7
1372,BWA-std,2,0.5
1372,NW-flex,2,1.0
1372,BWA-no-clip,3,0.7
1372,BWA-std,3,0.3
1372,NW-flex,3,1.0
1372,BWA-no-clip,4,0.7
1372,BWA-std,4,0.1
1372,NW-flex,4,1.0
1372,BWA-no-clip,5,0.7
1372,BWA-std,5,0.0
1372,NW-flex,5,1.0
1373,BWA-no-clip,-5,0.6
1373,BWA-std,-5,0.1
1373,NW-flex,-5,1.0
1373,BWA-no-clip,-4,0.7
1373,BWA-std,-4,0.2
1373,NW-flex,-4,1.0
1373,BWA-no-clip,-3,0.8
1373,BWA-std,-3,0.4
1373,NW-flex,-3,1.0
1373,BWA-no-clip,-2,0.9
1373,BWA-std,-2,0.6
1373,NW-flex,-2,1.0
1373,BWA-no-clip,-1,0.9
1373,BWA-std,-1,0.7
1373,NW-flex,-1,1.0
1373,BWA-no-clip,0,1.0
1373,BWA-std,0,1.0
1373,NW-flex,0,1.0
1373,BWA-no-clip,1,1.0
1373,BWA-std,1,0.7
1373,NW-flex,1,1.0
1373,BWA-no-clip,2,1.0
1373,BWA-std,2,0.5
1373,NW-flex,2,1.0
1373,BWA-no-clip,3,1.0
1373,BWA-std,3,0.3
1373,NW-flex,3,1.0
1373,BWA-no-clip,4,1.0
1373,BWA-std,4,0.1
1373,NW-flex,4,1.0
1373,BWA-no-clip,5,1.0
1373,BWA-std,5,0.0
1373,NW-flex,5,1.0
1374,BWA-no-clip,-5,0.6
1374,BWA-std,-5,0.1
1374,NW-flex,-5,1.0
1374,BWA-no-clip,-4,0.7
1374,BWA-std,-4,0.2
1374,NW-flex,-4,1.0
1374,BWA-no-clip,-3,0.7
1374,BWA-std,-3,0.4
1374,NW-flex,-3,1.0
1374,BWA-no-clip,-2,0.8
1374,BWA-std,-2,0.5
1374,NW-flex,-2,1.0
1374,BWA-no-clip,-1,0.8
1374,BWA-std,-1,0.7
1374,NW-flex,-1,1.0
1374,BWA-no-clip,0,1.0
1374,BWA-std,0,1.0
1374,NW-flex,0,1.0
1374,BWA-no-clip,1,0.9
1374,BWA-std,1,0.7
1374,NW-flex,1,1.0
1374,BWA-no-clip,2,0.9
1374,BWA-std,2,0.5
1374,NW-flex,2,1.0
1374,BWA-no-clip,3,0.9
1374,BWA-std,3,0.3
1374,NW-flex,3,1.0
1374,BWA-no-clip,4,0.9
1374,BWA-std,4,0.1
1374,NW-flex,4,1.0
1374,BWA-no-clip,5,0.9
1374,BWA-std,5,0.0
1374,NW-flex,5,1.0
1375,BWA-no-clip,-5,0.6
1375,BWA-std,-5,0.1
1375,NW-flex,-5,1.0
1375,BWA-no-clip,-4,0.7
1375,BWA-std,-4,0.2
1375,NW-flex,-4,1.0
1375,BWA-no-clip,-3,0.7
1375,BWA-std,-3,0.4
1375,NW-flex,-3,1.0
1375,BWA-no-clip,-2,0.7333333333333333
1375,BWA-std,-2,0.5
1375,NW-flex,-2,1.0
1375,BWA-no-clip,-1,0.7
1375,BWA-std,-1,0.7
1375,NW-flex,-1,1.0
1375,BWA-no-clip,0,1.0
1375,BWA-std,0,1.0
1375,NW-flex,0,1.0
1375,BWA-no-clip,1,0.8
1375,BWA-std,1,0.7
1375,NW-flex,1,1.0
1375,BWA-no-clip,2,0.8
1375,BWA-std,2,0.5
1375,NW-flex,2,1.0
1375,BWA-no-clip,3,0.8
1375,BWA-std,3,0.3
1375,NW-flex,3,1.0
1375,BWA-no-clip,4,0.8
1375,BWA-std,4,0.1
1375,NW-flex,4,1.0
1375,BWA-no-clip,5,0.8
1375,BWA-std,5,0.0
1375,NW-flex,5,1.0
1376,BWA-no-clip,-5,0.4
1376,BWA-std,-5,0.1
1376,NW-flex,-5,1.0
1376,BWA-no-clip,-4,0.8
1376,BWA-std,-4,0.2
1376,NW-flex,-4,1.0
1376,BWA-no-clip,-3,0.8
1376,BWA-std,-3,0.4
1376,NW-flex,-3,1.0
1376,BWA-no-clip,-2,0.9
1376,BWA-std,-2,0.6
1376,NW-flex,-2,1.0
1376,BWA-no-clip,-1,0.9
1376,BWA-std,-1,0.7
1376,NW-flex,-1,1.0
1376,BWA-no-clip,0,1.0
1376,BWA-std,0,1.0
1376,NW-flex,0,1.0
1376,BWA-no-clip,1,1.0
1376,BWA-std,1,0.7
1376,NW-flex,1,1.0
1376,BWA-no-clip,2,1.0
1376,BWA-std,2,0.5
1376,NW-flex,2,1.0
1376,BWA-no-clip,3,1.0
1376,BWA-std,3,0.3
1376,NW-flex,3,1.0
1376,BWA-no-clip,4,1.0
1376,BWA-std,4,0.1
1376,NW-flex,4,1.0
1376,BWA-no-clip,5,1.0
1376,BWA-std,5,0.0
1376,NW-flex,5,1.0
1377,BWA-no-clip,-5,0.4
1377,BWA-std,-5,0.1
1377,NW-flex,-5,1.0
1377,BWA-no-clip,-4,0.6
1377,BWA-std,-4,0.2
1377,NW-flex,-4,1.0
1377,BWA-no-clip,-3,0.6
1377,BWA-std,-3,0.4
1377,NW-flex,-3,1.0
1377,BWA-no-clip,-2,0.9
1377,BWA-std,-2,0.6
1377,NW-flex,-2,1.0
1377,BWA-no-clip,-1,0.9
1377,BWA-std,-1,0.7
1377,NW-flex,-1,1.0
1377,BWA-no-clip,0,1.0
1377,BWA-std,0,1.0
1377,NW-flex,0,1.0
1377,BWA-no-clip,1,1.0
1377,BWA-std,1,0.7
1377,NW-flex,1,1.0
1377,BWA-no-clip,2,1.0
1377,BWA-std,2,0.5
1377,NW-flex,2,1.0
1377,BWA-no-clip,3,1.0
1377,BWA-std,3,0.3
1377,NW-flex,3,1.0
1377,BWA-no-clip,4,1.0
1377,BWA-std,4,0.1
1377,NW-flex,4,1.0
1377,BWA-no-clip,5,1.0
1377,BWA-std,5,0.0
1377,NW-flex,5,1.0
1378,BWA-no-clip,-5,0.7
1378,BWA-std,-5,0.1
1378,NW-flex,-5,1.0
1378,BWA-no-clip,-4,0.7
1378,BWA-std,-4,0.2
1378,NW-flex,-4,1.0
1378,BWA-no-clip,-3,0.8
1378,BWA-std,-3,0.4
1378,NW-flex,-3,1.0
1378,BWA-no-clip,-2,0.8
1378,BWA-std,-2,0.6
1378,NW-flex,-2,1.0
1378,BWA-no-clip,-1,0.9
1378,BWA-std,-1,0.7
1378,NW-flex,-1,1.0
1378,BWA-no-clip,0,1.0
1378,BWA-std,0,1.0
1378,NW-flex,0,1.0
1378,BWA-no-clip,1,1.0
1378,BWA-std,1,0.7
1378,NW-flex,1,1.0
1378,BWA-no-clip,2,1.0
1378,BWA-std,2,0.5
1378,NW-flex,2,1.0
1378,BWA-no-clip,3,1.0
1378,BWA-std,3,0.3
1378,NW-flex,3,1.0
1378,BWA-no-clip,4,1.0
1378,BWA-std,4,0.1
1378,NW-flex,4,1.0
1378,BWA-no-clip,5,1.0
1378,BWA-std,5,0.0
1378,NW-flex,5,1.0
1379,BWA-no-clip,-5,0.7
1379,BWA-std,-5,0.1
1379,NW-flex,-5,1.0
1379,BWA-no-clip,-4,0.8
1379,BWA-std,-4,0.2
1379,NW-flex,-4,1.0
1379,BWA-no-clip,-3,0.8
1379,BWA-std,-3,0.4
1379,NW-flex,-3,1.0
1379,BWA-no-clip,-2,0.9
1379,BWA-std,-2,0.6
1379,NW-flex,-2,1.0
1379,BWA-no-clip,-1,0.9
1379,BWA-std,-1,0.7
1379,NW-flex,-1,1.0
1379,BWA-no-clip,0,1.0
1379,BWA-std,0,1.0
1379,NW-flex,0,1.0
1379,BWA-no-clip,1,1.0
1379,BWA-std,1,0.7
1379,NW-flex,1,1.0
1379,BWA-no-clip,2,1.0
1379,BWA-std,2,0.5
1379,NW-flex,2,1.0
1379,BWA-no-clip,3,1.0
1379,BWA-std,3,0.3
1379,NW-flex,3,1.0
1379,BWA-no-clip,4,1.0
1379,BWA-std,4,0.1
1379,NW-flex,4,1.0
1379,BWA-no-clip,5,1.0
1379,BWA-std,5,0.0
1379,NW-flex,5,1.0
1380,BWA-no-clip,-5,0.6
1380,BWA-std,-5,0.1
1380,NW-flex,-5,1.0
1380,BWA-no-clip,-4,0.6
1380,BWA-std,-4,0.2
1380,NW-flex,-4,1.0
1380,BWA-no-clip,-3,0.8
1380,BWA-std,-3,0.4
1380,NW-flex,-3,1.0
1380,BWA-no-clip,-2,0.8
1380,BWA-std,-2,0.6
1380,NW-flex,-2,1.0
1380,BWA-no-clip,-1,0.9
1380,BWA-std,-1,0.7
1380,NW-flex,-1,1.0
1380,BWA-no-clip,0,1.0
1380,BWA-std,0,1.0
1380,NW-flex,0,1.0
1380,BWA-no-clip,1,1.0
1380,BWA-std,1,0.7
1380,NW-flex,1,1.0
1380,BWA-no-clip,2,1.0
1380,BWA-std,2,0.5
1380,NW-flex,2,1.0
1380,BWA-no-clip,3,1.0
1380,BWA-std,3,0.3
1380,NW-flex,3,1.0
1380,BWA-no-clip,4,1.0
1380,BWA-std,4,0.1
1380,NW-flex,4,1.0
1380,BWA-no-clip,5,1.0
1380,BWA-std,5,0.0
1380,NW-flex,5,1.0
1381,BWA-no-clip,-5,0.7
1381,BWA-std,-5,0.1
1381,NW-flex,-5,1.0
1381,BWA-no-clip,-4,0.8
1381,BWA-std,-4,0.2
1381,NW-flex,-4,1.0
1381,BWA-no-clip,-3,0.8
1381,BWA-std,-3,0.4
1381,NW-flex,-3,1.0
1381,BWA-no-clip,-2,0.9
1381,BWA-std,-2,0.6
1381,NW-flex,-2,1.0
1381,BWA-no-clip,-1,0.9
1381,BWA-std,-1,0.7
1381,NW-flex,-1,1.0
1381,BWA-no-clip,0,1.0
1381,BWA-std,0,1.0
1381,NW-flex,0,1.0
1381,BWA-no-clip,1,1.0
1381,BWA-std,1,0.7
1381,NW-flex,1,1.0
1381,BWA-no-clip,2,1.0
1381,BWA-std,2,0.5
1381,NW-flex,2,1.0
1381,BWA-no-clip,3,1.0
1381,BWA-std,3,0.3
1381,NW-flex,3,1.0
1381,BWA-no-clip,4,1.0
1381,BWA-std,4,0.1
1381,NW-flex,4,1.0
1381,BWA-no-clip,5,1.0
1381,BWA-std,5,0.0
1381,NW-flex,5,1.0
1382,BWA-no-clip,-5,0.5
1382,BWA-std,-5,0.1
1382,NW-flex,-5,1.0
1382,BWA-no-clip,-4,0.6
1382,BWA-std,-4,0.2
1382,NW-flex,-4,1.0
1382,BWA-no-clip,-3,0.6
1382,BWA-std,-3,0.4
1382,NW-flex,-3,1.0
1382,BWA-no-clip,-2,0.9
1382,BWA-std,-2,0.6
1382,NW-flex,-2,1.0
1382,BWA-no-clip,-1,0.9
1382,BWA-std,-1,0.7
1382,NW-flex,-1,1.0
1382,BWA-no-clip,0,1.0
1382,BWA-std,0,1.0
1382,NW-flex,0,1.0
1382,BWA-no-clip,1,1.0
1382,BWA-std,1,0.7
1382,NW-flex,1,1.0
1382,BWA-no-clip,2,1.0
1382,BWA-std,2,0.5
1382,NW-flex,2,1.0
1382,BWA-no-clip,3,1.0
1382,BWA-std,3,0.3
1382,NW-flex,3,1.0
1382,BWA-no-clip,4,1.0
1382,BWA-std,4,0.1
1382,NW-flex,4,1.0
1382,BWA-no-clip,5,0.9
1382,BWA-std,5,0.0
1382,NW-flex,5,1.0
1383,BWA-no-clip,-5,0.5
1383,BWA-std,-5,0.1
1383,NW-flex,-5,1.0
1383,BWA-no-clip,-4,0.6
1383,BWA-std,-4,0.2
1383,NW-flex,-4,1.0
1383,BWA-no-clip,-3,0.6
1383,BWA-std,-3,0.3
1383,NW-flex,-3,1.0
1383,BWA-no-clip,-2,0.7
1383,BWA-std,-2,0.5
1383,NW-flex,-2,1.0
1383,BWA-no-clip,-1,0.8
1383,BWA-std,-1,0.7
1383,NW-flex,-1,1.0
1383,BWA-no-clip,0,1.0
1383,BWA-std,0,1.0
1383,NW-flex,0,1.0
1383,BWA-no-clip,1,0.9
1383,BWA-std,1,0.7
1383,NW-flex,1,1.0
1383,BWA-no-clip,2,0.9
1383,BWA-std,2,0.5
1383,NW-flex,2,1.0
1383,BWA-no-clip,3,0.9
1383,BWA-std,3,0.3
1383,NW-flex,3,1.0
1383,BWA-no-clip,4,0.9
1383,BWA-std,4,0.1
1383,NW-flex,4,1.0
1383,BWA-no-clip,5,0.9
1383,BWA-std,5,0.0
1383,NW-flex,5,1.0
1384,BWA-no-clip,-5,0.4
1384,BWA-std,-5,0.1
1384,NW-flex,-5,1.0
1384,BWA-no-clip,-4,0.5
1384,BWA-std,-4,0.2
1384,NW-flex,-4,1.0
1384,BWA-no-clip,-3,0.5
1384,BWA-std,-3,0.4
1384,NW-flex,-3,1.0
1384,BWA-no-clip,-2,0.9
1384,BWA-std,-2,0.6
1384,NW-flex,-2,1.0
1384,BWA-no-clip,-1,0.9
1384,BWA-std,-1,0.7
1384,NW-flex,-1,1.0
1384,BWA-no-clip,0,1.0
1384,BWA-std,0,1.0
1384,NW-flex,0,1.0
1384,BWA-no-clip,1,1.0
1384,BWA-std,1,0.7
1384,NW-flex,1,1.0
1384,BWA-no-clip,2,1.0
1384,BWA-std,2,0.5
1384,NW-flex,2,1.0
1384,BWA-no-clip,3,1.0
1384,BWA-std,3,0.3
1384,NW-flex,3,1.0
1384,BWA-no-clip,4,1.0
1384,BWA-std,4,0.1
1384,NW-flex,4,1.0
1384,BWA-no-clip,5,1.0
1384,BWA-std,5,0.0
1384,NW-flex,5,1.0
1385,BWA-no-clip,-5,0.6
1385,BWA-std,-5,0.1
1385,NW-flex,-5,1.0
1385,BWA-no-clip,-4,0.7
1385,BWA-std,-4,0.2
1385,NW-flex,-4,1.0
1385,BWA-no-clip,-3,0.7
1385,BWA-std,-3,0.4
1385,NW-flex,-3,1.0
1385,BWA-no-clip,-2,0.8
1385,BWA-std,-2,0.6
1385,NW-flex,-2,1.0
1385,BWA-no-clip,-1,0.9
1385,BWA-std,-1,0.7
1385,NW-flex,-1,1.0
1385,BWA-no-clip,0,1.0
1385,BWA-std,0,1.0
1385,NW-flex,0,1.0
1385,BWA-no-clip,1,1.0
1385,BWA-std,1,0.7
1385,NW-flex,1,1.0
1385,BWA-no-clip,2,1.0
1385,BWA-std,2,0.5
1385,NW-flex,2,1.0
1385,BWA-no-clip,3,1.0
1385,BWA-std,3,0.3
1385,NW-flex,3,1.0
1385,BWA-no-clip,4,1.0
1385,BWA-std,4,0.1
1385,NW-flex,4,1.0
1385,BWA-no-clip,5,1.0
1385,BWA-std,5,0.0
1385,NW-flex,5,1.0
1386,BWA-no-clip,-5,0.6
1386,BWA-std,-5,0.1
1386,NW-flex,-5,1.0
1386,BWA-no-clip,-4,0.6
1386,BWA-std,-4,0.2
1386,NW-flex,-4,1.0
1386,BWA-no-clip,-3,0.7
1386,BWA-std,-3,0.4
1386,NW-flex,-3,1.0
1386,BWA-no-clip,-2,0.9
1386,BWA-std,-2,0.6
1386,NW-flex,-2,1.0
1386,BWA-no-clip,-1,0.9
1386,BWA-std,-1,0.7
1386,NW-flex,-1,1.0
1386,BWA-no-clip,0,1.0
1386,BWA-std,0,1.0
1386,NW-flex,0,1.0
1386,BWA-no-clip,1,1.0
1386,BWA-std,1,0.7
1386,NW-flex,1,1.0
1386,BWA-no-clip,2,1.0
1386,BWA-std,2,0.5
1386,NW-flex,2,1.0
1386,BWA-no-clip,3,1.0
1386,BWA-std,3,0.3
1386,NW-flex,3,1.0
1386,BWA-no-clip,4,1.0
1386,BWA-std,4,0.1
1386,NW-flex,4,1.0
1386,BWA-no-clip,5,1.0
1386,BWA-std,5,0.0
1386,NW-flex,5,1.0
1387,BWA-no-clip,-5,0.5
1387,BWA-std,-5,0.1
1387,NW-flex,-5,1.0
1387,BWA-no-clip,-4,0.6
1387,BWA-std,-4,0.2
1387,NW-flex,-4,1.0
1387,BWA-no-clip,-3,0.6
1387,BWA-std,-3,0.4
1387,NW-flex,-3,1.0
1387,BWA-no-clip,-2,0.8
1387,BWA-std,-2,0.6
1387,NW-flex,-2,1.0
1387,BWA-no-clip,-1,0.9
1387,BWA-std,-1,0.7
1387,NW-flex,-1,1.0
1387,BWA-no-clip,0,1.0
1387,BWA-std,0,1.0
1387,NW-flex,0,1.0
1387,BWA-no-clip,1,1.0
1387,BWA-std,1,0.7
1387,NW-flex,1,1.0
1387,BWA-no-clip,2,1.0
1387,BWA-std,2,0.5
1387,NW-flex,2,1.0
1387,BWA-no-clip,3,1.0
1387,BWA-std,3,0.3
1387,NW-flex,3,1.0
1387,BWA-no-clip,4,0.9
1387,BWA-std,4,0.1
1387,NW-flex,4,1.0
1387,BWA-no-clip,5,0.8
1387,BWA-std,5,0.0
1387,NW-flex,5,1.0
1388,BWA-no-clip,-5,0.4
1388,BWA-std,-5,0.1
1388,NW-flex,-5,1.0
1388,BWA-no-clip,-4,0.6
1388,BWA-std,-4,0.2
1388,NW-flex,-4,1.0
1388,BWA-no-clip,-3,0.7
1388,BWA-std,-3,0.4
1388,NW-flex,-3,1.0
1388,BWA-no-clip,-2,0.9
1388,BWA-std,-2,0.6
1388,NW-flex,-2,1.0
1388,BWA-no-clip,-1,0.9
1388,BWA-std,-1,0.7
1388,NW-flex,-1,1.0
1388,BWA-no-clip,0,1.0
1388,BWA-std,0,1.0
1388,NW-flex,0,1.0
1388,BWA-no-clip,1,1.0
1388,BWA-std,1,0.7
1388,NW-flex,1,1.0
1388,BWA-no-clip,2,1.0
1388,BWA-std,2,0.5
1388,NW-flex,2,1.0
1388,BWA-no-clip,3,1.0
1388,BWA-std,3,0.3
1388,NW-flex,3,1.0
1388,BWA-no-clip,4,1.0
1388,BWA-std,4,0.1
1388,NW-flex,4,1.0
1388,BWA-no-clip,5,1.0
1388,BWA-std,5,0.0
1388,NW-flex,5,1.0
1389,BWA-no-clip,-5,0.3
1389,BWA-std,-5,0.1
1389,NW-flex,-5,1.0
1389,BWA-no-clip,-4,0.4
1389,BWA-std,-4,0.2
1389,NW-flex,-4,1.0
1389,BWA-no-clip,-3,0.4
1389,BWA-std,-3,0.4
1389,NW-flex,-3,1.0
1389,BWA-no-clip,-2,0.9
1389,BWA-std,-2,0.6
1389,NW-flex,-2,1.0
1389,BWA-no-clip,-1,0.9
1389,BWA-std,-1,0.7
1389,NW-flex,-1,1.0
1389,BWA-no-clip,0,1.0
1389,BWA-std,0,1.0
1389,NW-flex,0,1.0
1389,BWA-no-clip,1,1.0
1389,BWA-std,1,0.7
1389,NW-flex,1,1.0
1389,BWA-no-clip,2,0.9
1389,BWA-std,2,0.5
1389,NW-flex,2,1.0
1389,BWA-no-clip,3,0.7
1389,BWA-std,3,0.3
1389,NW-flex,3,1.0
1389,BWA-no-clip,4,1.0
1389,BWA-std,4,0.1
1389,NW-flex,4,1.0
1389,BWA-no-clip,5,1.0
1389,BWA-std,5,0.0
1389,NW-flex,5,1.0
1390,BWA-no-clip,-5,0.5
1390,BWA-std,-5,0.1
1390,NW-flex,-5,1.0
1390,BWA-no-clip,-4,0.7
1390,BWA-std,-4,0.2
1390,NW-flex,-4,1.0
1390,BWA-no-clip,-3,0.7
1390,BWA-std,-3,0.4
1390,NW-flex,-3,1.0
1390,BWA-no-clip,-2,0.8
1390,BWA-std,-2,0.6
1390,NW-flex,-2,1.0
1390,BWA-no-clip,-1,0.9
1390,BWA-std,-1,0.7
1390,NW-flex,-1,1.0
1390,BWA-no-clip,0,1.0
1390,BWA-std,0,1.0
1390,NW-flex,0,1.0
1390,BWA-no-clip,1,1.0
1390,BWA-std,1,0.7
1390,NW-flex,1,1.0
1390,BWA-no-clip,2,1.0
1390,BWA-std,2,0.5
1390,NW-flex,2,1.0
1390,BWA-no-clip,3,1.0
1390,BWA-std,3,0.3
1390,NW-flex,3,1.0
1390,BWA-no-clip,4,1.0
1390,BWA-std,4,0.1
1390,NW-flex,4,1.0
1390,BWA-no-clip,5,1.0
1390,BWA-std,5,0.0
1390,NW-flex,5,1.0
1391,BWA-no-clip,-5,0.7
1391,BWA-std,-5,0.1
1391,NW-flex,-5,1.0
1391,BWA-no-clip,-4,0.8
1391,BWA-std,-4,0.2
1391,NW-flex,-4,1.0
1391,BWA-no-clip,-3,0.8
1391,BWA-std,-3,0.4
1391,NW-flex,-3,1.0
1391,BWA-no-clip,-2,0.9
1391,BWA-std,-2,0.6
1391,NW-flex,-2,1.0
1391,BWA-no-clip,-1,0.9
1391,BWA-std,-1,0.7
1391,NW-flex,-1,1.0
1391,BWA-no-clip,0,1.0
1391,BWA-std,0,1.0
1391,NW-flex,0,1.0
1391,BWA-no-clip,1,1.0
1391,BWA-std,1,0.7
1391,NW-flex,1,1.0
1391,BWA-no-clip,2,1.0
1391,BWA-std,2,0.5
1391,NW-flex,2,1.0
1391,BWA-no-clip,3,1.0
1391,BWA-std,3,0.3
1391,NW-flex,3,1.0
1391,BWA-no-clip,4,1.0
1391,BWA-std,4,0.1
1391,NW-flex,4,1.0
1391,BWA-no-clip,5,1.0
1391,BWA-std,5,0.0
1391,NW-flex,5,1.0
1392,BWA-no-clip,-5,0.6
1392,BWA-std,-5,0.1
1392,NW-flex,-5,1.0
1392,BWA-no-clip,-4,0.7
1392,BWA-std,-4,0.2
1392,NW-flex,-4,1.0
1392,BWA-no-clip,-3,0.7
1392,BWA-std,-3,0.4
1392,NW-flex,-3,1.0
1392,BWA-no-clip,-2,0.8
1392,BWA-std,-2,0.5
1392,NW-flex,-2,1.0
1392,BWA-no-clip,-1,0.8
1392,BWA-std,-1,0.7
1392,NW-flex,-1,1.0
1392,BWA-no-clip,0,1.0
1392,BWA-std,0,1.0
1392,NW-flex,0,1.0
1392,BWA-no-clip,1,1.0
1392,BWA-std,1,0.7
1392,NW-flex,1,1.0
1392,BWA-no-clip,2,1.0
1392,BWA-std,2,0.5
1392,NW-flex,2,1.0
1392,BWA-no-clip,3,1.0
1392,BWA-std,3,0.3
1392,NW-flex,3,1.0
1392,BWA-no-clip,4,1.0
1392,BWA-std,4,0.1
1392,NW-flex,4,1.0
1392,BWA-no-clip,5,1.0
1392,BWA-std,5,0.0
1392,NW-flex,5,1.0
1393,BWA-no-clip,-5,0.5
1393,BWA-std,-5,0.1
1393,NW-flex,-5,1.0
1393,BWA-no-clip,-4,0.6
1393,BWA-std,-4,0.2
1393,NW-flex,-4,1.0
1393,BWA-no-clip,-3,0.6
1393,BWA-std,-3,0.3
1393,NW-flex,-3,1.0
1393,BWA-no-clip,-2,0.7
1393,BWA-std,-2,0.5
1393,NW-flex,-2,1.0
1393,BWA-no-clip,-1,0.8
1393,BWA-std,-1,0.7
1393,NW-flex,-1,1.0
1393,BWA-no-clip,0,1.0
1393,BWA-std,0,1.0
1393,NW-flex,0,1.0
1393,BWA-no-clip,1,0.9
1393,BWA-std,1,0.7
1393,NW-flex,1,1.0
1393,BWA-no-clip,2,0.9
1393,BWA-std,2,0.5
1393,NW-flex,2,1.0
1393,BWA-no-clip,3,0.9
1393,BWA-std,3,0.3
1393,NW-flex,3,1.0
1393,BWA-no-clip,4,0.9
1393,BWA-std,4,0.1
1393,NW-flex,4,1.0
1393,BWA-no-clip,5,0.9
1393,BWA-std,5,0.0
1393,NW-flex,5,1.0
1394,BWA-no-clip,-5,0.4
1394,BWA-std,-5,0.1
1394,NW-flex,-5,1.0
1394,BWA-no-clip,-4,0.5
1394,BWA-std,-4,0.2
1394,NW-flex,-4,1.0
1394,BWA-no-clip,-3,0.5
1394,BWA-std,-3,0.4
1394,NW-flex,-3,1.0
1394,BWA-no-clip,-2,0.9
1394,BWA-std,-2,0.6
1394,NW-flex,-2,1.0
1394,BWA-no-clip,-1,0.9
1394,BWA-std,-1,0.7
1394,NW-flex,-1,1.0
1394,BWA-no-clip,0,1.0
1394,BWA-std,0,1.0
1394,NW-flex,0,1.0
1394,BWA-no-clip,1,1.0
1394,BWA-std,1,0.7
1394,NW-flex,1,1.0
1394,BWA-no-clip,2,1.0
1394,BWA-std,2,0.5
1394,NW-flex,2,1.0
1394,BWA-no-clip,3,1.0
1394,BWA-std,3,0.3
1394,NW-flex,3,1.0
1394,BWA-no-clip,4,1.0
1394,BWA-std,4,0.1
1394,NW-flex,4,1.0
1394,BWA-no-clip,5,1.0
1394,BWA-std,5,0.0
1394,NW-flex,5,1.0
1395,BWA-no-clip,-5,0.5
1395,BWA-std,-5,0.1
1395,NW-flex,-5,1.0
1395,BWA-no-clip,-4,0.5
1395,BWA-std,-4,0.2
1395,NW-flex,-4,1.0
1395,BWA-no-clip,-3,0.5
1395,BWA-std,-3,0.4
1395,NW-flex,-3,1.0
1395,BWA-no-clip,-2,0.6
1395,BWA-std,-2,0.5
1395,NW-flex,-2,1.0
1395,BWA-no-clip,-1,0.5
1395,BWA-std,-1,0.5
1395,NW-flex,-1,1.0
1395,BWA-no-clip,0,1.0
1395,BWA-std,0,1.0
1395,NW-flex,0,1.0
1395,BWA-no-clip,1,0.6
1395,BWA-std,1,0.6
1395,NW-flex,1,1.0
1395,BWA-no-clip,2,0.6
1395,BWA-std,2,0.5
1395,NW-flex,2,1.0
1395,BWA-no-clip,3,0.6
1395,BWA-std,3,0.3
1395,NW-flex,3,1.0
1395,BWA-no-clip,4,0.6
1395,BWA-std,4,0.1
1395,NW-flex,4,1.0
1395,BWA-no-clip,5,0.6
1395,BWA-std,5,0.0
1395,NW-flex,5,1.0
1396,BWA-no-clip,-5,0.7
1396,BWA-std,-5,0.1
1396,NW-flex,-5,1.0
1396,BWA-no-clip,-4,0.8
1396,BWA-std,-4,0.2
1396,NW-flex,-4,1.0
1396,BWA-no-clip,-3,0.8
1396,BWA-std,-3,0.4
1396,NW-flex,-3,1.0
1396,BWA-no-clip,-2,0.9
1396,BWA-std,-2,0.6
1396,NW-flex,-2,1.0
1396,BWA-no-clip,-1,0.9
1396,BWA-std,-1,0.7
1396,NW-flex,-1,1.0
1396,BWA-no-clip,0,1.0
1396,BWA-std,0,1.0
1396,NW-flex,0,1.0
1396,BWA-no-clip,1,1.0
1396,BWA-std,1,0.7
1396,NW-flex,1,1.0
1396,BWA-no-clip,2,1.0
1396,BWA-std,2,0.5
1396,NW-flex,2,1.0
1396,BWA-no-clip,3,1.0
1396,BWA-std,3,0.3
1396,NW-flex,3,1.0
1396,BWA-no-clip,4,1.0
1396,BWA-std,4,0.1
1396,NW-flex,4,1.0
1396,BWA-no-clip,5,1.0
1396,BWA-std,5,0.0
1396,NW-flex,5,1.0
1397,BWA-no-clip,-5,0.5
1397,BWA-std,-5,0.1
1397,NW-flex,-5,1.0
1397,BWA-no-clip,-4,0.6
1397,BWA-std,-4,0.2
1397,NW-flex,-4,1.0
1397,BWA-no-clip,-3,0.6
1397,BWA-std,-3,0.4
1397,NW-flex,-3,1.0
1397,BWA-no-clip,-2,0.8
1397,BWA-std,-2,0.6
1397,NW-flex,-2,1.0
1397,BWA-no-clip,-1,0.9
1397,BWA-std,-1,0.7
1397,NW-flex,-1,1.0
1397,BWA-no-clip,0,1.0
1397,BWA-std,0,1.0
1397,NW-flex,0,1.0
1397,BWA-no-clip,1,1.0
1397,BWA-std,1,0.7
1397,NW-flex,1,1.0
1397,BWA-no-clip,2,0.9
1397,BWA-std,2,0.5
1397,NW-flex,2,1.0
1397,BWA-no-clip,3,1.0
1397,BWA-std,3,0.3
1397,NW-flex,3,1.0
1397,BWA-no-clip,4,1.0
1397,BWA-std,4,0.1
1397,NW-flex,4,1.0
1397,BWA-no-clip,5,1.0
1397,BWA-std,5,0.0
1397,NW-flex,5,1.0
1398,BWA-no-clip,-5,0.6
1398,BWA-std,-5,0.1
1398,NW-flex,-5,1.0
1398,BWA-no-clip,-4,0.7
1398,BWA-std,-4,0.2
1398,NW-flex,-4,1.0
1398,BWA-no-clip,-3,0.7
1398,BWA-std,-3,0.4
1398,NW-flex,-3,1.0
1398,BWA-no-clip,-2,0.9
1398,BWA-std,-2,0.6
1398,NW-flex,-2,1.0
1398,BWA-no-clip,-1,0.9
1398,BWA-std,-1,0.7
1398,NW-flex,-1,1.0
1398,BWA-no-clip,0,1.0
1398,BWA-std,0,1.0
1398,NW-flex,0,1.0
1398,BWA-no-clip,1,1.0
1398,BWA-std,1,0.7
1398,NW-flex,1,1.0
1398,BWA-no-clip,2,1.0
1398,BWA-std,2,0.5
1398,NW-flex,2,1.0
1398,BWA-no-clip,3,1.0
1398,BWA-std,3,0.3
1398,NW-flex,3,1.0
1398,BWA-no-clip,4,1.0
1398,BWA-std,4,0.1
1398,NW-flex,4,1.0
1398,BWA-no-clip,5,1.0
1398,BWA-std,5,0.0
1398,NW-flex,5,1.0
1399,BWA-no-clip,-5,0.5
1399,BWA-std,-5,0.1
1399,NW-flex,-5,1.0
1399,BWA-no-clip,-4,0.6
1399,BWA-std,-4,0.2
1399,NW-flex,-4,1.0
1399,BWA-no-clip,-3,0.6
1399,BWA-std,-3,0.4
1399,NW-flex,-3,1.0
1399,BWA-no-clip,-2,0.9
1399,BWA-std,-2,0.6
1399,NW-flex,-2,1.0
1399,BWA-no-clip,-1,0.9
1399,BWA-std,-1,0.7
1399,NW-flex,-1,1.0
1399,BWA-no-clip,0,1.0
1399,BWA-std,0,1.0
1399,NW-flex,0,1.0
1399,BWA-no-clip,1,1.0
1399,BWA-std,1,0.7
1399,NW-flex,1,1.0
1399,BWA-no-clip,2,1.0
1399,BWA-std,2,0.5
1399,NW-flex,2,1.0
1399,BWA-no-clip,3,1.0
1399,BWA-std,3,0.3
1399,NW-flex,3,1.0
1399,BWA-no-clip,4,1.0
1399,BWA-std,4,0.1
1399,NW-flex,4,1.0
1399,BWA-no-clip,5,1.0
1399,BWA-std,5,0.0
1399,NW-flex,5,1.0
1400,BWA-no-clip,-5,0.4
1400,BWA-std,-5,0.1
1400,NW-flex,-5,1.0
1400,BWA-no-clip,-4,0.7
1400,BWA-std,-4,0.2
1400,NW-flex,-4,1.0
1400,BWA-no-clip,-3,0.8
1400,BWA-std,-3,0.4
1400,NW-flex,-3,1.0
1400,BWA-no-clip,-2,0.9
1400,BWA-std,-2,0.6
1400,NW-flex,-2,1.0
1400,BWA-no-clip,-1,0.9
1400,BWA-std,-1,0.7
1400,NW-flex,-1,1.0
1400,BWA-no-clip,0,1.0
1400,BWA-std,0,1.0
1400,NW-flex,0,1.0
1400,BWA-no-clip,1,1.0
1400,BWA-std,1,0.7
1400,NW-flex,1,1.0
1400,BWA-no-clip,2,1.0
1400,BWA-std,2,0.5
1400,NW-flex,2,1.0
1400,BWA-no-clip,3,1.0
1400,BWA-std,3,0.3
1400,NW-flex,3,1.0
1400,BWA-no-clip,4,1.0
1400,BWA-std,4,0.1
1400,NW-flex,4,1.0
1400,BWA-no-clip,5,1.0
1400,BWA-std,5,0.0
1400,NW-flex,5,1.0
1401,BWA-no-clip,-5,0.5
1401,BWA-std,-5,0.1
1401,NW-flex,-5,1.0
1401,BWA-no-clip,-4,0.5
1401,BWA-std,-4,0.2
1401,NW-flex,-4,1.0
1401,BWA-no-clip,-3,0.7
1401,BWA-std,-3,0.4
1401,NW-flex,-3,1.0
1401,BWA-no-clip,-2,0.8
1401,BWA-std,-2,0.5
1401,NW-flex,-2,1.0
1401,BWA-no-clip,-1,0.8
1401,BWA-std,-1,0.7
1401,NW-flex,-1,1.0
1401,BWA-no-clip,0,1.0
1401,BWA-std,0,1.0
1401,NW-flex,0,1.0
1401,BWA-no-clip,1,0.9
1401,BWA-std,1,0.7
1401,NW-flex,1,1.0
1401,BWA-no-clip,2,0.8
1401,BWA-std,2,0.5
1401,NW-flex,2,1.0
1401,BWA-no-clip,3,0.8
1401,BWA-std,3,0.3
1401,NW-flex,3,1.0
1401,BWA-no-clip,4,0.9
1401,BWA-std,4,0.1
1401,NW-flex,4,1.0
1401,BWA-no-clip,5,0.9
1401,BWA-std,5,0.0
1401,NW-flex,5,1.0
1402,BWA-no-clip,-5,0.6
1402,BWA-std,-5,0.1
1402,NW-flex,-5,1.0
1402,BWA-no-clip,-4,0.8
1402,BWA-std,-4,0.2
1402,NW-flex,-4,1.0
1402,BWA-no-clip,-3,0.8
1402,BWA-std,-3,0.4
1402,NW-flex,-3,1.0
1402,BWA-no-clip,-2,0.9
1402,BWA-std,-2,0.6
1402,NW-flex,-2,1.0
1402,BWA-no-clip,-1,0.9
1402,BWA-std,-1,0.7
1402,NW-flex,-1,1.0
1402,BWA-no-clip,0,1.0
1402,BWA-std,0,1.0
1402,NW-flex,0,1.0
1402,BWA-no-clip,1,1.0
1402,BWA-std,1,0.7
1402,NW-flex,1,1.0
1402,BWA-no-clip,2,1.0
1402,BWA-std,2,0.5
1402,NW-flex,2,1.0
1402,BWA-no-clip,3,1.0
1402,BWA-std,3,0.3
1402,NW-flex,3,1.0
1402,BWA-no-clip,4,1.0
1402,BWA-std,4,0.1
1402,NW-flex,4,1.0
1402,BWA-no-clip,5,1.0
1402,BWA-std,5,0.0
1402,NW-flex,5,1.0
1403,BWA-no-clip,-5,0.7
1403,BWA-std,-5,0.1
1403,NW-flex,-5,1.0
1403,BWA-no-clip,-4,0.8
1403,BWA-std,-4,0.2
1403,NW-flex,-4,1.0
1403,BWA-no-clip,-3,0.8
1403,BWA-std,-3,0.4
1403,NW-flex,-3,1.0
1403,BWA-no-clip,-2,0.9
1403,BWA-std,-2,0.6
1403,NW-flex,-2,1.0
1403,BWA-no-clip,-1,0.9
1403,BWA-std,-1,0.7
1403,NW-flex,-1,1.0
1403,BWA-no-clip,0,1.0
1403,BWA-std,0,1.0
1403,NW-flex,0,1.0
1403,BWA-no-clip,1,1.0
1403,BWA-std,1,0.7
1403,NW-flex,1,1.0
1403,BWA-no-clip,2,1.0
1403,BWA-std,2,0.5
1403,NW-flex,2,1.0
1403,BWA-no-clip,3,1.0
1403,BWA-std,3,0.3
1403,NW-flex,3,1.0
1403,BWA-no-clip,4,1.0
1403,BWA-std,4,0.1
1403,NW-flex,4,1.0
1403,BWA-no-clip,5,1.0
1403,BWA-std,5,0.0
1403,NW-flex,5,1.0
1404,BWA-no-clip,-5,0.7
1404,BWA-std,-5,0.1
1404,NW-flex,-5,1.0
1404,BWA-no-clip,-4,0.7
1404,BWA-std,-4,0.2
1404,NW-flex,-4,1.0
1404,BWA-no-clip,-3,0.8
1404,BWA-std,-3,0.4
1404,NW-flex,-3,1.0
1404,BWA-no-clip,-2,0.8
1404,BWA-std,-2,0.6
1404,NW-flex,-2,1.0
1404,BWA-no-clip,-1,0.9
1404,BWA-std,-1,0.7
1404,NW-flex,-1,1.0
1404,BWA-no-clip,0,1.0
1404,BWA-std,0,1.0
1404,NW-flex,0,1.0
1404,BWA-no-clip,1,1.0
1404,BWA-std,1,0.7
1404,NW-flex,1,1.0
1404,BWA-no-clip,2,1.0
1404,BWA-std,2,0.5
1404,NW-flex,2,1.0
1404,BWA-no-clip,3,1.0
1404,BWA-std,3,0.3
1404,NW-flex,3,1.0
1404,BWA-no-clip,4,1.0
1404,BWA-std,4,0.1
1404,NW-flex,4,1.0
1404,BWA-no-clip,5,1.0
1404,BWA-std,5,0.0
1404,NW-flex,5,1.0
1405,BWA-no-clip,-5,0.6
1405,BWA-std,-5,0.1
1405,NW-flex,-5,1.0
1405,BWA-no-clip,-4,0.7
1405,BWA-std,-4,0.2
1405,NW-flex,-4,1.0
1405,BWA-no-clip,-3,0.8
1405,BWA-std,-3,0.4
1405,NW-flex,-3,1.0
1405,BWA-no-clip,-2,0.8
1405,BWA-std,-2,0.6
1405,NW-flex,-2,1.0
1405,BWA-no-clip,-1,0.9
1405,BWA-std,-1,0.7
1405,NW-flex,-1,1.0
1405,BWA-no-clip,0,1.0
1405,BWA-std,0,1.0
1405,NW-flex,0,1.0
1405,BWA-no-clip,1,1.0
1405,BWA-std,1,0.7
1405,NW-flex,1,1.0
1405,BWA-no-clip,2,1.0
1405,BWA-std,2,0.5
1405,NW-flex,2,1.0
1405,BWA-no-clip,3,1.0
1405,BWA-std,3,0.3
1405,NW-flex,3,1.0
1405,BWA-no-clip,4,1.0
1405,BWA-std,4,0.1
1405,NW-flex,4,1.0
1405,BWA-no-clip,5,1.0
1405,BWA-std,5,0.0
1405,NW-flex,5,1.0
1406,BWA-no-clip,-5,0.4
1406,BWA-std,-5,0.1
1406,NW-flex,-5,1.0
1406,BWA-no-clip,-4,0.7
1406,BWA-std,-4,0.2
1406,NW-flex,-4,1.0
1406,BWA-no-clip,-3,0.7
1406,BWA-std,-3,0.4
1406,NW-flex,-3,1.0
1406,BWA-no-clip,-2,0.8
1406,BWA-std,-2,0.5
1406,NW-flex,-2,1.0
1406,BWA-no-clip,-1,0.7
1406,BWA-std,-1,0.7
1406,NW-flex,-1,1.0
1406,BWA-no-clip,0,1.0
1406,BWA-std,0,1.0
1406,NW-flex,0,1.0
1406,BWA-no-clip,1,0.9
1406,BWA-std,1,0.7
1406,NW-flex,1,1.0
1406,BWA-no-clip,2,1.0
1406,BWA-std,2,0.5
1406,NW-flex,2,1.0
1406,BWA-no-clip,3,0.9
1406,BWA-std,3,0.3
1406,NW-flex,3,1.0
1406,BWA-no-clip,4,1.0
1406,BWA-std,4,0.1
1406,NW-flex,4,1.0
1406,BWA-no-clip,5,1.0
1406,BWA-std,5,0.0
1406,NW-flex,5,1.0
1407,BWA-no-clip,-5,0.6
1407,BWA-std,-5,0.1
1407,NW-flex,-5,1.0
1407,BWA-no-clip,-4,0.7
1407,BWA-std,-4,0.2
1407,NW-flex,-4,1.0
1407,BWA-no-clip,-3,0.8
1407,BWA-std,-3,0.4
1407,NW-flex,-3,1.0
1407,BWA-no-clip,-2,0.9
1407,BWA-std,-2,0.6
1407,NW-flex,-2,1.0
1407,BWA-no-clip,-1,0.9
1407,BWA-std,-1,0.7
1407,NW-flex,-1,1.0
1407,BWA-no-clip,0,1.0
1407,BWA-std,0,1.0
1407,NW-flex,0,1.0
1407,BWA-no-clip,1,1.0
1407,BWA-std,1,0.7
1407,NW-flex,1,1.0
1407,BWA-no-clip,2,1.0
1407,BWA-std,2,0.5
1407,NW-flex,2,1.0
1407,BWA-no-clip,3,1.0
1407,BWA-std,3,0.3
1407,NW-flex,3,1.0
1407,BWA-no-clip,4,1.0
1407,BWA-std,4,0.1
1407,NW-flex,4,1.0
1407,BWA-no-clip,5,1.0
1407,BWA-std,5,0.0
1407,NW-flex,5,1.0
1408,BWA-no-clip,-5,0.6
1408,BWA-std,-5,0.1
1408,NW-flex,-5,1.0
1408,BWA-no-clip,-4,0.8
1408,BWA-std,-4,0.2
1408,NW-flex,-4,1.0
1408,BWA-no-clip,-3,0.8
1408,BWA-std,-3,0.4
1408,NW-flex,-3,1.0
1408,BWA-no-clip,-2,0.9
1408,BWA-std,-2,0.6
1408,NW-flex,-2,1.0
1408,BWA-no-clip,-1,0.9
1408,BWA-std,-1,0.7
1408,NW-flex,-1,1.0
1408,BWA-no-clip,0,1.0
1408,BWA-std,0,1.0
1408,NW-flex,0,1.0
1408,BWA-no-clip,1,1.0
1408,BWA-std,1,0.7
1408,NW-flex,1,1.0
1408,BWA-no-clip,2,1.0
1408,BWA-std,2,0.5
1408,NW-flex,2,1.0
1408,BWA-no-clip,3,1.0
1408,BWA-std,3,0.3
1408,NW-flex,3,1.0
1408,BWA-no-clip,4,1.0
1408,BWA-std,4,0.1
1408,NW-flex,4,1.0
1408,BWA-no-clip,5,1.0
1408,BWA-std,5,0.0
1408,NW-flex,5,1.0
1409,BWA-no-clip,-5,0.5
1409,BWA-std,-5,0.1
1409,NW-flex,-5,1.0
1409,BWA-no-clip,-4,0.7
1409,BWA-std,-4,0.2
1409,NW-flex,-4,1.0
1409,BWA-no-clip,-3,0.8
1409,BWA-std,-3,0.4
1409,NW-flex,-3,1.0
1409,BWA-no-clip,-2,0.8
1409,BWA-std,-2,0.6
1409,NW-flex,-2,1.0
1409,BWA-no-clip,-1,0.9
1409,BWA-std,-1,0.7
1409,NW-flex,-1,1.0
1409,BWA-no-clip,0,1.0
1409,BWA-std,0,1.0
1409,NW-flex,0,1.0
1409,BWA-no-clip,1,1.0
1409,BWA-std,1,0.7
1409,NW-flex,1,1.0
1409,BWA-no-clip,2,1.0
1409,BWA-std,2,0.5
1409,NW-flex,2,1.0
1409,BWA-no-clip,3,1.0
1409,BWA-std,3,0.3
1409,NW-flex,3,1.0
1409,BWA-no-clip,4,1.0
1409,BWA-std,4,0.1
1409,NW-flex,4,1.0
1409,BWA-no-clip,5,1.0
1409,BWA-std,5,0.0
1409,NW-flex,5,1.0
1410,BWA-no-clip,-5,0.5
1410,BWA-std,-5,0.1
1410,NW-flex,-5,1.0
1410,BWA-no-clip,-4,0.5
1410,BWA-std,-4,0.2
1410,NW-flex,-4,1.0
1410,BWA-no-clip,-3,0.7
1410,BWA-std,-3,0.4
1410,NW-flex,-3,1.0
1410,BWA-no-clip,-2,0.8
1410,BWA-std,-2,0.5
1410,NW-flex,-2,1.0
1410,BWA-no-clip,-1,0.8
1410,BWA-std,-1,0.7
1410,NW-flex,-1,1.0
1410,BWA-no-clip,0,1.0
1410,BWA-std,0,1.0
1410,NW-flex,0,1.0
1410,BWA-no-clip,1,1.0
1410,BWA-std,1,0.7
1410,NW-flex,1,1.0
1410,BWA-no-clip,2,0.8
1410,BWA-std,2,0.5
1410,NW-flex,2,1.0
1410,BWA-no-clip,3,0.8
1410,BWA-std,3,0.3
1410,NW-flex,3,1.0
1410,BWA-no-clip,4,0.8
1410,BWA-std,4,0.1
1410,NW-flex,4,1.0
1410,BWA-no-clip,5,0.8
1410,BWA-std,5,0.0
1410,NW-flex,5,1.0
1411,BWA-no-clip,-5,0.6
1411,BWA-std,-5,0.1
1411,NW-flex,-5,1.0
1411,BWA-no-clip,-4,0.7
1411,BWA-std,-4,0.2
1411,NW-flex,-4,1.0
1411,BWA-no-clip,-3,0.7
1411,BWA-std,-3,0.4
1411,NW-flex,-3,1.0
1411,BWA-no-clip,-2,0.8
1411,BWA-std,-2,0.5
1411,NW-flex,-2,1.0
1411,BWA-no-clip,-1,0.8
1411,BWA-std,-1,0.7
1411,NW-flex,-1,1.0
1411,BWA-no-clip,0,1.0
1411,BWA-std,0,1.0
1411,NW-flex,0,1.0
1411,BWA-no-clip,1,0.9
1411,BWA-std,1,0.7
1411,NW-flex,1,1.0
1411,BWA-no-clip,2,0.9
1411,BWA-std,2,0.5
1411,NW-flex,2,1.0
1411,BWA-no-clip,3,0.9
1411,BWA-std,3,0.3
1411,NW-flex,3,1.0
1411,BWA-no-clip,4,0.9
1411,BWA-std,4,0.1
1411,NW-flex,4,1.0
1411,BWA-no-clip,5,0.9
1411,BWA-std,5,0.0
1411,NW-flex,5,1.0
1412,BWA-no-clip,-5,0.6
1412,BWA-std,-5,0.1
1412,NW-flex,-5,1.0
1412,BWA-no-clip,-4,0.8
1412,BWA-std,-4,0.2
1412,NW-flex,-4,1.0
1412,BWA-no-clip,-3,0.8
1412,BWA-std,-3,0.4
1412,NW-flex,-3,1.0
1412,BWA-no-clip,-2,0.9
1412,BWA-std,-2,0.6
1412,NW-flex,-2,1.0
1412,BWA-no-clip,-1,0.9
1412,BWA-std,-1,0.7
1412,NW-flex,-1,1.0
1412,BWA-no-clip,0,1.0
1412,BWA-std,0,1.0
1412,NW-flex,0,1.0
1412,BWA-no-clip,1,1.0
1412,BWA-std,1,0.7
1412,NW-flex,1,1.0
1412,BWA-no-clip,2,1.0
1412,BWA-std,2,0.5
1412,NW-flex,2,1.0
1412,BWA-no-clip,3,1.0
1412,BWA-std,3,0.3
1412,NW-flex,3,1.0
1412,BWA-no-clip,4,1.0
1412,BWA-std,4,0.1
1412,NW-flex,4,1.0
1412,BWA-no-clip,5,1.0
1412,BWA-std,5,0.0
1412,NW-flex,5,1.0
1413,BWA-no-clip,-5,0.6
1413,BWA-std,-5,0.1
1413,NW-flex,-5,1.0
1413,BWA-no-clip,-4,0.8
1413,BWA-std,-4,0.2
1413,NW-flex,-4,1.0
1413,BWA-no-clip,-3,0.8
1413,BWA-std,-3,0.4
1413,NW-flex,-3,1.0
1413,BWA-no-clip,-2,0.9
1413,BWA-std,-2,0.6
1413,NW-flex,-2,1.0
1413,BWA-no-clip,-1,0.9
1413,BWA-std,-1,0.7
1413,NW-flex,-1,1.0
1413,BWA-no-clip,0,1.0
1413,BWA-std,0,1.0
1413,NW-flex,0,1.0
1413,BWA-no-clip,1,1.0
1413,BWA-std,1,0.7
1413,NW-flex,1,1.0
1413,BWA-no-clip,2,1.0
1413,BWA-std,2,0.5
1413,NW-flex,2,1.0
1413,BWA-no-clip,3,1.0
1413,BWA-std,3,0.3
1413,NW-flex,3,1.0
1413,BWA-no-clip,4,1.0
1413,BWA-std,4,0.1
1413,NW-flex,4,1.0
1413,BWA-no-clip,5,1.0
1413,BWA-std,5,0.0
1413,NW-flex,5,1.0
1414,BWA-no-clip,-5,0.6
1414,BWA-std,-5,0.1
1414,NW-flex,-5,1.0
1414,BWA-no-clip,-4,0.7
1414,BWA-std,-4,0.2
1414,NW-flex,-4,1.0
1414,BWA-no-clip,-3,0.7
1414,BWA-std,-3,0.4
1414,NW-flex,-3,1.0
1414,BWA-no-clip,-2,0.7333333333333333
1414,BWA-std,-2,0.5
1414,NW-flex,-2,1.0
1414,BWA-no-clip,-1,0.7
1414,BWA-std,-1,0.7
1414,NW-flex,-1,1.0
1414,BWA-no-clip,0,1.0
1414,BWA-std,0,1.0
1414,NW-flex,0,1.0
1414,BWA-no-clip,1,0.8
1414,BWA-std,1,0.7
1414,NW-flex,1,1.0
1414,BWA-no-clip,2,0.8
1414,BWA-std,2,0.5
1414,NW-flex,2,1.0
1414,BWA-no-clip,3,0.8
1414,BWA-std,3,0.3
1414,NW-flex,3,1.0
1414,BWA-no-clip,4,0.8
1414,BWA-std,4,0.1
1414,NW-flex,4,1.0
1414,BWA-no-clip,5,0.8
1414,BWA-std,5,0.0
1414,NW-flex,5,1.0
1415,BWA-no-clip,-5,0.5
1415,BWA-std,-5,0.1
1415,NW-flex,-5,1.0
1415,BWA-no-clip,-4,0.8
1415,BWA-std,-4,0.2
1415,NW-flex,-4,1.0
1415,BWA-no-clip,-3,0.8
1415,BWA-std,-3,0.4
1415,NW-flex,-3,1.0
1415,BWA-no-clip,-2,0.9
1415,BWA-std,-2,0.6
1415,NW-flex,-2,1.0
1415,BWA-no-clip,-1,0.9
1415,BWA-std,-1,0.7
1415,NW-flex,-1,1.0
1415,BWA-no-clip,0,1.0
1415,BWA-std,0,1.0
1415,NW-flex,0,1.0
1415,BWA-no-clip,1,1.0
1415,BWA-std,1,0.7
1415,NW-flex,1,1.0
1415,BWA-no-clip,2,1.0
1415,BWA-std,2,0.5
1415,NW-flex,2,1.0
1415,BWA-no-clip,3,1.0
1415,BWA-std,3,0.3
1415,NW-flex,3,1.0
1415,BWA-no-clip,4,1.0
1415,BWA-std,4,0.1
1415,NW-flex,4,1.0
1415,BWA-no-clip,5,1.0
1415,BWA-std,5,0.0
1415,NW-flex,5,1.0
1416,BWA-no-clip,-5,0.4
1416,BWA-std,-5,0.1
1416,NW-flex,-5,1.0
1416,BWA-no-clip,-4,0.7
1416,BWA-std,-4,0.2
1416,NW-flex,-4,1.0
1416,BWA-no-clip,-3,0.7
1416,BWA-std,-3,0.4
1416,NW-flex,-3,1.0
1416,BWA-no-clip,-2,0.8
1416,BWA-std,-2,0.5
1416,NW-flex,-2,1.0
1416,BWA-no-clip,-1,0.8
1416,BWA-std,-1,0.7
1416,NW-flex,-1,1.0
1416,BWA-no-clip,0,1.0
1416,BWA-std,0,1.0
1416,NW-flex,0,1.0
1416,BWA-no-clip,1,0.9
1416,BWA-std,1,0.7
1416,NW-flex,1,1.0
1416,BWA-no-clip,2,0.9
1416,BWA-std,2,0.5
1416,NW-flex,2,1.0
1416,BWA-no-clip,3,0.9
1416,BWA-std,3,0.3
1416,NW-flex,3,1.0
1416,BWA-no-clip,4,0.9
1416,BWA-std,4,0.1
1416,NW-flex,4,1.0
1416,BWA-no-clip,5,0.9
1416,BWA-std,5,0.0
1416,NW-flex,5,1.0
1417,BWA-no-clip,-5,0.6
1417,BWA-std,-5,0.1
1417,NW-flex,-5,1.0
1417,BWA-no-clip,-4,0.6
1417,BWA-std,-4,0.2
1417,NW-flex,-4,1.0
1417,BWA-no-clip,-3,0.7
1417,BWA-std,-3,0.4
1417,NW-flex,-3,1.0
1417,BWA-no-clip,-2,0.7333333333333333
1417,BWA-std,-2,0.5
1417,NW-flex,-2,1.0
1417,BWA-no-clip,-1,0.7
1417,BWA-std,-1,0.7
1417,NW-flex,-1,1.0
1417,BWA-no-clip,0,1.0
1417,BWA-std,0,1.0
1417,NW-flex,0,1.0
1417,BWA-no-clip,1,0.8
1417,BWA-std,1,0.7
1417,NW-flex,1,1.0
1417,BWA-no-clip,2,0.8
1417,BWA-std,2,0.5
1417,NW-flex,2,1.0
1417,BWA-no-clip,3,0.8
1417,BWA-std,3,0.3
1417,NW-flex,3,1.0
1417,BWA-no-clip,4,0.8
1417,BWA-std,4,0.1
1417,NW-flex,4,1.0
1417,BWA-no-clip,5,0.8
1417,BWA-std,5,0.0
1417,NW-flex,5,1.0
1418,BWA-no-clip,-5,0.5
1418,BWA-std,-5,0.1
1418,NW-flex,-5,1.0
1418,BWA-no-clip,-4,0.5
1418,BWA-std,-4,0.2
1418,NW-flex,-4,1.0
1418,BWA-no-clip,-3,0.7
1418,BWA-std,-3,0.4
1418,NW-flex,-3,1.0
1418,BWA-no-clip,-2,0.8
1418,BWA-std,-2,0.5
1418,NW-flex,-2,1.0
1418,BWA-no-clip,-1,0.8
1418,BWA-std,-1,0.7
1418,NW-flex,-1,1.0
1418,BWA-no-clip,0,1.0
1418,BWA-std,0,1.0
1418,NW-flex,0,1.0
1418,BWA-no-clip,1,0.9
1418,BWA-std,1,0.7
1418,NW-flex,1,1.0
1418,BWA-no-clip,2,0.9
1418,BWA-std,2,0.5
1418,NW-flex,2,1.0
1418,BWA-no-clip,3,0.9
1418,BWA-std,3,0.3
1418,NW-flex,3,1.0
1418,BWA-no-clip,4,0.9
1418,BWA-std,4,0.1
1418,NW-flex,4,1.0
1418,BWA-no-clip,5,0.9
1418,BWA-std,5,0.0
1418,NW-flex,5,1.0
1419,BWA-no-clip,-5,0.7
1419,BWA-std,-5,0.1
1419,NW-flex,-5,1.0
1419,BWA-no-clip,-4,0.8
1419,BWA-std,-4,0.2
1419,NW-flex,-4,1.0
1419,BWA-no-clip,-3,0.8
1419,BWA-std,-3,0.4
1419,NW-flex,-3,1.0
1419,BWA-no-clip,-2,0.9
1419,BWA-std,-2,0.6
1419,NW-flex,-2,1.0
1419,BWA-no-clip,-1,0.9
1419,BWA-std,-1,0.7
1419,NW-flex,-1,1.0
1419,BWA-no-clip,0,1.0
1419,BWA-std,0,1.0
1419,NW-flex,0,1.0
1419,BWA-no-clip,1,1.0
1419,BWA-std,1,0.7
1419,NW-flex,1,1.0
1419,BWA-no-clip,2,1.0
1419,BWA-std,2,0.5
1419,NW-flex,2,1.0
1419,BWA-no-clip,3,1.0
1419,BWA-std,3,0.3
1419,NW-flex,3,1.0
1419,BWA-no-clip,4,1.0
1419,BWA-std,4,0.1
1419,NW-flex,4,1.0
1419,BWA-no-clip,5,1.0
1419,BWA-std,5,0.0
1419,NW-flex,5,1.0
1420,BWA-no-clip,-5,0.6
1420,BWA-std,-5,0.1
1420,NW-flex,-5,1.0
1420,BWA-no-clip,-4,0.8
1420,BWA-std,-4,0.2
1420,NW-flex,-4,1.0
1420,BWA-no-clip,-3,0.8
1420,BWA-std,-3,0.4
1420,NW-flex,-3,1.0
1420,BWA-no-clip,-2,0.9
1420,BWA-std,-2,0.6
1420,NW-flex,-2,1.0
1420,BWA-no-clip,-1,0.9
1420,BWA-std,-1,0.7
1420,NW-flex,-1,1.0
1420,BWA-no-clip,0,1.0
1420,BWA-std,0,1.0
1420,NW-flex,0,1.0
1420,BWA-no-clip,1,1.0
1420,BWA-std,1,0.7
1420,NW-flex,1,1.0
1420,BWA-no-clip,2,1.0
1420,BWA-std,2,0.5
1420,NW-flex,2,1.0
1420,BWA-no-clip,3,1.0
1420,BWA-std,3,0.3
1420,NW-flex,3,1.0
1420,BWA-no-clip,4,1.0
1420,BWA-std,4,0.1
1420,NW-flex,4,1.0
1420,BWA-no-clip,5,1.0
1420,BWA-std,5,0.0
1420,NW-flex,5,1.0
1421,BWA-no-clip,-5,0.5
1421,BWA-std,-5,0.1
1421,NW-flex,-5,1.0
1421,BWA-no-clip,-4,0.6
1421,BWA-std,-4,0.2
1421,NW-flex,-4,1.0
1421,BWA-no-clip,-3,0.6
1421,BWA-std,-3,0.4
1421,NW-flex,-3,1.0
1421,BWA-no-clip,-2,0.9
1421,BWA-std,-2,0.6
1421,NW-flex,-2,1.0
1421,BWA-no-clip,-1,0.9
1421,BWA-std,-1,0.7
1421,NW-flex,-1,1.0
1421,BWA-no-clip,0,1.0
1421,BWA-std,0,1.0
1421,NW-flex,0,1.0
1421,BWA-no-clip,1,1.0
1421,BWA-std,1,0.7
1421,NW-flex,1,1.0
1421,BWA-no-clip,2,1.0
1421,BWA-std,2,0.5
1421,NW-flex,2,1.0
1421,BWA-no-clip,3,1.0
1421,BWA-std,3,0.3
1421,NW-flex,3,1.0
1421,BWA-no-clip,4,0.9
1421,BWA-std,4,0.1
1421,NW-flex,4,1.0
1421,BWA-no-clip,5,1.0
1421,BWA-std,5,0.0
1421,NW-flex,5,1.0
1422,BWA-no-clip,-5,0.7
1422,BWA-std,-5,0.1
1422,NW-flex,-5,1.0
1422,BWA-no-clip,-4,0.7
1422,BWA-std,-4,0.2
1422,NW-flex,-4,1.0
1422,BWA-no-clip,-3,0.8
1422,BWA-std,-3,0.4
1422,NW-flex,-3,1.0
1422,BWA-no-clip,-2,0.8
1422,BWA-std,-2,0.6
1422,NW-flex,-2,1.0
1422,BWA-no-clip,-1,0.9
1422,BWA-std,-1,0.7
1422,NW-flex,-1,1.0
1422,BWA-no-clip,0,1.0
1422,BWA-std,0,1.0
1422,NW-flex,0,1.0
1422,BWA-no-clip,1,1.0
1422,BWA-std,1,0.7
1422,NW-flex,1,1.0
1422,BWA-no-clip,2,1.0
1422,BWA-std,2,0.5
1422,NW-flex,2,1.0
1422,BWA-no-clip,3,1.0
1422,BWA-std,3,0.3
1422,NW-flex,3,1.0
1422,BWA-no-clip,4,1.0
1422,BWA-std,4,0.1
1422,NW-flex,4,1.0
1422,BWA-no-clip,5,1.0
1422,BWA-std,5,0.0
1422,NW-flex,5,1.0
1423,BWA-no-clip,-5,0.7
1423,BWA-std,-5,0.1
1423,NW-flex,-5,1.0
1423,BWA-no-clip,-4,0.8
1423,BWA-std,-4,0.2
1423,NW-flex,-4,1.0
1423,BWA-no-clip,-3,0.8
1423,BWA-std,-3,0.4
1423,NW-flex,-3,1.0
1423,BWA-no-clip,-2,0.9
1423,BWA-std,-2,0.6
1423,NW-flex,-2,1.0
1423,BWA-no-clip,-1,0.9
1423,BWA-std,-1,0.7
1423,NW-flex,-1,1.0
1423,BWA-no-clip,0,1.0
1423,BWA-std,0,1.0
1423,NW-flex,0,1.0
1423,BWA-no-clip,1,1.0
1423,BWA-std,1,0.7
1423,NW-flex,1,1.0
1423,BWA-no-clip,2,1.0
1423,BWA-std,2,0.5
1423,NW-flex,2,1.0
1423,BWA-no-clip,3,1.0
1423,BWA-std,3,0.3
1423,NW-flex,3,1.0
1423,BWA-no-clip,4,1.0
1423,BWA-std,4,0.1
1423,NW-flex,4,1.0
1423,BWA-no-clip,5,1.0
1423,BWA-std,5,0.0
1423,NW-flex,5,1.0
1424,BWA-no-clip,-5,0.6
1424,BWA-std,-5,0.1
1424,NW-flex,-5,1.0
1424,BWA-no-clip,-4,0.7
1424,BWA-std,-4,0.2
1424,NW-flex,-4,1.0
1424,BWA-no-clip,-3,0.7
1424,BWA-std,-3,0.4
1424,NW-flex,-3,1.0
1424,BWA-no-clip,-2,0.7333333333333333
1424,BWA-std,-2,0.5
1424,NW-flex,-2,1.0
1424,BWA-no-clip,-1,0.7
1424,BWA-std,-1,0.7
1424,NW-flex,-1,1.0
1424,BWA-no-clip,0,1.0
1424,BWA-std,0,1.0
1424,NW-flex,0,1.0
1424,BWA-no-clip,1,0.8
1424,BWA-std,1,0.7
1424,NW-flex,1,1.0
1424,BWA-no-clip,2,0.8
1424,BWA-std,2,0.5
1424,NW-flex,2,1.0
1424,BWA-no-clip,3,0.7
1424,BWA-std,3,0.3
1424,NW-flex,3,1.0
1424,BWA-no-clip,4,0.7
1424,BWA-std,4,0.1
1424,NW-flex,4,1.0
1424,BWA-no-clip,5,0.7
1424,BWA-std,5,0.0
1424,NW-flex,5,1.0
1425,BWA-no-clip,-5,0.3
1425,BWA-std,-5,0.1
1425,NW-flex,-5,1.0
1425,BWA-no-clip,-4,0.4
1425,BWA-std,-4,0.2
1425,NW-flex,-4,1.0
1425,BWA-no-clip,-3,0.3
1425,BWA-std,-3,0.4
1425,NW-flex,-3,1.0
1425,BWA-no-clip,-2,0.8
1425,BWA-std,-2,0.5
1425,NW-flex,-2,1.0
1425,BWA-no-clip,-1,0.8
1425,BWA-std,-1,0.7
1425,NW-flex,-1,1.0
1425,BWA-no-clip,0,1.0
1425,BWA-std,0,1.0
1425,NW-flex,0,1.0
1425,BWA-no-clip,1,1.0
1425,BWA-std,1,0.7
1425,NW-flex,1,1.0
1425,BWA-no-clip,2,1.0
1425,BWA-std,2,0.5
1425,NW-flex,2,1.0
1425,BWA-no-clip,3,0.8
1425,BWA-std,3,0.3
1425,NW-flex,3,1.0
1425,BWA-no-clip,4,0.4
1425,BWA-std,4,0.1
1425,NW-flex,4,1.0
1425,BWA-no-clip,5,0.9
1425,BWA-std,5,0.0
1425,NW-flex,5,1.0
1426,BWA-no-clip,-5,0.3
1426,BWA-std,-5,0.1
1426,NW-flex,-5,1.0
1426,BWA-no-clip,-4,0.6
1426,BWA-std,-4,0.2
1426,NW-flex,-4,1.0
1426,BWA-no-clip,-3,0.6
1426,BWA-std,-3,0.3
1426,NW-flex,-3,1.0
1426,BWA-no-clip,-2,0.7
1426,BWA-std,-2,0.5
1426,NW-flex,-2,1.0
1426,BWA-no-clip,-1,0.8
1426,BWA-std,-1,0.7
1426,NW-flex,-1,1.0
1426,BWA-no-clip,0,1.0
1426,BWA-std,0,1.0
1426,NW-flex,0,1.0
1426,BWA-no-clip,1,1.0
1426,BWA-std,1,0.7
1426,NW-flex,1,1.0
1426,BWA-no-clip,2,0.7
1426,BWA-std,2,0.5
1426,NW-flex,2,1.0
1426,BWA-no-clip,3,0.9
1426,BWA-std,3,0.3
1426,NW-flex,3,1.0
1426,BWA-no-clip,4,0.9
1426,BWA-std,4,0.1
1426,NW-flex,4,1.0
1426,BWA-no-clip,5,0.9
1426,BWA-std,5,0.0
1426,NW-flex,5,1.0
1427,BWA-no-clip,-5,0.5
1427,BWA-std,-5,0.1
1427,NW-flex,-5,1.0
1427,BWA-no-clip,-4,0.6
1427,BWA-std,-4,0.2
1427,NW-flex,-4,1.0
1427,BWA-no-clip,-3,0.6
1427,BWA-std,-3,0.4
1427,NW-flex,-3,1.0
1427,BWA-no-clip,-2,0.8
1427,BWA-std,-2,0.5
1427,NW-flex,-2,1.0
1427,BWA-no-clip,-1,0.5
1427,BWA-std,-1,0.5
1427,NW-flex,-1,1.0
1427,BWA-no-clip,0,1.0
1427,BWA-std,0,1.0
1427,NW-flex,0,1.0
1427,BWA-no-clip,1,0.7
1427,BWA-std,1,0.7
1427,NW-flex,1,1.0
1427,BWA-no-clip,2,0.9
1427,BWA-std,2,0.5
1427,NW-flex,2,1.0
1427,BWA-no-clip,3,1.0
1427,BWA-std,3,0.3
1427,NW-flex,3,1.0
1427,BWA-no-clip,4,1.0
1427,BWA-std,4,0.1
1427,NW-flex,4,1.0
1427,BWA-no-clip,5,1.0
1427,BWA-std,5,0.0
1427,NW-flex,5,1.0
1428,BWA-no-clip,-5,0.6
1428,BWA-std,-5,0.1
1428,NW-flex,-5,1.0
1428,BWA-no-clip,-4,0.8
1428,BWA-std,-4,0.2
1428,NW-flex,-4,1.0
1428,BWA-no-clip,-3,0.8
1428,BWA-std,-3,0.4
1428,NW-flex,-3,1.0
1428,BWA-no-clip,-2,0.9
1428,BWA-std,-2,0.6
1428,NW-flex,-2,1.0
1428,BWA-no-clip,-1,0.9
1428,BWA-std,-1,0.7
1428,NW-flex,-1,1.0
1428,BWA-no-clip,0,1.0
1428,BWA-std,0,1.0
1428,NW-flex,0,1.0
1428,BWA-no-clip,1,1.0
1428,BWA-std,1,0.7
1428,NW-flex,1,1.0
1428,BWA-no-clip,2,1.0
1428,BWA-std,2,0.5
1428,NW-flex,2,1.0
1428,BWA-no-clip,3,1.0
1428,BWA-std,3,0.3
1428,NW-flex,3,1.0
1428,BWA-no-clip,4,1.0
1428,BWA-std,4,0.1
1428,NW-flex,4,1.0
1428,BWA-no-clip,5,1.0
1428,BWA-std,5,0.0
1428,NW-flex,5,1.0
1429,BWA-no-clip,-5,0.3
1429,BWA-std,-5,0.1
1429,NW-flex,-5,1.0
1429,BWA-no-clip,-4,0.6
1429,BWA-std,-4,0.2
1429,NW-flex,-4,1.0
1429,BWA-no-clip,-3,0.6
1429,BWA-std,-3,0.3
1429,NW-flex,-3,1.0
1429,BWA-no-clip,-2,0.7
1429,BWA-std,-2,0.5
1429,NW-flex,-2,1.0
1429,BWA-no-clip,-1,0.8
1429,BWA-std,-1,0.7
1429,NW-flex,-1,1.0
1429,BWA-no-clip,0,1.0
1429,BWA-std,0,1.0
1429,NW-flex,0,1.0
1429,BWA-no-clip,1,1.0
1429,BWA-std,1,0.7
1429,NW-flex,1,1.0
1429,BWA-no-clip,2,0.7
1429,BWA-std,2,0.5
1429,NW-flex,2,1.0
1429,BWA-no-clip,3,0.9
1429,BWA-std,3,0.3
1429,NW-flex,3,1.0
1429,BWA-no-clip,4,0.9
1429,BWA-std,4,0.1
1429,NW-flex,4,1.0
1429,BWA-no-clip,5,0.9
1429,BWA-std,5,0.0
1429,NW-flex,5,1.0
1430,BWA-no-clip,-5,0.6
1430,BWA-std,-5,0.1
1430,NW-flex,-5,1.0
1430,BWA-no-clip,-4,0.8
1430,BWA-std,-4,0.2
1430,NW-flex,-4,1.0
1430,BWA-no-clip,-3,0.8
1430,BWA-std,-3,0.4
1430,NW-flex,-3,1.0
1430,BWA-no-clip,-2,0.9
1430,BWA-std,-2,0.6
1430,NW-flex,-2,1.0
1430,BWA-no-clip,-1,0.9
1430,BWA-std,-1,0.7
1430,NW-flex,-1,1.0
1430,BWA-no-clip,0,1.0
1430,BWA-std,0,1.0
1430,NW-flex,0,1.0
1430,BWA-no-clip,1,1.0
1430,BWA-std,1,0.7
1430,NW-flex,1,1.0
1430,BWA-no-clip,2,1.0
1430,BWA-std,2,0.5
1430,NW-flex,2,1.0
1430,BWA-no-clip,3,1.0
1430,BWA-std,3,0.3
1430,NW-flex,3,1.0
1430,BWA-no-clip,4,1.0
1430,BWA-std,4,0.1
1430,NW-flex,4,1.0
1430,BWA-no-clip,5,1.0
1430,BWA-std,5,0.0
1430,NW-flex,5,1.0
1431,BWA-no-clip,-5,0.7
1431,BWA-std,-5,0.1
1431,NW-flex,-5,1.0
1431,BWA-no-clip,-4,0.8
1431,BWA-std,-4,0.2
1431,NW-flex,-4,1.0
1431,BWA-no-clip,-3,0.8
1431,BWA-std,-3,0.4
1431,NW-flex,-3,1.0
1431,BWA-no-clip,-2,0.9
1431,BWA-std,-2,0.6
1431,NW-flex,-2,1.0
1431,BWA-no-clip,-1,0.9
1431,BWA-std,-1,0.7
1431,NW-flex,-1,1.0
1431,BWA-no-clip,0,1.0
1431,BWA-std,0,1.0
1431,NW-flex,0,1.0
1431,BWA-no-clip,1,1.0
1431,BWA-std,1,0.7
1431,NW-flex,1,1.0
1431,BWA-no-clip,2,1.0
1431,BWA-std,2,0.5
1431,NW-flex,2,1.0
1431,BWA-no-clip,3,1.0
1431,BWA-std,3,0.3
1431,NW-flex,3,1.0
1431,BWA-no-clip,4,1.0
1431,BWA-std,4,0.1
1431,NW-flex,4,1.0
1431,BWA-no-clip,5,1.0
1431,BWA-std,5,0.0
1431,NW-flex,5,1.0
1432,BWA-no-clip,-5,0.5
1432,BWA-std,-5,0.1
1432,NW-flex,-5,1.0
1432,BWA-no-clip,-4,0.5
1432,BWA-std,-4,0.2
1432,NW-flex,-4,1.0
1432,BWA-no-clip,-3,0.8
1432,BWA-std,-3,0.4
1432,NW-flex,-3,1.0
1432,BWA-no-clip,-2,0.9
1432,BWA-std,-2,0.6
1432,NW-flex,-2,1.0
1432,BWA-no-clip,-1,0.9
1432,BWA-std,-1,0.7
1432,NW-flex,-1,1.0
1432,BWA-no-clip,0,1.0
1432,BWA-std,0,1.0
1432,NW-flex,0,1.0
1432,BWA-no-clip,1,1.0
1432,BWA-std,1,0.7
1432,NW-flex,1,1.0
1432,BWA-no-clip,2,1.0
1432,BWA-std,2,0.5
1432,NW-flex,2,1.0
1432,BWA-no-clip,3,1.0
1432,BWA-std,3,0.3
1432,NW-flex,3,1.0
1432,BWA-no-clip,4,1.0
1432,BWA-std,4,0.1
1432,NW-flex,4,1.0
1432,BWA-no-clip,5,1.0
1432,BWA-std,5,0.0
1432,NW-flex,5,1.0
1433,BWA-no-clip,-5,0.2
1433,BWA-std,-5,0.1
1433,NW-flex,-5,1.0
1433,BWA-no-clip,-4,0.4
1433,BWA-std,-4,0.2
1433,NW-flex,-4,1.0
1433,BWA-no-clip,-3,0.4
1433,BWA-std,-3,0.4
1433,NW-flex,-3,1.0
1433,BWA-no-clip,-2,0.8
1433,BWA-std,-2,0.6
1433,NW-flex,-2,1.0
1433,BWA-no-clip,-1,0.9
1433,BWA-std,-1,0.7
1433,NW-flex,-1,1.0
1433,BWA-no-clip,0,1.0
1433,BWA-std,0,1.0
1433,NW-flex,0,1.0
1433,BWA-no-clip,1,1.0
1433,BWA-std,1,0.7
1433,NW-flex,1,1.0
1433,BWA-no-clip,2,1.0
1433,BWA-std,2,0.5
1433,NW-flex,2,1.0
1433,BWA-no-clip,3,0.9
1433,BWA-std,3,0.3
1433,NW-flex,3,1.0
1433,BWA-no-clip,4,0.8
1433,BWA-std,4,0.1
1433,NW-flex,4,1.0
1433,BWA-no-clip,5,1.0
1433,BWA-std,5,0.0
1433,NW-flex,5,1.0
1434,BWA-no-clip,-5,0.7
1434,BWA-std,-5,0.1
1434,NW-flex,-5,1.0
1434,BWA-no-clip,-4,0.7
1434,BWA-std,-4,0.2
1434,NW-flex,-4,1.0
1434,BWA-no-clip,-3,0.8
1434,BWA-std,-3,0.4
1434,NW-flex,-3,1.0
1434,BWA-no-clip,-2,0.9
1434,BWA-std,-2,0.6
1434,NW-flex,-2,1.0
1434,BWA-no-clip,-1,0.9
1434,BWA-std,-1,0.7
1434,NW-flex,-1,1.0
1434,BWA-no-clip,0,1.0
1434,BWA-std,0,1.0
1434,NW-flex,0,1.0
1434,BWA-no-clip,1,1.0
1434,BWA-std,1,0.7
1434,NW-flex,1,1.0
1434,BWA-no-clip,2,1.0
1434,BWA-std,2,0.5
1434,NW-flex,2,1.0
1434,BWA-no-clip,3,1.0
1434,BWA-std,3,0.3
1434,NW-flex,3,1.0
1434,BWA-no-clip,4,1.0
1434,BWA-std,4,0.1
1434,NW-flex,4,1.0
1434,BWA-no-clip,5,1.0
1434,BWA-std,5,0.0
1434,NW-flex,5,1.0
1435,BWA-no-clip,-5,0.2
1435,BWA-std,-5,0.1
1435,NW-flex,-5,1.0
1435,BWA-no-clip,-4,0.4
1435,BWA-std,-4,0.2
1435,NW-flex,-4,1.0
1435,BWA-no-clip,-3,0.3
1435,BWA-std,-3,0.4
1435,NW-flex,-3,1.0
1435,BWA-no-clip,-2,0.9
1435,BWA-std,-2,0.6
1435,NW-flex,-2,1.0
1435,BWA-no-clip,-1,0.9
1435,BWA-std,-1,0.7
1435,NW-flex,-1,1.0
1435,BWA-no-clip,0,1.0
1435,BWA-std,0,1.0
1435,NW-flex,0,1.0
1435,BWA-no-clip,1,1.0
1435,BWA-std,1,0.7
1435,NW-flex,1,1.0
1435,BWA-no-clip,2,1.0
1435,BWA-std,2,0.5
1435,NW-flex,2,1.0
1435,BWA-no-clip,3,0.4
1435,BWA-std,3,0.3
1435,NW-flex,3,1.0
1435,BWA-no-clip,4,0.2
1435,BWA-std,4,0.1
1435,NW-flex,4,1.0
1435,BWA-no-clip,5,0.4
1435,BWA-std,5,0.0
1435,NW-flex,5,1.0
1436,BWA-no-clip,-5,0.5
1436,BWA-std,-5,0.1
1436,NW-flex,-5,1.0
1436,BWA-no-clip,-4,0.7
1436,BWA-std,-4,0.2
1436,NW-flex,-4,1.0
1436,BWA-no-clip,-3,0.7
1436,BWA-std,-3,0.4
1436,NW-flex,-3,1.0
1436,BWA-no-clip,-2,0.7333333333333333
1436,BWA-std,-2,0.5
1436,NW-flex,-2,1.0
1436,BWA-no-clip,-1,0.7
1436,BWA-std,-1,0.7
1436,NW-flex,-1,1.0
1436,BWA-no-clip,0,1.0
1436,BWA-std,0,1.0
1436,NW-flex,0,1.0
1436,BWA-no-clip,1,0.8
1436,BWA-std,1,0.7
1436,NW-flex,1,1.0
1436,BWA-no-clip,2,0.8
1436,BWA-std,2,0.5
1436,NW-flex,2,1.0
1436,BWA-no-clip,3,0.8
1436,BWA-std,3,0.3
1436,NW-flex,3,1.0
1436,BWA-no-clip,4,0.8
1436,BWA-std,4,0.1
1436,NW-flex,4,1.0
1436,BWA-no-clip,5,0.8
1436,BWA-std,5,0.0
1436,NW-flex,5,1.0
1437,BWA-no-clip,-5,0.7
1437,BWA-std,-5,0.1
1437,NW-flex,-5,1.0
1437,BWA-no-clip,-4,0.7
1437,BWA-std,-4,0.2
1437,NW-flex,-4,1.0
1437,BWA-no-clip,-3,0.8
1437,BWA-std,-3,0.4
1437,NW-flex,-3,1.0
1437,BWA-no-clip,-2,0.9
1437,BWA-std,-2,0.6
1437,NW-flex,-2,1.0
1437,BWA-no-clip,-1,0.9
1437,BWA-std,-1,0.7
1437,NW-flex,-1,1.0
1437,BWA-no-clip,0,1.0
1437,BWA-std,0,1.0
1437,NW-flex,0,1.0
1437,BWA-no-clip,1,1.0
1437,BWA-std,1,0.7
1437,NW-flex,1,1.0
1437,BWA-no-clip,2,1.0
1437,BWA-std,2,0.5
1437,NW-flex,2,1.0
1437,BWA-no-clip,3,1.0
1437,BWA-std,3,0.3
1437,NW-flex,3,1.0
1437,BWA-no-clip,4,1.0
1437,BWA-std,4,0.1
1437,NW-flex,4,1.0
1437,BWA-no-clip,5,1.0
1437,BWA-std,5,0.0
1437,NW-flex,5,1.0
1438,BWA-no-clip,-5,0.7
1438,BWA-std,-5,0.1
1438,NW-flex,-5,1.0
1438,BWA-no-clip,-4,0.8
1438,BWA-std,-4,0.2
1438,NW-flex,-4,1.0
1438,BWA-no-clip,-3,0.8
1438,BWA-std,-3,0.4
1438,NW-flex,-3,1.0
1438,BWA-no-clip,-2,0.9
1438,BWA-std,-2,0.6
1438,NW-flex,-2,1.0
1438,BWA-no-clip,-1,0.9
1438,BWA-std,-1,0.7
1438,NW-flex,-1,1.0
1438,BWA-no-clip,0,1.0
1438,BWA-std,0,1.0
1438,NW-flex,0,1.0
1438,BWA-no-clip,1,1.0
1438,BWA-std,1,0.7
1438,NW-flex,1,1.0
1438,BWA-no-clip,2,1.0
1438,BWA-std,2,0.5
1438,NW-flex,2,1.0
1438,BWA-no-clip,3,1.0
1438,BWA-std,3,0.3
1438,NW-flex,3,1.0
1438,BWA-no-clip,4,1.0
1438,BWA-std,4,0.1
1438,NW-flex,4,1.0
1438,BWA-no-clip,5,1.0
1438,BWA-std,5,0.0
1438,NW-flex,5,1.0
1439,BWA-no-clip,-5,0.5
1439,BWA-std,-5,0.1
1439,NW-flex,-5,1.0
1439,BWA-no-clip,-4,0.6
1439,BWA-std,-4,0.2
1439,NW-flex,-4,1.0
1439,BWA-no-clip,-3,0.8
1439,BWA-std,-3,0.4
1439,NW-flex,-3,1.0
1439,BWA-no-clip,-2,0.8
1439,BWA-std,-2,0.6
1439,NW-flex,-2,1.0
1439,BWA-no-clip,-1,0.9
1439,BWA-std,-1,0.7
1439,NW-flex,-1,1.0
1439,BWA-no-clip,0,1.0
1439,BWA-std,0,1.0
1439,NW-flex,0,1.0
1439,BWA-no-clip,1,1.0
1439,BWA-std,1,0.7
1439,NW-flex,1,1.0
1439,BWA-no-clip,2,1.0
1439,BWA-std,2,0.5
1439,NW-flex,2,1.0
1439,BWA-no-clip,3,1.0
1439,BWA-std,3,0.3
1439,NW-flex,3,1.0
1439,BWA-no-clip,4,1.0
1439,BWA-std,4,0.1
1439,NW-flex,4,1.0
1439,BWA-no-clip,5,1.0
1439,BWA-std,5,0.0
1439,NW-flex,5,1.0
1440,BWA-no-clip,-5,0.7
1440,BWA-std,-5,0.1
1440,NW-flex,-5,1.0
1440,BWA-no-clip,-4,0.8
1440,BWA-std,-4,0.2
1440,NW-flex,-4,1.0
1440,BWA-no-clip,-3,0.8
1440,BWA-std,-3,0.4
1440,NW-flex,-3,1.0
1440,BWA-no-clip,-2,0.9
1440,BWA-std,-2,0.6
1440,NW-flex,-2,1.0
1440,BWA-no-clip,-1,0.9
1440,BWA-std,-1,0.7
1440,NW-flex,-1,1.0
1440,BWA-no-clip,0,1.0
1440,BWA-std,0,1.0
1440,NW-flex,0,1.0
1440,BWA-no-clip,1,1.0
1440,BWA-std,1,0.7
1440,NW-flex,1,1.0
1440,BWA-no-clip,2,1.0
1440,BWA-std,2,0.5
1440,NW-flex,2,1.0
1440,BWA-no-clip,3,1.0
1440,BWA-std,3,0.3
1440,NW-flex,3,1.0
1440,BWA-no-clip,4,1.0
1440,BWA-std,4,0.1
1440,NW-flex,4,1.0
1440,BWA-no-clip,5,1.0
1440,BWA-std,5,0.0
1440,NW-flex,5,1.0
1441,BWA-no-clip,-5,0.6
1441,BWA-std,-5,0.1
1441,NW-flex,-5,1.0
1441,BWA-no-clip,-4,0.8
1441,BWA-std,-4,0.2
1441,NW-flex,-4,1.0
1441,BWA-no-clip,-3,0.8
1441,BWA-std,-3,0.4
1441,NW-flex,-3,1.0
1441,BWA-no-clip,-2,0.9
1441,BWA-std,-2,0.6
1441,NW-flex,-2,1.0
1441,BWA-no-clip,-1,0.9
1441,BWA-std,-1,0.7
1441,NW-flex,-1,1.0
1441,BWA-no-clip,0,1.0
1441,BWA-std,0,1.0
1441,NW-flex,0,1.0
1441,BWA-no-clip,1,1.0
1441,BWA-std,1,0.7
1441,NW-flex,1,1.0
1441,BWA-no-clip,2,1.0
1441,BWA-std,2,0.5
1441,NW-flex,2,1.0
1441,BWA-no-clip,3,1.0
1441,BWA-std,3,0.3
1441,NW-flex,3,1.0
1441,BWA-no-clip,4,1.0
1441,BWA-std,4,0.1
1441,NW-flex,4,1.0
1441,BWA-no-clip,5,1.0
1441,BWA-std,5,0.0
1441,NW-flex,5,1.0
1442,BWA-no-clip,-5,0.6
1442,BWA-std,-5,0.1
1442,NW-flex,-5,1.0
1442,BWA-no-clip,-4,0.6
1442,BWA-std,-4,0.2
1442,NW-flex,-4,1.0
1442,BWA-no-clip,-3,0.7
1442,BWA-std,-3,0.4
1442,NW-flex,-3,1.0
1442,BWA-no-clip,-2,0.8
1442,BWA-std,-2,0.6
1442,NW-flex,-2,1.0
1442,BWA-no-clip,-1,0.9
1442,BWA-std,-1,0.7
1442,NW-flex,-1,1.0
1442,BWA-no-clip,0,1.0
1442,BWA-std,0,1.0
1442,NW-flex,0,1.0
1442,BWA-no-clip,1,1.0
1442,BWA-std,1,0.7
1442,NW-flex,1,1.0
1442,BWA-no-clip,2,1.0
1442,BWA-std,2,0.5
1442,NW-flex,2,1.0
1442,BWA-no-clip,3,1.0
1442,BWA-std,3,0.3
1442,NW-flex,3,1.0
1442,BWA-no-clip,4,1.0
1442,BWA-std,4,0.1
1442,NW-flex,4,1.0
1442,BWA-no-clip,5,1.0
1442,BWA-std,5,0.0
1442,NW-flex,5,1.0
1443,BWA-no-clip,-5,0.7
1443,BWA-std,-5,0.1
1443,NW-flex,-5,1.0
1443,BWA-no-clip,-4,0.8
1443,BWA-std,-4,0.2
1443,NW-flex,-4,1.0
1443,BWA-no-clip,-3,0.8
1443,BWA-std,-3,0.4
1443,NW-flex,-3,1.0
1443,BWA-no-clip,-2,0.9
1443,BWA-std,-2,0.6
1443,NW-flex,-2,1.0
1443,BWA-no-clip,-1,0.9
1443,BWA-std,-1,0.7
1443,NW-flex,-1,1.0
1443,BWA-no-clip,0,1.0
1443,BWA-std,0,1.0
1443,NW-flex,0,1.0
1443,BWA-no-clip,1,1.0
1443,BWA-std,1,0.7
1443,NW-flex,1,1.0
1443,BWA-no-clip,2,1.0
1443,BWA-std,2,0.5
1443,NW-flex,2,1.0
1443,BWA-no-clip,3,1.0
1443,BWA-std,3,0.3
1443,NW-flex,3,1.0
1443,BWA-no-clip,4,1.0
1443,BWA-std,4,0.1
1443,NW-flex,4,1.0
1443,BWA-no-clip,5,1.0
1443,BWA-std,5,0.0
1443,NW-flex,5,1.0
1444,BWA-no-clip,-5,0.6
1444,BWA-std,-5,0.1
1444,NW-flex,-5,1.0
1444,BWA-no-clip,-4,0.7
1444,BWA-std,-4,0.2
1444,NW-flex,-4,1.0
1444,BWA-no-clip,-3,0.8
1444,BWA-std,-3,0.4
1444,NW-flex,-3,1.0
1444,BWA-no-clip,-2,0.9
1444,BWA-std,-2,0.6
1444,NW-flex,-2,1.0
1444,BWA-no-clip,-1,0.9
1444,BWA-std,-1,0.7
1444,NW-flex,-1,1.0
1444,BWA-no-clip,0,1.0
1444,BWA-std,0,1.0
1444,NW-flex,0,1.0
1444,BWA-no-clip,1,1.0
1444,BWA-std,1,0.7
1444,NW-flex,1,1.0
1444,BWA-no-clip,2,1.0
1444,BWA-std,2,0.5
1444,NW-flex,2,1.0
1444,BWA-no-clip,3,1.0
1444,BWA-std,3,0.3
1444,NW-flex,3,1.0
1444,BWA-no-clip,4,1.0
1444,BWA-std,4,0.1
1444,NW-flex,4,1.0
1444,BWA-no-clip,5,1.0
1444,BWA-std,5,0.0
1444,NW-flex,5,1.0
1445,BWA-no-clip,-5,0.2
1445,BWA-std,-5,0.1
1445,NW-flex,-5,1.0
1445,BWA-no-clip,-4,0.6
1445,BWA-std,-4,0.2
1445,NW-flex,-4,1.0
1445,BWA-no-clip,-3,0.6
1445,BWA-std,-3,0.4
1445,NW-flex,-3,1.0
1445,BWA-no-clip,-2,0.8
1445,BWA-std,-2,0.5
1445,NW-flex,-2,1.0
1445,BWA-no-clip,-1,0.4
1445,BWA-std,-1,0.4
1445,NW-flex,-1,1.0
1445,BWA-no-clip,0,1.0
1445,BWA-std,0,1.0
1445,NW-flex,0,1.0
1445,BWA-no-clip,1,0.6
1445,BWA-std,1,0.6
1445,NW-flex,1,1.0
1445,BWA-no-clip,2,0.8
1445,BWA-std,2,0.5
1445,NW-flex,2,1.0
1445,BWA-no-clip,3,1.0
1445,BWA-std,3,0.3
1445,NW-flex,3,1.0
1445,BWA-no-clip,4,0.5
1445,BWA-std,4,0.1
1445,NW-flex,4,1.0
1445,BWA-no-clip,5,0.6
1445,BWA-std,5,0.0
1445,NW-flex,5,1.0
1446,BWA-no-clip,-5,0.5
1446,BWA-std,-5,0.1
1446,NW-flex,-5,1.0
1446,BWA-no-clip,-4,0.7
1446,BWA-std,-4,0.2
1446,NW-flex,-4,1.0
1446,BWA-no-clip,-3,0.7
1446,BWA-std,-3,0.4
1446,NW-flex,-3,1.0
1446,BWA-no-clip,-2,0.8
1446,BWA-std,-2,0.5
1446,NW-flex,-2,1.0
1446,BWA-no-clip,-1,0.7
1446,BWA-std,-1,0.7
1446,NW-flex,-1,1.0
1446,BWA-no-clip,0,1.0
1446,BWA-std,0,1.0
1446,NW-flex,0,1.0
1446,BWA-no-clip,1,0.9
1446,BWA-std,1,0.7
1446,NW-flex,1,1.0
1446,BWA-no-clip,2,1.0
1446,BWA-std,2,0.5
1446,NW-flex,2,1.0
1446,BWA-no-clip,3,1.0
1446,BWA-std,3,0.3
1446,NW-flex,3,1.0
1446,BWA-no-clip,4,1.0
1446,BWA-std,4,0.1
1446,NW-flex,4,1.0
1446,BWA-no-clip,5,0.9
1446,BWA-std,5,0.0
1446,NW-flex,5,1.0
1447,BWA-no-clip,-5,0.6
1447,BWA-std,-5,0.1
1447,NW-flex,-5,1.0
1447,BWA-no-clip,-4,0.7
1447,BWA-std,-4,0.2
1447,NW-flex,-4,1.0
1447,BWA-no-clip,-3,0.8
1447,BWA-std,-3,0.4
1447,NW-flex,-3,1.0
1447,BWA-no-clip,-2,0.9
1447,BWA-std,-2,0.6
1447,NW-flex,-2,1.0
1447,BWA-no-clip,-1,0.9
1447,BWA-std,-1,0.7
1447,NW-flex,-1,1.0
1447,BWA-no-clip,0,1.0
1447,BWA-std,0,1.0
1447,NW-flex,0,1.0
1447,BWA-no-clip,1,1.0
1447,BWA-std,1,0.7
1447,NW-flex,1,1.0
1447,BWA-no-clip,2,0.9
1447,BWA-std,2,0.5
1447,NW-flex,2,1.0
1447,BWA-no-clip,3,0.9
1447,BWA-std,3,0.3
1447,NW-flex,3,1.0
1447,BWA-no-clip,4,0.9
1447,BWA-std,4,0.1
1447,NW-flex,4,1.0
1447,BWA-no-clip,5,0.9
1447,BWA-std,5,0.0
1447,NW-flex,5,1.0
1448,BWA-no-clip,-5,0.5
1448,BWA-std,-5,0.1
1448,NW-flex,-5,1.0
1448,BWA-no-clip,-4,0.6
1448,BWA-std,-4,0.2
1448,NW-flex,-4,1.0
1448,BWA-no-clip,-3,0.6
1448,BWA-std,-3,0.4
1448,NW-flex,-3,1.0
1448,BWA-no-clip,-2,0.6666666666666666
1448,BWA-std,-2,0.5
1448,NW-flex,-2,1.0
1448,BWA-no-clip,-1,0.6
1448,BWA-std,-1,0.6
1448,NW-flex,-1,1.0
1448,BWA-no-clip,0,1.0
1448,BWA-std,0,1.0
1448,NW-flex,0,1.0
1448,BWA-no-clip,1,0.7
1448,BWA-std,1,0.7
1448,NW-flex,1,1.0
1448,BWA-no-clip,2,0.7
1448,BWA-std,2,0.5
1448,NW-flex,2,1.0
1448,BWA-no-clip,3,0.7
1448,BWA-std,3,0.3
1448,NW-flex,3,1.0
1448,BWA-no-clip,4,0.7
1448,BWA-std,4,0.1
1448,NW-flex,4,1.0
1448,BWA-no-clip,5,0.7
1448,BWA-std,5,0.0
1448,NW-flex,5,1.0
1449,BWA-no-clip,-5,0.4
1449,BWA-std,-5,0.1
1449,NW-flex,-5,1.0
1449,BWA-no-clip,-4,0.6
1449,BWA-std,-4,0.2
1449,NW-flex,-4,1.0
1449,BWA-no-clip,-3,0.6
1449,BWA-std,-3,0.4
1449,NW-flex,-3,1.0
1449,BWA-no-clip,-2,0.9
1449,BWA-std,-2,0.6
1449,NW-flex,-2,1.0
1449,BWA-no-clip,-1,0.9
1449,BWA-std,-1,0.7
1449,NW-flex,-1,1.0
1449,BWA-no-clip,0,1.0
1449,BWA-std,0,1.0
1449,NW-flex,0,1.0
1449,BWA-no-clip,1,1.0
1449,BWA-std,1,0.7
1449,NW-flex,1,1.0
1449,BWA-no-clip,2,0.9
1449,BWA-std,2,0.5
1449,NW-flex,2,1.0
1449,BWA-no-clip,3,1.0
1449,BWA-std,3,0.3
1449,NW-flex,3,1.0
1449,BWA-no-clip,4,1.0
1449,BWA-std,4,0.1
1449,NW-flex,4,1.0
1449,BWA-no-clip,5,1.0
1449,BWA-std,5,0.0
1449,NW-flex,5,1.0
1450,BWA-no-clip,-5,0.5
1450,BWA-std,-5,0.1
1450,NW-flex,-5,1.0
1450,BWA-no-clip,-4,0.5
1450,BWA-std,-4,0.2
1450,NW-flex,-4,1.0
1450,BWA-no-clip,-3,0.5
1450,BWA-std,-3,0.4
1450,NW-flex,-3,1.0
1450,BWA-no-clip,-2,0.6
1450,BWA-std,-2,0.5
1450,NW-flex,-2,1.0
1450,BWA-no-clip,-1,0.5
1450,BWA-std,-1,0.5
1450,NW-flex,-1,1.0
1450,BWA-no-clip,0,1.0
1450,BWA-std,0,1.0
1450,NW-flex,0,1.0
1450,BWA-no-clip,1,0.6
1450,BWA-std,1,0.6
1450,NW-flex,1,1.0
1450,BWA-no-clip,2,0.6
1450,BWA-std,2,0.5
1450,NW-flex,2,1.0
1450,BWA-no-clip,3,0.6
1450,BWA-std,3,0.3
1450,NW-flex,3,1.0
1450,BWA-no-clip,4,0.6
1450,BWA-std,4,0.1
1450,NW-flex,4,1.0
1450,BWA-no-clip,5,0.6
1450,BWA-std,5,0.0
1450,NW-flex,5,1.0
1451,BWA-no-clip,-5,0.6
1451,BWA-std,-5,0.1
1451,NW-flex,-5,1.0
1451,BWA-no-clip,-4,0.8
1451,BWA-std,-4,0.2
1451,NW-flex,-4,1.0
1451,BWA-no-clip,-3,0.8
1451,BWA-std,-3,0.4
1451,NW-flex,-3,1.0
1451,BWA-no-clip,-2,0.9
1451,BWA-std,-2,0.6
1451,NW-flex,-2,1.0
1451,BWA-no-clip,-1,0.9
1451,BWA-std,-1,0.7
1451,NW-flex,-1,1.0
1451,BWA-no-clip,0,1.0
1451,BWA-std,0,1.0
1451,NW-flex,0,1.0
1451,BWA-no-clip,1,1.0
1451,BWA-std,1,0.7
1451,NW-flex,1,1.0
1451,BWA-no-clip,2,1.0
1451,BWA-std,2,0.5
1451,NW-flex,2,1.0
1451,BWA-no-clip,3,1.0
1451,BWA-std,3,0.3
1451,NW-flex,3,1.0
1451,BWA-no-clip,4,1.0
1451,BWA-std,4,0.1
1451,NW-flex,4,1.0
1451,BWA-no-clip,5,1.0
1451,BWA-std,5,0.0
1451,NW-flex,5,1.0
1452,BWA-no-clip,-5,0.7
1452,BWA-std,-5,0.1
1452,NW-flex,-5,1.0
1452,BWA-no-clip,-4,0.8
1452,BWA-std,-4,0.2
1452,NW-flex,-4,1.0
1452,BWA-no-clip,-3,0.8
1452,BWA-std,-3,0.4
1452,NW-flex,-3,1.0
1452,BWA-no-clip,-2,0.9
1452,BWA-std,-2,0.6
1452,NW-flex,-2,1.0
1452,BWA-no-clip,-1,0.9
1452,BWA-std,-1,0.7
1452,NW-flex,-1,1.0
1452,BWA-no-clip,0,1.0
1452,BWA-std,0,1.0
1452,NW-flex,0,1.0
1452,BWA-no-clip,1,1.0
1452,BWA-std,1,0.7
1452,NW-flex,1,1.0
1452,BWA-no-clip,2,1.0
1452,BWA-std,2,0.5
1452,NW-flex,2,1.0
1452,BWA-no-clip,3,1.0
1452,BWA-std,3,0.3
1452,NW-flex,3,1.0
1452,BWA-no-clip,4,1.0
1452,BWA-std,4,0.1
1452,NW-flex,4,1.0
1452,BWA-no-clip,5,1.0
1452,BWA-std,5,0.0
1452,NW-flex,5,1.0
1453,BWA-no-clip,-5,0.6
1453,BWA-std,-5,0.1
1453,NW-flex,-5,1.0
1453,BWA-no-clip,-4,0.7
1453,BWA-std,-4,0.2
1453,NW-flex,-4,1.0
1453,BWA-no-clip,-3,0.7
1453,BWA-std,-3,0.4
1453,NW-flex,-3,1.0
1453,BWA-no-clip,-2,0.8
1453,BWA-std,-2,0.5
1453,NW-flex,-2,1.0
1453,BWA-no-clip,-1,0.8
1453,BWA-std,-1,0.7
1453,NW-flex,-1,1.0
1453,BWA-no-clip,0,1.0
1453,BWA-std,0,1.0
1453,NW-flex,0,1.0
1453,BWA-no-clip,1,1.0
1453,BWA-std,1,0.7
1453,NW-flex,1,1.0
1453,BWA-no-clip,2,1.0
1453,BWA-std,2,0.5
1453,NW-flex,2,1.0
1453,BWA-no-clip,3,1.0
1453,BWA-std,3,0.3
1453,NW-flex,3,1.0
1453,BWA-no-clip,4,1.0
1453,BWA-std,4,0.1
1453,NW-flex,4,1.0
1453,BWA-no-clip,5,1.0
1453,BWA-std,5,0.0
1453,NW-flex,5,1.0
1454,BWA-no-clip,-5,0.4
1454,BWA-std,-5,0.1
1454,NW-flex,-5,1.0
1454,BWA-no-clip,-4,0.6
1454,BWA-std,-4,0.2
1454,NW-flex,-4,1.0
1454,BWA-no-clip,-3,0.6
1454,BWA-std,-3,0.4
1454,NW-flex,-3,1.0
1454,BWA-no-clip,-2,0.8
1454,BWA-std,-2,0.5
1454,NW-flex,-2,1.0
1454,BWA-no-clip,-1,0.3
1454,BWA-std,-1,0.3
1454,NW-flex,-1,1.0
1454,BWA-no-clip,0,1.0
1454,BWA-std,0,1.0
1454,NW-flex,0,1.0
1454,BWA-no-clip,1,0.5
1454,BWA-std,1,0.5
1454,NW-flex,1,1.0
1454,BWA-no-clip,2,0.7
1454,BWA-std,2,0.5
1454,NW-flex,2,1.0
1454,BWA-no-clip,3,0.9
1454,BWA-std,3,0.3
1454,NW-flex,3,1.0
1454,BWA-no-clip,4,1.0
1454,BWA-std,4,0.1
1454,NW-flex,4,1.0
1454,BWA-no-clip,5,1.0
1454,BWA-std,5,0.0
1454,NW-flex,5,1.0
1455,BWA-no-clip,-5,0.5
1455,BWA-std,-5,0.1
1455,NW-flex,-5,1.0
1455,BWA-no-clip,-4,0.5
1455,BWA-std,-4,0.2
1455,NW-flex,-4,1.0
1455,BWA-no-clip,-3,0.7
1455,BWA-std,-3,0.4
1455,NW-flex,-3,1.0
1455,BWA-no-clip,-2,0.7
1455,BWA-std,-2,0.6
1455,NW-flex,-2,1.0
1455,BWA-no-clip,-1,0.9
1455,BWA-std,-1,0.7
1455,NW-flex,-1,1.0
1455,BWA-no-clip,0,1.0
1455,BWA-std,0,1.0
1455,NW-flex,0,1.0
1455,BWA-no-clip,1,0.9
1455,BWA-std,1,0.7
1455,NW-flex,1,1.0
1455,BWA-no-clip,2,0.9
1455,BWA-std,2,0.5
1455,NW-flex,2,1.0
1455,BWA-no-clip,3,0.9
1455,BWA-std,3,0.3
1455,NW-flex,3,1.0
1455,BWA-no-clip,4,0.9
1455,BWA-std,4,0.1
1455,NW-flex,4,1.0
1455,BWA-no-clip,5,0.9
1455,BWA-std,5,0.0
1455,NW-flex,5,1.0
1456,BWA-no-clip,-5,0.4
1456,BWA-std,-5,0.1
1456,NW-flex,-5,1.0
1456,BWA-no-clip,-4,0.7
1456,BWA-std,-4,0.2
1456,NW-flex,-4,1.0
1456,BWA-no-clip,-3,0.7
1456,BWA-std,-3,0.4
1456,NW-flex,-3,1.0
1456,BWA-no-clip,-2,0.7333333333333333
1456,BWA-std,-2,0.5
1456,NW-flex,-2,1.0
1456,BWA-no-clip,-1,0.7
1456,BWA-std,-1,0.7
1456,NW-flex,-1,1.0
1456,BWA-no-clip,0,1.0
1456,BWA-std,0,1.0
1456,NW-flex,0,1.0
1456,BWA-no-clip,1,0.8
1456,BWA-std,1,0.7
1456,NW-flex,1,1.0
1456,BWA-no-clip,2,0.8
1456,BWA-std,2,0.5
1456,NW-flex,2,1.0
1456,BWA-no-clip,3,0.8
1456,BWA-std,3,0.3
1456,NW-flex,3,1.0
1456,BWA-no-clip,4,0.8
1456,BWA-std,4,0.1
1456,NW-flex,4,1.0
1456,BWA-no-clip,5,0.8
1456,BWA-std,5,0.0
1456,NW-flex,5,1.0
1457,BWA-no-clip,-5,0.6
1457,BWA-std,-5,0.1
1457,NW-flex,-5,1.0
1457,BWA-no-clip,-4,0.7
1457,BWA-std,-4,0.2
1457,NW-flex,-4,1.0
1457,BWA-no-clip,-3,0.7
1457,BWA-std,-3,0.4
1457,NW-flex,-3,1.0
1457,BWA-no-clip,-2,0.8
1457,BWA-std,-2,0.6
1457,NW-flex,-2,1.0
1457,BWA-no-clip,-1,0.9
1457,BWA-std,-1,0.7
1457,NW-flex,-1,1.0
1457,BWA-no-clip,0,1.0
1457,BWA-std,0,1.0
1457,NW-flex,0,1.0
1457,BWA-no-clip,1,1.0
1457,BWA-std,1,0.7
1457,NW-flex,1,1.0
1457,BWA-no-clip,2,1.0
1457,BWA-std,2,0.5
1457,NW-flex,2,1.0
1457,BWA-no-clip,3,1.0
1457,BWA-std,3,0.3
1457,NW-flex,3,1.0
1457,BWA-no-clip,4,1.0
1457,BWA-std,4,0.1
1457,NW-flex,4,1.0
1457,BWA-no-clip,5,1.0
1457,BWA-std,5,0.0
1457,NW-flex,5,1.0
1458,BWA-no-clip,-5,0.4
1458,BWA-std,-5,0.1
1458,NW-flex,-5,1.0
1458,BWA-no-clip,-4,0.6
1458,BWA-std,-4,0.2
1458,NW-flex,-4,1.0
1458,BWA-no-clip,-3,0.6
1458,BWA-std,-3,0.4
1458,NW-flex,-3,1.0
1458,BWA-no-clip,-2,0.8
1458,BWA-std,-2,0.5
1458,NW-flex,-2,1.0
1458,BWA-no-clip,-1,0.8
1458,BWA-std,-1,0.7
1458,NW-flex,-1,1.0
1458,BWA-no-clip,0,1.0
1458,BWA-std,0,1.0
1458,NW-flex,0,1.0
1458,BWA-no-clip,1,1.0
1458,BWA-std,1,0.7
1458,NW-flex,1,1.0
1458,BWA-no-clip,2,1.0
1458,BWA-std,2,0.5
1458,NW-flex,2,1.0
1458,BWA-no-clip,3,1.0
1458,BWA-std,3,0.3
1458,NW-flex,3,1.0
1458,BWA-no-clip,4,0.8
1458,BWA-std,4,0.1
1458,NW-flex,4,1.0
1458,BWA-no-clip,5,0.9
1458,BWA-std,5,0.0
1458,NW-flex,5,1.0
1459,BWA-no-clip,-5,0.5
1459,BWA-std,-5,0.1
1459,NW-flex,-5,1.0
1459,BWA-no-clip,-4,0.6
1459,BWA-std,-4,0.2
1459,NW-flex,-4,1.0
1459,BWA-no-clip,-3,0.6
1459,BWA-std,-3,0.4
1459,NW-flex,-3,1.0
1459,BWA-no-clip,-2,0.8
1459,BWA-std,-2,0.5
1459,NW-flex,-2,1.0
1459,BWA-no-clip,-1,0.8
1459,BWA-std,-1,0.7
1459,NW-flex,-1,1.0
1459,BWA-no-clip,0,1.0
1459,BWA-std,0,1.0
1459,NW-flex,0,1.0
1459,BWA-no-clip,1,1.0
1459,BWA-std,1,0.7
1459,NW-flex,1,1.0
1459,BWA-no-clip,2,1.0
1459,BWA-std,2,0.5
1459,NW-flex,2,1.0
1459,BWA-no-clip,3,1.0
1459,BWA-std,3,0.3
1459,NW-flex,3,1.0
1459,BWA-no-clip,4,1.0
1459,BWA-std,4,0.1
1459,NW-flex,4,1.0
1459,BWA-no-clip,5,1.0
1459,BWA-std,5,0.0
1459,NW-flex,5,1.0
1460,BWA-no-clip,-5,0.6
1460,BWA-std,-5,0.1
1460,NW-flex,-5,1.0
1460,BWA-no-clip,-4,0.7
1460,BWA-std,-4,0.2
1460,NW-flex,-4,1.0
1460,BWA-no-clip,-3,0.7
1460,BWA-std,-3,0.4
1460,NW-flex,-3,1.0
1460,BWA-no-clip,-2,0.8
1460,BWA-std,-2,0.5
1460,NW-flex,-2,1.0
1460,BWA-no-clip,-1,0.7
1460,BWA-std,-1,0.7
1460,NW-flex,-1,1.0
1460,BWA-no-clip,0,1.0
1460,BWA-std,0,1.0
1460,NW-flex,0,1.0
1460,BWA-no-clip,1,0.9
1460,BWA-std,1,0.7
1460,NW-flex,1,1.0
1460,BWA-no-clip,2,1.0
1460,BWA-std,2,0.5
1460,NW-flex,2,1.0
1460,BWA-no-clip,3,1.0
1460,BWA-std,3,0.3
1460,NW-flex,3,1.0
1460,BWA-no-clip,4,1.0
1460,BWA-std,4,0.1
1460,NW-flex,4,1.0
1460,BWA-no-clip,5,1.0
1460,BWA-std,5,0.0
1460,NW-flex,5,1.0
1461,BWA-no-clip,-5,0.5
1461,BWA-std,-5,0.1
1461,NW-flex,-5,1.0
1461,BWA-no-clip,-4,0.6
1461,BWA-std,-4,0.2
1461,NW-flex,-4,1.0
1461,BWA-no-clip,-3,0.6
1461,BWA-std,-3,0.4
1461,NW-flex,-3,1.0
1461,BWA-no-clip,-2,0.8
1461,BWA-std,-2,0.5
1461,NW-flex,-2,1.0
1461,BWA-no-clip,-1,0.8
1461,BWA-std,-1,0.7
1461,NW-flex,-1,1.0
1461,BWA-no-clip,0,1.0
1461,BWA-std,0,1.0
1461,NW-flex,0,1.0
1461,BWA-no-clip,1,1.0
1461,BWA-std,1,0.7
1461,NW-flex,1,1.0
1461,BWA-no-clip,2,1.0
1461,BWA-std,2,0.5
1461,NW-flex,2,1.0
1461,BWA-no-clip,3,1.0
1461,BWA-std,3,0.3
1461,NW-flex,3,1.0
1461,BWA-no-clip,4,1.0
1461,BWA-std,4,0.1
1461,NW-flex,4,1.0
1461,BWA-no-clip,5,1.0
1461,BWA-std,5,0.0
1461,NW-flex,5,1.0
1462,BWA-no-clip,-5,0.7
1462,BWA-std,-5,0.1
1462,NW-flex,-5,1.0
1462,BWA-no-clip,-4,0.8
1462,BWA-std,-4,0.2
1462,NW-flex,-4,1.0
1462,BWA-no-clip,-3,0.8
1462,BWA-std,-3,0.4
1462,NW-flex,-3,1.0
1462,BWA-no-clip,-2,0.9
1462,BWA-std,-2,0.6
1462,NW-flex,-2,1.0
1462,BWA-no-clip,-1,0.9
1462,BWA-std,-1,0.7
1462,NW-flex,-1,1.0
1462,BWA-no-clip,0,1.0
1462,BWA-std,0,1.0
1462,NW-flex,0,1.0
1462,BWA-no-clip,1,1.0
1462,BWA-std,1,0.7
1462,NW-flex,1,1.0
1462,BWA-no-clip,2,1.0
1462,BWA-std,2,0.5
1462,NW-flex,2,1.0
1462,BWA-no-clip,3,1.0
1462,BWA-std,3,0.3
1462,NW-flex,3,1.0
1462,BWA-no-clip,4,1.0
1462,BWA-std,4,0.1
1462,NW-flex,4,1.0
1462,BWA-no-clip,5,1.0
1462,BWA-std,5,0.0
1462,NW-flex,5,1.0
1463,BWA-no-clip,-5,0.5
1463,BWA-std,-5,0.1
1463,NW-flex,-5,1.0
1463,BWA-no-clip,-4,0.6
1463,BWA-std,-4,0.2
1463,NW-flex,-4,1.0
1463,BWA-no-clip,-3,0.8
1463,BWA-std,-3,0.4
1463,NW-flex,-3,1.0
1463,BWA-no-clip,-2,0.8
1463,BWA-std,-2,0.6
1463,NW-flex,-2,1.0
1463,BWA-no-clip,-1,0.9
1463,BWA-std,-1,0.7
1463,NW-flex,-1,1.0
1463,BWA-no-clip,0,1.0
1463,BWA-std,0,1.0
1463,NW-flex,0,1.0
1463,BWA-no-clip,1,1.0
1463,BWA-std,1,0.7
1463,NW-flex,1,1.0
1463,BWA-no-clip,2,1.0
1463,BWA-std,2,0.5
1463,NW-flex,2,1.0
1463,BWA-no-clip,3,1.0
1463,BWA-std,3,0.3
1463,NW-flex,3,1.0
1463,BWA-no-clip,4,1.0
1463,BWA-std,4,0.1
1463,NW-flex,4,1.0
1463,BWA-no-clip,5,1.0
1463,BWA-std,5,0.0
1463,NW-flex,5,1.0
1464,BWA-no-clip,-5,0.5
1464,BWA-std,-5,0.1
1464,NW-flex,-5,1.0
1464,BWA-no-clip,-4,0.7
1464,BWA-std,-4,0.2
1464,NW-flex,-4,1.0
1464,BWA-no-clip,-3,0.7
1464,BWA-std,-3,0.4
1464,NW-flex,-3,1.0
1464,BWA-no-clip,-2,0.9
1464,BWA-std,-2,0.6
1464,NW-flex,-2,1.0
1464,BWA-no-clip,-1,0.9
1464,BWA-std,-1,0.7
1464,NW-flex,-1,1.0
1464,BWA-no-clip,0,1.0
1464,BWA-std,0,1.0
1464,NW-flex,0,1.0
1464,BWA-no-clip,1,1.0
1464,BWA-std,1,0.7
1464,NW-flex,1,1.0
1464,BWA-no-clip,2,1.0
1464,BWA-std,2,0.5
1464,NW-flex,2,1.0
1464,BWA-no-clip,3,1.0
1464,BWA-std,3,0.3
1464,NW-flex,3,1.0
1464,BWA-no-clip,4,1.0
1464,BWA-std,4,0.1
1464,NW-flex,4,1.0
1464,BWA-no-clip,5,1.0
1464,BWA-std,5,0.0
1464,NW-flex,5,1.0
1465,BWA-no-clip,-5,0.5
1465,BWA-std,-5,0.1
1465,NW-flex,-5,1.0
1465,BWA-no-clip,-4,0.5
1465,BWA-std,-4,0.2
1465,NW-flex,-4,1.0
1465,BWA-no-clip,-3,0.7
1465,BWA-std,-3,0.4
1465,NW-flex,-3,1.0
1465,BWA-no-clip,-2,0.9
1465,BWA-std,-2,0.6
1465,NW-flex,-2,1.0
1465,BWA-no-clip,-1,0.9
1465,BWA-std,-1,0.7
1465,NW-flex,-1,1.0
1465,BWA-no-clip,0,1.0
1465,BWA-std,0,1.0
1465,NW-flex,0,1.0
1465,BWA-no-clip,1,1.0
1465,BWA-std,1,0.7
1465,NW-flex,1,1.0
1465,BWA-no-clip,2,1.0
1465,BWA-std,2,0.5
1465,NW-flex,2,1.0
1465,BWA-no-clip,3,1.0
1465,BWA-std,3,0.3
1465,NW-flex,3,1.0
1465,BWA-no-clip,4,1.0
1465,BWA-std,4,0.1
1465,NW-flex,4,1.0
1465,BWA-no-clip,5,1.0
1465,BWA-std,5,0.0
1465,NW-flex,5,1.0
1466,BWA-no-clip,-5,0.7
1466,BWA-std,-5,0.1
1466,NW-flex,-5,1.0
1466,BWA-no-clip,-4,0.8
1466,BWA-std,-4,0.2
1466,NW-flex,-4,1.0
1466,BWA-no-clip,-3,0.8
1466,BWA-std,-3,0.4
1466,NW-flex,-3,1.0
1466,BWA-no-clip,-2,0.9
1466,BWA-std,-2,0.6
1466,NW-flex,-2,1.0
1466,BWA-no-clip,-1,0.9
1466,BWA-std,-1,0.7
1466,NW-flex,-1,1.0
1466,BWA-no-clip,0,1.0
1466,BWA-std,0,1.0
1466,NW-flex,0,1.0
1466,BWA-no-clip,1,1.0
1466,BWA-std,1,0.7
1466,NW-flex,1,1.0
1466,BWA-no-clip,2,1.0
1466,BWA-std,2,0.5
1466,NW-flex,2,1.0
1466,BWA-no-clip,3,1.0
1466,BWA-std,3,0.3
1466,NW-flex,3,1.0
1466,BWA-no-clip,4,1.0
1466,BWA-std,4,0.1
1466,NW-flex,4,1.0
1466,BWA-no-clip,5,1.0
1466,BWA-std,5,0.0
1466,NW-flex,5,1.0
1467,BWA-no-clip,-5,0.1
1467,BWA-std,-5,0.1
1467,NW-flex,-5,1.0
1467,BWA-no-clip,-4,0.7
1467,BWA-std,-4,0.2
1467,NW-flex,-4,1.0
1467,BWA-no-clip,-3,0.7
1467,BWA-std,-3,0.4
1467,NW-flex,-3,1.0
1467,BWA-no-clip,-2,0.9
1467,BWA-std,-2,0.6
1467,NW-flex,-2,1.0
1467,BWA-no-clip,-1,0.9
1467,BWA-std,-1,0.7
1467,NW-flex,-1,1.0
1467,BWA-no-clip,0,1.0
1467,BWA-std,0,1.0
1467,NW-flex,0,1.0
1467,BWA-no-clip,1,1.0
1467,BWA-std,1,0.7
1467,NW-flex,1,1.0
1467,BWA-no-clip,2,1.0
1467,BWA-std,2,0.5
1467,NW-flex,2,1.0
1467,BWA-no-clip,3,1.0
1467,BWA-std,3,0.3
1467,NW-flex,3,1.0
1467,BWA-no-clip,4,0.7
1467,BWA-std,4,0.1
1467,NW-flex,4,1.0
1467,BWA-no-clip,5,0.7
1467,BWA-std,5,0.0
1467,NW-flex,5,1.0
1468,BWA-no-clip,-5,0.3
1468,BWA-std,-5,0.1
1468,NW-flex,-5,1.0
1468,BWA-no-clip,-4,0.6
1468,BWA-std,-4,0.2
1468,NW-flex,-4,1.0
1468,BWA-no-clip,-3,0.6
1468,BWA-std,-3,0.4
1468,NW-flex,-3,1.0
1468,BWA-no-clip,-2,0.8
1468,BWA-std,-2,0.5
1468,NW-flex,-2,1.0
1468,BWA-no-clip,-1,0.6
1468,BWA-std,-1,0.6
1468,NW-flex,-1,1.0
1468,BWA-no-clip,0,1.0
1468,BWA-std,0,1.0
1468,NW-flex,0,1.0
1468,BWA-no-clip,1,0.8
1468,BWA-std,1,0.7
1468,NW-flex,1,1.0
1468,BWA-no-clip,2,1.0
1468,BWA-std,2,0.5
1468,NW-flex,2,1.0
1468,BWA-no-clip,3,1.0
1468,BWA-std,3,0.3
1468,NW-flex,3,1.0
1468,BWA-no-clip,4,1.0
1468,BWA-std,4,0.1
1468,NW-flex,4,1.0
1468,BWA-no-clip,5,1.0
1468,BWA-std,5,0.0
1468,NW-flex,5,1.0
1469,BWA-no-clip,-5,0.5
1469,BWA-std,-5,0.1
1469,NW-flex,-5,1.0
1469,BWA-no-clip,-4,0.6
1469,BWA-std,-4,0.2
1469,NW-flex,-4,1.0
1469,BWA-no-clip,-3,0.6
1469,BWA-std,-3,0.4
1469,NW-flex,-3,1.0
1469,BWA-no-clip,-2,0.9
1469,BWA-std,-2,0.6
1469,NW-flex,-2,1.0
1469,BWA-no-clip,-1,0.9
1469,BWA-std,-1,0.7
1469,NW-flex,-1,1.0
1469,BWA-no-clip,0,1.0
1469,BWA-std,0,1.0
1469,NW-flex,0,1.0
1469,BWA-no-clip,1,1.0
1469,BWA-std,1,0.7
1469,NW-flex,1,1.0
1469,BWA-no-clip,2,0.9
1469,BWA-std,2,0.5
1469,NW-flex,2,1.0
1469,BWA-no-clip,3,1.0
1469,BWA-std,3,0.3
1469,NW-flex,3,1.0
1469,BWA-no-clip,4,1.0
1469,BWA-std,4,0.1
1469,NW-flex,4,1.0
1469,BWA-no-clip,5,1.0
1469,BWA-std,5,0.0
1469,NW-flex,5,1.0
1470,BWA-no-clip,-5,0.6
1470,BWA-std,-5,0.1
1470,NW-flex,-5,1.0
1470,BWA-no-clip,-4,0.7
1470,BWA-std,-4,0.2
1470,NW-flex,-4,1.0
1470,BWA-no-clip,-3,0.8
1470,BWA-std,-3,0.4
1470,NW-flex,-3,1.0
1470,BWA-no-clip,-2,0.8
1470,BWA-std,-2,0.6
1470,NW-flex,-2,1.0
1470,BWA-no-clip,-1,0.9
1470,BWA-std,-1,0.7
1470,NW-flex,-1,1.0
1470,BWA-no-clip,0,1.0
1470,BWA-std,0,1.0
1470,NW-flex,0,1.0
1470,BWA-no-clip,1,1.0
1470,BWA-std,1,0.7
1470,NW-flex,1,1.0
1470,BWA-no-clip,2,0.9
1470,BWA-std,2,0.5
1470,NW-flex,2,1.0
1470,BWA-no-clip,3,0.9
1470,BWA-std,3,0.3
1470,NW-flex,3,1.0
1470,BWA-no-clip,4,0.9
1470,BWA-std,4,0.1
1470,NW-flex,4,1.0
1470,BWA-no-clip,5,0.9
1470,BWA-std,5,0.0
1470,NW-flex,5,1.0
1471,BWA-no-clip,-5,0.5
1471,BWA-std,-5,0.1
1471,NW-flex,-5,1.0
1471,BWA-no-clip,-4,0.6
1471,BWA-std,-4,0.2
1471,NW-flex,-4,1.0
1471,BWA-no-clip,-3,0.6
1471,BWA-std,-3,0.4
1471,NW-flex,-3,1.0
1471,BWA-no-clip,-2,0.9
1471,BWA-std,-2,0.6
1471,NW-flex,-2,1.0
1471,BWA-no-clip,-1,0.9
1471,BWA-std,-1,0.7
1471,NW-flex,-1,1.0
1471,BWA-no-clip,0,1.0
1471,BWA-std,0,1.0
1471,NW-flex,0,1.0
1471,BWA-no-clip,1,1.0
1471,BWA-std,1,0.7
1471,NW-flex,1,1.0
1471,BWA-no-clip,2,1.0
1471,BWA-std,2,0.5
1471,NW-flex,2,1.0
1471,BWA-no-clip,3,1.0
1471,BWA-std,3,0.3
1471,NW-flex,3,1.0
1471,BWA-no-clip,4,1.0
1471,BWA-std,4,0.1
1471,NW-flex,4,1.0
1471,BWA-no-clip,5,1.0
1471,BWA-std,5,0.0
1471,NW-flex,5,1.0
1472,BWA-no-clip,-5,0.7
1472,BWA-std,-5,0.1
1472,NW-flex,-5,1.0
1472,BWA-no-clip,-4,0.8
1472,BWA-std,-4,0.2
1472,NW-flex,-4,1.0
1472,BWA-no-clip,-3,0.8
1472,BWA-std,-3,0.4
1472,NW-flex,-3,1.0
1472,BWA-no-clip,-2,0.9
1472,BWA-std,-2,0.6
1472,NW-flex,-2,1.0
1472,BWA-no-clip,-1,0.9
1472,BWA-std,-1,0.7
1472,NW-flex,-1,1.0
1472,BWA-no-clip,0,1.0
1472,BWA-std,0,1.0
1472,NW-flex,0,1.0
1472,BWA-no-clip,1,1.0
1472,BWA-std,1,0.7
1472,NW-flex,1,1.0
1472,BWA-no-clip,2,1.0
1472,BWA-std,2,0.5
1472,NW-flex,2,1.0
1472,BWA-no-clip,3,1.0
1472,BWA-std,3,0.3
1472,NW-flex,3,1.0
1472,BWA-no-clip,4,1.0
1472,BWA-std,4,0.1
1472,NW-flex,4,1.0
1472,BWA-no-clip,5,1.0
1472,BWA-std,5,0.0
1472,NW-flex,5,1.0
1473,BWA-no-clip,-5,0.3
1473,BWA-std,-5,0.1
1473,NW-flex,-5,1.0
1473,BWA-no-clip,-4,0.3
1473,BWA-std,-4,0.2
1473,NW-flex,-4,1.0
1473,BWA-no-clip,-3,0.3
1473,BWA-std,-3,0.4
1473,NW-flex,-3,1.0
1473,BWA-no-clip,-2,0.4666666666666667
1473,BWA-std,-2,0.36666666666666664
1473,NW-flex,-2,1.0
1473,BWA-no-clip,-1,0.3
1473,BWA-std,-1,0.3
1473,NW-flex,-1,1.0
1473,BWA-no-clip,0,1.0
1473,BWA-std,0,1.0
1473,NW-flex,0,1.0
1473,BWA-no-clip,1,0.4
1473,BWA-std,1,0.4
1473,NW-flex,1,1.0
1473,BWA-no-clip,2,0.4
1473,BWA-std,2,0.4
1473,NW-flex,2,1.0
1473,BWA-no-clip,3,0.4
1473,BWA-std,3,0.3
1473,NW-flex,3,1.0
1473,BWA-no-clip,4,0.4
1473,BWA-std,4,0.1
1473,NW-flex,4,1.0
1473,BWA-no-clip,5,0.4
1473,BWA-std,5,0.0
1473,NW-flex,5,1.0
1474,BWA-no-clip,-5,0.4
1474,BWA-std,-5,0.1
1474,NW-flex,-5,1.0
1474,BWA-no-clip,-4,0.5
1474,BWA-std,-4,0.2
1474,NW-flex,-4,1.0
1474,BWA-no-clip,-3,0.5
1474,BWA-std,-3,0.3
1474,NW-flex,-3,1.0
1474,BWA-no-clip,-2,0.7
1474,BWA-std,-2,0.5
1474,NW-flex,-2,1.0
1474,BWA-no-clip,-1,0.8
1474,BWA-std,-1,0.7
1474,NW-flex,-1,1.0
1474,BWA-no-clip,0,1.0
1474,BWA-std,0,1.0
1474,NW-flex,0,1.0
1474,BWA-no-clip,1,1.0
1474,BWA-std,1,0.7
1474,NW-flex,1,1.0
1474,BWA-no-clip,2,1.0
1474,BWA-std,2,0.5
1474,NW-flex,2,1.0
1474,BWA-no-clip,3,0.9
1474,BWA-std,3,0.3
1474,NW-flex,3,1.0
1474,BWA-no-clip,4,1.0
1474,BWA-std,4,0.1
1474,NW-flex,4,1.0
1474,BWA-no-clip,5,1.0
1474,BWA-std,5,0.0
1474,NW-flex,5,1.0
1475,BWA-no-clip,-5,0.4
1475,BWA-std,-5,0.1
1475,NW-flex,-5,1.0
1475,BWA-no-clip,-4,0.5
1475,BWA-std,-4,0.2
1475,NW-flex,-4,1.0
1475,BWA-no-clip,-3,0.8
1475,BWA-std,-3,0.4
1475,NW-flex,-3,1.0
1475,BWA-no-clip,-2,0.9
1475,BWA-std,-2,0.6
1475,NW-flex,-2,1.0
1475,BWA-no-clip,-1,0.9
1475,BWA-std,-1,0.7
1475,NW-flex,-1,1.0
1475,BWA-no-clip,0,1.0
1475,BWA-std,0,1.0
1475,NW-flex,0,1.0
1475,BWA-no-clip,1,1.0
1475,BWA-std,1,0.7
1475,NW-flex,1,1.0
1475,BWA-no-clip,2,1.0
1475,BWA-std,2,0.5
1475,NW-flex,2,1.0
1475,BWA-no-clip,3,1.0
1475,BWA-std,3,0.3
1475,NW-flex,3,1.0
1475,BWA-no-clip,4,1.0
1475,BWA-std,4,0.1
1475,NW-flex,4,1.0
1475,BWA-no-clip,5,1.0
1475,BWA-std,5,0.0
1475,NW-flex,5,1.0
1476,BWA-no-clip,-5,0.6
1476,BWA-std,-5,0.1
1476,NW-flex,-5,1.0
1476,BWA-no-clip,-4,0.7
1476,BWA-std,-4,0.2
1476,NW-flex,-4,1.0
1476,BWA-no-clip,-3,0.7
1476,BWA-std,-3,0.4
1476,NW-flex,-3,1.0
1476,BWA-no-clip,-2,0.9
1476,BWA-std,-2,0.6
1476,NW-flex,-2,1.0
1476,BWA-no-clip,-1,0.9
1476,BWA-std,-1,0.7
1476,NW-flex,-1,1.0
1476,BWA-no-clip,0,1.0
1476,BWA-std,0,1.0
1476,NW-flex,0,1.0
1476,BWA-no-clip,1,1.0
1476,BWA-std,1,0.7
1476,NW-flex,1,1.0
1476,BWA-no-clip,2,1.0
1476,BWA-std,2,0.5
1476,NW-flex,2,1.0
1476,BWA-no-clip,3,1.0
1476,BWA-std,3,0.3
1476,NW-flex,3,1.0
1476,BWA-no-clip,4,1.0
1476,BWA-std,4,0.1
1476,NW-flex,4,1.0
1476,BWA-no-clip,5,1.0
1476,BWA-std,5,0.0
1476,NW-flex,5,1.0
1477,BWA-no-clip,-5,0.6
1477,BWA-std,-5,0.1
1477,NW-flex,-5,1.0
1477,BWA-no-clip,-4,0.7
1477,BWA-std,-4,0.2
1477,NW-flex,-4,1.0
1477,BWA-no-clip,-3,0.7
1477,BWA-std,-3,0.4
1477,NW-flex,-3,1.0
1477,BWA-no-clip,-2,0.8
1477,BWA-std,-2,0.6
1477,NW-flex,-2,1.0
1477,BWA-no-clip,-1,0.9
1477,BWA-std,-1,0.7
1477,NW-flex,-1,1.0
1477,BWA-no-clip,0,1.0
1477,BWA-std,0,1.0
1477,NW-flex,0,1.0
1477,BWA-no-clip,1,1.0
1477,BWA-std,1,0.7
1477,NW-flex,1,1.0
1477,BWA-no-clip,2,1.0
1477,BWA-std,2,0.5
1477,NW-flex,2,1.0
1477,BWA-no-clip,3,1.0
1477,BWA-std,3,0.3
1477,NW-flex,3,1.0
1477,BWA-no-clip,4,1.0
1477,BWA-std,4,0.1
1477,NW-flex,4,1.0
1477,BWA-no-clip,5,1.0
1477,BWA-std,5,0.0
1477,NW-flex,5,1.0
1478,BWA-no-clip,-5,0.6
1478,BWA-std,-5,0.1
1478,NW-flex,-5,1.0
1478,BWA-no-clip,-4,0.6
1478,BWA-std,-4,0.2
1478,NW-flex,-4,1.0
1478,BWA-no-clip,-3,0.8
1478,BWA-std,-3,0.4
1478,NW-flex,-3,1.0
1478,BWA-no-clip,-2,0.9
1478,BWA-std,-2,0.6
1478,NW-flex,-2,1.0
1478,BWA-no-clip,-1,0.9
1478,BWA-std,-1,0.7
1478,NW-flex,-1,1.0
1478,BWA-no-clip,0,1.0
1478,BWA-std,0,1.0
1478,NW-flex,0,1.0
1478,BWA-no-clip,1,1.0
1478,BWA-std,1,0.7
1478,NW-flex,1,1.0
1478,BWA-no-clip,2,1.0
1478,BWA-std,2,0.5
1478,NW-flex,2,1.0
1478,BWA-no-clip,3,1.0
1478,BWA-std,3,0.3
1478,NW-flex,3,1.0
1478,BWA-no-clip,4,1.0
1478,BWA-std,4,0.1
1478,NW-flex,4,1.0
1478,BWA-no-clip,5,1.0
1478,BWA-std,5,0.0
1478,NW-flex,5,1.0
1479,BWA-no-clip,-5,0.6
1479,BWA-std,-5,0.1
1479,NW-flex,-5,1.0
1479,BWA-no-clip,-4,0.6
1479,BWA-std,-4,0.2
1479,NW-flex,-4,1.0
1479,BWA-no-clip,-3,0.7
1479,BWA-std,-3,0.4
1479,NW-flex,-3,1.0
1479,BWA-no-clip,-2,0.9
1479,BWA-std,-2,0.6
1479,NW-flex,-2,1.0
1479,BWA-no-clip,-1,0.9
1479,BWA-std,-1,0.7
1479,NW-flex,-1,1.0
1479,BWA-no-clip,0,1.0
1479,BWA-std,0,1.0
1479,NW-flex,0,1.0
1479,BWA-no-clip,1,1.0
1479,BWA-std,1,0.7
1479,NW-flex,1,1.0
1479,BWA-no-clip,2,1.0
1479,BWA-std,2,0.5
1479,NW-flex,2,1.0
1479,BWA-no-clip,3,1.0
1479,BWA-std,3,0.3
1479,NW-flex,3,1.0
1479,BWA-no-clip,4,1.0
1479,BWA-std,4,0.1
1479,NW-flex,4,1.0
1479,BWA-no-clip,5,1.0
1479,BWA-std,5,0.0
1479,NW-flex,5,1.0
