pind,arm,lflank,correct
400,BWA-no-clip,1,0.36363636363636365
400,BWA-std,1,0.09090909090909091
400,NW-flex,1,1.0
400,BWA-no-clip,2,0.6363636363636364
400,BWA-std,2,0.18181818181818182
400,NW-flex,2,1.0
400,BWA-no-clip,3,0.7272727272727273
400,BWA-std,3,0.18181818181818182
400,NW-flex,3,1.0
400,BWA-no-clip,4,0.7272727272727273
400,BWA-std,4,0.36363636363636365
400,NW-flex,4,1.0
400,BWA-no-clip,5,0.9090909090909091
400,BWA-std,5,0.36363636363636365
400,NW-flex,5,1.0
400,BWA-no-clip,6,0.9090909090909091
400,BWA-std,6,0.45454545454545453
400,NW-flex,6,1.0
400,BWA-no-clip,7,0.9090909090909091
400,BWA-std,7,0.45454545454545453
400,NW-flex,7,1.0
400,BWA-no-clip,8,1.0
400,BWA-std,8,0.6363636363636364
400,NW-flex,8,1.0
400,BWA-no-clip,9,1.0
400,BWA-std,9,0.6363636363636364
400,NW-flex,9,1.0
400,BWA-no-clip,10,1.0
400,BWA-std,10,0.8181818181818182
400,NW-flex,10,1.0
401,BWA-no-clip,1,0.45454545454545453
401,BWA-std,1,0.09090909090909091
401,NW-flex,1,1.0
401,BWA-no-clip,2,0.5454545454545454
401,BWA-std,2,0.09090909090909091
401,NW-flex,2,1.0
401,BWA-no-clip,3,0.7272727272727273
401,BWA-std,3,0.18181818181818182
401,NW-flex,3,1.0
401,BWA-no-clip,4,0.7272727272727273
401,BWA-std,4,0.36363636363636365
401,NW-flex,4,1.0
401,BWA-no-clip,5,0.9090909090909091
401,BWA-std,5,0.36363636363636365
401,NW-flex,5,1.0
401,BWA-no-clip,6,0.9090909090909091
401,BWA-std,6,0.45454545454545453
401,NW-flex,6,1.0
401,BWA-no-clip,7,1.0
401,BWA-std,7,0.45454545454545453
401,NW-flex,7,1.0
401,BWA-no-clip,8,1.0
401,BWA-std,8,0.6363636363636364
401,NW-flex,8,1.0
401,BWA-no-clip,9,1.0
401,BWA-std,9,0.6363636363636364
401,NW-flex,9,1.0
401,BWA-no-clip,10,1.0
401,BWA-std,10,0.8181818181818182
401,NW-flex,10,1.0
402,BWA-no-clip,1,0.36363636363636365
402,BWA-std,1,0.09090909090909091
402,NW-flex,1,1.0
402,BWA-no-clip,2,0.6363636363636364
402,BWA-std,2,0.18181818181818182
402,NW-flex,2,1.0
402,BWA-no-clip,3,0.7272727272727273
402,BWA-std,3,0.18181818181818182
402,NW-flex,3,1.0
402,BWA-no-clip,4,0.7272727272727273
402,BWA-std,4,0.36363636363636365
402,NW-flex,4,1.0
402,BWA-no-clip,5,0.9090909090909091
402,BWA-std,5,0.36363636363636365
402,NW-flex,5,1.0
402,BWA-no-clip,6,0.9090909090909091
402,BWA-std,6,0.45454545454545453
402,NW-flex,6,1.0
402,BWA-no-clip,7,0.9090909090909091
402,BWA-std,7,0.45454545454545453
402,NW-flex,7,1.0
402,BWA-no-clip,8,1.0
402,BWA-std,8,0.6363636363636364
402,NW-flex,8,1.0
402,BWA-no-clip,9,1.0
402,BWA-std,9,0.6363636363636364
402,NW-flex,9,1.0
402,BWA-no-clip,10,1.0
402,BWA-std,10,0.8181818181818182
402,NW-flex,10,1.0
403,BWA-no-clip,1,0.45454545454545453
403,BWA-std,1,0.09090909090909091
403,NW-flex,1,1.0
403,BWA-no-clip,2,0.5454545454545454
403,BWA-std,2,0.09090909090909091
403,NW-flex,2,1.0
403,BWA-no-clip,3,0.6363636363636364
403,BWA-std,3,0.09090909090909091
403,NW-flex,3,1.0
403,BWA-no-clip,4,0.7272727272727273
403,BWA-std,4,0.36363636363636365
403,NW-flex,4,1.0
403,BWA-no-clip,5,0.9090909090909091
403,BWA-std,5,0.36363636363636365
403,NW-flex,5,1.0
403,BWA-no-clip,6,1.0
403,BWA-std,6,0.45454545454545453
403,NW-flex,6,1.0
403,BWA-no-clip,7,1.0
403,BWA-std,7,0.45454545454545453
403,NW-flex,7,1.0
403,BWA-no-clip,8,1.0
403,BWA-std,8,0.6363636363636364
403,NW-flex,8,1.0
403,BWA-no-clip,9,1.0
403,BWA-std,9,0.6363636363636364
403,NW-flex,9,1.0
403,BWA-no-clip,10,1.0
403,BWA-std,10,0.8181818181818182
403,NW-flex,10,1.0
404,BWA-no-clip,1,0.5454545454545454
404,BWA-std,1,0.09090909090909091
404,NW-flex,1,1.0
404,BWA-no-clip,2,0.5454545454545454
404,BWA-std,2,0.09090909090909091
404,NW-flex,2,1.0
404,BWA-no-clip,3,0.7272727272727273
404,BWA-std,3,0.18181818181818182
404,NW-flex,3,1.0
404,BWA-no-clip,4,0.7272727272727273
404,BWA-std,4,0.36363636363636365
404,NW-flex,4,1.0
404,BWA-no-clip,5,0.9090909090909091
404,BWA-std,5,0.36363636363636365
404,NW-flex,5,1.0
404,BWA-no-clip,6,1.0
404,BWA-std,6,0.45454545454545453
404,NW-flex,6,1.0
404,BWA-no-clip,7,1.0
404,BWA-std,7,0.45454545454545453
404,NW-flex,7,1.0
404,BWA-no-clip,8,1.0
404,BWA-std,8,0.6363636363636364
404,NW-flex,8,1.0
404,BWA-no-clip,9,1.0
404,BWA-std,9,0.6363636363636364
404,NW-flex,9,1.0
404,BWA-no-clip,10,1.0
404,BWA-std,10,0.8181818181818182
404,NW-flex,10,1.0
405,BWA-no-clip,1,0.5454545454545454
405,BWA-std,1,0.09090909090909091
405,NW-flex,1,1.0
405,BWA-no-clip,2,0.5454545454545454
405,BWA-std,2,0.09090909090909091
405,NW-flex,2,1.0
405,BWA-no-clip,3,0.6363636363636364
405,BWA-std,3,0.09090909090909091
405,NW-flex,3,1.0
405,BWA-no-clip,4,0.7272727272727273
405,BWA-std,4,0.36363636363636365
405,NW-flex,4,1.0
405,BWA-no-clip,5,0.8181818181818182
405,BWA-std,5,0.36363636363636365
405,NW-flex,5,1.0
405,BWA-no-clip,6,1.0
405,BWA-std,6,0.45454545454545453
405,NW-flex,6,1.0
405,BWA-no-clip,7,1.0
405,BWA-std,7,0.45454545454545453
405,NW-flex,7,1.0
405,BWA-no-clip,8,1.0
405,BWA-std,8,0.6363636363636364
405,NW-flex,8,1.0
405,BWA-no-clip,9,1.0
405,BWA-std,9,0.6363636363636364
405,NW-flex,9,1.0
405,BWA-no-clip,10,1.0
405,BWA-std,10,0.8181818181818182
405,NW-flex,10,1.0
406,BWA-no-clip,1,0.5454545454545454
406,BWA-std,1,0.09090909090909091
406,NW-flex,1,1.0
406,BWA-no-clip,2,0.7272727272727273
406,BWA-std,2,0.18181818181818182
406,NW-flex,2,1.0
406,BWA-no-clip,3,0.8181818181818182
406,BWA-std,3,0.18181818181818182
406,NW-flex,3,1.0
406,BWA-no-clip,4,0.8181818181818182
406,BWA-std,4,0.36363636363636365
406,NW-flex,4,1.0
406,BWA-no-clip,5,1.0
406,BWA-std,5,0.36363636363636365
406,NW-flex,5,1.0
406,BWA-no-clip,6,1.0
406,BWA-std,6,0.45454545454545453
406,NW-flex,6,1.0
406,BWA-no-clip,7,1.0
406,BWA-std,7,0.45454545454545453
406,NW-flex,7,1.0
406,BWA-no-clip,8,1.0
406,BWA-std,8,0.6363636363636364
406,NW-flex,8,1.0
406,BWA-no-clip,9,1.0
406,BWA-std,9,0.6363636363636364
406,NW-flex,9,1.0
406,BWA-no-clip,10,1.0
406,BWA-std,10,0.8181818181818182
406,NW-flex,10,1.0
407,BWA-no-clip,1,0.5454545454545454
407,BWA-std,1,0.09090909090909091
407,NW-flex,1,1.0
407,BWA-no-clip,2,0.7272727272727273
407,BWA-std,2,0.18181818181818182
407,NW-flex,2,1.0
407,BWA-no-clip,3,0.7272727272727273
407,BWA-std,3,0.18181818181818182
407,NW-flex,3,1.0
407,BWA-no-clip,4,0.9090909090909091
407,BWA-std,4,0.36363636363636365
407,NW-flex,4,1.0
407,BWA-no-clip,5,1.0
407,BWA-std,5,0.36363636363636365
407,NW-flex,5,1.0
407,BWA-no-clip,6,1.0
407,BWA-std,6,0.45454545454545453
407,NW-flex,6,1.0
407,BWA-no-clip,7,1.0
407,BWA-std,7,0.45454545454545453
407,NW-flex,7,1.0
407,BWA-no-clip,8,1.0
407,BWA-std,8,0.6363636363636364
407,NW-flex,8,1.0
407,BWA-no-clip,9,1.0
407,BWA-std,9,0.6363636363636364
407,NW-flex,9,1.0
407,BWA-no-clip,10,1.0
407,BWA-std,10,0.8181818181818182
407,NW-flex,10,1.0
408,BWA-no-clip,1,0.5454545454545454
408,BWA-std,1,0.09090909090909091
408,NW-flex,1,1.0
408,BWA-no-clip,2,0.7272727272727273
408,BWA-std,2,0.18181818181818182
408,NW-flex,2,1.0
408,BWA-no-clip,3,0.9090909090909091
408,BWA-std,3,0.18181818181818182
408,NW-flex,3,1.0
408,BWA-no-clip,4,0.9090909090909091
408,BWA-std,4,0.36363636363636365
408,NW-flex,4,1.0
408,BWA-no-clip,5,0.9090909090909091
408,BWA-std,5,0.36363636363636365
408,NW-flex,5,1.0
408,BWA-no-clip,6,1.0
408,BWA-std,6,0.45454545454545453
408,NW-flex,6,1.0
408,BWA-no-clip,7,1.0
408,BWA-std,7,0.45454545454545453
408,NW-flex,7,1.0
408,BWA-no-clip,8,1.0
408,BWA-std,8,0.6363636363636364
408,NW-flex,8,1.0
408,BWA-no-clip,9,1.0
408,BWA-std,9,0.6363636363636364
408,NW-flex,9,1.0
408,BWA-no-clip,10,1.0
408,BWA-std,10,0.8181818181818182
408,NW-flex,10,1.0
409,BWA-no-clip,1,0.5454545454545454
409,BWA-std,1,0.09090909090909091
409,NW-flex,1,1.0
409,BWA-no-clip,2,0.7272727272727273
409,BWA-std,2,0.18181818181818182
409,NW-flex,2,1.0
409,BWA-no-clip,3,0.9090909090909091
409,BWA-std,3,0.18181818181818182
409,NW-flex,3,1.0
409,BWA-no-clip,4,1.0
409,BWA-std,4,0.36363636363636365
409,NW-flex,4,1.0
409,BWA-no-clip,5,1.0
409,BWA-std,5,0.36363636363636365
409,NW-flex,5,1.0
409,BWA-no-clip,6,1.0
409,BWA-std,6,0.45454545454545453
409,NW-flex,6,1.0
409,BWA-no-clip,7,1.0
409,BWA-std,7,0.45454545454545453
409,NW-flex,7,1.0
409,BWA-no-clip,8,1.0
409,BWA-std,8,0.6363636363636364
409,NW-flex,8,1.0
409,BWA-no-clip,9,1.0
409,BWA-std,9,0.6363636363636364
409,NW-flex,9,1.0
409,BWA-no-clip,10,1.0
409,BWA-std,10,0.8181818181818182
409,NW-flex,10,1.0
410,BWA-no-clip,1,0.09090909090909091
410,BWA-std,1,0.09090909090909091
410,NW-flex,1,1.0
410,BWA-no-clip,2,0.09090909090909091
410,BWA-std,2,0.09090909090909091
410,NW-flex,2,1.0
410,BWA-no-clip,3,0.5757575757575758
410,BWA-std,3,0.18181818181818182
410,NW-flex,3,1.0
410,BWA-no-clip,4,0.9090909090909091
410,BWA-std,4,0.36363636363636365
410,NW-flex,4,1.0
410,BWA-no-clip,5,1.0
410,BWA-std,5,0.36363636363636365
410,NW-flex,5,1.0
410,BWA-no-clip,6,1.0
410,BWA-std,6,0.45454545454545453
410,NW-flex,6,1.0
410,BWA-no-clip,7,1.0
410,BWA-std,7,0.45454545454545453
410,NW-flex,7,1.0
410,BWA-no-clip,8,1.0
410,BWA-std,8,0.6363636363636364
410,NW-flex,8,1.0
410,BWA-no-clip,9,1.0
410,BWA-std,9,0.6363636363636364
410,NW-flex,9,1.0
410,BWA-no-clip,10,1.0
410,BWA-std,10,0.8181818181818182
410,NW-flex,10,1.0
411,BWA-no-clip,1,0.5454545454545454
411,BWA-std,1,0.09090909090909091
411,NW-flex,1,1.0
411,BWA-no-clip,2,0.6363636363636364
411,BWA-std,2,0.18181818181818182
411,NW-flex,2,1.0
411,BWA-no-clip,3,0.8181818181818182
411,BWA-std,3,0.18181818181818182
411,NW-flex,3,1.0
411,BWA-no-clip,4,1.0
411,BWA-std,4,0.36363636363636365
411,NW-flex,4,1.0
411,BWA-no-clip,5,1.0
411,BWA-std,5,0.36363636363636365
411,NW-flex,5,1.0
411,BWA-no-clip,6,1.0
411,BWA-std,6,0.45454545454545453
411,NW-flex,6,1.0
411,BWA-no-clip,7,1.0
411,BWA-std,7,0.45454545454545453
411,NW-flex,7,1.0
411,BWA-no-clip,8,1.0
411,BWA-std,8,0.6363636363636364
411,NW-flex,8,1.0
411,BWA-no-clip,9,1.0
411,BWA-std,9,0.6363636363636364
411,NW-flex,9,1.0
411,BWA-no-clip,10,1.0
411,BWA-std,10,0.8181818181818182
411,NW-flex,10,1.0
412,BWA-no-clip,1,0.5454545454545454
412,BWA-std,1,0.09090909090909091
412,NW-flex,1,1.0
412,BWA-no-clip,2,0.7272727272727273
412,BWA-std,2,0.18181818181818182
412,NW-flex,2,1.0
412,BWA-no-clip,3,0.7272727272727273
412,BWA-std,3,0.18181818181818182
412,NW-flex,3,1.0
412,BWA-no-clip,4,0.8181818181818182
412,BWA-std,4,0.36363636363636365
412,NW-flex,4,1.0
412,BWA-no-clip,5,0.9090909090909091
412,BWA-std,5,0.36363636363636365
412,NW-flex,5,1.0
412,BWA-no-clip,6,1.0
412,BWA-std,6,0.45454545454545453
412,NW-flex,6,1.0
412,BWA-no-clip,7,1.0
412,BWA-std,7,0.45454545454545453
412,NW-flex,7,1.0
412,BWA-no-clip,8,1.0
412,BWA-std,8,0.6363636363636364
412,NW-flex,8,1.0
412,BWA-no-clip,9,1.0
412,BWA-std,9,0.6363636363636364
412,NW-flex,9,1.0
412,BWA-no-clip,10,1.0
412,BWA-std,10,0.8181818181818182
412,NW-flex,10,1.0
413,BWA-no-clip,1,0.09090909090909091
413,BWA-std,1,0.09090909090909091
413,NW-flex,1,1.0
413,BWA-no-clip,2,0.09090909090909091
413,BWA-std,2,0.09090909090909091
413,NW-flex,2,1.0
413,BWA-no-clip,3,0.5757575757575758
413,BWA-std,3,0.18181818181818182
413,NW-flex,3,1.0
413,BWA-no-clip,4,0.9090909090909091
413,BWA-std,4,0.36363636363636365
413,NW-flex,4,1.0
413,BWA-no-clip,5,1.0
413,BWA-std,5,0.36363636363636365
413,NW-flex,5,1.0
413,BWA-no-clip,6,1.0
413,BWA-std,6,0.45454545454545453
413,NW-flex,6,1.0
413,BWA-no-clip,7,1.0
413,BWA-std,7,0.45454545454545453
413,NW-flex,7,1.0
413,BWA-no-clip,8,1.0
413,BWA-std,8,0.6363636363636364
413,NW-flex,8,1.0
413,BWA-no-clip,9,1.0
413,BWA-std,9,0.6363636363636364
413,NW-flex,9,1.0
413,BWA-no-clip,10,1.0
413,BWA-std,10,0.8181818181818182
413,NW-flex,10,1.0
414,BWA-no-clip,1,0.09090909090909091
414,BWA-std,1,0.09090909090909091
414,NW-flex,1,1.0
414,BWA-no-clip,2,0.5454545454545454
414,BWA-std,2,0.09090909090909091
414,NW-flex,2,1.0
414,BWA-no-clip,3,0.7272727272727273
414,BWA-std,3,0.18181818181818182
414,NW-flex,3,1.0
414,BWA-no-clip,4,0.8181818181818182
414,BWA-std,4,0.36363636363636365
414,NW-flex,4,1.0
414,BWA-no-clip,5,0.8181818181818182
414,BWA-std,5,0.36363636363636365
414,NW-flex,5,1.0
414,BWA-no-clip,6,1.0
414,BWA-std,6,0.45454545454545453
414,NW-flex,6,1.0
414,BWA-no-clip,7,1.0
414,BWA-std,7,0.45454545454545453
414,NW-flex,7,1.0
414,BWA-no-clip,8,1.0
414,BWA-std,8,0.6363636363636364
414,NW-flex,8,1.0
414,BWA-no-clip,9,1.0
414,BWA-std,9,0.6363636363636364
414,NW-flex,9,1.0
414,BWA-no-clip,10,1.0
414,BWA-std,10,0.8181818181818182
414,NW-flex,10,1.0
415,BWA-no-clip,1,0.09090909090909091
415,BWA-std,1,0.09090909090909091
415,NW-flex,1,1.0
415,BWA-no-clip,2,0.09090909090909091
415,BWA-std,2,0.09090909090909091
415,NW-flex,2,1.0
415,BWA-no-clip,3,0.12121212121212122
415,BWA-std,3,0.18181818181818182
415,NW-flex,3,1.0
415,BWA-no-clip,4,0.12121212121212122
415,BWA-std,4,0.18181818181818182
415,NW-flex,4,1.0
415,BWA-no-clip,5,0.5757575757575758
415,BWA-std,5,0.2727272727272727
415,NW-flex,5,1.0
415,BWA-no-clip,6,1.0
415,BWA-std,6,0.45454545454545453
415,NW-flex,6,1.0
415,BWA-no-clip,7,1.0
415,BWA-std,7,0.45454545454545453
415,NW-flex,7,1.0
415,BWA-no-clip,8,1.0
415,BWA-std,8,0.6363636363636364
415,NW-flex,8,1.0
415,BWA-no-clip,9,1.0
415,BWA-std,9,0.6363636363636364
415,NW-flex,9,1.0
415,BWA-no-clip,10,1.0
415,BWA-std,10,0.8181818181818182
415,NW-flex,10,1.0
416,BWA-no-clip,1,0.45454545454545453
416,BWA-std,1,0.09090909090909091
416,NW-flex,1,1.0
416,BWA-no-clip,2,0.5454545454545454
416,BWA-std,2,0.09090909090909091
416,NW-flex,2,1.0
416,BWA-no-clip,3,0.6363636363636364
416,BWA-std,3,0.18181818181818182
416,NW-flex,3,1.0
416,BWA-no-clip,4,0.9090909090909091
416,BWA-std,4,0.36363636363636365
416,NW-flex,4,1.0
416,BWA-no-clip,5,1.0
416,BWA-std,5,0.36363636363636365
416,NW-flex,5,1.0
416,BWA-no-clip,6,1.0
416,BWA-std,6,0.45454545454545453
416,NW-flex,6,1.0
416,BWA-no-clip,7,1.0
416,BWA-std,7,0.45454545454545453
416,NW-flex,7,1.0
416,BWA-no-clip,8,1.0
416,BWA-std,8,0.6363636363636364
416,NW-flex,8,1.0
416,BWA-no-clip,9,1.0
416,BWA-std,9,0.6363636363636364
416,NW-flex,9,1.0
416,BWA-no-clip,10,1.0
416,BWA-std,10,0.8181818181818182
416,NW-flex,10,1.0
417,BWA-no-clip,1,0.36363636363636365
417,BWA-std,1,0.09090909090909091
417,NW-flex,1,1.0
417,BWA-no-clip,2,0.45454545454545453
417,BWA-std,2,0.09090909090909091
417,NW-flex,2,1.0
417,BWA-no-clip,3,0.6363636363636364
417,BWA-std,3,0.18181818181818182
417,NW-flex,3,1.0
417,BWA-no-clip,4,0.6363636363636364
417,BWA-std,4,0.2727272727272727
417,NW-flex,4,1.0
417,BWA-no-clip,5,0.7272727272727273
417,BWA-std,5,0.36363636363636365
417,NW-flex,5,1.0
417,BWA-no-clip,6,0.9090909090909091
417,BWA-std,6,0.45454545454545453
417,NW-flex,6,1.0
417,BWA-no-clip,7,1.0
417,BWA-std,7,0.45454545454545453
417,NW-flex,7,1.0
417,BWA-no-clip,8,1.0
417,BWA-std,8,0.6363636363636364
417,NW-flex,8,1.0
417,BWA-no-clip,9,1.0
417,BWA-std,9,0.6363636363636364
417,NW-flex,9,1.0
417,BWA-no-clip,10,1.0
417,BWA-std,10,0.8181818181818182
417,NW-flex,10,1.0
418,BWA-no-clip,1,0.5454545454545454
418,BWA-std,1,0.09090909090909091
418,NW-flex,1,1.0
418,BWA-no-clip,2,0.7272727272727273
418,BWA-std,2,0.18181818181818182
418,NW-flex,2,1.0
418,BWA-no-clip,3,0.9090909090909091
418,BWA-std,3,0.18181818181818182
418,NW-flex,3,1.0
418,BWA-no-clip,4,0.9090909090909091
418,BWA-std,4,0.36363636363636365
418,NW-flex,4,1.0
418,BWA-no-clip,5,1.0
418,BWA-std,5,0.36363636363636365
418,NW-flex,5,1.0
418,BWA-no-clip,6,1.0
418,BWA-std,6,0.45454545454545453
418,NW-flex,6,1.0
418,BWA-no-clip,7,1.0
418,BWA-std,7,0.45454545454545453
418,NW-flex,7,1.0
418,BWA-no-clip,8,1.0
418,BWA-std,8,0.6363636363636364
418,NW-flex,8,1.0
418,BWA-no-clip,9,1.0
418,BWA-std,9,0.6363636363636364
418,NW-flex,9,1.0
418,BWA-no-clip,10,1.0
418,BWA-std,10,0.8181818181818182
418,NW-flex,10,1.0
419,BWA-no-clip,1,0.09090909090909091
419,BWA-std,1,0.09090909090909091
419,NW-flex,1,1.0
419,BWA-no-clip,2,0.45454545454545453
419,BWA-std,2,0.09090909090909091
419,NW-flex,2,1.0
419,BWA-no-clip,3,0.7272727272727273
419,BWA-std,3,0.18181818181818182
419,NW-flex,3,1.0
419,BWA-no-clip,4,0.9090909090909091
419,BWA-std,4,0.36363636363636365
419,NW-flex,4,1.0
419,BWA-no-clip,5,1.0
419,BWA-std,5,0.36363636363636365
419,NW-flex,5,1.0
419,BWA-no-clip,6,1.0
419,BWA-std,6,0.45454545454545453
419,NW-flex,6,1.0
419,BWA-no-clip,7,1.0
419,BWA-std,7,0.45454545454545453
419,NW-flex,7,1.0
419,BWA-no-clip,8,1.0
419,BWA-std,8,0.6363636363636364
419,NW-flex,8,1.0
419,BWA-no-clip,9,1.0
419,BWA-std,9,0.6363636363636364
419,NW-flex,9,1.0
419,BWA-no-clip,10,1.0
419,BWA-std,10,0.8181818181818182
419,NW-flex,10,1.0
420,BWA-no-clip,1,0.5454545454545454
420,BWA-std,1,0.09090909090909091
420,NW-flex,1,1.0
420,BWA-no-clip,2,0.7272727272727273
420,BWA-std,2,0.18181818181818182
420,NW-flex,2,1.0
420,BWA-no-clip,3,0.7272727272727273
420,BWA-std,3,0.18181818181818182
420,NW-flex,3,1.0
420,BWA-no-clip,4,0.9090909090909091
420,BWA-std,4,0.36363636363636365
420,NW-flex,4,1.0
420,BWA-no-clip,5,1.0
420,BWA-std,5,0.36363636363636365
420,NW-flex,5,1.0
420,BWA-no-clip,6,1.0
420,BWA-std,6,0.45454545454545453
420,NW-flex,6,1.0
420,BWA-no-clip,7,1.0
420,BWA-std,7,0.45454545454545453
420,NW-flex,7,1.0
420,BWA-no-clip,8,1.0
420,BWA-std,8,0.6363636363636364
420,NW-flex,8,1.0
420,BWA-no-clip,9,1.0
420,BWA-std,9,0.6363636363636364
420,NW-flex,9,1.0
420,BWA-no-clip,10,1.0
420,BWA-std,10,0.8181818181818182
420,NW-flex,10,1.0
421,BWA-no-clip,1,0.45454545454545453
421,BWA-std,1,0.09090909090909091
421,NW-flex,1,1.0
421,BWA-no-clip,2,0.6363636363636364
421,BWA-std,2,0.18181818181818182
421,NW-flex,2,1.0
421,BWA-no-clip,3,0.8181818181818182
421,BWA-std,3,0.18181818181818182
421,NW-flex,3,1.0
421,BWA-no-clip,4,0.7272727272727273
421,BWA-std,4,0.36363636363636365
421,NW-flex,4,1.0
421,BWA-no-clip,5,0.8181818181818182
421,BWA-std,5,0.36363636363636365
421,NW-flex,5,1.0
421,BWA-no-clip,6,0.8181818181818182
421,BWA-std,6,0.45454545454545453
421,NW-flex,6,1.0
421,BWA-no-clip,7,0.8181818181818182
421,BWA-std,7,0.45454545454545453
421,NW-flex,7,1.0
421,BWA-no-clip,8,1.0
421,BWA-std,8,0.6363636363636364
421,NW-flex,8,1.0
421,BWA-no-clip,9,1.0
421,BWA-std,9,0.6363636363636364
421,NW-flex,9,1.0
421,BWA-no-clip,10,1.0
421,BWA-std,10,0.8181818181818182
421,NW-flex,10,1.0
422,BWA-no-clip,1,0.5454545454545454
422,BWA-std,1,0.09090909090909091
422,NW-flex,1,1.0
422,BWA-no-clip,2,0.7272727272727273
422,BWA-std,2,0.18181818181818182
422,NW-flex,2,1.0
422,BWA-no-clip,3,0.9090909090909091
422,BWA-std,3,0.18181818181818182
422,NW-flex,3,1.0
422,BWA-no-clip,4,0.9090909090909091
422,BWA-std,4,0.36363636363636365
422,NW-flex,4,1.0
422,BWA-no-clip,5,0.9090909090909091
422,BWA-std,5,0.36363636363636365
422,NW-flex,5,1.0
422,BWA-no-clip,6,1.0
422,BWA-std,6,0.45454545454545453
422,NW-flex,6,1.0
422,BWA-no-clip,7,1.0
422,BWA-std,7,0.45454545454545453
422,NW-flex,7,1.0
422,BWA-no-clip,8,1.0
422,BWA-std,8,0.6363636363636364
422,NW-flex,8,1.0
422,BWA-no-clip,9,1.0
422,BWA-std,9,0.6363636363636364
422,NW-flex,9,1.0
422,BWA-no-clip,10,1.0
422,BWA-std,10,0.8181818181818182
422,NW-flex,10,1.0
423,BWA-no-clip,1,0.5454545454545454
423,BWA-std,1,0.09090909090909091
423,NW-flex,1,1.0
423,BWA-no-clip,2,0.5454545454545454
423,BWA-std,2,0.09090909090909091
423,NW-flex,2,1.0
423,BWA-no-clip,3,0.7272727272727273
423,BWA-std,3,0.18181818181818182
423,NW-flex,3,1.0
423,BWA-no-clip,4,0.7272727272727273
423,BWA-std,4,0.36363636363636365
423,NW-flex,4,1.0
423,BWA-no-clip,5,0.9090909090909091
423,BWA-std,5,0.36363636363636365
423,NW-flex,5,1.0
423,BWA-no-clip,6,1.0
423,BWA-std,6,0.45454545454545453
423,NW-flex,6,1.0
423,BWA-no-clip,7,1.0
423,BWA-std,7,0.45454545454545453
423,NW-flex,7,1.0
423,BWA-no-clip,8,1.0
423,BWA-std,8,0.6363636363636364
423,NW-flex,8,1.0
423,BWA-no-clip,9,1.0
423,BWA-std,9,0.6363636363636364
423,NW-flex,9,1.0
423,BWA-no-clip,10,1.0
423,BWA-std,10,0.8181818181818182
423,NW-flex,10,1.0
424,BWA-no-clip,1,0.09090909090909091
424,BWA-std,1,0.09090909090909091
424,NW-flex,1,1.0
424,BWA-no-clip,2,0.09090909090909091
424,BWA-std,2,0.09090909090909091
424,NW-flex,2,1.0
424,BWA-no-clip,3,0.12121212121212122
424,BWA-std,3,0.18181818181818182
424,NW-flex,3,1.0
424,BWA-no-clip,4,0.5757575757575758
424,BWA-std,4,0.2727272727272727
424,NW-flex,4,1.0
424,BWA-no-clip,5,0.7272727272727273
424,BWA-std,5,0.36363636363636365
424,NW-flex,5,1.0
424,BWA-no-clip,6,0.9090909090909091
424,BWA-std,6,0.45454545454545453
424,NW-flex,6,1.0
424,BWA-no-clip,7,1.0
424,BWA-std,7,0.45454545454545453
424,NW-flex,7,1.0
424,BWA-no-clip,8,1.0
424,BWA-std,8,0.6363636363636364
424,NW-flex,8,1.0
424,BWA-no-clip,9,1.0
424,BWA-std,9,0.6363636363636364
424,NW-flex,9,1.0
424,BWA-no-clip,10,1.0
424,BWA-std,10,0.8181818181818182
424,NW-flex,10,1.0
425,BWA-no-clip,1,0.09090909090909091
425,BWA-std,1,0.09090909090909091
425,NW-flex,1,1.0
425,BWA-no-clip,2,0.09090909090909091
425,BWA-std,2,0.09090909090909091
425,NW-flex,2,1.0
425,BWA-no-clip,3,0.5757575757575758
425,BWA-std,3,0.18181818181818182
425,NW-flex,3,1.0
425,BWA-no-clip,4,0.9090909090909091
425,BWA-std,4,0.36363636363636365
425,NW-flex,4,1.0
425,BWA-no-clip,5,1.0
425,BWA-std,5,0.36363636363636365
425,NW-flex,5,1.0
425,BWA-no-clip,6,1.0
425,BWA-std,6,0.45454545454545453
425,NW-flex,6,1.0
425,BWA-no-clip,7,1.0
425,BWA-std,7,0.45454545454545453
425,NW-flex,7,1.0
425,BWA-no-clip,8,1.0
425,BWA-std,8,0.6363636363636364
425,NW-flex,8,1.0
425,BWA-no-clip,9,1.0
425,BWA-std,9,0.6363636363636364
425,NW-flex,9,1.0
425,BWA-no-clip,10,1.0
425,BWA-std,10,0.8181818181818182
425,NW-flex,10,1.0
426,BWA-no-clip,1,0.2727272727272727
426,BWA-std,1,0.09090909090909091
426,NW-flex,1,1.0
426,BWA-no-clip,2,0.36363636363636365
426,BWA-std,2,0.09090909090909091
426,NW-flex,2,1.0
426,BWA-no-clip,3,0.6363636363636364
426,BWA-std,3,0.18181818181818182
426,NW-flex,3,1.0
426,BWA-no-clip,4,0.7272727272727273
426,BWA-std,4,0.36363636363636365
426,NW-flex,4,1.0
426,BWA-no-clip,5,0.9090909090909091
426,BWA-std,5,0.36363636363636365
426,NW-flex,5,1.0
426,BWA-no-clip,6,0.9090909090909091
426,BWA-std,6,0.45454545454545453
426,NW-flex,6,1.0
426,BWA-no-clip,7,0.9090909090909091
426,BWA-std,7,0.45454545454545453
426,NW-flex,7,1.0
426,BWA-no-clip,8,0.9090909090909091
426,BWA-std,8,0.6363636363636364
426,NW-flex,8,1.0
426,BWA-no-clip,9,1.0
426,BWA-std,9,0.6363636363636364
426,NW-flex,9,1.0
426,BWA-no-clip,10,1.0
426,BWA-std,10,0.8181818181818182
426,NW-flex,10,1.0
427,BWA-no-clip,1,0.09090909090909091
427,BWA-std,1,0.09090909090909091
427,NW-flex,1,1.0
427,BWA-no-clip,2,0.09090909090909091
427,BWA-std,2,0.09090909090909091
427,NW-flex,2,1.0
427,BWA-no-clip,3,0.5757575757575758
427,BWA-std,3,0.18181818181818182
427,NW-flex,3,1.0
427,BWA-no-clip,4,0.9090909090909091
427,BWA-std,4,0.36363636363636365
427,NW-flex,4,1.0
427,BWA-no-clip,5,1.0
427,BWA-std,5,0.36363636363636365
427,NW-flex,5,1.0
427,BWA-no-clip,6,1.0
427,BWA-std,6,0.45454545454545453
427,NW-flex,6,1.0
427,BWA-no-clip,7,1.0
427,BWA-std,7,0.45454545454545453
427,NW-flex,7,1.0
427,BWA-no-clip,8,1.0
427,BWA-std,8,0.6363636363636364
427,NW-flex,8,1.0
427,BWA-no-clip,9,1.0
427,BWA-std,9,0.6363636363636364
427,NW-flex,9,1.0
427,BWA-no-clip,10,1.0
427,BWA-std,10,0.8181818181818182
427,NW-flex,10,1.0
428,BWA-no-clip,1,0.18181818181818182
428,BWA-std,1,0.09090909090909091
428,NW-flex,1,1.0
428,BWA-no-clip,2,0.18181818181818182
428,BWA-std,2,0.09090909090909091
428,NW-flex,2,1.0
428,BWA-no-clip,3,0.45454545454545453
428,BWA-std,3,0.18181818181818182
428,NW-flex,3,1.0
428,BWA-no-clip,4,0.45454545454545453
428,BWA-std,4,0.2727272727272727
428,NW-flex,4,1.0
428,BWA-no-clip,5,0.9090909090909091
428,BWA-std,5,0.36363636363636365
428,NW-flex,5,1.0
428,BWA-no-clip,6,0.9090909090909091
428,BWA-std,6,0.45454545454545453
428,NW-flex,6,1.0
428,BWA-no-clip,7,1.0
428,BWA-std,7,0.45454545454545453
428,NW-flex,7,1.0
428,BWA-no-clip,8,1.0
428,BWA-std,8,0.6363636363636364
428,NW-flex,8,1.0
428,BWA-no-clip,9,1.0
428,BWA-std,9,0.6363636363636364
428,NW-flex,9,1.0
428,BWA-no-clip,10,1.0
428,BWA-std,10,0.8181818181818182
428,NW-flex,10,1.0
429,BWA-no-clip,1,0.5454545454545454
429,BWA-std,1,0.09090909090909091
429,NW-flex,1,1.0
429,BWA-no-clip,2,0.6363636363636364
429,BWA-std,2,0.18181818181818182
429,NW-flex,2,1.0
429,BWA-no-clip,3,0.7272727272727273
429,BWA-std,3,0.18181818181818182
429,NW-flex,3,1.0
429,BWA-no-clip,4,0.8181818181818182
429,BWA-std,4,0.36363636363636365
429,NW-flex,4,1.0
429,BWA-no-clip,5,0.9090909090909091
429,BWA-std,5,0.36363636363636365
429,NW-flex,5,1.0
429,BWA-no-clip,6,1.0
429,BWA-std,6,0.45454545454545453
429,NW-flex,6,1.0
429,BWA-no-clip,7,1.0
429,BWA-std,7,0.45454545454545453
429,NW-flex,7,1.0
429,BWA-no-clip,8,1.0
429,BWA-std,8,0.6363636363636364
429,NW-flex,8,1.0
429,BWA-no-clip,9,1.0
429,BWA-std,9,0.6363636363636364
429,NW-flex,9,1.0
429,BWA-no-clip,10,1.0
429,BWA-std,10,0.8181818181818182
429,NW-flex,10,1.0
430,BWA-no-clip,1,0.5454545454545454
430,BWA-std,1,0.09090909090909091
430,NW-flex,1,1.0
430,BWA-no-clip,2,0.5454545454545454
430,BWA-std,2,0.09090909090909091
430,NW-flex,2,1.0
430,BWA-no-clip,3,0.7272727272727273
430,BWA-std,3,0.18181818181818182
430,NW-flex,3,1.0
430,BWA-no-clip,4,0.7272727272727273
430,BWA-std,4,0.36363636363636365
430,NW-flex,4,1.0
430,BWA-no-clip,5,0.9090909090909091
430,BWA-std,5,0.36363636363636365
430,NW-flex,5,1.0
430,BWA-no-clip,6,1.0
430,BWA-std,6,0.45454545454545453
430,NW-flex,6,1.0
430,BWA-no-clip,7,1.0
430,BWA-std,7,0.45454545454545453
430,NW-flex,7,1.0
430,BWA-no-clip,8,1.0
430,BWA-std,8,0.6363636363636364
430,NW-flex,8,1.0
430,BWA-no-clip,9,1.0
430,BWA-std,9,0.6363636363636364
430,NW-flex,9,1.0
430,BWA-no-clip,10,1.0
430,BWA-std,10,0.8181818181818182
430,NW-flex,10,1.0
431,BWA-no-clip,1,0.5454545454545454
431,BWA-std,1,0.09090909090909091
431,NW-flex,1,1.0
431,BWA-no-clip,2,0.5454545454545454
431,BWA-std,2,0.09090909090909091
431,NW-flex,2,1.0
431,BWA-no-clip,3,0.7272727272727273
431,BWA-std,3,0.18181818181818182
431,NW-flex,3,1.0
431,BWA-no-clip,4,0.8181818181818182
431,BWA-std,4,0.36363636363636365
431,NW-flex,4,1.0
431,BWA-no-clip,5,1.0
431,BWA-std,5,0.36363636363636365
431,NW-flex,5,1.0
431,BWA-no-clip,6,1.0
431,BWA-std,6,0.45454545454545453
431,NW-flex,6,1.0
431,BWA-no-clip,7,1.0
431,BWA-std,7,0.45454545454545453
431,NW-flex,7,1.0
431,BWA-no-clip,8,1.0
431,BWA-std,8,0.6363636363636364
431,NW-flex,8,1.0
431,BWA-no-clip,9,1.0
431,BWA-std,9,0.6363636363636364
431,NW-flex,9,1.0
431,BWA-no-clip,10,1.0
431,BWA-std,10,0.8181818181818182
431,NW-flex,10,1.0
432,BWA-no-clip,1,0.45454545454545453
432,BWA-std,1,0.09090909090909091
432,NW-flex,1,1.0
432,BWA-no-clip,2,0.5454545454545454
432,BWA-std,2,0.09090909090909091
432,NW-flex,2,1.0
432,BWA-no-clip,3,0.6363636363636364
432,BWA-std,3,0.18181818181818182
432,NW-flex,3,1.0
432,BWA-no-clip,4,0.8181818181818182
432,BWA-std,4,0.36363636363636365
432,NW-flex,4,1.0
432,BWA-no-clip,5,0.9090909090909091
432,BWA-std,5,0.36363636363636365
432,NW-flex,5,1.0
432,BWA-no-clip,6,0.9090909090909091
432,BWA-std,6,0.45454545454545453
432,NW-flex,6,1.0
432,BWA-no-clip,7,1.0
432,BWA-std,7,0.45454545454545453
432,NW-flex,7,1.0
432,BWA-no-clip,8,1.0
432,BWA-std,8,0.6363636363636364
432,NW-flex,8,1.0
432,BWA-no-clip,9,1.0
432,BWA-std,9,0.6363636363636364
432,NW-flex,9,1.0
432,BWA-no-clip,10,1.0
432,BWA-std,10,0.8181818181818182
432,NW-flex,10,1.0
433,BWA-no-clip,1,0.09090909090909091
433,BWA-std,1,0.09090909090909091
433,NW-flex,1,1.0
433,BWA-no-clip,2,0.09090909090909091
433,BWA-std,2,0.09090909090909091
433,NW-flex,2,1.0
433,BWA-no-clip,3,0.12121212121212122
433,BWA-std,3,0.18181818181818182
433,NW-flex,3,1.0
433,BWA-no-clip,4,0.12121212121212122
433,BWA-std,4,0.18181818181818182
433,NW-flex,4,1.0
433,BWA-no-clip,5,0.12121212121212122
433,BWA-std,5,0.18181818181818182
433,NW-flex,5,1.0
433,BWA-no-clip,6,0.5757575757575758
433,BWA-std,6,0.30303030303030304
433,NW-flex,6,1.0
433,BWA-no-clip,7,1.0
433,BWA-std,7,0.45454545454545453
433,NW-flex,7,1.0
433,BWA-no-clip,8,1.0
433,BWA-std,8,0.6363636363636364
433,NW-flex,8,1.0
433,BWA-no-clip,9,1.0
433,BWA-std,9,0.6363636363636364
433,NW-flex,9,1.0
433,BWA-no-clip,10,1.0
433,BWA-std,10,0.8181818181818182
433,NW-flex,10,1.0
434,BWA-no-clip,1,0.18181818181818182
434,BWA-std,1,0.09090909090909091
434,NW-flex,1,1.0
434,BWA-no-clip,2,0.36363636363636365
434,BWA-std,2,0.09090909090909091
434,NW-flex,2,1.0
434,BWA-no-clip,3,0.6363636363636364
434,BWA-std,3,0.18181818181818182
434,NW-flex,3,1.0
434,BWA-no-clip,4,0.6363636363636364
434,BWA-std,4,0.2727272727272727
434,NW-flex,4,1.0
434,BWA-no-clip,5,0.7272727272727273
434,BWA-std,5,0.36363636363636365
434,NW-flex,5,1.0
434,BWA-no-clip,6,0.7272727272727273
434,BWA-std,6,0.45454545454545453
434,NW-flex,6,1.0
434,BWA-no-clip,7,0.8181818181818182
434,BWA-std,7,0.45454545454545453
434,NW-flex,7,1.0
434,BWA-no-clip,8,0.9090909090909091
434,BWA-std,8,0.6363636363636364
434,NW-flex,8,1.0
434,BWA-no-clip,9,1.0
434,BWA-std,9,0.6363636363636364
434,NW-flex,9,1.0
434,BWA-no-clip,10,1.0
434,BWA-std,10,0.8181818181818182
434,NW-flex,10,1.0
435,BWA-no-clip,1,0.09090909090909091
435,BWA-std,1,0.09090909090909091
435,NW-flex,1,1.0
435,BWA-no-clip,2,0.5454545454545454
435,BWA-std,2,0.09090909090909091
435,NW-flex,2,1.0
435,BWA-no-clip,3,0.7272727272727273
435,BWA-std,3,0.18181818181818182
435,NW-flex,3,1.0
435,BWA-no-clip,4,0.7272727272727273
435,BWA-std,4,0.36363636363636365
435,NW-flex,4,1.0
435,BWA-no-clip,5,0.7272727272727273
435,BWA-std,5,0.36363636363636365
435,NW-flex,5,1.0
435,BWA-no-clip,6,0.9090909090909091
435,BWA-std,6,0.45454545454545453
435,NW-flex,6,1.0
435,BWA-no-clip,7,0.9090909090909091
435,BWA-std,7,0.45454545454545453
435,NW-flex,7,1.0
435,BWA-no-clip,8,1.0
435,BWA-std,8,0.6363636363636364
435,NW-flex,8,1.0
435,BWA-no-clip,9,1.0
435,BWA-std,9,0.6363636363636364
435,NW-flex,9,1.0
435,BWA-no-clip,10,1.0
435,BWA-std,10,0.8181818181818182
435,NW-flex,10,1.0
436,BWA-no-clip,1,0.5454545454545454
436,BWA-std,1,0.09090909090909091
436,NW-flex,1,1.0
436,BWA-no-clip,2,0.6363636363636364
436,BWA-std,2,0.18181818181818182
436,NW-flex,2,1.0
436,BWA-no-clip,3,0.6363636363636364
436,BWA-std,3,0.18181818181818182
436,NW-flex,3,1.0
436,BWA-no-clip,4,0.8181818181818182
436,BWA-std,4,0.36363636363636365
436,NW-flex,4,1.0
436,BWA-no-clip,5,1.0
436,BWA-std,5,0.36363636363636365
436,NW-flex,5,1.0
436,BWA-no-clip,6,1.0
436,BWA-std,6,0.45454545454545453
436,NW-flex,6,1.0
436,BWA-no-clip,7,1.0
436,BWA-std,7,0.45454545454545453
436,NW-flex,7,1.0
436,BWA-no-clip,8,1.0
436,BWA-std,8,0.6363636363636364
436,NW-flex,8,1.0
436,BWA-no-clip,9,1.0
436,BWA-std,9,0.6363636363636364
436,NW-flex,9,1.0
436,BWA-no-clip,10,1.0
436,BWA-std,10,0.8181818181818182
436,NW-flex,10,1.0
437,BWA-no-clip,1,0.5454545454545454
437,BWA-std,1,0.09090909090909091
437,NW-flex,1,1.0
437,BWA-no-clip,2,0.5454545454545454
437,BWA-std,2,0.09090909090909091
437,NW-flex,2,1.0
437,BWA-no-clip,3,0.7272727272727273
437,BWA-std,3,0.18181818181818182
437,NW-flex,3,1.0
437,BWA-no-clip,4,0.7272727272727273
437,BWA-std,4,0.36363636363636365
437,NW-flex,4,1.0
437,BWA-no-clip,5,0.9090909090909091
437,BWA-std,5,0.36363636363636365
437,NW-flex,5,1.0
437,BWA-no-clip,6,1.0
437,BWA-std,6,0.45454545454545453
437,NW-flex,6,1.0
437,BWA-no-clip,7,1.0
437,BWA-std,7,0.45454545454545453
437,NW-flex,7,1.0
437,BWA-no-clip,8,1.0
437,BWA-std,8,0.6363636363636364
437,NW-flex,8,1.0
437,BWA-no-clip,9,1.0
437,BWA-std,9,0.6363636363636364
437,NW-flex,9,1.0
437,BWA-no-clip,10,1.0
437,BWA-std,10,0.8181818181818182
437,NW-flex,10,1.0
438,BWA-no-clip,1,0.5454545454545454
438,BWA-std,1,0.09090909090909091
438,NW-flex,1,1.0
438,BWA-no-clip,2,0.7272727272727273
438,BWA-std,2,0.18181818181818182
438,NW-flex,2,1.0
438,BWA-no-clip,3,0.9090909090909091
438,BWA-std,3,0.18181818181818182
438,NW-flex,3,1.0
438,BWA-no-clip,4,0.9090909090909091
438,BWA-std,4,0.36363636363636365
438,NW-flex,4,1.0
438,BWA-no-clip,5,1.0
438,BWA-std,5,0.36363636363636365
438,NW-flex,5,1.0
438,BWA-no-clip,6,1.0
438,BWA-std,6,0.45454545454545453
438,NW-flex,6,1.0
438,BWA-no-clip,7,1.0
438,BWA-std,7,0.45454545454545453
438,NW-flex,7,1.0
438,BWA-no-clip,8,1.0
438,BWA-std,8,0.6363636363636364
438,NW-flex,8,1.0
438,BWA-no-clip,9,1.0
438,BWA-std,9,0.6363636363636364
438,NW-flex,9,1.0
438,BWA-no-clip,10,1.0
438,BWA-std,10,0.8181818181818182
438,NW-flex,10,1.0
439,BWA-no-clip,1,0.18181818181818182
439,BWA-std,1,0.09090909090909091
439,NW-flex,1,1.0
439,BWA-no-clip,2,0.5454545454545454
439,BWA-std,2,0.09090909090909091
439,NW-flex,2,1.0
439,BWA-no-clip,3,0.6363636363636364
439,BWA-std,3,0.09090909090909091
439,NW-flex,3,1.0
439,BWA-no-clip,4,0.7272727272727273
439,BWA-std,4,0.36363636363636365
439,NW-flex,4,1.0
439,BWA-no-clip,5,0.9090909090909091
439,BWA-std,5,0.36363636363636365
439,NW-flex,5,1.0
439,BWA-no-clip,6,1.0
439,BWA-std,6,0.45454545454545453
439,NW-flex,6,1.0
439,BWA-no-clip,7,1.0
439,BWA-std,7,0.45454545454545453
439,NW-flex,7,1.0
439,BWA-no-clip,8,1.0
439,BWA-std,8,0.6363636363636364
439,NW-flex,8,1.0
439,BWA-no-clip,9,1.0
439,BWA-std,9,0.6363636363636364
439,NW-flex,9,1.0
439,BWA-no-clip,10,1.0
439,BWA-std,10,0.8181818181818182
439,NW-flex,10,1.0
440,BWA-no-clip,1,0.09090909090909091
440,BWA-std,1,0.09090909090909091
440,NW-flex,1,1.0
440,BWA-no-clip,2,0.09090909090909091
440,BWA-std,2,0.09090909090909091
440,NW-flex,2,1.0
440,BWA-no-clip,3,0.5757575757575758
440,BWA-std,3,0.18181818181818182
440,NW-flex,3,1.0
440,BWA-no-clip,4,0.9090909090909091
440,BWA-std,4,0.36363636363636365
440,NW-flex,4,1.0
440,BWA-no-clip,5,1.0
440,BWA-std,5,0.36363636363636365
440,NW-flex,5,1.0
440,BWA-no-clip,6,1.0
440,BWA-std,6,0.45454545454545453
440,NW-flex,6,1.0
440,BWA-no-clip,7,1.0
440,BWA-std,7,0.45454545454545453
440,NW-flex,7,1.0
440,BWA-no-clip,8,1.0
440,BWA-std,8,0.6363636363636364
440,NW-flex,8,1.0
440,BWA-no-clip,9,1.0
440,BWA-std,9,0.6363636363636364
440,NW-flex,9,1.0
440,BWA-no-clip,10,1.0
440,BWA-std,10,0.8181818181818182
440,NW-flex,10,1.0
441,BWA-no-clip,1,0.5454545454545454
441,BWA-std,1,0.09090909090909091
441,NW-flex,1,1.0
441,BWA-no-clip,2,0.6363636363636364
441,BWA-std,2,0.18181818181818182
441,NW-flex,2,1.0
441,BWA-no-clip,3,0.7272727272727273
441,BWA-std,3,0.18181818181818182
441,NW-flex,3,1.0
441,BWA-no-clip,4,0.8181818181818182
441,BWA-std,4,0.36363636363636365
441,NW-flex,4,1.0
441,BWA-no-clip,5,0.9090909090909091
441,BWA-std,5,0.36363636363636365
441,NW-flex,5,1.0
441,BWA-no-clip,6,1.0
441,BWA-std,6,0.45454545454545453
441,NW-flex,6,1.0
441,BWA-no-clip,7,1.0
441,BWA-std,7,0.45454545454545453
441,NW-flex,7,1.0
441,BWA-no-clip,8,1.0
441,BWA-std,8,0.6363636363636364
441,NW-flex,8,1.0
441,BWA-no-clip,9,1.0
441,BWA-std,9,0.6363636363636364
441,NW-flex,9,1.0
441,BWA-no-clip,10,1.0
441,BWA-std,10,0.8181818181818182
441,NW-flex,10,1.0
442,BWA-no-clip,1,0.2727272727272727
442,BWA-std,1,0.09090909090909091
442,NW-flex,1,1.0
442,BWA-no-clip,2,0.36363636363636365
442,BWA-std,2,0.09090909090909091
442,NW-flex,2,1.0
442,BWA-no-clip,3,0.6363636363636364
442,BWA-std,3,0.09090909090909091
442,NW-flex,3,1.0
442,BWA-no-clip,4,0.7272727272727273
442,BWA-std,4,0.36363636363636365
442,NW-flex,4,1.0
442,BWA-no-clip,5,0.9090909090909091
442,BWA-std,5,0.36363636363636365
442,NW-flex,5,1.0
442,BWA-no-clip,6,0.9090909090909091
442,BWA-std,6,0.45454545454545453
442,NW-flex,6,1.0
442,BWA-no-clip,7,1.0
442,BWA-std,7,0.45454545454545453
442,NW-flex,7,1.0
442,BWA-no-clip,8,1.0
442,BWA-std,8,0.6363636363636364
442,NW-flex,8,1.0
442,BWA-no-clip,9,1.0
442,BWA-std,9,0.6363636363636364
442,NW-flex,9,1.0
442,BWA-no-clip,10,1.0
442,BWA-std,10,0.8181818181818182
442,NW-flex,10,1.0
443,BWA-no-clip,1,0.09090909090909091
443,BWA-std,1,0.09090909090909091
443,NW-flex,1,1.0
443,BWA-no-clip,2,0.5454545454545454
443,BWA-std,2,0.09090909090909091
443,NW-flex,2,1.0
443,BWA-no-clip,3,0.7272727272727273
443,BWA-std,3,0.18181818181818182
443,NW-flex,3,1.0
443,BWA-no-clip,4,0.9090909090909091
443,BWA-std,4,0.36363636363636365
443,NW-flex,4,1.0
443,BWA-no-clip,5,1.0
443,BWA-std,5,0.36363636363636365
443,NW-flex,5,1.0
443,BWA-no-clip,6,1.0
443,BWA-std,6,0.45454545454545453
443,NW-flex,6,1.0
443,BWA-no-clip,7,1.0
443,BWA-std,7,0.45454545454545453
443,NW-flex,7,1.0
443,BWA-no-clip,8,1.0
443,BWA-std,8,0.6363636363636364
443,NW-flex,8,1.0
443,BWA-no-clip,9,1.0
443,BWA-std,9,0.6363636363636364
443,NW-flex,9,1.0
443,BWA-no-clip,10,1.0
443,BWA-std,10,0.8181818181818182
443,NW-flex,10,1.0
444,BWA-no-clip,1,0.45454545454545453
444,BWA-std,1,0.09090909090909091
444,NW-flex,1,1.0
444,BWA-no-clip,2,0.5454545454545454
444,BWA-std,2,0.09090909090909091
444,NW-flex,2,1.0
444,BWA-no-clip,3,0.7272727272727273
444,BWA-std,3,0.18181818181818182
444,NW-flex,3,1.0
444,BWA-no-clip,4,0.7272727272727273
444,BWA-std,4,0.36363636363636365
444,NW-flex,4,1.0
444,BWA-no-clip,5,0.9090909090909091
444,BWA-std,5,0.36363636363636365
444,NW-flex,5,1.0
444,BWA-no-clip,6,0.9090909090909091
444,BWA-std,6,0.45454545454545453
444,NW-flex,6,1.0
444,BWA-no-clip,7,1.0
444,BWA-std,7,0.45454545454545453
444,NW-flex,7,1.0
444,BWA-no-clip,8,1.0
444,BWA-std,8,0.6363636363636364
444,NW-flex,8,1.0
444,BWA-no-clip,9,1.0
444,BWA-std,9,0.6363636363636364
444,NW-flex,9,1.0
444,BWA-no-clip,10,1.0
444,BWA-std,10,0.8181818181818182
444,NW-flex,10,1.0
445,BWA-no-clip,1,0.5454545454545454
445,BWA-std,1,0.09090909090909091
445,NW-flex,1,1.0
445,BWA-no-clip,2,0.5454545454545454
445,BWA-std,2,0.09090909090909091
445,NW-flex,2,1.0
445,BWA-no-clip,3,0.7272727272727273
445,BWA-std,3,0.18181818181818182
445,NW-flex,3,1.0
445,BWA-no-clip,4,0.7272727272727273
445,BWA-std,4,0.36363636363636365
445,NW-flex,4,1.0
445,BWA-no-clip,5,0.9090909090909091
445,BWA-std,5,0.36363636363636365
445,NW-flex,5,1.0
445,BWA-no-clip,6,1.0
445,BWA-std,6,0.45454545454545453
445,NW-flex,6,1.0
445,BWA-no-clip,7,1.0
445,BWA-std,7,0.45454545454545453
445,NW-flex,7,1.0
445,BWA-no-clip,8,1.0
445,BWA-std,8,0.6363636363636364
445,NW-flex,8,1.0
445,BWA-no-clip,9,1.0
445,BWA-std,9,0.6363636363636364
445,NW-flex,9,1.0
445,BWA-no-clip,10,1.0
445,BWA-std,10,0.8181818181818182
445,NW-flex,10,1.0
446,BWA-no-clip,1,0.09090909090909091
446,BWA-std,1,0.09090909090909091
446,NW-flex,1,1.0
446,BWA-no-clip,2,0.09090909090909091
446,BWA-std,2,0.09090909090909091
446,NW-flex,2,1.0
446,BWA-no-clip,3,0.5757575757575758
446,BWA-std,3,0.18181818181818182
446,NW-flex,3,1.0
446,BWA-no-clip,4,0.8181818181818182
446,BWA-std,4,0.36363636363636365
446,NW-flex,4,1.0
446,BWA-no-clip,5,0.9090909090909091
446,BWA-std,5,0.36363636363636365
446,NW-flex,5,1.0
446,BWA-no-clip,6,1.0
446,BWA-std,6,0.45454545454545453
446,NW-flex,6,1.0
446,BWA-no-clip,7,1.0
446,BWA-std,7,0.45454545454545453
446,NW-flex,7,1.0
446,BWA-no-clip,8,1.0
446,BWA-std,8,0.6363636363636364
446,NW-flex,8,1.0
446,BWA-no-clip,9,1.0
446,BWA-std,9,0.6363636363636364
446,NW-flex,9,1.0
446,BWA-no-clip,10,1.0
446,BWA-std,10,0.8181818181818182
446,NW-flex,10,1.0
447,BWA-no-clip,1,0.45454545454545453
447,BWA-std,1,0.09090909090909091
447,NW-flex,1,1.0
447,BWA-no-clip,2,0.45454545454545453
447,BWA-std,2,0.09090909090909091
447,NW-flex,2,1.0
447,BWA-no-clip,3,0.6363636363636364
447,BWA-std,3,0.18181818181818182
447,NW-flex,3,1.0
447,BWA-no-clip,4,0.6363636363636364
447,BWA-std,4,0.2727272727272727
447,NW-flex,4,1.0
447,BWA-no-clip,5,0.9090909090909091
447,BWA-std,5,0.36363636363636365
447,NW-flex,5,1.0
447,BWA-no-clip,6,1.0
447,BWA-std,6,0.45454545454545453
447,NW-flex,6,1.0
447,BWA-no-clip,7,1.0
447,BWA-std,7,0.45454545454545453
447,NW-flex,7,1.0
447,BWA-no-clip,8,1.0
447,BWA-std,8,0.6363636363636364
447,NW-flex,8,1.0
447,BWA-no-clip,9,1.0
447,BWA-std,9,0.6363636363636364
447,NW-flex,9,1.0
447,BWA-no-clip,10,1.0
447,BWA-std,10,0.8181818181818182
447,NW-flex,10,1.0
448,BWA-no-clip,1,0.5454545454545454
448,BWA-std,1,0.09090909090909091
448,NW-flex,1,1.0
448,BWA-no-clip,2,0.7272727272727273
448,BWA-std,2,0.18181818181818182
448,NW-flex,2,1.0
448,BWA-no-clip,3,0.9090909090909091
448,BWA-std,3,0.18181818181818182
448,NW-flex,3,1.0
448,BWA-no-clip,4,0.9090909090909091
448,BWA-std,4,0.36363636363636365
448,NW-flex,4,1.0
448,BWA-no-clip,5,1.0
448,BWA-std,5,0.36363636363636365
448,NW-flex,5,1.0
448,BWA-no-clip,6,1.0
448,BWA-std,6,0.45454545454545453
448,NW-flex,6,1.0
448,BWA-no-clip,7,1.0
448,BWA-std,7,0.45454545454545453
448,NW-flex,7,1.0
448,BWA-no-clip,8,1.0
448,BWA-std,8,0.6363636363636364
448,NW-flex,8,1.0
448,BWA-no-clip,9,1.0
448,BWA-std,9,0.6363636363636364
448,NW-flex,9,1.0
448,BWA-no-clip,10,1.0
448,BWA-std,10,0.8181818181818182
448,NW-flex,10,1.0
449,BWA-no-clip,1,0.45454545454545453
449,BWA-std,1,0.09090909090909091
449,NW-flex,1,1.0
449,BWA-no-clip,2,0.5454545454545454
449,BWA-std,2,0.09090909090909091
449,NW-flex,2,1.0
449,BWA-no-clip,3,0.6363636363636364
449,BWA-std,3,0.09090909090909091
449,NW-flex,3,1.0
449,BWA-no-clip,4,0.7272727272727273
449,BWA-std,4,0.36363636363636365
449,NW-flex,4,1.0
449,BWA-no-clip,5,0.9090909090909091
449,BWA-std,5,0.36363636363636365
449,NW-flex,5,1.0
449,BWA-no-clip,6,1.0
449,BWA-std,6,0.45454545454545453
449,NW-flex,6,1.0
449,BWA-no-clip,7,1.0
449,BWA-std,7,0.45454545454545453
449,NW-flex,7,1.0
449,BWA-no-clip,8,1.0
449,BWA-std,8,0.6363636363636364
449,NW-flex,8,1.0
449,BWA-no-clip,9,1.0
449,BWA-std,9,0.6363636363636364
449,NW-flex,9,1.0
449,BWA-no-clip,10,1.0
449,BWA-std,10,0.8181818181818182
449,NW-flex,10,1.0
450,BWA-no-clip,1,0.45454545454545453
450,BWA-std,1,0.09090909090909091
450,NW-flex,1,1.0
450,BWA-no-clip,2,0.5454545454545454
450,BWA-std,2,0.09090909090909091
450,NW-flex,2,1.0
450,BWA-no-clip,3,0.6363636363636364
450,BWA-std,3,0.18181818181818182
450,NW-flex,3,1.0
450,BWA-no-clip,4,0.9090909090909091
450,BWA-std,4,0.36363636363636365
450,NW-flex,4,1.0
450,BWA-no-clip,5,0.9090909090909091
450,BWA-std,5,0.36363636363636365
450,NW-flex,5,1.0
450,BWA-no-clip,6,0.9090909090909091
450,BWA-std,6,0.45454545454545453
450,NW-flex,6,1.0
450,BWA-no-clip,7,0.9090909090909091
450,BWA-std,7,0.45454545454545453
450,NW-flex,7,1.0
450,BWA-no-clip,8,1.0
450,BWA-std,8,0.6363636363636364
450,NW-flex,8,1.0
450,BWA-no-clip,9,1.0
450,BWA-std,9,0.6363636363636364
450,NW-flex,9,1.0
450,BWA-no-clip,10,1.0
450,BWA-std,10,0.8181818181818182
450,NW-flex,10,1.0
451,BWA-no-clip,1,0.09090909090909091
451,BWA-std,1,0.09090909090909091
451,NW-flex,1,1.0
451,BWA-no-clip,2,0.5454545454545454
451,BWA-std,2,0.09090909090909091
451,NW-flex,2,1.0
451,BWA-no-clip,3,0.6363636363636364
451,BWA-std,3,0.09090909090909091
451,NW-flex,3,1.0
451,BWA-no-clip,4,0.7272727272727273
451,BWA-std,4,0.36363636363636365
451,NW-flex,4,1.0
451,BWA-no-clip,5,0.7272727272727273
451,BWA-std,5,0.36363636363636365
451,NW-flex,5,1.0
451,BWA-no-clip,6,0.9090909090909091
451,BWA-std,6,0.45454545454545453
451,NW-flex,6,1.0
451,BWA-no-clip,7,1.0
451,BWA-std,7,0.45454545454545453
451,NW-flex,7,1.0
451,BWA-no-clip,8,1.0
451,BWA-std,8,0.6363636363636364
451,NW-flex,8,1.0
451,BWA-no-clip,9,1.0
451,BWA-std,9,0.6363636363636364
451,NW-flex,9,1.0
451,BWA-no-clip,10,1.0
451,BWA-std,10,0.8181818181818182
451,NW-flex,10,1.0
452,BWA-no-clip,1,0.45454545454545453
452,BWA-std,1,0.09090909090909091
452,NW-flex,1,1.0
452,BWA-no-clip,2,0.6363636363636364
452,BWA-std,2,0.18181818181818182
452,NW-flex,2,1.0
452,BWA-no-clip,3,0.6363636363636364
452,BWA-std,3,0.18181818181818182
452,NW-flex,3,1.0
452,BWA-no-clip,4,0.7272727272727273
452,BWA-std,4,0.36363636363636365
452,NW-flex,4,1.0
452,BWA-no-clip,5,0.7272727272727273
452,BWA-std,5,0.36363636363636365
452,NW-flex,5,1.0
452,BWA-no-clip,6,0.9090909090909091
452,BWA-std,6,0.45454545454545453
452,NW-flex,6,1.0
452,BWA-no-clip,7,1.0
452,BWA-std,7,0.45454545454545453
452,NW-flex,7,1.0
452,BWA-no-clip,8,1.0
452,BWA-std,8,0.6363636363636364
452,NW-flex,8,1.0
452,BWA-no-clip,9,1.0
452,BWA-std,9,0.6363636363636364
452,NW-flex,9,1.0
452,BWA-no-clip,10,1.0
452,BWA-std,10,0.8181818181818182
452,NW-flex,10,1.0
453,BWA-no-clip,1,0.5454545454545454
453,BWA-std,1,0.09090909090909091
453,NW-flex,1,1.0
453,BWA-no-clip,2,0.6363636363636364
453,BWA-std,2,0.18181818181818182
453,NW-flex,2,1.0
453,BWA-no-clip,3,0.8181818181818182
453,BWA-std,3,0.18181818181818182
453,NW-flex,3,1.0
453,BWA-no-clip,4,1.0
453,BWA-std,4,0.36363636363636365
453,NW-flex,4,1.0
453,BWA-no-clip,5,1.0
453,BWA-std,5,0.36363636363636365
453,NW-flex,5,1.0
453,BWA-no-clip,6,1.0
453,BWA-std,6,0.45454545454545453
453,NW-flex,6,1.0
453,BWA-no-clip,7,1.0
453,BWA-std,7,0.45454545454545453
453,NW-flex,7,1.0
453,BWA-no-clip,8,1.0
453,BWA-std,8,0.6363636363636364
453,NW-flex,8,1.0
453,BWA-no-clip,9,1.0
453,BWA-std,9,0.6363636363636364
453,NW-flex,9,1.0
453,BWA-no-clip,10,1.0
453,BWA-std,10,0.8181818181818182
453,NW-flex,10,1.0
454,BWA-no-clip,1,0.5454545454545454
454,BWA-std,1,0.09090909090909091
454,NW-flex,1,1.0
454,BWA-no-clip,2,0.7272727272727273
454,BWA-std,2,0.18181818181818182
454,NW-flex,2,1.0
454,BWA-no-clip,3,0.8181818181818182
454,BWA-std,3,0.18181818181818182
454,NW-flex,3,1.0
454,BWA-no-clip,4,0.8181818181818182
454,BWA-std,4,0.36363636363636365
454,NW-flex,4,1.0
454,BWA-no-clip,5,0.9090909090909091
454,BWA-std,5,0.36363636363636365
454,NW-flex,5,1.0
454,BWA-no-clip,6,1.0
454,BWA-std,6,0.45454545454545453
454,NW-flex,6,1.0
454,BWA-no-clip,7,1.0
454,BWA-std,7,0.45454545454545453
454,NW-flex,7,1.0
454,BWA-no-clip,8,1.0
454,BWA-std,8,0.6363636363636364
454,NW-flex,8,1.0
454,BWA-no-clip,9,1.0
454,BWA-std,9,0.6363636363636364
454,NW-flex,9,1.0
454,BWA-no-clip,10,1.0
454,BWA-std,10,0.8181818181818182
454,NW-flex,10,1.0
455,BWA-no-clip,1,0.5454545454545454
455,BWA-std,1,0.09090909090909091
455,NW-flex,1,1.0
455,BWA-no-clip,2,0.7272727272727273
455,BWA-std,2,0.18181818181818182
455,NW-flex,2,1.0
455,BWA-no-clip,3,0.9090909090909091
455,BWA-std,3,0.18181818181818182
455,NW-flex,3,1.0
455,BWA-no-clip,4,0.9090909090909091
455,BWA-std,4,0.36363636363636365
455,NW-flex,4,1.0
455,BWA-no-clip,5,1.0
455,BWA-std,5,0.36363636363636365
455,NW-flex,5,1.0
455,BWA-no-clip,6,1.0
455,BWA-std,6,0.45454545454545453
455,NW-flex,6,1.0
455,BWA-no-clip,7,1.0
455,BWA-std,7,0.45454545454545453
455,NW-flex,7,1.0
455,BWA-no-clip,8,1.0
455,BWA-std,8,0.6363636363636364
455,NW-flex,8,1.0
455,BWA-no-clip,9,1.0
455,BWA-std,9,0.6363636363636364
455,NW-flex,9,1.0
455,BWA-no-clip,10,1.0
455,BWA-std,10,0.8181818181818182
455,NW-flex,10,1.0
456,BWA-no-clip,1,0.5454545454545454
456,BWA-std,1,0.09090909090909091
456,NW-flex,1,1.0
456,BWA-no-clip,2,0.7272727272727273
456,BWA-std,2,0.18181818181818182
456,NW-flex,2,1.0
456,BWA-no-clip,3,0.8181818181818182
456,BWA-std,3,0.18181818181818182
456,NW-flex,3,1.0
456,BWA-no-clip,4,1.0
456,BWA-std,4,0.36363636363636365
456,NW-flex,4,1.0
456,BWA-no-clip,5,1.0
456,BWA-std,5,0.36363636363636365
456,NW-flex,5,1.0
456,BWA-no-clip,6,1.0
456,BWA-std,6,0.45454545454545453
456,NW-flex,6,1.0
456,BWA-no-clip,7,1.0
456,BWA-std,7,0.45454545454545453
456,NW-flex,7,1.0
456,BWA-no-clip,8,1.0
456,BWA-std,8,0.6363636363636364
456,NW-flex,8,1.0
456,BWA-no-clip,9,1.0
456,BWA-std,9,0.6363636363636364
456,NW-flex,9,1.0
456,BWA-no-clip,10,1.0
456,BWA-std,10,0.8181818181818182
456,NW-flex,10,1.0
457,BWA-no-clip,1,0.45454545454545453
457,BWA-std,1,0.09090909090909091
457,NW-flex,1,1.0
457,BWA-no-clip,2,0.7272727272727273
457,BWA-std,2,0.18181818181818182
457,NW-flex,2,1.0
457,BWA-no-clip,3,0.7272727272727273
457,BWA-std,3,0.18181818181818182
457,NW-flex,3,1.0
457,BWA-no-clip,4,0.7272727272727273
457,BWA-std,4,0.36363636363636365
457,NW-flex,4,1.0
457,BWA-no-clip,5,0.9090909090909091
457,BWA-std,5,0.36363636363636365
457,NW-flex,5,1.0
457,BWA-no-clip,6,1.0
457,BWA-std,6,0.45454545454545453
457,NW-flex,6,1.0
457,BWA-no-clip,7,1.0
457,BWA-std,7,0.45454545454545453
457,NW-flex,7,1.0
457,BWA-no-clip,8,1.0
457,BWA-std,8,0.6363636363636364
457,NW-flex,8,1.0
457,BWA-no-clip,9,1.0
457,BWA-std,9,0.6363636363636364
457,NW-flex,9,1.0
457,BWA-no-clip,10,1.0
457,BWA-std,10,0.8181818181818182
457,NW-flex,10,1.0
458,BWA-no-clip,1,0.09090909090909091
458,BWA-std,1,0.09090909090909091
458,NW-flex,1,1.0
458,BWA-no-clip,2,0.09090909090909091
458,BWA-std,2,0.09090909090909091
458,NW-flex,2,1.0
458,BWA-no-clip,3,0.5757575757575758
458,BWA-std,3,0.18181818181818182
458,NW-flex,3,1.0
458,BWA-no-clip,4,0.9090909090909091
458,BWA-std,4,0.36363636363636365
458,NW-flex,4,1.0
458,BWA-no-clip,5,1.0
458,BWA-std,5,0.36363636363636365
458,NW-flex,5,1.0
458,BWA-no-clip,6,1.0
458,BWA-std,6,0.45454545454545453
458,NW-flex,6,1.0
458,BWA-no-clip,7,1.0
458,BWA-std,7,0.45454545454545453
458,NW-flex,7,1.0
458,BWA-no-clip,8,1.0
458,BWA-std,8,0.6363636363636364
458,NW-flex,8,1.0
458,BWA-no-clip,9,1.0
458,BWA-std,9,0.6363636363636364
458,NW-flex,9,1.0
458,BWA-no-clip,10,1.0
458,BWA-std,10,0.8181818181818182
458,NW-flex,10,1.0
459,BWA-no-clip,1,0.5454545454545454
459,BWA-std,1,0.09090909090909091
459,NW-flex,1,1.0
459,BWA-no-clip,2,0.7272727272727273
459,BWA-std,2,0.18181818181818182
459,NW-flex,2,1.0
459,BWA-no-clip,3,0.9090909090909091
459,BWA-std,3,0.18181818181818182
459,NW-flex,3,1.0
459,BWA-no-clip,4,0.9090909090909091
459,BWA-std,4,0.36363636363636365
459,NW-flex,4,1.0
459,BWA-no-clip,5,1.0
459,BWA-std,5,0.36363636363636365
459,NW-flex,5,1.0
459,BWA-no-clip,6,1.0
459,BWA-std,6,0.45454545454545453
459,NW-flex,6,1.0
459,BWA-no-clip,7,1.0
459,BWA-std,7,0.45454545454545453
459,NW-flex,7,1.0
459,BWA-no-clip,8,1.0
459,BWA-std,8,0.6363636363636364
459,NW-flex,8,1.0
459,BWA-no-clip,9,1.0
459,BWA-std,9,0.6363636363636364
459,NW-flex,9,1.0
459,BWA-no-clip,10,1.0
459,BWA-std,10,0.8181818181818182
459,NW-flex,10,1.0
460,BWA-no-clip,1,0.18181818181818182
460,BWA-std,1,0.09090909090909091
460,NW-flex,1,1.0
460,BWA-no-clip,2,0.18181818181818182
460,BWA-std,2,0.09090909090909091
460,NW-flex,2,1.0
460,BWA-no-clip,3,0.7272727272727273
460,BWA-std,3,0.18181818181818182
460,NW-flex,3,1.0
460,BWA-no-clip,4,0.9090909090909091
460,BWA-std,4,0.36363636363636365
460,NW-flex,4,1.0
460,BWA-no-clip,5,1.0
460,BWA-std,5,0.36363636363636365
460,NW-flex,5,1.0
460,BWA-no-clip,6,1.0
460,BWA-std,6,0.45454545454545453
460,NW-flex,6,1.0
460,BWA-no-clip,7,1.0
460,BWA-std,7,0.45454545454545453
460,NW-flex,7,1.0
460,BWA-no-clip,8,1.0
460,BWA-std,8,0.6363636363636364
460,NW-flex,8,1.0
460,BWA-no-clip,9,1.0
460,BWA-std,9,0.6363636363636364
460,NW-flex,9,1.0
460,BWA-no-clip,10,1.0
460,BWA-std,10,0.8181818181818182
460,NW-flex,10,1.0
461,BWA-no-clip,1,0.18181818181818182
461,BWA-std,1,0.09090909090909091
461,NW-flex,1,1.0
461,BWA-no-clip,2,0.18181818181818182
461,BWA-std,2,0.09090909090909091
461,NW-flex,2,1.0
461,BWA-no-clip,3,0.7272727272727273
461,BWA-std,3,0.18181818181818182
461,NW-flex,3,1.0
461,BWA-no-clip,4,0.9090909090909091
461,BWA-std,4,0.36363636363636365
461,NW-flex,4,1.0
461,BWA-no-clip,5,1.0
461,BWA-std,5,0.36363636363636365
461,NW-flex,5,1.0
461,BWA-no-clip,6,1.0
461,BWA-std,6,0.45454545454545453
461,NW-flex,6,1.0
461,BWA-no-clip,7,1.0
461,BWA-std,7,0.45454545454545453
461,NW-flex,7,1.0
461,BWA-no-clip,8,1.0
461,BWA-std,8,0.6363636363636364
461,NW-flex,8,1.0
461,BWA-no-clip,9,1.0
461,BWA-std,9,0.6363636363636364
461,NW-flex,9,1.0
461,BWA-no-clip,10,1.0
461,BWA-std,10,0.8181818181818182
461,NW-flex,10,1.0
462,BWA-no-clip,1,0.45454545454545453
462,BWA-std,1,0.09090909090909091
462,NW-flex,1,1.0
462,BWA-no-clip,2,0.5454545454545454
462,BWA-std,2,0.09090909090909091
462,NW-flex,2,1.0
462,BWA-no-clip,3,0.6363636363636364
462,BWA-std,3,0.18181818181818182
462,NW-flex,3,1.0
462,BWA-no-clip,4,0.9090909090909091
462,BWA-std,4,0.36363636363636365
462,NW-flex,4,1.0
462,BWA-no-clip,5,1.0
462,BWA-std,5,0.36363636363636365
462,NW-flex,5,1.0
462,BWA-no-clip,6,1.0
462,BWA-std,6,0.45454545454545453
462,NW-flex,6,1.0
462,BWA-no-clip,7,1.0
462,BWA-std,7,0.45454545454545453
462,NW-flex,7,1.0
462,BWA-no-clip,8,1.0
462,BWA-std,8,0.6363636363636364
462,NW-flex,8,1.0
462,BWA-no-clip,9,1.0
462,BWA-std,9,0.6363636363636364
462,NW-flex,9,1.0
462,BWA-no-clip,10,1.0
462,BWA-std,10,0.8181818181818182
462,NW-flex,10,1.0
463,BWA-no-clip,1,0.5454545454545454
463,BWA-std,1,0.09090909090909091
463,NW-flex,1,1.0
463,BWA-no-clip,2,0.7272727272727273
463,BWA-std,2,0.18181818181818182
463,NW-flex,2,1.0
463,BWA-no-clip,3,0.9090909090909091
463,BWA-std,3,0.18181818181818182
463,NW-flex,3,1.0
463,BWA-no-clip,4,0.8181818181818182
463,BWA-std,4,0.36363636363636365
463,NW-flex,4,1.0
463,BWA-no-clip,5,0.9090909090909091
463,BWA-std,5,0.36363636363636365
463,NW-flex,5,1.0
463,BWA-no-clip,6,1.0
463,BWA-std,6,0.45454545454545453
463,NW-flex,6,1.0
463,BWA-no-clip,7,1.0
463,BWA-std,7,0.45454545454545453
463,NW-flex,7,1.0
463,BWA-no-clip,8,1.0
463,BWA-std,8,0.6363636363636364
463,NW-flex,8,1.0
463,BWA-no-clip,9,1.0
463,BWA-std,9,0.6363636363636364
463,NW-flex,9,1.0
463,BWA-no-clip,10,1.0
463,BWA-std,10,0.8181818181818182
463,NW-flex,10,1.0
464,BWA-no-clip,1,0.5454545454545454
464,BWA-std,1,0.09090909090909091
464,NW-flex,1,1.0
464,BWA-no-clip,2,0.5454545454545454
464,BWA-std,2,0.09090909090909091
464,NW-flex,2,1.0
464,BWA-no-clip,3,0.7272727272727273
464,BWA-std,3,0.18181818181818182
464,NW-flex,3,1.0
464,BWA-no-clip,4,0.8181818181818182
464,BWA-std,4,0.36363636363636365
464,NW-flex,4,1.0
464,BWA-no-clip,5,0.9090909090909091
464,BWA-std,5,0.36363636363636365
464,NW-flex,5,1.0
464,BWA-no-clip,6,0.9090909090909091
464,BWA-std,6,0.45454545454545453
464,NW-flex,6,1.0
464,BWA-no-clip,7,1.0
464,BWA-std,7,0.45454545454545453
464,NW-flex,7,1.0
464,BWA-no-clip,8,1.0
464,BWA-std,8,0.6363636363636364
464,NW-flex,8,1.0
464,BWA-no-clip,9,1.0
464,BWA-std,9,0.6363636363636364
464,NW-flex,9,1.0
464,BWA-no-clip,10,1.0
464,BWA-std,10,0.8181818181818182
464,NW-flex,10,1.0
465,BWA-no-clip,1,0.18181818181818182
465,BWA-std,1,0.09090909090909091
465,NW-flex,1,1.0
465,BWA-no-clip,2,0.5454545454545454
465,BWA-std,2,0.09090909090909091
465,NW-flex,2,1.0
465,BWA-no-clip,3,0.6363636363636364
465,BWA-std,3,0.09090909090909091
465,NW-flex,3,1.0
465,BWA-no-clip,4,0.7272727272727273
465,BWA-std,4,0.36363636363636365
465,NW-flex,4,1.0
465,BWA-no-clip,5,0.9090909090909091
465,BWA-std,5,0.36363636363636365
465,NW-flex,5,1.0
465,BWA-no-clip,6,1.0
465,BWA-std,6,0.45454545454545453
465,NW-flex,6,1.0
465,BWA-no-clip,7,1.0
465,BWA-std,7,0.45454545454545453
465,NW-flex,7,1.0
465,BWA-no-clip,8,1.0
465,BWA-std,8,0.6363636363636364
465,NW-flex,8,1.0
465,BWA-no-clip,9,1.0
465,BWA-std,9,0.6363636363636364
465,NW-flex,9,1.0
465,BWA-no-clip,10,1.0
465,BWA-std,10,0.8181818181818182
465,NW-flex,10,1.0
466,BWA-no-clip,1,0.2727272727272727
466,BWA-std,1,0.09090909090909091
466,NW-flex,1,1.0
466,BWA-no-clip,2,0.36363636363636365
466,BWA-std,2,0.18181818181818182
466,NW-flex,2,1.0
466,BWA-no-clip,3,0.36363636363636365
466,BWA-std,3,0.18181818181818182
466,NW-flex,3,1.0
466,BWA-no-clip,4,0.9090909090909091
466,BWA-std,4,0.36363636363636365
466,NW-flex,4,1.0
466,BWA-no-clip,5,0.9090909090909091
466,BWA-std,5,0.36363636363636365
466,NW-flex,5,1.0
466,BWA-no-clip,6,0.9090909090909091
466,BWA-std,6,0.45454545454545453
466,NW-flex,6,1.0
466,BWA-no-clip,7,1.0
466,BWA-std,7,0.45454545454545453
466,NW-flex,7,1.0
466,BWA-no-clip,8,1.0
466,BWA-std,8,0.6363636363636364
466,NW-flex,8,1.0
466,BWA-no-clip,9,1.0
466,BWA-std,9,0.6363636363636364
466,NW-flex,9,1.0
466,BWA-no-clip,10,1.0
466,BWA-std,10,0.8181818181818182
466,NW-flex,10,1.0
467,BWA-no-clip,1,0.09090909090909091
467,BWA-std,1,0.09090909090909091
467,NW-flex,1,1.0
467,BWA-no-clip,2,0.5454545454545454
467,BWA-std,2,0.09090909090909091
467,NW-flex,2,1.0
467,BWA-no-clip,3,0.6363636363636364
467,BWA-std,3,0.09090909090909091
467,NW-flex,3,1.0
467,BWA-no-clip,4,0.7272727272727273
467,BWA-std,4,0.36363636363636365
467,NW-flex,4,1.0
467,BWA-no-clip,5,0.7272727272727273
467,BWA-std,5,0.36363636363636365
467,NW-flex,5,1.0
467,BWA-no-clip,6,0.9090909090909091
467,BWA-std,6,0.45454545454545453
467,NW-flex,6,1.0
467,BWA-no-clip,7,1.0
467,BWA-std,7,0.45454545454545453
467,NW-flex,7,1.0
467,BWA-no-clip,8,1.0
467,BWA-std,8,0.6363636363636364
467,NW-flex,8,1.0
467,BWA-no-clip,9,1.0
467,BWA-std,9,0.6363636363636364
467,NW-flex,9,1.0
467,BWA-no-clip,10,1.0
467,BWA-std,10,0.8181818181818182
467,NW-flex,10,1.0
468,BWA-no-clip,1,0.5454545454545454
468,BWA-std,1,0.09090909090909091
468,NW-flex,1,1.0
468,BWA-no-clip,2,0.7272727272727273
468,BWA-std,2,0.18181818181818182
468,NW-flex,2,1.0
468,BWA-no-clip,3,0.9090909090909091
468,BWA-std,3,0.18181818181818182
468,NW-flex,3,1.0
468,BWA-no-clip,4,1.0
468,BWA-std,4,0.36363636363636365
468,NW-flex,4,1.0
468,BWA-no-clip,5,1.0
468,BWA-std,5,0.36363636363636365
468,NW-flex,5,1.0
468,BWA-no-clip,6,1.0
468,BWA-std,6,0.45454545454545453
468,NW-flex,6,1.0
468,BWA-no-clip,7,1.0
468,BWA-std,7,0.45454545454545453
468,NW-flex,7,1.0
468,BWA-no-clip,8,1.0
468,BWA-std,8,0.6363636363636364
468,NW-flex,8,1.0
468,BWA-no-clip,9,1.0
468,BWA-std,9,0.6363636363636364
468,NW-flex,9,1.0
468,BWA-no-clip,10,1.0
468,BWA-std,10,0.8181818181818182
468,NW-flex,10,1.0
469,BWA-no-clip,1,0.5454545454545454
469,BWA-std,1,0.09090909090909091
469,NW-flex,1,1.0
469,BWA-no-clip,2,0.7272727272727273
469,BWA-std,2,0.18181818181818182
469,NW-flex,2,1.0
469,BWA-no-clip,3,0.9090909090909091
469,BWA-std,3,0.18181818181818182
469,NW-flex,3,1.0
469,BWA-no-clip,4,1.0
469,BWA-std,4,0.36363636363636365
469,NW-flex,4,1.0
469,BWA-no-clip,5,1.0
469,BWA-std,5,0.36363636363636365
469,NW-flex,5,1.0
469,BWA-no-clip,6,1.0
469,BWA-std,6,0.45454545454545453
469,NW-flex,6,1.0
469,BWA-no-clip,7,1.0
469,BWA-std,7,0.45454545454545453
469,NW-flex,7,1.0
469,BWA-no-clip,8,1.0
469,BWA-std,8,0.6363636363636364
469,NW-flex,8,1.0
469,BWA-no-clip,9,1.0
469,BWA-std,9,0.6363636363636364
469,NW-flex,9,1.0
469,BWA-no-clip,10,1.0
469,BWA-std,10,0.8181818181818182
469,NW-flex,10,1.0
470,BWA-no-clip,1,0.5454545454545454
470,BWA-std,1,0.09090909090909091
470,NW-flex,1,1.0
470,BWA-no-clip,2,0.7272727272727273
470,BWA-std,2,0.18181818181818182
470,NW-flex,2,1.0
470,BWA-no-clip,3,0.8181818181818182
470,BWA-std,3,0.18181818181818182
470,NW-flex,3,1.0
470,BWA-no-clip,4,0.8181818181818182
470,BWA-std,4,0.36363636363636365
470,NW-flex,4,1.0
470,BWA-no-clip,5,1.0
470,BWA-std,5,0.36363636363636365
470,NW-flex,5,1.0
470,BWA-no-clip,6,1.0
470,BWA-std,6,0.45454545454545453
470,NW-flex,6,1.0
470,BWA-no-clip,7,1.0
470,BWA-std,7,0.45454545454545453
470,NW-flex,7,1.0
470,BWA-no-clip,8,1.0
470,BWA-std,8,0.6363636363636364
470,NW-flex,8,1.0
470,BWA-no-clip,9,1.0
470,BWA-std,9,0.6363636363636364
470,NW-flex,9,1.0
470,BWA-no-clip,10,1.0
470,BWA-std,10,0.8181818181818182
470,NW-flex,10,1.0
471,BWA-no-clip,1,0.5454545454545454
471,BWA-std,1,0.09090909090909091
471,NW-flex,1,1.0
471,BWA-no-clip,2,0.7272727272727273
471,BWA-std,2,0.18181818181818182
471,NW-flex,2,1.0
471,BWA-no-clip,3,0.7272727272727273
471,BWA-std,3,0.18181818181818182
471,NW-flex,3,1.0
471,BWA-no-clip,4,0.9090909090909091
471,BWA-std,4,0.36363636363636365
471,NW-flex,4,1.0
471,BWA-no-clip,5,0.9090909090909091
471,BWA-std,5,0.36363636363636365
471,NW-flex,5,1.0
471,BWA-no-clip,6,1.0
471,BWA-std,6,0.45454545454545453
471,NW-flex,6,1.0
471,BWA-no-clip,7,1.0
471,BWA-std,7,0.45454545454545453
471,NW-flex,7,1.0
471,BWA-no-clip,8,1.0
471,BWA-std,8,0.6363636363636364
471,NW-flex,8,1.0
471,BWA-no-clip,9,1.0
471,BWA-std,9,0.6363636363636364
471,NW-flex,9,1.0
471,BWA-no-clip,10,1.0
471,BWA-std,10,0.8181818181818182
471,NW-flex,10,1.0
472,BWA-no-clip,1,0.45454545454545453
472,BWA-std,1,0.09090909090909091
472,NW-flex,1,1.0
472,BWA-no-clip,2,0.7272727272727273
472,BWA-std,2,0.18181818181818182
472,NW-flex,2,1.0
472,BWA-no-clip,3,0.9090909090909091
472,BWA-std,3,0.18181818181818182
472,NW-flex,3,1.0
472,BWA-no-clip,4,1.0
472,BWA-std,4,0.36363636363636365
472,NW-flex,4,1.0
472,BWA-no-clip,5,0.9090909090909091
472,BWA-std,5,0.36363636363636365
472,NW-flex,5,1.0
472,BWA-no-clip,6,0.9090909090909091
472,BWA-std,6,0.45454545454545453
472,NW-flex,6,1.0
472,BWA-no-clip,7,0.9090909090909091
472,BWA-std,7,0.45454545454545453
472,NW-flex,7,1.0
472,BWA-no-clip,8,1.0
472,BWA-std,8,0.6363636363636364
472,NW-flex,8,1.0
472,BWA-no-clip,9,1.0
472,BWA-std,9,0.6363636363636364
472,NW-flex,9,1.0
472,BWA-no-clip,10,1.0
472,BWA-std,10,0.8181818181818182
472,NW-flex,10,1.0
473,BWA-no-clip,1,0.45454545454545453
473,BWA-std,1,0.09090909090909091
473,NW-flex,1,1.0
473,BWA-no-clip,2,0.6363636363636364
473,BWA-std,2,0.18181818181818182
473,NW-flex,2,1.0
473,BWA-no-clip,3,0.7272727272727273
473,BWA-std,3,0.18181818181818182
473,NW-flex,3,1.0
473,BWA-no-clip,4,0.7272727272727273
473,BWA-std,4,0.36363636363636365
473,NW-flex,4,1.0
473,BWA-no-clip,5,0.9090909090909091
473,BWA-std,5,0.36363636363636365
473,NW-flex,5,1.0
473,BWA-no-clip,6,1.0
473,BWA-std,6,0.45454545454545453
473,NW-flex,6,1.0
473,BWA-no-clip,7,1.0
473,BWA-std,7,0.45454545454545453
473,NW-flex,7,1.0
473,BWA-no-clip,8,1.0
473,BWA-std,8,0.6363636363636364
473,NW-flex,8,1.0
473,BWA-no-clip,9,1.0
473,BWA-std,9,0.6363636363636364
473,NW-flex,9,1.0
473,BWA-no-clip,10,1.0
473,BWA-std,10,0.8181818181818182
473,NW-flex,10,1.0
474,BWA-no-clip,1,0.5454545454545454
474,BWA-std,1,0.09090909090909091
474,NW-flex,1,1.0
474,BWA-no-clip,2,0.7272727272727273
474,BWA-std,2,0.18181818181818182
474,NW-flex,2,1.0
474,BWA-no-clip,3,0.9090909090909091
474,BWA-std,3,0.18181818181818182
474,NW-flex,3,1.0
474,BWA-no-clip,4,1.0
474,BWA-std,4,0.36363636363636365
474,NW-flex,4,1.0
474,BWA-no-clip,5,1.0
474,BWA-std,5,0.36363636363636365
474,NW-flex,5,1.0
474,BWA-no-clip,6,1.0
474,BWA-std,6,0.45454545454545453
474,NW-flex,6,1.0
474,BWA-no-clip,7,1.0
474,BWA-std,7,0.45454545454545453
474,NW-flex,7,1.0
474,BWA-no-clip,8,1.0
474,BWA-std,8,0.6363636363636364
474,NW-flex,8,1.0
474,BWA-no-clip,9,1.0
474,BWA-std,9,0.6363636363636364
474,NW-flex,9,1.0
474,BWA-no-clip,10,1.0
474,BWA-std,10,0.8181818181818182
474,NW-flex,10,1.0
475,BWA-no-clip,1,0.5454545454545454
475,BWA-std,1,0.09090909090909091
475,NW-flex,1,1.0
475,BWA-no-clip,2,0.7272727272727273
475,BWA-std,2,0.18181818181818182
475,NW-flex,2,1.0
475,BWA-no-clip,3,0.8181818181818182
475,BWA-std,3,0.18181818181818182
475,NW-flex,3,1.0
475,BWA-no-clip,4,1.0
475,BWA-std,4,0.36363636363636365
475,NW-flex,4,1.0
475,BWA-no-clip,5,1.0
475,BWA-std,5,0.36363636363636365
475,NW-flex,5,1.0
475,BWA-no-clip,6,1.0
475,BWA-std,6,0.45454545454545453
475,NW-flex,6,1.0
475,BWA-no-clip,7,1.0
475,BWA-std,7,0.45454545454545453
475,NW-flex,7,1.0
475,BWA-no-clip,8,1.0
475,BWA-std,8,0.6363636363636364
475,NW-flex,8,1.0
475,BWA-no-clip,9,1.0
475,BWA-std,9,0.6363636363636364
475,NW-flex,9,1.0
475,BWA-no-clip,10,1.0
475,BWA-std,10,0.8181818181818182
475,NW-flex,10,1.0
476,BWA-no-clip,1,0.5454545454545454
476,BWA-std,1,0.09090909090909091
476,NW-flex,1,1.0
476,BWA-no-clip,2,0.5454545454545454
476,BWA-std,2,0.09090909090909091
476,NW-flex,2,1.0
476,BWA-no-clip,3,0.7272727272727273
476,BWA-std,3,0.18181818181818182
476,NW-flex,3,1.0
476,BWA-no-clip,4,0.9090909090909091
476,BWA-std,4,0.36363636363636365
476,NW-flex,4,1.0
476,BWA-no-clip,5,1.0
476,BWA-std,5,0.36363636363636365
476,NW-flex,5,1.0
476,BWA-no-clip,6,1.0
476,BWA-std,6,0.45454545454545453
476,NW-flex,6,1.0
476,BWA-no-clip,7,1.0
476,BWA-std,7,0.45454545454545453
476,NW-flex,7,1.0
476,BWA-no-clip,8,1.0
476,BWA-std,8,0.6363636363636364
476,NW-flex,8,1.0
476,BWA-no-clip,9,1.0
476,BWA-std,9,0.6363636363636364
476,NW-flex,9,1.0
476,BWA-no-clip,10,1.0
476,BWA-std,10,0.8181818181818182
476,NW-flex,10,1.0
477,BWA-no-clip,1,0.09090909090909091
477,BWA-std,1,0.09090909090909091
477,NW-flex,1,1.0
477,BWA-no-clip,2,0.5454545454545454
477,BWA-std,2,0.09090909090909091
477,NW-flex,2,1.0
477,BWA-no-clip,3,0.7272727272727273
477,BWA-std,3,0.18181818181818182
477,NW-flex,3,1.0
477,BWA-no-clip,4,0.9090909090909091
477,BWA-std,4,0.36363636363636365
477,NW-flex,4,1.0
477,BWA-no-clip,5,1.0
477,BWA-std,5,0.36363636363636365
477,NW-flex,5,1.0
477,BWA-no-clip,6,1.0
477,BWA-std,6,0.45454545454545453
477,NW-flex,6,1.0
477,BWA-no-clip,7,1.0
477,BWA-std,7,0.45454545454545453
477,NW-flex,7,1.0
477,BWA-no-clip,8,1.0
477,BWA-std,8,0.6363636363636364
477,NW-flex,8,1.0
477,BWA-no-clip,9,1.0
477,BWA-std,9,0.6363636363636364
477,NW-flex,9,1.0
477,BWA-no-clip,10,1.0
477,BWA-std,10,0.8181818181818182
477,NW-flex,10,1.0
478,BWA-no-clip,1,0.18181818181818182
478,BWA-std,1,0.09090909090909091
478,NW-flex,1,1.0
478,BWA-no-clip,2,0.36363636363636365
478,BWA-std,2,0.18181818181818182
478,NW-flex,2,1.0
478,BWA-no-clip,3,0.8181818181818182
478,BWA-std,3,0.18181818181818182
478,NW-flex,3,1.0
478,BWA-no-clip,4,0.8181818181818182
478,BWA-std,4,0.36363636363636365
478,NW-flex,4,1.0
478,BWA-no-clip,5,0.8181818181818182
478,BWA-std,5,0.36363636363636365
478,NW-flex,5,1.0
478,BWA-no-clip,6,1.0
478,BWA-std,6,0.45454545454545453
478,NW-flex,6,1.0
478,BWA-no-clip,7,1.0
478,BWA-std,7,0.45454545454545453
478,NW-flex,7,1.0
478,BWA-no-clip,8,1.0
478,BWA-std,8,0.6363636363636364
478,NW-flex,8,1.0
478,BWA-no-clip,9,1.0
478,BWA-std,9,0.6363636363636364
478,NW-flex,9,1.0
478,BWA-no-clip,10,1.0
478,BWA-std,10,0.8181818181818182
478,NW-flex,10,1.0
479,BWA-no-clip,1,0.5454545454545454
479,BWA-std,1,0.09090909090909091
479,NW-flex,1,1.0
479,BWA-no-clip,2,0.6363636363636364
479,BWA-std,2,0.18181818181818182
479,NW-flex,2,1.0
479,BWA-no-clip,3,0.7272727272727273
479,BWA-std,3,0.18181818181818182
479,NW-flex,3,1.0
479,BWA-no-clip,4,0.9090909090909091
479,BWA-std,4,0.36363636363636365
479,NW-flex,4,1.0
479,BWA-no-clip,5,0.9090909090909091
479,BWA-std,5,0.36363636363636365
479,NW-flex,5,1.0
479,BWA-no-clip,6,1.0
479,BWA-std,6,0.45454545454545453
479,NW-flex,6,1.0
479,BWA-no-clip,7,1.0
479,BWA-std,7,0.45454545454545453
479,NW-flex,7,1.0
479,BWA-no-clip,8,1.0
479,BWA-std,8,0.6363636363636364
479,NW-flex,8,1.0
479,BWA-no-clip,9,1.0
479,BWA-std,9,0.6363636363636364
479,NW-flex,9,1.0
479,BWA-no-clip,10,1.0
479,BWA-std,10,0.8181818181818182
479,NW-flex,10,1.0
480,BWA-no-clip,1,0.5454545454545454
480,BWA-std,1,0.09090909090909091
480,NW-flex,1,1.0
480,BWA-no-clip,2,0.5454545454545454
480,BWA-std,2,0.09090909090909091
480,NW-flex,2,1.0
480,BWA-no-clip,3,0.7272727272727273
480,BWA-std,3,0.18181818181818182
480,NW-flex,3,1.0
480,BWA-no-clip,4,0.9090909090909091
480,BWA-std,4,0.36363636363636365
480,NW-flex,4,1.0
480,BWA-no-clip,5,1.0
480,BWA-std,5,0.36363636363636365
480,NW-flex,5,1.0
480,BWA-no-clip,6,1.0
480,BWA-std,6,0.45454545454545453
480,NW-flex,6,1.0
480,BWA-no-clip,7,1.0
480,BWA-std,7,0.45454545454545453
480,NW-flex,7,1.0
480,BWA-no-clip,8,1.0
480,BWA-std,8,0.6363636363636364
480,NW-flex,8,1.0
480,BWA-no-clip,9,1.0
480,BWA-std,9,0.6363636363636364
480,NW-flex,9,1.0
480,BWA-no-clip,10,1.0
480,BWA-std,10,0.8181818181818182
480,NW-flex,10,1.0
481,BWA-no-clip,1,0.5454545454545454
481,BWA-std,1,0.09090909090909091
481,NW-flex,1,1.0
481,BWA-no-clip,2,0.5454545454545454
481,BWA-std,2,0.09090909090909091
481,NW-flex,2,1.0
481,BWA-no-clip,3,0.7272727272727273
481,BWA-std,3,0.18181818181818182
481,NW-flex,3,1.0
481,BWA-no-clip,4,0.7272727272727273
481,BWA-std,4,0.36363636363636365
481,NW-flex,4,1.0
481,BWA-no-clip,5,0.9090909090909091
481,BWA-std,5,0.36363636363636365
481,NW-flex,5,1.0
481,BWA-no-clip,6,1.0
481,BWA-std,6,0.45454545454545453
481,NW-flex,6,1.0
481,BWA-no-clip,7,1.0
481,BWA-std,7,0.45454545454545453
481,NW-flex,7,1.0
481,BWA-no-clip,8,1.0
481,BWA-std,8,0.6363636363636364
481,NW-flex,8,1.0
481,BWA-no-clip,9,1.0
481,BWA-std,9,0.6363636363636364
481,NW-flex,9,1.0
481,BWA-no-clip,10,1.0
481,BWA-std,10,0.8181818181818182
481,NW-flex,10,1.0
482,BWA-no-clip,1,0.5454545454545454
482,BWA-std,1,0.09090909090909091
482,NW-flex,1,1.0
482,BWA-no-clip,2,0.5454545454545454
482,BWA-std,2,0.09090909090909091
482,NW-flex,2,1.0
482,BWA-no-clip,3,0.7272727272727273
482,BWA-std,3,0.18181818181818182
482,NW-flex,3,1.0
482,BWA-no-clip,4,0.7272727272727273
482,BWA-std,4,0.36363636363636365
482,NW-flex,4,1.0
482,BWA-no-clip,5,0.9090909090909091
482,BWA-std,5,0.36363636363636365
482,NW-flex,5,1.0
482,BWA-no-clip,6,1.0
482,BWA-std,6,0.45454545454545453
482,NW-flex,6,1.0
482,BWA-no-clip,7,1.0
482,BWA-std,7,0.45454545454545453
482,NW-flex,7,1.0
482,BWA-no-clip,8,1.0
482,BWA-std,8,0.6363636363636364
482,NW-flex,8,1.0
482,BWA-no-clip,9,1.0
482,BWA-std,9,0.6363636363636364
482,NW-flex,9,1.0
482,BWA-no-clip,10,1.0
482,BWA-std,10,0.8181818181818182
482,NW-flex,10,1.0
483,BWA-no-clip,1,0.5454545454545454
483,BWA-std,1,0.09090909090909091
483,NW-flex,1,1.0
483,BWA-no-clip,2,0.7272727272727273
483,BWA-std,2,0.18181818181818182
483,NW-flex,2,1.0
483,BWA-no-clip,3,0.9090909090909091
483,BWA-std,3,0.18181818181818182
483,NW-flex,3,1.0
483,BWA-no-clip,4,0.8181818181818182
483,BWA-std,4,0.36363636363636365
483,NW-flex,4,1.0
483,BWA-no-clip,5,0.8181818181818182
483,BWA-std,5,0.36363636363636365
483,NW-flex,5,1.0
483,BWA-no-clip,6,0.8181818181818182
483,BWA-std,6,0.45454545454545453
483,NW-flex,6,1.0
483,BWA-no-clip,7,1.0
483,BWA-std,7,0.45454545454545453
483,NW-flex,7,1.0
483,BWA-no-clip,8,1.0
483,BWA-std,8,0.6363636363636364
483,NW-flex,8,1.0
483,BWA-no-clip,9,1.0
483,BWA-std,9,0.6363636363636364
483,NW-flex,9,1.0
483,BWA-no-clip,10,1.0
483,BWA-std,10,0.8181818181818182
483,NW-flex,10,1.0
484,BWA-no-clip,1,0.09090909090909091
484,BWA-std,1,0.09090909090909091
484,NW-flex,1,1.0
484,BWA-no-clip,2,0.45454545454545453
484,BWA-std,2,0.09090909090909091
484,NW-flex,2,1.0
484,BWA-no-clip,3,0.5454545454545454
484,BWA-std,3,0.09090909090909091
484,NW-flex,3,1.0
484,BWA-no-clip,4,0.7272727272727273
484,BWA-std,4,0.36363636363636365
484,NW-flex,4,1.0
484,BWA-no-clip,5,0.8181818181818182
484,BWA-std,5,0.36363636363636365
484,NW-flex,5,1.0
484,BWA-no-clip,6,0.9090909090909091
484,BWA-std,6,0.45454545454545453
484,NW-flex,6,1.0
484,BWA-no-clip,7,0.9090909090909091
484,BWA-std,7,0.45454545454545453
484,NW-flex,7,1.0
484,BWA-no-clip,8,0.9090909090909091
484,BWA-std,8,0.6363636363636364
484,NW-flex,8,1.0
484,BWA-no-clip,9,1.0
484,BWA-std,9,0.6363636363636364
484,NW-flex,9,1.0
484,BWA-no-clip,10,1.0
484,BWA-std,10,0.8181818181818182
484,NW-flex,10,1.0
485,BWA-no-clip,1,0.09090909090909091
485,BWA-std,1,0.09090909090909091
485,NW-flex,1,1.0
485,BWA-no-clip,2,0.5454545454545454
485,BWA-std,2,0.09090909090909091
485,NW-flex,2,1.0
485,BWA-no-clip,3,0.7272727272727273
485,BWA-std,3,0.18181818181818182
485,NW-flex,3,1.0
485,BWA-no-clip,4,0.9090909090909091
485,BWA-std,4,0.36363636363636365
485,NW-flex,4,1.0
485,BWA-no-clip,5,1.0
485,BWA-std,5,0.36363636363636365
485,NW-flex,5,1.0
485,BWA-no-clip,6,1.0
485,BWA-std,6,0.45454545454545453
485,NW-flex,6,1.0
485,BWA-no-clip,7,1.0
485,BWA-std,7,0.45454545454545453
485,NW-flex,7,1.0
485,BWA-no-clip,8,1.0
485,BWA-std,8,0.6363636363636364
485,NW-flex,8,1.0
485,BWA-no-clip,9,1.0
485,BWA-std,9,0.6363636363636364
485,NW-flex,9,1.0
485,BWA-no-clip,10,1.0
485,BWA-std,10,0.8181818181818182
485,NW-flex,10,1.0
486,BWA-no-clip,1,0.45454545454545453
486,BWA-std,1,0.09090909090909091
486,NW-flex,1,1.0
486,BWA-no-clip,2,0.5454545454545454
486,BWA-std,2,0.09090909090909091
486,NW-flex,2,1.0
486,BWA-no-clip,3,0.6363636363636364
486,BWA-std,3,0.18181818181818182
486,NW-flex,3,1.0
486,BWA-no-clip,4,0.8181818181818182
486,BWA-std,4,0.36363636363636365
486,NW-flex,4,1.0
486,BWA-no-clip,5,1.0
486,BWA-std,5,0.36363636363636365
486,NW-flex,5,1.0
486,BWA-no-clip,6,1.0
486,BWA-std,6,0.45454545454545453
486,NW-flex,6,1.0
486,BWA-no-clip,7,1.0
486,BWA-std,7,0.45454545454545453
486,NW-flex,7,1.0
486,BWA-no-clip,8,1.0
486,BWA-std,8,0.6363636363636364
486,NW-flex,8,1.0
486,BWA-no-clip,9,1.0
486,BWA-std,9,0.6363636363636364
486,NW-flex,9,1.0
486,BWA-no-clip,10,1.0
486,BWA-std,10,0.8181818181818182
486,NW-flex,10,1.0
487,BWA-no-clip,1,0.5454545454545454
487,BWA-std,1,0.09090909090909091
487,NW-flex,1,1.0
487,BWA-no-clip,2,0.5454545454545454
487,BWA-std,2,0.09090909090909091
487,NW-flex,2,1.0
487,BWA-no-clip,3,0.7272727272727273
487,BWA-std,3,0.18181818181818182
487,NW-flex,3,1.0
487,BWA-no-clip,4,0.9090909090909091
487,BWA-std,4,0.36363636363636365
487,NW-flex,4,1.0
487,BWA-no-clip,5,1.0
487,BWA-std,5,0.36363636363636365
487,NW-flex,5,1.0
487,BWA-no-clip,6,1.0
487,BWA-std,6,0.45454545454545453
487,NW-flex,6,1.0
487,BWA-no-clip,7,1.0
487,BWA-std,7,0.45454545454545453
487,NW-flex,7,1.0
487,BWA-no-clip,8,1.0
487,BWA-std,8,0.6363636363636364
487,NW-flex,8,1.0
487,BWA-no-clip,9,1.0
487,BWA-std,9,0.6363636363636364
487,NW-flex,9,1.0
487,BWA-no-clip,10,1.0
487,BWA-std,10,0.8181818181818182
487,NW-flex,10,1.0
488,BWA-no-clip,1,0.18181818181818182
488,BWA-std,1,0.09090909090909091
488,NW-flex,1,1.0
488,BWA-no-clip,2,0.5454545454545454
488,BWA-std,2,0.09090909090909091
488,NW-flex,2,1.0
488,BWA-no-clip,3,0.6363636363636364
488,BWA-std,3,0.09090909090909091
488,NW-flex,3,1.0
488,BWA-no-clip,4,0.7272727272727273
488,BWA-std,4,0.36363636363636365
488,NW-flex,4,1.0
488,BWA-no-clip,5,0.9090909090909091
488,BWA-std,5,0.36363636363636365
488,NW-flex,5,1.0
488,BWA-no-clip,6,1.0
488,BWA-std,6,0.45454545454545453
488,NW-flex,6,1.0
488,BWA-no-clip,7,1.0
488,BWA-std,7,0.45454545454545453
488,NW-flex,7,1.0
488,BWA-no-clip,8,1.0
488,BWA-std,8,0.6363636363636364
488,NW-flex,8,1.0
488,BWA-no-clip,9,1.0
488,BWA-std,9,0.6363636363636364
488,NW-flex,9,1.0
488,BWA-no-clip,10,1.0
488,BWA-std,10,0.8181818181818182
488,NW-flex,10,1.0
489,BWA-no-clip,1,0.18181818181818182
489,BWA-std,1,0.09090909090909091
489,NW-flex,1,1.0
489,BWA-no-clip,2,0.6363636363636364
489,BWA-std,2,0.18181818181818182
489,NW-flex,2,1.0
489,BWA-no-clip,3,0.7272727272727273
489,BWA-std,3,0.18181818181818182
489,NW-flex,3,1.0
489,BWA-no-clip,4,0.7272727272727273
489,BWA-std,4,0.36363636363636365
489,NW-flex,4,1.0
489,BWA-no-clip,5,0.9090909090909091
489,BWA-std,5,0.36363636363636365
489,NW-flex,5,1.0
489,BWA-no-clip,6,0.9090909090909091
489,BWA-std,6,0.45454545454545453
489,NW-flex,6,1.0
489,BWA-no-clip,7,0.9090909090909091
489,BWA-std,7,0.45454545454545453
489,NW-flex,7,1.0
489,BWA-no-clip,8,1.0
489,BWA-std,8,0.6363636363636364
489,NW-flex,8,1.0
489,BWA-no-clip,9,1.0
489,BWA-std,9,0.6363636363636364
489,NW-flex,9,1.0
489,BWA-no-clip,10,1.0
489,BWA-std,10,0.8181818181818182
489,NW-flex,10,1.0
490,BWA-no-clip,1,0.09090909090909091
490,BWA-std,1,0.09090909090909091
490,NW-flex,1,1.0
490,BWA-no-clip,2,0.45454545454545453
490,BWA-std,2,0.09090909090909091
490,NW-flex,2,1.0
490,BWA-no-clip,3,0.6363636363636364
490,BWA-std,3,0.09090909090909091
490,NW-flex,3,1.0
490,BWA-no-clip,4,0.7272727272727273
490,BWA-std,4,0.36363636363636365
490,NW-flex,4,1.0
490,BWA-no-clip,5,0.9090909090909091
490,BWA-std,5,0.36363636363636365
490,NW-flex,5,1.0
490,BWA-no-clip,6,0.9090909090909091
490,BWA-std,6,0.45454545454545453
490,NW-flex,6,1.0
490,BWA-no-clip,7,1.0
490,BWA-std,7,0.45454545454545453
490,NW-flex,7,1.0
490,BWA-no-clip,8,1.0
490,BWA-std,8,0.6363636363636364
490,NW-flex,8,1.0
490,BWA-no-clip,9,1.0
490,BWA-std,9,0.6363636363636364
490,NW-flex,9,1.0
490,BWA-no-clip,10,1.0
490,BWA-std,10,0.8181818181818182
490,NW-flex,10,1.0
491,BWA-no-clip,1,0.36363636363636365
491,BWA-std,1,0.09090909090909091
491,NW-flex,1,1.0
491,BWA-no-clip,2,0.45454545454545453
491,BWA-std,2,0.09090909090909091
491,NW-flex,2,1.0
491,BWA-no-clip,3,0.5454545454545454
491,BWA-std,3,0.18181818181818182
491,NW-flex,3,1.0
491,BWA-no-clip,4,0.6363636363636364
491,BWA-std,4,0.2727272727272727
491,NW-flex,4,1.0
491,BWA-no-clip,5,0.8181818181818182
491,BWA-std,5,0.2727272727272727
491,NW-flex,5,1.0
491,BWA-no-clip,6,1.0
491,BWA-std,6,0.45454545454545453
491,NW-flex,6,1.0
491,BWA-no-clip,7,1.0
491,BWA-std,7,0.45454545454545453
491,NW-flex,7,1.0
491,BWA-no-clip,8,1.0
491,BWA-std,8,0.6363636363636364
491,NW-flex,8,1.0
491,BWA-no-clip,9,1.0
491,BWA-std,9,0.6363636363636364
491,NW-flex,9,1.0
491,BWA-no-clip,10,1.0
491,BWA-std,10,0.8181818181818182
491,NW-flex,10,1.0
492,BWA-no-clip,1,0.09090909090909091
492,BWA-std,1,0.09090909090909091
492,NW-flex,1,1.0
492,BWA-no-clip,2,0.18181818181818182
492,BWA-std,2,0.09090909090909091
492,NW-flex,2,1.0
492,BWA-no-clip,3,0.2727272727272727
492,BWA-std,3,0.09090909090909091
492,NW-flex,3,1.0
492,BWA-no-clip,4,0.45454545454545453
492,BWA-std,4,0.36363636363636365
492,NW-flex,4,1.0
492,BWA-no-clip,5,0.7272727272727273
492,BWA-std,5,0.36363636363636365
492,NW-flex,5,1.0
492,BWA-no-clip,6,0.9090909090909091
492,BWA-std,6,0.45454545454545453
492,NW-flex,6,1.0
492,BWA-no-clip,7,0.9090909090909091
492,BWA-std,7,0.45454545454545453
492,NW-flex,7,1.0
492,BWA-no-clip,8,0.9090909090909091
492,BWA-std,8,0.6363636363636364
492,NW-flex,8,1.0
492,BWA-no-clip,9,1.0
492,BWA-std,9,0.6363636363636364
492,NW-flex,9,1.0
492,BWA-no-clip,10,1.0
492,BWA-std,10,0.8181818181818182
492,NW-flex,10,1.0
493,BWA-no-clip,1,0.5454545454545454
493,BWA-std,1,0.09090909090909091
493,NW-flex,1,1.0
493,BWA-no-clip,2,0.7272727272727273
493,BWA-std,2,0.18181818181818182
493,NW-flex,2,1.0
493,BWA-no-clip,3,0.9090909090909091
493,BWA-std,3,0.18181818181818182
493,NW-flex,3,1.0
493,BWA-no-clip,4,1.0
493,BWA-std,4,0.36363636363636365
493,NW-flex,4,1.0
493,BWA-no-clip,5,0.9090909090909091
493,BWA-std,5,0.36363636363636365
493,NW-flex,5,1.0
493,BWA-no-clip,6,1.0
493,BWA-std,6,0.45454545454545453
493,NW-flex,6,1.0
493,BWA-no-clip,7,1.0
493,BWA-std,7,0.45454545454545453
493,NW-flex,7,1.0
493,BWA-no-clip,8,1.0
493,BWA-std,8,0.6363636363636364
493,NW-flex,8,1.0
493,BWA-no-clip,9,1.0
493,BWA-std,9,0.6363636363636364
493,NW-flex,9,1.0
493,BWA-no-clip,10,1.0
493,BWA-std,10,0.8181818181818182
493,NW-flex,10,1.0
494,BWA-no-clip,1,0.45454545454545453
494,BWA-std,1,0.09090909090909091
494,NW-flex,1,1.0
494,BWA-no-clip,2,0.6363636363636364
494,BWA-std,2,0.18181818181818182
494,NW-flex,2,1.0
494,BWA-no-clip,3,0.7272727272727273
494,BWA-std,3,0.18181818181818182
494,NW-flex,3,1.0
494,BWA-no-clip,4,0.7272727272727273
494,BWA-std,4,0.36363636363636365
494,NW-flex,4,1.0
494,BWA-no-clip,5,0.9090909090909091
494,BWA-std,5,0.36363636363636365
494,NW-flex,5,1.0
494,BWA-no-clip,6,0.9090909090909091
494,BWA-std,6,0.45454545454545453
494,NW-flex,6,1.0
494,BWA-no-clip,7,1.0
494,BWA-std,7,0.45454545454545453
494,NW-flex,7,1.0
494,BWA-no-clip,8,1.0
494,BWA-std,8,0.6363636363636364
494,NW-flex,8,1.0
494,BWA-no-clip,9,1.0
494,BWA-std,9,0.6363636363636364
494,NW-flex,9,1.0
494,BWA-no-clip,10,1.0
494,BWA-std,10,0.8181818181818182
494,NW-flex,10,1.0
495,BWA-no-clip,1,0.09090909090909091
495,BWA-std,1,0.09090909090909091
495,NW-flex,1,1.0
495,BWA-no-clip,2,0.5454545454545454
495,BWA-std,2,0.18181818181818182
495,NW-flex,2,1.0
495,BWA-no-clip,3,0.6363636363636364
495,BWA-std,3,0.18181818181818182
495,NW-flex,3,1.0
495,BWA-no-clip,4,0.8181818181818182
495,BWA-std,4,0.36363636363636365
495,NW-flex,4,1.0
495,BWA-no-clip,5,0.8181818181818182
495,BWA-std,5,0.36363636363636365
495,NW-flex,5,1.0
495,BWA-no-clip,6,0.8181818181818182
495,BWA-std,6,0.45454545454545453
495,NW-flex,6,1.0
495,BWA-no-clip,7,0.8181818181818182
495,BWA-std,7,0.45454545454545453
495,NW-flex,7,1.0
495,BWA-no-clip,8,1.0
495,BWA-std,8,0.6363636363636364
495,NW-flex,8,1.0
495,BWA-no-clip,9,1.0
495,BWA-std,9,0.6363636363636364
495,NW-flex,9,1.0
495,BWA-no-clip,10,1.0
495,BWA-std,10,0.8181818181818182
495,NW-flex,10,1.0
496,BWA-no-clip,1,0.18181818181818182
496,BWA-std,1,0.09090909090909091
496,NW-flex,1,1.0
496,BWA-no-clip,2,0.6363636363636364
496,BWA-std,2,0.18181818181818182
496,NW-flex,2,1.0
496,BWA-no-clip,3,0.8181818181818182
496,BWA-std,3,0.18181818181818182
496,NW-flex,3,1.0
496,BWA-no-clip,4,0.9090909090909091
496,BWA-std,4,0.36363636363636365
496,NW-flex,4,1.0
496,BWA-no-clip,5,1.0
496,BWA-std,5,0.36363636363636365
496,NW-flex,5,1.0
496,BWA-no-clip,6,1.0
496,BWA-std,6,0.45454545454545453
496,NW-flex,6,1.0
496,BWA-no-clip,7,1.0
496,BWA-std,7,0.45454545454545453
496,NW-flex,7,1.0
496,BWA-no-clip,8,1.0
496,BWA-std,8,0.6363636363636364
496,NW-flex,8,1.0
496,BWA-no-clip,9,1.0
496,BWA-std,9,0.6363636363636364
496,NW-flex,9,1.0
496,BWA-no-clip,10,1.0
496,BWA-std,10,0.8181818181818182
496,NW-flex,10,1.0
497,BWA-no-clip,1,0.5454545454545454
497,BWA-std,1,0.09090909090909091
497,NW-flex,1,1.0
497,BWA-no-clip,2,0.6363636363636364
497,BWA-std,2,0.18181818181818182
497,NW-flex,2,1.0
497,BWA-no-clip,3,0.7272727272727273
497,BWA-std,3,0.18181818181818182
497,NW-flex,3,1.0
497,BWA-no-clip,4,0.8181818181818182
497,BWA-std,4,0.36363636363636365
497,NW-flex,4,1.0
497,BWA-no-clip,5,0.9090909090909091
497,BWA-std,5,0.36363636363636365
497,NW-flex,5,1.0
497,BWA-no-clip,6,1.0
497,BWA-std,6,0.45454545454545453
497,NW-flex,6,1.0
497,BWA-no-clip,7,1.0
497,BWA-std,7,0.45454545454545453
497,NW-flex,7,1.0
497,BWA-no-clip,8,1.0
497,BWA-std,8,0.6363636363636364
497,NW-flex,8,1.0
497,BWA-no-clip,9,1.0
497,BWA-std,9,0.6363636363636364
497,NW-flex,9,1.0
497,BWA-no-clip,10,1.0
497,BWA-std,10,0.8181818181818182
497,NW-flex,10,1.0
498,BWA-no-clip,1,0.09090909090909091
498,BWA-std,1,0.09090909090909091
498,NW-flex,1,1.0
498,BWA-no-clip,2,0.5454545454545454
498,BWA-std,2,0.09090909090909091
498,NW-flex,2,1.0
498,BWA-no-clip,3,0.7272727272727273
498,BWA-std,3,0.18181818181818182
498,NW-flex,3,1.0
498,BWA-no-clip,4,0.7272727272727273
498,BWA-std,4,0.36363636363636365
498,NW-flex,4,1.0
498,BWA-no-clip,5,0.9090909090909091
498,BWA-std,5,0.36363636363636365
498,NW-flex,5,1.0
498,BWA-no-clip,6,0.9090909090909091
498,BWA-std,6,0.45454545454545453
498,NW-flex,6,1.0
498,BWA-no-clip,7,1.0
498,BWA-std,7,0.45454545454545453
498,NW-flex,7,1.0
498,BWA-no-clip,8,1.0
498,BWA-std,8,0.6363636363636364
498,NW-flex,8,1.0
498,BWA-no-clip,9,1.0
498,BWA-std,9,0.6363636363636364
498,NW-flex,9,1.0
498,BWA-no-clip,10,1.0
498,BWA-std,10,0.8181818181818182
498,NW-flex,10,1.0
499,BWA-no-clip,1,0.5454545454545454
499,BWA-std,1,0.09090909090909091
499,NW-flex,1,1.0
499,BWA-no-clip,2,0.7272727272727273
499,BWA-std,2,0.18181818181818182
499,NW-flex,2,1.0
499,BWA-no-clip,3,0.9090909090909091
499,BWA-std,3,0.18181818181818182
499,NW-flex,3,1.0
499,BWA-no-clip,4,0.9090909090909091
499,BWA-std,4,0.36363636363636365
499,NW-flex,4,1.0
499,BWA-no-clip,5,1.0
499,BWA-std,5,0.36363636363636365
499,NW-flex,5,1.0
499,BWA-no-clip,6,1.0
499,BWA-std,6,0.45454545454545453
499,NW-flex,6,1.0
499,BWA-no-clip,7,1.0
499,BWA-std,7,0.45454545454545453
499,NW-flex,7,1.0
499,BWA-no-clip,8,1.0
499,BWA-std,8,0.6363636363636364
499,NW-flex,8,1.0
499,BWA-no-clip,9,1.0
499,BWA-std,9,0.6363636363636364
499,NW-flex,9,1.0
499,BWA-no-clip,10,1.0
499,BWA-std,10,0.8181818181818182
499,NW-flex,10,1.0
500,BWA-no-clip,1,0.5454545454545454
500,BWA-std,1,0.09090909090909091
500,NW-flex,1,1.0
500,BWA-no-clip,2,0.7272727272727273
500,BWA-std,2,0.18181818181818182
500,NW-flex,2,1.0
500,BWA-no-clip,3,0.8181818181818182
500,BWA-std,3,0.18181818181818182
500,NW-flex,3,1.0
500,BWA-no-clip,4,0.9090909090909091
500,BWA-std,4,0.36363636363636365
500,NW-flex,4,1.0
500,BWA-no-clip,5,0.9090909090909091
500,BWA-std,5,0.36363636363636365
500,NW-flex,5,1.0
500,BWA-no-clip,6,0.9090909090909091
500,BWA-std,6,0.45454545454545453
500,NW-flex,6,1.0
500,BWA-no-clip,7,1.0
500,BWA-std,7,0.45454545454545453
500,NW-flex,7,1.0
500,BWA-no-clip,8,1.0
500,BWA-std,8,0.6363636363636364
500,NW-flex,8,1.0
500,BWA-no-clip,9,1.0
500,BWA-std,9,0.6363636363636364
500,NW-flex,9,1.0
500,BWA-no-clip,10,1.0
500,BWA-std,10,0.8181818181818182
500,NW-flex,10,1.0
501,BWA-no-clip,1,0.5454545454545454
501,BWA-std,1,0.09090909090909091
501,NW-flex,1,1.0
501,BWA-no-clip,2,0.696969696969697
501,BWA-std,2,0.18181818181818182
501,NW-flex,2,1.0
501,BWA-no-clip,3,0.7272727272727273
501,BWA-std,3,0.18181818181818182
501,NW-flex,3,1.0
501,BWA-no-clip,4,0.7878787878787878
501,BWA-std,4,0.3333333333333333
501,NW-flex,4,1.0
501,BWA-no-clip,5,0.8181818181818182
501,BWA-std,5,0.3333333333333333
501,NW-flex,5,1.0
501,BWA-no-clip,6,0.8181818181818182
501,BWA-std,6,0.3939393939393939
501,NW-flex,6,1.0
501,BWA-no-clip,7,0.8484848484848485
501,BWA-std,7,0.42424242424242425
501,NW-flex,7,1.0
501,BWA-no-clip,8,0.8787878787878788
501,BWA-std,8,0.5757575757575758
501,NW-flex,8,1.0
501,BWA-no-clip,9,0.9090909090909091
501,BWA-std,9,0.6060606060606061
501,NW-flex,9,1.0
501,BWA-no-clip,10,0.9393939393939394
501,BWA-std,10,0.7575757575757576
501,NW-flex,10,1.0
502,BWA-no-clip,1,0.5454545454545454
502,BWA-std,1,0.09090909090909091
502,NW-flex,1,1.0
502,BWA-no-clip,2,0.7272727272727273
502,BWA-std,2,0.18181818181818182
502,NW-flex,2,1.0
502,BWA-no-clip,3,0.7272727272727273
502,BWA-std,3,0.18181818181818182
502,NW-flex,3,1.0
502,BWA-no-clip,4,0.9090909090909091
502,BWA-std,4,0.36363636363636365
502,NW-flex,4,1.0
502,BWA-no-clip,5,0.9090909090909091
502,BWA-std,5,0.36363636363636365
502,NW-flex,5,1.0
502,BWA-no-clip,6,1.0
502,BWA-std,6,0.45454545454545453
502,NW-flex,6,1.0
502,BWA-no-clip,7,1.0
502,BWA-std,7,0.45454545454545453
502,NW-flex,7,1.0
502,BWA-no-clip,8,1.0
502,BWA-std,8,0.6363636363636364
502,NW-flex,8,1.0
502,BWA-no-clip,9,1.0
502,BWA-std,9,0.6363636363636364
502,NW-flex,9,1.0
502,BWA-no-clip,10,1.0
502,BWA-std,10,0.8181818181818182
502,NW-flex,10,1.0
503,BWA-no-clip,1,0.45454545454545453
503,BWA-std,1,0.09090909090909091
503,NW-flex,1,1.0
503,BWA-no-clip,2,0.6363636363636364
503,BWA-std,2,0.18181818181818182
503,NW-flex,2,1.0
503,BWA-no-clip,3,0.5454545454545454
503,BWA-std,3,0.18181818181818182
503,NW-flex,3,1.0
503,BWA-no-clip,4,0.7272727272727273
503,BWA-std,4,0.36363636363636365
503,NW-flex,4,1.0
503,BWA-no-clip,5,0.7272727272727273
503,BWA-std,5,0.36363636363636365
503,NW-flex,5,1.0
503,BWA-no-clip,6,0.9090909090909091
503,BWA-std,6,0.45454545454545453
503,NW-flex,6,1.0
503,BWA-no-clip,7,1.0
503,BWA-std,7,0.45454545454545453
503,NW-flex,7,1.0
503,BWA-no-clip,8,1.0
503,BWA-std,8,0.6363636363636364
503,NW-flex,8,1.0
503,BWA-no-clip,9,1.0
503,BWA-std,9,0.6363636363636364
503,NW-flex,9,1.0
503,BWA-no-clip,10,1.0
503,BWA-std,10,0.8181818181818182
503,NW-flex,10,1.0
504,BWA-no-clip,1,0.09090909090909091
504,BWA-std,1,0.09090909090909091
504,NW-flex,1,1.0
504,BWA-no-clip,2,0.5454545454545454
504,BWA-std,2,0.09090909090909091
504,NW-flex,2,1.0
504,BWA-no-clip,3,0.7272727272727273
504,BWA-std,3,0.18181818181818182
504,NW-flex,3,1.0
504,BWA-no-clip,4,0.8181818181818182
504,BWA-std,4,0.36363636363636365
504,NW-flex,4,1.0
504,BWA-no-clip,5,0.9090909090909091
504,BWA-std,5,0.36363636363636365
504,NW-flex,5,1.0
504,BWA-no-clip,6,0.9090909090909091
504,BWA-std,6,0.45454545454545453
504,NW-flex,6,1.0
504,BWA-no-clip,7,1.0
504,BWA-std,7,0.45454545454545453
504,NW-flex,7,1.0
504,BWA-no-clip,8,1.0
504,BWA-std,8,0.6363636363636364
504,NW-flex,8,1.0
504,BWA-no-clip,9,1.0
504,BWA-std,9,0.6363636363636364
504,NW-flex,9,1.0
504,BWA-no-clip,10,1.0
504,BWA-std,10,0.8181818181818182
504,NW-flex,10,1.0
505,BWA-no-clip,1,0.09090909090909091
505,BWA-std,1,0.09090909090909091
505,NW-flex,1,1.0
505,BWA-no-clip,2,0.6363636363636364
505,BWA-std,2,0.18181818181818182
505,NW-flex,2,1.0
505,BWA-no-clip,3,0.6363636363636364
505,BWA-std,3,0.18181818181818182
505,NW-flex,3,1.0
505,BWA-no-clip,4,0.8181818181818182
505,BWA-std,4,0.36363636363636365
505,NW-flex,4,1.0
505,BWA-no-clip,5,1.0
505,BWA-std,5,0.36363636363636365
505,NW-flex,5,1.0
505,BWA-no-clip,6,1.0
505,BWA-std,6,0.45454545454545453
505,NW-flex,6,1.0
505,BWA-no-clip,7,1.0
505,BWA-std,7,0.45454545454545453
505,NW-flex,7,1.0
505,BWA-no-clip,8,1.0
505,BWA-std,8,0.6363636363636364
505,NW-flex,8,1.0
505,BWA-no-clip,9,1.0
505,BWA-std,9,0.6363636363636364
505,NW-flex,9,1.0
505,BWA-no-clip,10,1.0
505,BWA-std,10,0.8181818181818182
505,NW-flex,10,1.0
506,BWA-no-clip,1,0.5454545454545454
506,BWA-std,1,0.09090909090909091
506,NW-flex,1,1.0
506,BWA-no-clip,2,0.7272727272727273
506,BWA-std,2,0.18181818181818182
506,NW-flex,2,1.0
506,BWA-no-clip,3,0.9090909090909091
506,BWA-std,3,0.18181818181818182
506,NW-flex,3,1.0
506,BWA-no-clip,4,1.0
506,BWA-std,4,0.36363636363636365
506,NW-flex,4,1.0
506,BWA-no-clip,5,1.0
506,BWA-std,5,0.36363636363636365
506,NW-flex,5,1.0
506,BWA-no-clip,6,1.0
506,BWA-std,6,0.45454545454545453
506,NW-flex,6,1.0
506,BWA-no-clip,7,1.0
506,BWA-std,7,0.45454545454545453
506,NW-flex,7,1.0
506,BWA-no-clip,8,1.0
506,BWA-std,8,0.6363636363636364
506,NW-flex,8,1.0
506,BWA-no-clip,9,1.0
506,BWA-std,9,0.6363636363636364
506,NW-flex,9,1.0
506,BWA-no-clip,10,1.0
506,BWA-std,10,0.8181818181818182
506,NW-flex,10,1.0
507,BWA-no-clip,1,0.5454545454545454
507,BWA-std,1,0.09090909090909091
507,NW-flex,1,1.0
507,BWA-no-clip,2,0.7272727272727273
507,BWA-std,2,0.18181818181818182
507,NW-flex,2,1.0
507,BWA-no-clip,3,0.8181818181818182
507,BWA-std,3,0.18181818181818182
507,NW-flex,3,1.0
507,BWA-no-clip,4,1.0
507,BWA-std,4,0.36363636363636365
507,NW-flex,4,1.0
507,BWA-no-clip,5,1.0
507,BWA-std,5,0.36363636363636365
507,NW-flex,5,1.0
507,BWA-no-clip,6,1.0
507,BWA-std,6,0.45454545454545453
507,NW-flex,6,1.0
507,BWA-no-clip,7,1.0
507,BWA-std,7,0.45454545454545453
507,NW-flex,7,1.0
507,BWA-no-clip,8,1.0
507,BWA-std,8,0.6363636363636364
507,NW-flex,8,1.0
507,BWA-no-clip,9,1.0
507,BWA-std,9,0.6363636363636364
507,NW-flex,9,1.0
507,BWA-no-clip,10,1.0
507,BWA-std,10,0.8181818181818182
507,NW-flex,10,1.0
508,BWA-no-clip,1,0.09090909090909091
508,BWA-std,1,0.09090909090909091
508,NW-flex,1,1.0
508,BWA-no-clip,2,0.5454545454545454
508,BWA-std,2,0.09090909090909091
508,NW-flex,2,1.0
508,BWA-no-clip,3,0.7272727272727273
508,BWA-std,3,0.18181818181818182
508,NW-flex,3,1.0
508,BWA-no-clip,4,0.8181818181818182
508,BWA-std,4,0.36363636363636365
508,NW-flex,4,1.0
508,BWA-no-clip,5,0.8181818181818182
508,BWA-std,5,0.36363636363636365
508,NW-flex,5,1.0
508,BWA-no-clip,6,1.0
508,BWA-std,6,0.45454545454545453
508,NW-flex,6,1.0
508,BWA-no-clip,7,1.0
508,BWA-std,7,0.45454545454545453
508,NW-flex,7,1.0
508,BWA-no-clip,8,1.0
508,BWA-std,8,0.6363636363636364
508,NW-flex,8,1.0
508,BWA-no-clip,9,1.0
508,BWA-std,9,0.6363636363636364
508,NW-flex,9,1.0
508,BWA-no-clip,10,1.0
508,BWA-std,10,0.8181818181818182
508,NW-flex,10,1.0
509,BWA-no-clip,1,0.5454545454545454
509,BWA-std,1,0.09090909090909091
509,NW-flex,1,1.0
509,BWA-no-clip,2,0.6363636363636364
509,BWA-std,2,0.18181818181818182
509,NW-flex,2,1.0
509,BWA-no-clip,3,0.6363636363636364
509,BWA-std,3,0.18181818181818182
509,NW-flex,3,1.0
509,BWA-no-clip,4,0.8181818181818182
509,BWA-std,4,0.36363636363636365
509,NW-flex,4,1.0
509,BWA-no-clip,5,0.8181818181818182
509,BWA-std,5,0.36363636363636365
509,NW-flex,5,1.0
509,BWA-no-clip,6,1.0
509,BWA-std,6,0.45454545454545453
509,NW-flex,6,1.0
509,BWA-no-clip,7,1.0
509,BWA-std,7,0.45454545454545453
509,NW-flex,7,1.0
509,BWA-no-clip,8,1.0
509,BWA-std,8,0.6363636363636364
509,NW-flex,8,1.0
509,BWA-no-clip,9,1.0
509,BWA-std,9,0.6363636363636364
509,NW-flex,9,1.0
509,BWA-no-clip,10,1.0
509,BWA-std,10,0.8181818181818182
509,NW-flex,10,1.0
510,BWA-no-clip,1,0.5454545454545454
510,BWA-std,1,0.09090909090909091
510,NW-flex,1,1.0
510,BWA-no-clip,2,0.7272727272727273
510,BWA-std,2,0.18181818181818182
510,NW-flex,2,1.0
510,BWA-no-clip,3,0.9090909090909091
510,BWA-std,3,0.18181818181818182
510,NW-flex,3,1.0
510,BWA-no-clip,4,1.0
510,BWA-std,4,0.36363636363636365
510,NW-flex,4,1.0
510,BWA-no-clip,5,0.9090909090909091
510,BWA-std,5,0.36363636363636365
510,NW-flex,5,1.0
510,BWA-no-clip,6,1.0
510,BWA-std,6,0.45454545454545453
510,NW-flex,6,1.0
510,BWA-no-clip,7,1.0
510,BWA-std,7,0.45454545454545453
510,NW-flex,7,1.0
510,BWA-no-clip,8,1.0
510,BWA-std,8,0.6363636363636364
510,NW-flex,8,1.0
510,BWA-no-clip,9,1.0
510,BWA-std,9,0.6363636363636364
510,NW-flex,9,1.0
510,BWA-no-clip,10,1.0
510,BWA-std,10,0.8181818181818182
510,NW-flex,10,1.0
511,BWA-no-clip,1,0.45454545454545453
511,BWA-std,1,0.09090909090909091
511,NW-flex,1,1.0
511,BWA-no-clip,2,0.6363636363636364
511,BWA-std,2,0.18181818181818182
511,NW-flex,2,1.0
511,BWA-no-clip,3,0.5454545454545454
511,BWA-std,3,0.18181818181818182
511,NW-flex,3,1.0
511,BWA-no-clip,4,0.7272727272727273
511,BWA-std,4,0.36363636363636365
511,NW-flex,4,1.0
511,BWA-no-clip,5,0.7272727272727273
511,BWA-std,5,0.36363636363636365
511,NW-flex,5,1.0
511,BWA-no-clip,6,0.9090909090909091
511,BWA-std,6,0.45454545454545453
511,NW-flex,6,1.0
511,BWA-no-clip,7,1.0
511,BWA-std,7,0.45454545454545453
511,NW-flex,7,1.0
511,BWA-no-clip,8,1.0
511,BWA-std,8,0.6363636363636364
511,NW-flex,8,1.0
511,BWA-no-clip,9,1.0
511,BWA-std,9,0.6363636363636364
511,NW-flex,9,1.0
511,BWA-no-clip,10,1.0
511,BWA-std,10,0.8181818181818182
511,NW-flex,10,1.0
512,BWA-no-clip,1,0.5454545454545454
512,BWA-std,1,0.09090909090909091
512,NW-flex,1,1.0
512,BWA-no-clip,2,0.6363636363636364
512,BWA-std,2,0.18181818181818182
512,NW-flex,2,1.0
512,BWA-no-clip,3,0.7272727272727273
512,BWA-std,3,0.18181818181818182
512,NW-flex,3,1.0
512,BWA-no-clip,4,0.8181818181818182
512,BWA-std,4,0.36363636363636365
512,NW-flex,4,1.0
512,BWA-no-clip,5,0.9090909090909091
512,BWA-std,5,0.36363636363636365
512,NW-flex,5,1.0
512,BWA-no-clip,6,1.0
512,BWA-std,6,0.45454545454545453
512,NW-flex,6,1.0
512,BWA-no-clip,7,1.0
512,BWA-std,7,0.45454545454545453
512,NW-flex,7,1.0
512,BWA-no-clip,8,1.0
512,BWA-std,8,0.6363636363636364
512,NW-flex,8,1.0
512,BWA-no-clip,9,1.0
512,BWA-std,9,0.6363636363636364
512,NW-flex,9,1.0
512,BWA-no-clip,10,1.0
512,BWA-std,10,0.8181818181818182
512,NW-flex,10,1.0
513,BWA-no-clip,1,0.5454545454545454
513,BWA-std,1,0.09090909090909091
513,NW-flex,1,1.0
513,BWA-no-clip,2,0.7272727272727273
513,BWA-std,2,0.18181818181818182
513,NW-flex,2,1.0
513,BWA-no-clip,3,0.9090909090909091
513,BWA-std,3,0.18181818181818182
513,NW-flex,3,1.0
513,BWA-no-clip,4,1.0
513,BWA-std,4,0.36363636363636365
513,NW-flex,4,1.0
513,BWA-no-clip,5,0.9090909090909091
513,BWA-std,5,0.36363636363636365
513,NW-flex,5,1.0
513,BWA-no-clip,6,0.9090909090909091
513,BWA-std,6,0.45454545454545453
513,NW-flex,6,1.0
513,BWA-no-clip,7,1.0
513,BWA-std,7,0.45454545454545453
513,NW-flex,7,1.0
513,BWA-no-clip,8,1.0
513,BWA-std,8,0.6363636363636364
513,NW-flex,8,1.0
513,BWA-no-clip,9,1.0
513,BWA-std,9,0.6363636363636364
513,NW-flex,9,1.0
513,BWA-no-clip,10,1.0
513,BWA-std,10,0.8181818181818182
513,NW-flex,10,1.0
514,BWA-no-clip,1,0.36363636363636365
514,BWA-std,1,0.09090909090909091
514,NW-flex,1,1.0
514,BWA-no-clip,2,0.5454545454545454
514,BWA-std,2,0.18181818181818182
514,NW-flex,2,1.0
514,BWA-no-clip,3,0.9090909090909091
514,BWA-std,3,0.18181818181818182
514,NW-flex,3,1.0
514,BWA-no-clip,4,0.8181818181818182
514,BWA-std,4,0.36363636363636365
514,NW-flex,4,1.0
514,BWA-no-clip,5,0.8181818181818182
514,BWA-std,5,0.36363636363636365
514,NW-flex,5,1.0
514,BWA-no-clip,6,0.8181818181818182
514,BWA-std,6,0.45454545454545453
514,NW-flex,6,1.0
514,BWA-no-clip,7,0.8181818181818182
514,BWA-std,7,0.45454545454545453
514,NW-flex,7,1.0
514,BWA-no-clip,8,1.0
514,BWA-std,8,0.6363636363636364
514,NW-flex,8,1.0
514,BWA-no-clip,9,1.0
514,BWA-std,9,0.6363636363636364
514,NW-flex,9,1.0
514,BWA-no-clip,10,1.0
514,BWA-std,10,0.8181818181818182
514,NW-flex,10,1.0
515,BWA-no-clip,1,0.09090909090909091
515,BWA-std,1,0.09090909090909091
515,NW-flex,1,1.0
515,BWA-no-clip,2,0.5454545454545454
515,BWA-std,2,0.09090909090909091
515,NW-flex,2,1.0
515,BWA-no-clip,3,0.7272727272727273
515,BWA-std,3,0.18181818181818182
515,NW-flex,3,1.0
515,BWA-no-clip,4,0.8181818181818182
515,BWA-std,4,0.36363636363636365
515,NW-flex,4,1.0
515,BWA-no-clip,5,0.9090909090909091
515,BWA-std,5,0.36363636363636365
515,NW-flex,5,1.0
515,BWA-no-clip,6,0.9090909090909091
515,BWA-std,6,0.45454545454545453
515,NW-flex,6,1.0
515,BWA-no-clip,7,1.0
515,BWA-std,7,0.45454545454545453
515,NW-flex,7,1.0
515,BWA-no-clip,8,1.0
515,BWA-std,8,0.6363636363636364
515,NW-flex,8,1.0
515,BWA-no-clip,9,1.0
515,BWA-std,9,0.6363636363636364
515,NW-flex,9,1.0
515,BWA-no-clip,10,1.0
515,BWA-std,10,0.8181818181818182
515,NW-flex,10,1.0
516,BWA-no-clip,1,0.09090909090909091
516,BWA-std,1,0.09090909090909091
516,NW-flex,1,1.0
516,BWA-no-clip,2,0.5454545454545454
516,BWA-std,2,0.09090909090909091
516,NW-flex,2,1.0
516,BWA-no-clip,3,0.7272727272727273
516,BWA-std,3,0.18181818181818182
516,NW-flex,3,1.0
516,BWA-no-clip,4,0.8181818181818182
516,BWA-std,4,0.36363636363636365
516,NW-flex,4,1.0
516,BWA-no-clip,5,0.9090909090909091
516,BWA-std,5,0.36363636363636365
516,NW-flex,5,1.0
516,BWA-no-clip,6,0.9090909090909091
516,BWA-std,6,0.45454545454545453
516,NW-flex,6,1.0
516,BWA-no-clip,7,1.0
516,BWA-std,7,0.45454545454545453
516,NW-flex,7,1.0
516,BWA-no-clip,8,1.0
516,BWA-std,8,0.6363636363636364
516,NW-flex,8,1.0
516,BWA-no-clip,9,1.0
516,BWA-std,9,0.6363636363636364
516,NW-flex,9,1.0
516,BWA-no-clip,10,1.0
516,BWA-std,10,0.8181818181818182
516,NW-flex,10,1.0
517,BWA-no-clip,1,0.09090909090909091
517,BWA-std,1,0.09090909090909091
517,NW-flex,1,1.0
517,BWA-no-clip,2,0.09090909090909091
517,BWA-std,2,0.09090909090909091
517,NW-flex,2,1.0
517,BWA-no-clip,3,0.12121212121212122
517,BWA-std,3,0.18181818181818182
517,NW-flex,3,1.0
517,BWA-no-clip,4,0.12121212121212122
517,BWA-std,4,0.18181818181818182
517,NW-flex,4,1.0
517,BWA-no-clip,5,0.12121212121212122
517,BWA-std,5,0.18181818181818182
517,NW-flex,5,1.0
517,BWA-no-clip,6,0.5757575757575758
517,BWA-std,6,0.30303030303030304
517,NW-flex,6,1.0
517,BWA-no-clip,7,1.0
517,BWA-std,7,0.45454545454545453
517,NW-flex,7,1.0
517,BWA-no-clip,8,1.0
517,BWA-std,8,0.6363636363636364
517,NW-flex,8,1.0
517,BWA-no-clip,9,1.0
517,BWA-std,9,0.6363636363636364
517,NW-flex,9,1.0
517,BWA-no-clip,10,1.0
517,BWA-std,10,0.8181818181818182
517,NW-flex,10,1.0
518,BWA-no-clip,1,0.45454545454545453
518,BWA-std,1,0.09090909090909091
518,NW-flex,1,1.0
518,BWA-no-clip,2,0.45454545454545453
518,BWA-std,2,0.09090909090909091
518,NW-flex,2,1.0
518,BWA-no-clip,3,0.7272727272727273
518,BWA-std,3,0.18181818181818182
518,NW-flex,3,1.0
518,BWA-no-clip,4,0.7272727272727273
518,BWA-std,4,0.36363636363636365
518,NW-flex,4,1.0
518,BWA-no-clip,5,0.9090909090909091
518,BWA-std,5,0.36363636363636365
518,NW-flex,5,1.0
518,BWA-no-clip,6,0.9090909090909091
518,BWA-std,6,0.45454545454545453
518,NW-flex,6,1.0
518,BWA-no-clip,7,1.0
518,BWA-std,7,0.45454545454545453
518,NW-flex,7,1.0
518,BWA-no-clip,8,1.0
518,BWA-std,8,0.6363636363636364
518,NW-flex,8,1.0
518,BWA-no-clip,9,1.0
518,BWA-std,9,0.6363636363636364
518,NW-flex,9,1.0
518,BWA-no-clip,10,1.0
518,BWA-std,10,0.8181818181818182
518,NW-flex,10,1.0
519,BWA-no-clip,1,0.5454545454545454
519,BWA-std,1,0.09090909090909091
519,NW-flex,1,1.0
519,BWA-no-clip,2,0.7272727272727273
519,BWA-std,2,0.18181818181818182
519,NW-flex,2,1.0
519,BWA-no-clip,3,0.7272727272727273
519,BWA-std,3,0.18181818181818182
519,NW-flex,3,1.0
519,BWA-no-clip,4,0.8181818181818182
519,BWA-std,4,0.36363636363636365
519,NW-flex,4,1.0
519,BWA-no-clip,5,0.8181818181818182
519,BWA-std,5,0.36363636363636365
519,NW-flex,5,1.0
519,BWA-no-clip,6,1.0
519,BWA-std,6,0.45454545454545453
519,NW-flex,6,1.0
519,BWA-no-clip,7,1.0
519,BWA-std,7,0.45454545454545453
519,NW-flex,7,1.0
519,BWA-no-clip,8,1.0
519,BWA-std,8,0.6363636363636364
519,NW-flex,8,1.0
519,BWA-no-clip,9,1.0
519,BWA-std,9,0.6363636363636364
519,NW-flex,9,1.0
519,BWA-no-clip,10,1.0
519,BWA-std,10,0.8181818181818182
519,NW-flex,10,1.0
520,BWA-no-clip,1,0.2727272727272727
520,BWA-std,1,0.09090909090909091
520,NW-flex,1,1.0
520,BWA-no-clip,2,0.2727272727272727
520,BWA-std,2,0.09090909090909091
520,NW-flex,2,1.0
520,BWA-no-clip,3,0.45454545454545453
520,BWA-std,3,0.18181818181818182
520,NW-flex,3,1.0
520,BWA-no-clip,4,0.45454545454545453
520,BWA-std,4,0.18181818181818182
520,NW-flex,4,1.0
520,BWA-no-clip,5,0.7272727272727273
520,BWA-std,5,0.18181818181818182
520,NW-flex,5,1.0
520,BWA-no-clip,6,0.7272727272727273
520,BWA-std,6,0.2727272727272727
520,NW-flex,6,1.0
520,BWA-no-clip,7,0.9090909090909091
520,BWA-std,7,0.36363636363636365
520,NW-flex,7,1.0
520,BWA-no-clip,8,0.9090909090909091
520,BWA-std,8,0.5454545454545454
520,NW-flex,8,1.0
520,BWA-no-clip,9,1.0
520,BWA-std,9,0.6363636363636364
520,NW-flex,9,1.0
520,BWA-no-clip,10,1.0
520,BWA-std,10,0.8181818181818182
520,NW-flex,10,1.0
521,BWA-no-clip,1,0.5454545454545454
521,BWA-std,1,0.09090909090909091
521,NW-flex,1,1.0
521,BWA-no-clip,2,0.5454545454545454
521,BWA-std,2,0.09090909090909091
521,NW-flex,2,1.0
521,BWA-no-clip,3,0.7272727272727273
521,BWA-std,3,0.18181818181818182
521,NW-flex,3,1.0
521,BWA-no-clip,4,0.9090909090909091
521,BWA-std,4,0.36363636363636365
521,NW-flex,4,1.0
521,BWA-no-clip,5,1.0
521,BWA-std,5,0.36363636363636365
521,NW-flex,5,1.0
521,BWA-no-clip,6,1.0
521,BWA-std,6,0.45454545454545453
521,NW-flex,6,1.0
521,BWA-no-clip,7,1.0
521,BWA-std,7,0.45454545454545453
521,NW-flex,7,1.0
521,BWA-no-clip,8,1.0
521,BWA-std,8,0.6363636363636364
521,NW-flex,8,1.0
521,BWA-no-clip,9,1.0
521,BWA-std,9,0.6363636363636364
521,NW-flex,9,1.0
521,BWA-no-clip,10,1.0
521,BWA-std,10,0.8181818181818182
521,NW-flex,10,1.0
522,BWA-no-clip,1,0.5454545454545454
522,BWA-std,1,0.09090909090909091
522,NW-flex,1,1.0
522,BWA-no-clip,2,0.7272727272727273
522,BWA-std,2,0.18181818181818182
522,NW-flex,2,1.0
522,BWA-no-clip,3,0.9090909090909091
522,BWA-std,3,0.18181818181818182
522,NW-flex,3,1.0
522,BWA-no-clip,4,1.0
522,BWA-std,4,0.36363636363636365
522,NW-flex,4,1.0
522,BWA-no-clip,5,1.0
522,BWA-std,5,0.36363636363636365
522,NW-flex,5,1.0
522,BWA-no-clip,6,1.0
522,BWA-std,6,0.45454545454545453
522,NW-flex,6,1.0
522,BWA-no-clip,7,1.0
522,BWA-std,7,0.45454545454545453
522,NW-flex,7,1.0
522,BWA-no-clip,8,1.0
522,BWA-std,8,0.6363636363636364
522,NW-flex,8,1.0
522,BWA-no-clip,9,1.0
522,BWA-std,9,0.6363636363636364
522,NW-flex,9,1.0
522,BWA-no-clip,10,1.0
522,BWA-std,10,0.8181818181818182
522,NW-flex,10,1.0
523,BWA-no-clip,1,0.09090909090909091
523,BWA-std,1,0.09090909090909091
523,NW-flex,1,1.0
523,BWA-no-clip,2,0.5454545454545454
523,BWA-std,2,0.09090909090909091
523,NW-flex,2,1.0
523,BWA-no-clip,3,0.6363636363636364
523,BWA-std,3,0.09090909090909091
523,NW-flex,3,1.0
523,BWA-no-clip,4,0.7272727272727273
523,BWA-std,4,0.36363636363636365
523,NW-flex,4,1.0
523,BWA-no-clip,5,0.7272727272727273
523,BWA-std,5,0.36363636363636365
523,NW-flex,5,1.0
523,BWA-no-clip,6,0.9090909090909091
523,BWA-std,6,0.45454545454545453
523,NW-flex,6,1.0
523,BWA-no-clip,7,0.9090909090909091
523,BWA-std,7,0.45454545454545453
523,NW-flex,7,1.0
523,BWA-no-clip,8,1.0
523,BWA-std,8,0.6363636363636364
523,NW-flex,8,1.0
523,BWA-no-clip,9,1.0
523,BWA-std,9,0.6363636363636364
523,NW-flex,9,1.0
523,BWA-no-clip,10,1.0
523,BWA-std,10,0.8181818181818182
523,NW-flex,10,1.0
524,BWA-no-clip,1,0.45454545454545453
524,BWA-std,1,0.09090909090909091
524,NW-flex,1,1.0
524,BWA-no-clip,2,0.5454545454545454
524,BWA-std,2,0.09090909090909091
524,NW-flex,2,1.0
524,BWA-no-clip,3,0.6363636363636364
524,BWA-std,3,0.18181818181818182
524,NW-flex,3,1.0
524,BWA-no-clip,4,0.9090909090909091
524,BWA-std,4,0.36363636363636365
524,NW-flex,4,1.0
524,BWA-no-clip,5,1.0
524,BWA-std,5,0.36363636363636365
524,NW-flex,5,1.0
524,BWA-no-clip,6,1.0
524,BWA-std,6,0.45454545454545453
524,NW-flex,6,1.0
524,BWA-no-clip,7,1.0
524,BWA-std,7,0.45454545454545453
524,NW-flex,7,1.0
524,BWA-no-clip,8,1.0
524,BWA-std,8,0.6363636363636364
524,NW-flex,8,1.0
524,BWA-no-clip,9,1.0
524,BWA-std,9,0.6363636363636364
524,NW-flex,9,1.0
524,BWA-no-clip,10,1.0
524,BWA-std,10,0.8181818181818182
524,NW-flex,10,1.0
525,BWA-no-clip,1,0.09090909090909091
525,BWA-std,1,0.09090909090909091
525,NW-flex,1,1.0
525,BWA-no-clip,2,0.6363636363636364
525,BWA-std,2,0.18181818181818182
525,NW-flex,2,1.0
525,BWA-no-clip,3,0.6363636363636364
525,BWA-std,3,0.18181818181818182
525,NW-flex,3,1.0
525,BWA-no-clip,4,0.8181818181818182
525,BWA-std,4,0.36363636363636365
525,NW-flex,4,1.0
525,BWA-no-clip,5,1.0
525,BWA-std,5,0.36363636363636365
525,NW-flex,5,1.0
525,BWA-no-clip,6,1.0
525,BWA-std,6,0.45454545454545453
525,NW-flex,6,1.0
525,BWA-no-clip,7,1.0
525,BWA-std,7,0.45454545454545453
525,NW-flex,7,1.0
525,BWA-no-clip,8,1.0
525,BWA-std,8,0.6363636363636364
525,NW-flex,8,1.0
525,BWA-no-clip,9,1.0
525,BWA-std,9,0.6363636363636364
525,NW-flex,9,1.0
525,BWA-no-clip,10,1.0
525,BWA-std,10,0.8181818181818182
525,NW-flex,10,1.0
526,BWA-no-clip,1,0.5454545454545454
526,BWA-std,1,0.09090909090909091
526,NW-flex,1,1.0
526,BWA-no-clip,2,0.7272727272727273
526,BWA-std,2,0.18181818181818182
526,NW-flex,2,1.0
526,BWA-no-clip,3,0.8181818181818182
526,BWA-std,3,0.18181818181818182
526,NW-flex,3,1.0
526,BWA-no-clip,4,1.0
526,BWA-std,4,0.36363636363636365
526,NW-flex,4,1.0
526,BWA-no-clip,5,0.9090909090909091
526,BWA-std,5,0.36363636363636365
526,NW-flex,5,1.0
526,BWA-no-clip,6,0.9090909090909091
526,BWA-std,6,0.45454545454545453
526,NW-flex,6,1.0
526,BWA-no-clip,7,1.0
526,BWA-std,7,0.45454545454545453
526,NW-flex,7,1.0
526,BWA-no-clip,8,1.0
526,BWA-std,8,0.6363636363636364
526,NW-flex,8,1.0
526,BWA-no-clip,9,1.0
526,BWA-std,9,0.6363636363636364
526,NW-flex,9,1.0
526,BWA-no-clip,10,1.0
526,BWA-std,10,0.8181818181818182
526,NW-flex,10,1.0
527,BWA-no-clip,1,0.5454545454545454
527,BWA-std,1,0.09090909090909091
527,NW-flex,1,1.0
527,BWA-no-clip,2,0.6363636363636364
527,BWA-std,2,0.18181818181818182
527,NW-flex,2,1.0
527,BWA-no-clip,3,0.8181818181818182
527,BWA-std,3,0.18181818181818182
527,NW-flex,3,1.0
527,BWA-no-clip,4,0.9090909090909091
527,BWA-std,4,0.36363636363636365
527,NW-flex,4,1.0
527,BWA-no-clip,5,1.0
527,BWA-std,5,0.36363636363636365
527,NW-flex,5,1.0
527,BWA-no-clip,6,1.0
527,BWA-std,6,0.45454545454545453
527,NW-flex,6,1.0
527,BWA-no-clip,7,1.0
527,BWA-std,7,0.45454545454545453
527,NW-flex,7,1.0
527,BWA-no-clip,8,1.0
527,BWA-std,8,0.6363636363636364
527,NW-flex,8,1.0
527,BWA-no-clip,9,1.0
527,BWA-std,9,0.6363636363636364
527,NW-flex,9,1.0
527,BWA-no-clip,10,1.0
527,BWA-std,10,0.8181818181818182
527,NW-flex,10,1.0
528,BWA-no-clip,1,0.36363636363636365
528,BWA-std,1,0.09090909090909091
528,NW-flex,1,1.0
528,BWA-no-clip,2,0.7272727272727273
528,BWA-std,2,0.18181818181818182
528,NW-flex,2,1.0
528,BWA-no-clip,3,0.7272727272727273
528,BWA-std,3,0.18181818181818182
528,NW-flex,3,1.0
528,BWA-no-clip,4,0.7272727272727273
528,BWA-std,4,0.36363636363636365
528,NW-flex,4,1.0
528,BWA-no-clip,5,0.9090909090909091
528,BWA-std,5,0.36363636363636365
528,NW-flex,5,1.0
528,BWA-no-clip,6,0.9090909090909091
528,BWA-std,6,0.45454545454545453
528,NW-flex,6,1.0
528,BWA-no-clip,7,1.0
528,BWA-std,7,0.45454545454545453
528,NW-flex,7,1.0
528,BWA-no-clip,8,1.0
528,BWA-std,8,0.6363636363636364
528,NW-flex,8,1.0
528,BWA-no-clip,9,1.0
528,BWA-std,9,0.6363636363636364
528,NW-flex,9,1.0
528,BWA-no-clip,10,1.0
528,BWA-std,10,0.8181818181818182
528,NW-flex,10,1.0
529,BWA-no-clip,1,0.2727272727272727
529,BWA-std,1,0.09090909090909091
529,NW-flex,1,1.0
529,BWA-no-clip,2,0.2727272727272727
529,BWA-std,2,0.09090909090909091
529,NW-flex,2,1.0
529,BWA-no-clip,3,0.7272727272727273
529,BWA-std,3,0.18181818181818182
529,NW-flex,3,1.0
529,BWA-no-clip,4,0.7272727272727273
529,BWA-std,4,0.36363636363636365
529,NW-flex,4,1.0
529,BWA-no-clip,5,0.9090909090909091
529,BWA-std,5,0.36363636363636365
529,NW-flex,5,1.0
529,BWA-no-clip,6,0.9090909090909091
529,BWA-std,6,0.45454545454545453
529,NW-flex,6,1.0
529,BWA-no-clip,7,0.9090909090909091
529,BWA-std,7,0.45454545454545453
529,NW-flex,7,1.0
529,BWA-no-clip,8,0.9090909090909091
529,BWA-std,8,0.6363636363636364
529,NW-flex,8,1.0
529,BWA-no-clip,9,1.0
529,BWA-std,9,0.6363636363636364
529,NW-flex,9,1.0
529,BWA-no-clip,10,1.0
529,BWA-std,10,0.8181818181818182
529,NW-flex,10,1.0
530,BWA-no-clip,1,0.5454545454545454
530,BWA-std,1,0.09090909090909091
530,NW-flex,1,1.0
530,BWA-no-clip,2,0.6363636363636364
530,BWA-std,2,0.18181818181818182
530,NW-flex,2,1.0
530,BWA-no-clip,3,0.8181818181818182
530,BWA-std,3,0.18181818181818182
530,NW-flex,3,1.0
530,BWA-no-clip,4,1.0
530,BWA-std,4,0.36363636363636365
530,NW-flex,4,1.0
530,BWA-no-clip,5,1.0
530,BWA-std,5,0.36363636363636365
530,NW-flex,5,1.0
530,BWA-no-clip,6,1.0
530,BWA-std,6,0.45454545454545453
530,NW-flex,6,1.0
530,BWA-no-clip,7,1.0
530,BWA-std,7,0.45454545454545453
530,NW-flex,7,1.0
530,BWA-no-clip,8,1.0
530,BWA-std,8,0.6363636363636364
530,NW-flex,8,1.0
530,BWA-no-clip,9,1.0
530,BWA-std,9,0.6363636363636364
530,NW-flex,9,1.0
530,BWA-no-clip,10,1.0
530,BWA-std,10,0.8181818181818182
530,NW-flex,10,1.0
531,BWA-no-clip,1,0.5454545454545454
531,BWA-std,1,0.09090909090909091
531,NW-flex,1,1.0
531,BWA-no-clip,2,0.6363636363636364
531,BWA-std,2,0.18181818181818182
531,NW-flex,2,1.0
531,BWA-no-clip,3,0.8181818181818182
531,BWA-std,3,0.18181818181818182
531,NW-flex,3,1.0
531,BWA-no-clip,4,0.9090909090909091
531,BWA-std,4,0.36363636363636365
531,NW-flex,4,1.0
531,BWA-no-clip,5,1.0
531,BWA-std,5,0.36363636363636365
531,NW-flex,5,1.0
531,BWA-no-clip,6,1.0
531,BWA-std,6,0.45454545454545453
531,NW-flex,6,1.0
531,BWA-no-clip,7,1.0
531,BWA-std,7,0.45454545454545453
531,NW-flex,7,1.0
531,BWA-no-clip,8,1.0
531,BWA-std,8,0.6363636363636364
531,NW-flex,8,1.0
531,BWA-no-clip,9,1.0
531,BWA-std,9,0.6363636363636364
531,NW-flex,9,1.0
531,BWA-no-clip,10,1.0
531,BWA-std,10,0.8181818181818182
531,NW-flex,10,1.0
532,BWA-no-clip,1,0.45454545454545453
532,BWA-std,1,0.09090909090909091
532,NW-flex,1,1.0
532,BWA-no-clip,2,0.5454545454545454
532,BWA-std,2,0.09090909090909091
532,NW-flex,2,1.0
532,BWA-no-clip,3,0.7272727272727273
532,BWA-std,3,0.18181818181818182
532,NW-flex,3,1.0
532,BWA-no-clip,4,0.7272727272727273
532,BWA-std,4,0.36363636363636365
532,NW-flex,4,1.0
532,BWA-no-clip,5,0.9090909090909091
532,BWA-std,5,0.36363636363636365
532,NW-flex,5,1.0
532,BWA-no-clip,6,1.0
532,BWA-std,6,0.45454545454545453
532,NW-flex,6,1.0
532,BWA-no-clip,7,1.0
532,BWA-std,7,0.45454545454545453
532,NW-flex,7,1.0
532,BWA-no-clip,8,1.0
532,BWA-std,8,0.6363636363636364
532,NW-flex,8,1.0
532,BWA-no-clip,9,1.0
532,BWA-std,9,0.6363636363636364
532,NW-flex,9,1.0
532,BWA-no-clip,10,1.0
532,BWA-std,10,0.8181818181818182
532,NW-flex,10,1.0
533,BWA-no-clip,1,0.5454545454545454
533,BWA-std,1,0.09090909090909091
533,NW-flex,1,1.0
533,BWA-no-clip,2,0.5454545454545454
533,BWA-std,2,0.09090909090909091
533,NW-flex,2,1.0
533,BWA-no-clip,3,0.6363636363636364
533,BWA-std,3,0.09090909090909091
533,NW-flex,3,1.0
533,BWA-no-clip,4,0.7272727272727273
533,BWA-std,4,0.36363636363636365
533,NW-flex,4,1.0
533,BWA-no-clip,5,0.8181818181818182
533,BWA-std,5,0.36363636363636365
533,NW-flex,5,1.0
533,BWA-no-clip,6,1.0
533,BWA-std,6,0.45454545454545453
533,NW-flex,6,1.0
533,BWA-no-clip,7,1.0
533,BWA-std,7,0.45454545454545453
533,NW-flex,7,1.0
533,BWA-no-clip,8,1.0
533,BWA-std,8,0.6363636363636364
533,NW-flex,8,1.0
533,BWA-no-clip,9,1.0
533,BWA-std,9,0.6363636363636364
533,NW-flex,9,1.0
533,BWA-no-clip,10,1.0
533,BWA-std,10,0.8181818181818182
533,NW-flex,10,1.0
534,BWA-no-clip,1,0.09090909090909091
534,BWA-std,1,0.09090909090909091
534,NW-flex,1,1.0
534,BWA-no-clip,2,0.5454545454545454
534,BWA-std,2,0.09090909090909091
534,NW-flex,2,1.0
534,BWA-no-clip,3,0.6363636363636364
534,BWA-std,3,0.09090909090909091
534,NW-flex,3,1.0
534,BWA-no-clip,4,0.7272727272727273
534,BWA-std,4,0.36363636363636365
534,NW-flex,4,1.0
534,BWA-no-clip,5,0.9090909090909091
534,BWA-std,5,0.36363636363636365
534,NW-flex,5,1.0
534,BWA-no-clip,6,1.0
534,BWA-std,6,0.45454545454545453
534,NW-flex,6,1.0
534,BWA-no-clip,7,1.0
534,BWA-std,7,0.45454545454545453
534,NW-flex,7,1.0
534,BWA-no-clip,8,1.0
534,BWA-std,8,0.6363636363636364
534,NW-flex,8,1.0
534,BWA-no-clip,9,1.0
534,BWA-std,9,0.6363636363636364
534,NW-flex,9,1.0
534,BWA-no-clip,10,1.0
534,BWA-std,10,0.8181818181818182
534,NW-flex,10,1.0
535,BWA-no-clip,1,0.09090909090909091
535,BWA-std,1,0.09090909090909091
535,NW-flex,1,1.0
535,BWA-no-clip,2,0.5454545454545454
535,BWA-std,2,0.09090909090909091
535,NW-flex,2,1.0
535,BWA-no-clip,3,0.6363636363636364
535,BWA-std,3,0.09090909090909091
535,NW-flex,3,1.0
535,BWA-no-clip,4,0.7272727272727273
535,BWA-std,4,0.36363636363636365
535,NW-flex,4,1.0
535,BWA-no-clip,5,0.9090909090909091
535,BWA-std,5,0.36363636363636365
535,NW-flex,5,1.0
535,BWA-no-clip,6,0.9090909090909091
535,BWA-std,6,0.45454545454545453
535,NW-flex,6,1.0
535,BWA-no-clip,7,0.9090909090909091
535,BWA-std,7,0.45454545454545453
535,NW-flex,7,1.0
535,BWA-no-clip,8,1.0
535,BWA-std,8,0.6363636363636364
535,NW-flex,8,1.0
535,BWA-no-clip,9,1.0
535,BWA-std,9,0.6363636363636364
535,NW-flex,9,1.0
535,BWA-no-clip,10,1.0
535,BWA-std,10,0.8181818181818182
535,NW-flex,10,1.0
536,BWA-no-clip,1,0.5454545454545454
536,BWA-std,1,0.09090909090909091
536,NW-flex,1,1.0
536,BWA-no-clip,2,0.7272727272727273
536,BWA-std,2,0.18181818181818182
536,NW-flex,2,1.0
536,BWA-no-clip,3,0.7272727272727273
536,BWA-std,3,0.18181818181818182
536,NW-flex,3,1.0
536,BWA-no-clip,4,0.9090909090909091
536,BWA-std,4,0.36363636363636365
536,NW-flex,4,1.0
536,BWA-no-clip,5,1.0
536,BWA-std,5,0.36363636363636365
536,NW-flex,5,1.0
536,BWA-no-clip,6,1.0
536,BWA-std,6,0.45454545454545453
536,NW-flex,6,1.0
536,BWA-no-clip,7,1.0
536,BWA-std,7,0.45454545454545453
536,NW-flex,7,1.0
536,BWA-no-clip,8,1.0
536,BWA-std,8,0.6363636363636364
536,NW-flex,8,1.0
536,BWA-no-clip,9,1.0
536,BWA-std,9,0.6363636363636364
536,NW-flex,9,1.0
536,BWA-no-clip,10,1.0
536,BWA-std,10,0.8181818181818182
536,NW-flex,10,1.0
537,BWA-no-clip,1,0.09090909090909091
537,BWA-std,1,0.09090909090909091
537,NW-flex,1,1.0
537,BWA-no-clip,2,0.09090909090909091
537,BWA-std,2,0.09090909090909091
537,NW-flex,2,1.0
537,BWA-no-clip,3,0.12121212121212122
537,BWA-std,3,0.18181818181818182
537,NW-flex,3,1.0
537,BWA-no-clip,4,0.5757575757575758
537,BWA-std,4,0.2727272727272727
537,NW-flex,4,1.0
537,BWA-no-clip,5,0.9090909090909091
537,BWA-std,5,0.36363636363636365
537,NW-flex,5,1.0
537,BWA-no-clip,6,1.0
537,BWA-std,6,0.45454545454545453
537,NW-flex,6,1.0
537,BWA-no-clip,7,1.0
537,BWA-std,7,0.45454545454545453
537,NW-flex,7,1.0
537,BWA-no-clip,8,1.0
537,BWA-std,8,0.6363636363636364
537,NW-flex,8,1.0
537,BWA-no-clip,9,1.0
537,BWA-std,9,0.6363636363636364
537,NW-flex,9,1.0
537,BWA-no-clip,10,1.0
537,BWA-std,10,0.8181818181818182
537,NW-flex,10,1.0
538,BWA-no-clip,1,0.5454545454545454
538,BWA-std,1,0.09090909090909091
538,NW-flex,1,1.0
538,BWA-no-clip,2,0.6363636363636364
538,BWA-std,2,0.18181818181818182
538,NW-flex,2,1.0
538,BWA-no-clip,3,0.8181818181818182
538,BWA-std,3,0.18181818181818182
538,NW-flex,3,1.0
538,BWA-no-clip,4,1.0
538,BWA-std,4,0.36363636363636365
538,NW-flex,4,1.0
538,BWA-no-clip,5,1.0
538,BWA-std,5,0.36363636363636365
538,NW-flex,5,1.0
538,BWA-no-clip,6,1.0
538,BWA-std,6,0.45454545454545453
538,NW-flex,6,1.0
538,BWA-no-clip,7,1.0
538,BWA-std,7,0.45454545454545453
538,NW-flex,7,1.0
538,BWA-no-clip,8,1.0
538,BWA-std,8,0.6363636363636364
538,NW-flex,8,1.0
538,BWA-no-clip,9,1.0
538,BWA-std,9,0.6363636363636364
538,NW-flex,9,1.0
538,BWA-no-clip,10,1.0
538,BWA-std,10,0.8181818181818182
538,NW-flex,10,1.0
539,BWA-no-clip,1,0.5454545454545454
539,BWA-std,1,0.09090909090909091
539,NW-flex,1,1.0
539,BWA-no-clip,2,0.7272727272727273
539,BWA-std,2,0.18181818181818182
539,NW-flex,2,1.0
539,BWA-no-clip,3,0.9090909090909091
539,BWA-std,3,0.18181818181818182
539,NW-flex,3,1.0
539,BWA-no-clip,4,0.9090909090909091
539,BWA-std,4,0.36363636363636365
539,NW-flex,4,1.0
539,BWA-no-clip,5,1.0
539,BWA-std,5,0.36363636363636365
539,NW-flex,5,1.0
539,BWA-no-clip,6,1.0
539,BWA-std,6,0.45454545454545453
539,NW-flex,6,1.0
539,BWA-no-clip,7,1.0
539,BWA-std,7,0.45454545454545453
539,NW-flex,7,1.0
539,BWA-no-clip,8,1.0
539,BWA-std,8,0.6363636363636364
539,NW-flex,8,1.0
539,BWA-no-clip,9,1.0
539,BWA-std,9,0.6363636363636364
539,NW-flex,9,1.0
539,BWA-no-clip,10,1.0
539,BWA-std,10,0.8181818181818182
539,NW-flex,10,1.0
540,BWA-no-clip,1,0.09090909090909091
540,BWA-std,1,0.09090909090909091
540,NW-flex,1,1.0
540,BWA-no-clip,2,0.6363636363636364
540,BWA-std,2,0.18181818181818182
540,NW-flex,2,1.0
540,BWA-no-clip,3,0.6363636363636364
540,BWA-std,3,0.18181818181818182
540,NW-flex,3,1.0
540,BWA-no-clip,4,0.8181818181818182
540,BWA-std,4,0.36363636363636365
540,NW-flex,4,1.0
540,BWA-no-clip,5,1.0
540,BWA-std,5,0.36363636363636365
540,NW-flex,5,1.0
540,BWA-no-clip,6,1.0
540,BWA-std,6,0.45454545454545453
540,NW-flex,6,1.0
540,BWA-no-clip,7,1.0
540,BWA-std,7,0.45454545454545453
540,NW-flex,7,1.0
540,BWA-no-clip,8,1.0
540,BWA-std,8,0.6363636363636364
540,NW-flex,8,1.0
540,BWA-no-clip,9,1.0
540,BWA-std,9,0.6363636363636364
540,NW-flex,9,1.0
540,BWA-no-clip,10,1.0
540,BWA-std,10,0.8181818181818182
540,NW-flex,10,1.0
541,BWA-no-clip,1,0.09090909090909091
541,BWA-std,1,0.09090909090909091
541,NW-flex,1,1.0
541,BWA-no-clip,2,0.09090909090909091
541,BWA-std,2,0.09090909090909091
541,NW-flex,2,1.0
541,BWA-no-clip,3,0.12121212121212122
541,BWA-std,3,0.18181818181818182
541,NW-flex,3,1.0
541,BWA-no-clip,4,0.12121212121212122
541,BWA-std,4,0.18181818181818182
541,NW-flex,4,1.0
541,BWA-no-clip,5,0.5757575757575758
541,BWA-std,5,0.2727272727272727
541,NW-flex,5,1.0
541,BWA-no-clip,6,1.0
541,BWA-std,6,0.45454545454545453
541,NW-flex,6,1.0
541,BWA-no-clip,7,1.0
541,BWA-std,7,0.45454545454545453
541,NW-flex,7,1.0
541,BWA-no-clip,8,1.0
541,BWA-std,8,0.6363636363636364
541,NW-flex,8,1.0
541,BWA-no-clip,9,1.0
541,BWA-std,9,0.6363636363636364
541,NW-flex,9,1.0
541,BWA-no-clip,10,1.0
541,BWA-std,10,0.8181818181818182
541,NW-flex,10,1.0
542,BWA-no-clip,1,0.5454545454545454
542,BWA-std,1,0.09090909090909091
542,NW-flex,1,1.0
542,BWA-no-clip,2,0.7272727272727273
542,BWA-std,2,0.18181818181818182
542,NW-flex,2,1.0
542,BWA-no-clip,3,0.7272727272727273
542,BWA-std,3,0.18181818181818182
542,NW-flex,3,1.0
542,BWA-no-clip,4,0.8181818181818182
542,BWA-std,4,0.36363636363636365
542,NW-flex,4,1.0
542,BWA-no-clip,5,0.9090909090909091
542,BWA-std,5,0.36363636363636365
542,NW-flex,5,1.0
542,BWA-no-clip,6,1.0
542,BWA-std,6,0.45454545454545453
542,NW-flex,6,1.0
542,BWA-no-clip,7,1.0
542,BWA-std,7,0.45454545454545453
542,NW-flex,7,1.0
542,BWA-no-clip,8,1.0
542,BWA-std,8,0.6363636363636364
542,NW-flex,8,1.0
542,BWA-no-clip,9,1.0
542,BWA-std,9,0.6363636363636364
542,NW-flex,9,1.0
542,BWA-no-clip,10,1.0
542,BWA-std,10,0.8181818181818182
542,NW-flex,10,1.0
543,BWA-no-clip,1,0.09090909090909091
543,BWA-std,1,0.09090909090909091
543,NW-flex,1,1.0
543,BWA-no-clip,2,0.5454545454545454
543,BWA-std,2,0.09090909090909091
543,NW-flex,2,1.0
543,BWA-no-clip,3,0.7272727272727273
543,BWA-std,3,0.18181818181818182
543,NW-flex,3,1.0
543,BWA-no-clip,4,0.8181818181818182
543,BWA-std,4,0.36363636363636365
543,NW-flex,4,1.0
543,BWA-no-clip,5,0.9090909090909091
543,BWA-std,5,0.36363636363636365
543,NW-flex,5,1.0
543,BWA-no-clip,6,0.9090909090909091
543,BWA-std,6,0.45454545454545453
543,NW-flex,6,1.0
543,BWA-no-clip,7,1.0
543,BWA-std,7,0.45454545454545453
543,NW-flex,7,1.0
543,BWA-no-clip,8,1.0
543,BWA-std,8,0.6363636363636364
543,NW-flex,8,1.0
543,BWA-no-clip,9,1.0
543,BWA-std,9,0.6363636363636364
543,NW-flex,9,1.0
543,BWA-no-clip,10,1.0
543,BWA-std,10,0.8181818181818182
543,NW-flex,10,1.0
544,BWA-no-clip,1,0.5454545454545454
544,BWA-std,1,0.09090909090909091
544,NW-flex,1,1.0
544,BWA-no-clip,2,0.7272727272727273
544,BWA-std,2,0.18181818181818182
544,NW-flex,2,1.0
544,BWA-no-clip,3,0.9090909090909091
544,BWA-std,3,0.18181818181818182
544,NW-flex,3,1.0
544,BWA-no-clip,4,1.0
544,BWA-std,4,0.36363636363636365
544,NW-flex,4,1.0
544,BWA-no-clip,5,1.0
544,BWA-std,5,0.36363636363636365
544,NW-flex,5,1.0
544,BWA-no-clip,6,1.0
544,BWA-std,6,0.45454545454545453
544,NW-flex,6,1.0
544,BWA-no-clip,7,1.0
544,BWA-std,7,0.45454545454545453
544,NW-flex,7,1.0
544,BWA-no-clip,8,1.0
544,BWA-std,8,0.6363636363636364
544,NW-flex,8,1.0
544,BWA-no-clip,9,1.0
544,BWA-std,9,0.6363636363636364
544,NW-flex,9,1.0
544,BWA-no-clip,10,1.0
544,BWA-std,10,0.8181818181818182
544,NW-flex,10,1.0
545,BWA-no-clip,1,0.09090909090909091
545,BWA-std,1,0.09090909090909091
545,NW-flex,1,1.0
545,BWA-no-clip,2,0.45454545454545453
545,BWA-std,2,0.09090909090909091
545,NW-flex,2,1.0
545,BWA-no-clip,3,0.7272727272727273
545,BWA-std,3,0.18181818181818182
545,NW-flex,3,1.0
545,BWA-no-clip,4,0.7272727272727273
545,BWA-std,4,0.36363636363636365
545,NW-flex,4,1.0
545,BWA-no-clip,5,0.7272727272727273
545,BWA-std,5,0.36363636363636365
545,NW-flex,5,1.0
545,BWA-no-clip,6,0.9090909090909091
545,BWA-std,6,0.45454545454545453
545,NW-flex,6,1.0
545,BWA-no-clip,7,0.9090909090909091
545,BWA-std,7,0.45454545454545453
545,NW-flex,7,1.0
545,BWA-no-clip,8,0.9090909090909091
545,BWA-std,8,0.6363636363636364
545,NW-flex,8,1.0
545,BWA-no-clip,9,0.9090909090909091
545,BWA-std,9,0.6363636363636364
545,NW-flex,9,1.0
545,BWA-no-clip,10,1.0
545,BWA-std,10,0.8181818181818182
545,NW-flex,10,1.0
546,BWA-no-clip,1,0.5454545454545454
546,BWA-std,1,0.09090909090909091
546,NW-flex,1,1.0
546,BWA-no-clip,2,0.7272727272727273
546,BWA-std,2,0.18181818181818182
546,NW-flex,2,1.0
546,BWA-no-clip,3,0.8181818181818182
546,BWA-std,3,0.18181818181818182
546,NW-flex,3,1.0
546,BWA-no-clip,4,0.8181818181818182
546,BWA-std,4,0.36363636363636365
546,NW-flex,4,1.0
546,BWA-no-clip,5,0.8181818181818182
546,BWA-std,5,0.36363636363636365
546,NW-flex,5,1.0
546,BWA-no-clip,6,1.0
546,BWA-std,6,0.45454545454545453
546,NW-flex,6,1.0
546,BWA-no-clip,7,1.0
546,BWA-std,7,0.45454545454545453
546,NW-flex,7,1.0
546,BWA-no-clip,8,1.0
546,BWA-std,8,0.6363636363636364
546,NW-flex,8,1.0
546,BWA-no-clip,9,1.0
546,BWA-std,9,0.6363636363636364
546,NW-flex,9,1.0
546,BWA-no-clip,10,1.0
546,BWA-std,10,0.8181818181818182
546,NW-flex,10,1.0
547,BWA-no-clip,1,0.5454545454545454
547,BWA-std,1,0.09090909090909091
547,NW-flex,1,1.0
547,BWA-no-clip,2,0.7272727272727273
547,BWA-std,2,0.18181818181818182
547,NW-flex,2,1.0
547,BWA-no-clip,3,0.7272727272727273
547,BWA-std,3,0.18181818181818182
547,NW-flex,3,1.0
547,BWA-no-clip,4,0.8181818181818182
547,BWA-std,4,0.36363636363636365
547,NW-flex,4,1.0
547,BWA-no-clip,5,1.0
547,BWA-std,5,0.36363636363636365
547,NW-flex,5,1.0
547,BWA-no-clip,6,1.0
547,BWA-std,6,0.45454545454545453
547,NW-flex,6,1.0
547,BWA-no-clip,7,1.0
547,BWA-std,7,0.45454545454545453
547,NW-flex,7,1.0
547,BWA-no-clip,8,1.0
547,BWA-std,8,0.6363636363636364
547,NW-flex,8,1.0
547,BWA-no-clip,9,1.0
547,BWA-std,9,0.6363636363636364
547,NW-flex,9,1.0
547,BWA-no-clip,10,1.0
547,BWA-std,10,0.8181818181818182
547,NW-flex,10,1.0
548,BWA-no-clip,1,0.5454545454545454
548,BWA-std,1,0.09090909090909091
548,NW-flex,1,1.0
548,BWA-no-clip,2,0.7272727272727273
548,BWA-std,2,0.18181818181818182
548,NW-flex,2,1.0
548,BWA-no-clip,3,0.9090909090909091
548,BWA-std,3,0.18181818181818182
548,NW-flex,3,1.0
548,BWA-no-clip,4,0.8181818181818182
548,BWA-std,4,0.36363636363636365
548,NW-flex,4,1.0
548,BWA-no-clip,5,0.9090909090909091
548,BWA-std,5,0.36363636363636365
548,NW-flex,5,1.0
548,BWA-no-clip,6,0.9090909090909091
548,BWA-std,6,0.45454545454545453
548,NW-flex,6,1.0
548,BWA-no-clip,7,1.0
548,BWA-std,7,0.45454545454545453
548,NW-flex,7,1.0
548,BWA-no-clip,8,1.0
548,BWA-std,8,0.6363636363636364
548,NW-flex,8,1.0
548,BWA-no-clip,9,1.0
548,BWA-std,9,0.6363636363636364
548,NW-flex,9,1.0
548,BWA-no-clip,10,1.0
548,BWA-std,10,0.8181818181818182
548,NW-flex,10,1.0
549,BWA-no-clip,1,0.5454545454545454
549,BWA-std,1,0.09090909090909091
549,NW-flex,1,1.0
549,BWA-no-clip,2,0.6363636363636364
549,BWA-std,2,0.18181818181818182
549,NW-flex,2,1.0
549,BWA-no-clip,3,0.8181818181818182
549,BWA-std,3,0.18181818181818182
549,NW-flex,3,1.0
549,BWA-no-clip,4,1.0
549,BWA-std,4,0.36363636363636365
549,NW-flex,4,1.0
549,BWA-no-clip,5,1.0
549,BWA-std,5,0.36363636363636365
549,NW-flex,5,1.0
549,BWA-no-clip,6,1.0
549,BWA-std,6,0.45454545454545453
549,NW-flex,6,1.0
549,BWA-no-clip,7,1.0
549,BWA-std,7,0.45454545454545453
549,NW-flex,7,1.0
549,BWA-no-clip,8,1.0
549,BWA-std,8,0.6363636363636364
549,NW-flex,8,1.0
549,BWA-no-clip,9,1.0
549,BWA-std,9,0.6363636363636364
549,NW-flex,9,1.0
549,BWA-no-clip,10,1.0
549,BWA-std,10,0.8181818181818182
549,NW-flex,10,1.0
550,BWA-no-clip,1,0.5454545454545454
550,BWA-std,1,0.09090909090909091
550,NW-flex,1,1.0
550,BWA-no-clip,2,0.7272727272727273
550,BWA-std,2,0.18181818181818182
550,NW-flex,2,1.0
550,BWA-no-clip,3,0.9090909090909091
550,BWA-std,3,0.18181818181818182
550,NW-flex,3,1.0
550,BWA-no-clip,4,1.0
550,BWA-std,4,0.36363636363636365
550,NW-flex,4,1.0
550,BWA-no-clip,5,0.9090909090909091
550,BWA-std,5,0.36363636363636365
550,NW-flex,5,1.0
550,BWA-no-clip,6,1.0
550,BWA-std,6,0.45454545454545453
550,NW-flex,6,1.0
550,BWA-no-clip,7,1.0
550,BWA-std,7,0.45454545454545453
550,NW-flex,7,1.0
550,BWA-no-clip,8,1.0
550,BWA-std,8,0.6363636363636364
550,NW-flex,8,1.0
550,BWA-no-clip,9,1.0
550,BWA-std,9,0.6363636363636364
550,NW-flex,9,1.0
550,BWA-no-clip,10,1.0
550,BWA-std,10,0.8181818181818182
550,NW-flex,10,1.0
551,BWA-no-clip,1,0.5454545454545454
551,BWA-std,1,0.09090909090909091
551,NW-flex,1,1.0
551,BWA-no-clip,2,0.7272727272727273
551,BWA-std,2,0.18181818181818182
551,NW-flex,2,1.0
551,BWA-no-clip,3,0.9090909090909091
551,BWA-std,3,0.18181818181818182
551,NW-flex,3,1.0
551,BWA-no-clip,4,1.0
551,BWA-std,4,0.36363636363636365
551,NW-flex,4,1.0
551,BWA-no-clip,5,1.0
551,BWA-std,5,0.36363636363636365
551,NW-flex,5,1.0
551,BWA-no-clip,6,1.0
551,BWA-std,6,0.45454545454545453
551,NW-flex,6,1.0
551,BWA-no-clip,7,1.0
551,BWA-std,7,0.45454545454545453
551,NW-flex,7,1.0
551,BWA-no-clip,8,1.0
551,BWA-std,8,0.6363636363636364
551,NW-flex,8,1.0
551,BWA-no-clip,9,1.0
551,BWA-std,9,0.6363636363636364
551,NW-flex,9,1.0
551,BWA-no-clip,10,1.0
551,BWA-std,10,0.8181818181818182
551,NW-flex,10,1.0
552,BWA-no-clip,1,0.5454545454545454
552,BWA-std,1,0.09090909090909091
552,NW-flex,1,1.0
552,BWA-no-clip,2,0.6363636363636364
552,BWA-std,2,0.18181818181818182
552,NW-flex,2,1.0
552,BWA-no-clip,3,0.7272727272727273
552,BWA-std,3,0.18181818181818182
552,NW-flex,3,1.0
552,BWA-no-clip,4,0.9090909090909091
552,BWA-std,4,0.36363636363636365
552,NW-flex,4,1.0
552,BWA-no-clip,5,1.0
552,BWA-std,5,0.36363636363636365
552,NW-flex,5,1.0
552,BWA-no-clip,6,1.0
552,BWA-std,6,0.45454545454545453
552,NW-flex,6,1.0
552,BWA-no-clip,7,1.0
552,BWA-std,7,0.45454545454545453
552,NW-flex,7,1.0
552,BWA-no-clip,8,1.0
552,BWA-std,8,0.6363636363636364
552,NW-flex,8,1.0
552,BWA-no-clip,9,1.0
552,BWA-std,9,0.6363636363636364
552,NW-flex,9,1.0
552,BWA-no-clip,10,1.0
552,BWA-std,10,0.8181818181818182
552,NW-flex,10,1.0
553,BWA-no-clip,1,0.5454545454545454
553,BWA-std,1,0.09090909090909091
553,NW-flex,1,1.0
553,BWA-no-clip,2,0.6363636363636364
553,BWA-std,2,0.18181818181818182
553,NW-flex,2,1.0
553,BWA-no-clip,3,0.7272727272727273
553,BWA-std,3,0.18181818181818182
553,NW-flex,3,1.0
553,BWA-no-clip,4,0.7272727272727273
553,BWA-std,4,0.36363636363636365
553,NW-flex,4,1.0
553,BWA-no-clip,5,0.7272727272727273
553,BWA-std,5,0.36363636363636365
553,NW-flex,5,1.0
553,BWA-no-clip,6,0.9090909090909091
553,BWA-std,6,0.45454545454545453
553,NW-flex,6,1.0
553,BWA-no-clip,7,1.0
553,BWA-std,7,0.45454545454545453
553,NW-flex,7,1.0
553,BWA-no-clip,8,1.0
553,BWA-std,8,0.6363636363636364
553,NW-flex,8,1.0
553,BWA-no-clip,9,1.0
553,BWA-std,9,0.6363636363636364
553,NW-flex,9,1.0
553,BWA-no-clip,10,1.0
553,BWA-std,10,0.8181818181818182
553,NW-flex,10,1.0
554,BWA-no-clip,1,0.45454545454545453
554,BWA-std,1,0.09090909090909091
554,NW-flex,1,1.0
554,BWA-no-clip,2,0.6363636363636364
554,BWA-std,2,0.18181818181818182
554,NW-flex,2,1.0
554,BWA-no-clip,3,0.5454545454545454
554,BWA-std,3,0.18181818181818182
554,NW-flex,3,1.0
554,BWA-no-clip,4,0.8181818181818182
554,BWA-std,4,0.36363636363636365
554,NW-flex,4,1.0
554,BWA-no-clip,5,0.9090909090909091
554,BWA-std,5,0.36363636363636365
554,NW-flex,5,1.0
554,BWA-no-clip,6,0.9090909090909091
554,BWA-std,6,0.45454545454545453
554,NW-flex,6,1.0
554,BWA-no-clip,7,1.0
554,BWA-std,7,0.45454545454545453
554,NW-flex,7,1.0
554,BWA-no-clip,8,1.0
554,BWA-std,8,0.6363636363636364
554,NW-flex,8,1.0
554,BWA-no-clip,9,1.0
554,BWA-std,9,0.6363636363636364
554,NW-flex,9,1.0
554,BWA-no-clip,10,1.0
554,BWA-std,10,0.8181818181818182
554,NW-flex,10,1.0
555,BWA-no-clip,1,0.5454545454545454
555,BWA-std,1,0.09090909090909091
555,NW-flex,1,1.0
555,BWA-no-clip,2,0.6363636363636364
555,BWA-std,2,0.18181818181818182
555,NW-flex,2,1.0
555,BWA-no-clip,3,0.7272727272727273
555,BWA-std,3,0.18181818181818182
555,NW-flex,3,1.0
555,BWA-no-clip,4,0.9090909090909091
555,BWA-std,4,0.36363636363636365
555,NW-flex,4,1.0
555,BWA-no-clip,5,1.0
555,BWA-std,5,0.36363636363636365
555,NW-flex,5,1.0
555,BWA-no-clip,6,1.0
555,BWA-std,6,0.45454545454545453
555,NW-flex,6,1.0
555,BWA-no-clip,7,1.0
555,BWA-std,7,0.45454545454545453
555,NW-flex,7,1.0
555,BWA-no-clip,8,1.0
555,BWA-std,8,0.6363636363636364
555,NW-flex,8,1.0
555,BWA-no-clip,9,1.0
555,BWA-std,9,0.6363636363636364
555,NW-flex,9,1.0
555,BWA-no-clip,10,1.0
555,BWA-std,10,0.8181818181818182
555,NW-flex,10,1.0
556,BWA-no-clip,1,0.09090909090909091
556,BWA-std,1,0.09090909090909091
556,NW-flex,1,1.0
556,BWA-no-clip,2,0.45454545454545453
556,BWA-std,2,0.09090909090909091
556,NW-flex,2,1.0
556,BWA-no-clip,3,0.5454545454545454
556,BWA-std,3,0.09090909090909091
556,NW-flex,3,1.0
556,BWA-no-clip,4,0.7272727272727273
556,BWA-std,4,0.36363636363636365
556,NW-flex,4,1.0
556,BWA-no-clip,5,0.8181818181818182
556,BWA-std,5,0.36363636363636365
556,NW-flex,5,1.0
556,BWA-no-clip,6,0.9090909090909091
556,BWA-std,6,0.45454545454545453
556,NW-flex,6,1.0
556,BWA-no-clip,7,0.9090909090909091
556,BWA-std,7,0.45454545454545453
556,NW-flex,7,1.0
556,BWA-no-clip,8,1.0
556,BWA-std,8,0.6363636363636364
556,NW-flex,8,1.0
556,BWA-no-clip,9,1.0
556,BWA-std,9,0.6363636363636364
556,NW-flex,9,1.0
556,BWA-no-clip,10,1.0
556,BWA-std,10,0.8181818181818182
556,NW-flex,10,1.0
557,BWA-no-clip,1,0.5454545454545454
557,BWA-std,1,0.09090909090909091
557,NW-flex,1,1.0
557,BWA-no-clip,2,0.5454545454545454
557,BWA-std,2,0.09090909090909091
557,NW-flex,2,1.0
557,BWA-no-clip,3,0.7272727272727273
557,BWA-std,3,0.18181818181818182
557,NW-flex,3,1.0
557,BWA-no-clip,4,0.9090909090909091
557,BWA-std,4,0.36363636363636365
557,NW-flex,4,1.0
557,BWA-no-clip,5,0.9090909090909091
557,BWA-std,5,0.36363636363636365
557,NW-flex,5,1.0
557,BWA-no-clip,6,1.0
557,BWA-std,6,0.45454545454545453
557,NW-flex,6,1.0
557,BWA-no-clip,7,1.0
557,BWA-std,7,0.45454545454545453
557,NW-flex,7,1.0
557,BWA-no-clip,8,1.0
557,BWA-std,8,0.6363636363636364
557,NW-flex,8,1.0
557,BWA-no-clip,9,1.0
557,BWA-std,9,0.6363636363636364
557,NW-flex,9,1.0
557,BWA-no-clip,10,1.0
557,BWA-std,10,0.8181818181818182
557,NW-flex,10,1.0
558,BWA-no-clip,1,0.09090909090909091
558,BWA-std,1,0.09090909090909091
558,NW-flex,1,1.0
558,BWA-no-clip,2,0.09090909090909091
558,BWA-std,2,0.09090909090909091
558,NW-flex,2,1.0
558,BWA-no-clip,3,0.12121212121212122
558,BWA-std,3,0.18181818181818182
558,NW-flex,3,1.0
558,BWA-no-clip,4,0.12121212121212122
558,BWA-std,4,0.18181818181818182
558,NW-flex,4,1.0
558,BWA-no-clip,5,0.12121212121212122
558,BWA-std,5,0.18181818181818182
558,NW-flex,5,1.0
558,BWA-no-clip,6,0.5757575757575758
558,BWA-std,6,0.30303030303030304
558,NW-flex,6,1.0
558,BWA-no-clip,7,1.0
558,BWA-std,7,0.45454545454545453
558,NW-flex,7,1.0
558,BWA-no-clip,8,1.0
558,BWA-std,8,0.6363636363636364
558,NW-flex,8,1.0
558,BWA-no-clip,9,1.0
558,BWA-std,9,0.6363636363636364
558,NW-flex,9,1.0
558,BWA-no-clip,10,1.0
558,BWA-std,10,0.8181818181818182
558,NW-flex,10,1.0
559,BWA-no-clip,1,0.36363636363636365
559,BWA-std,1,0.09090909090909091
559,NW-flex,1,1.0
559,BWA-no-clip,2,0.6363636363636364
559,BWA-std,2,0.18181818181818182
559,NW-flex,2,1.0
559,BWA-no-clip,3,0.5454545454545454
559,BWA-std,3,0.18181818181818182
559,NW-flex,3,1.0
559,BWA-no-clip,4,0.5454545454545454
559,BWA-std,4,0.36363636363636365
559,NW-flex,4,1.0
559,BWA-no-clip,5,0.7272727272727273
559,BWA-std,5,0.36363636363636365
559,NW-flex,5,1.0
559,BWA-no-clip,6,0.9090909090909091
559,BWA-std,6,0.45454545454545453
559,NW-flex,6,1.0
559,BWA-no-clip,7,1.0
559,BWA-std,7,0.45454545454545453
559,NW-flex,7,1.0
559,BWA-no-clip,8,1.0
559,BWA-std,8,0.6363636363636364
559,NW-flex,8,1.0
559,BWA-no-clip,9,1.0
559,BWA-std,9,0.6363636363636364
559,NW-flex,9,1.0
559,BWA-no-clip,10,1.0
559,BWA-std,10,0.8181818181818182
559,NW-flex,10,1.0
560,BWA-no-clip,1,0.09090909090909091
560,BWA-std,1,0.09090909090909091
560,NW-flex,1,1.0
560,BWA-no-clip,2,0.09090909090909091
560,BWA-std,2,0.09090909090909091
560,NW-flex,2,1.0
560,BWA-no-clip,3,0.5757575757575758
560,BWA-std,3,0.18181818181818182
560,NW-flex,3,1.0
560,BWA-no-clip,4,0.8181818181818182
560,BWA-std,4,0.36363636363636365
560,NW-flex,4,1.0
560,BWA-no-clip,5,0.9090909090909091
560,BWA-std,5,0.36363636363636365
560,NW-flex,5,1.0
560,BWA-no-clip,6,0.9090909090909091
560,BWA-std,6,0.45454545454545453
560,NW-flex,6,1.0
560,BWA-no-clip,7,1.0
560,BWA-std,7,0.45454545454545453
560,NW-flex,7,1.0
560,BWA-no-clip,8,1.0
560,BWA-std,8,0.6363636363636364
560,NW-flex,8,1.0
560,BWA-no-clip,9,1.0
560,BWA-std,9,0.6363636363636364
560,NW-flex,9,1.0
560,BWA-no-clip,10,1.0
560,BWA-std,10,0.8181818181818182
560,NW-flex,10,1.0
561,BWA-no-clip,1,0.09090909090909091
561,BWA-std,1,0.09090909090909091
561,NW-flex,1,1.0
561,BWA-no-clip,2,0.09090909090909091
561,BWA-std,2,0.09090909090909091
561,NW-flex,2,1.0
561,BWA-no-clip,3,0.5757575757575758
561,BWA-std,3,0.18181818181818182
561,NW-flex,3,1.0
561,BWA-no-clip,4,0.8181818181818182
561,BWA-std,4,0.36363636363636365
561,NW-flex,4,1.0
561,BWA-no-clip,5,0.9090909090909091
561,BWA-std,5,0.36363636363636365
561,NW-flex,5,1.0
561,BWA-no-clip,6,0.9090909090909091
561,BWA-std,6,0.45454545454545453
561,NW-flex,6,1.0
561,BWA-no-clip,7,1.0
561,BWA-std,7,0.45454545454545453
561,NW-flex,7,1.0
561,BWA-no-clip,8,1.0
561,BWA-std,8,0.6363636363636364
561,NW-flex,8,1.0
561,BWA-no-clip,9,1.0
561,BWA-std,9,0.6363636363636364
561,NW-flex,9,1.0
561,BWA-no-clip,10,1.0
561,BWA-std,10,0.8181818181818182
561,NW-flex,10,1.0
562,BWA-no-clip,1,0.09090909090909091
562,BWA-std,1,0.09090909090909091
562,NW-flex,1,1.0
562,BWA-no-clip,2,0.09090909090909091
562,BWA-std,2,0.09090909090909091
562,NW-flex,2,1.0
562,BWA-no-clip,3,0.5757575757575758
562,BWA-std,3,0.18181818181818182
562,NW-flex,3,1.0
562,BWA-no-clip,4,0.9090909090909091
562,BWA-std,4,0.36363636363636365
562,NW-flex,4,1.0
562,BWA-no-clip,5,1.0
562,BWA-std,5,0.36363636363636365
562,NW-flex,5,1.0
562,BWA-no-clip,6,1.0
562,BWA-std,6,0.45454545454545453
562,NW-flex,6,1.0
562,BWA-no-clip,7,1.0
562,BWA-std,7,0.45454545454545453
562,NW-flex,7,1.0
562,BWA-no-clip,8,1.0
562,BWA-std,8,0.6363636363636364
562,NW-flex,8,1.0
562,BWA-no-clip,9,1.0
562,BWA-std,9,0.6363636363636364
562,NW-flex,9,1.0
562,BWA-no-clip,10,1.0
562,BWA-std,10,0.8181818181818182
562,NW-flex,10,1.0
563,BWA-no-clip,1,0.5454545454545454
563,BWA-std,1,0.09090909090909091
563,NW-flex,1,1.0
563,BWA-no-clip,2,0.7272727272727273
563,BWA-std,2,0.18181818181818182
563,NW-flex,2,1.0
563,BWA-no-clip,3,0.9090909090909091
563,BWA-std,3,0.18181818181818182
563,NW-flex,3,1.0
563,BWA-no-clip,4,0.8181818181818182
563,BWA-std,4,0.36363636363636365
563,NW-flex,4,1.0
563,BWA-no-clip,5,0.9090909090909091
563,BWA-std,5,0.36363636363636365
563,NW-flex,5,1.0
563,BWA-no-clip,6,1.0
563,BWA-std,6,0.45454545454545453
563,NW-flex,6,1.0
563,BWA-no-clip,7,1.0
563,BWA-std,7,0.45454545454545453
563,NW-flex,7,1.0
563,BWA-no-clip,8,1.0
563,BWA-std,8,0.6363636363636364
563,NW-flex,8,1.0
563,BWA-no-clip,9,1.0
563,BWA-std,9,0.6363636363636364
563,NW-flex,9,1.0
563,BWA-no-clip,10,1.0
563,BWA-std,10,0.8181818181818182
563,NW-flex,10,1.0
564,BWA-no-clip,1,0.5454545454545454
564,BWA-std,1,0.09090909090909091
564,NW-flex,1,1.0
564,BWA-no-clip,2,0.7272727272727273
564,BWA-std,2,0.18181818181818182
564,NW-flex,2,1.0
564,BWA-no-clip,3,0.9090909090909091
564,BWA-std,3,0.18181818181818182
564,NW-flex,3,1.0
564,BWA-no-clip,4,0.9090909090909091
564,BWA-std,4,0.36363636363636365
564,NW-flex,4,1.0
564,BWA-no-clip,5,1.0
564,BWA-std,5,0.36363636363636365
564,NW-flex,5,1.0
564,BWA-no-clip,6,1.0
564,BWA-std,6,0.45454545454545453
564,NW-flex,6,1.0
564,BWA-no-clip,7,1.0
564,BWA-std,7,0.45454545454545453
564,NW-flex,7,1.0
564,BWA-no-clip,8,1.0
564,BWA-std,8,0.6363636363636364
564,NW-flex,8,1.0
564,BWA-no-clip,9,1.0
564,BWA-std,9,0.6363636363636364
564,NW-flex,9,1.0
564,BWA-no-clip,10,1.0
564,BWA-std,10,0.8181818181818182
564,NW-flex,10,1.0
565,BWA-no-clip,1,0.5454545454545454
565,BWA-std,1,0.09090909090909091
565,NW-flex,1,1.0
565,BWA-no-clip,2,0.7272727272727273
565,BWA-std,2,0.18181818181818182
565,NW-flex,2,1.0
565,BWA-no-clip,3,0.9090909090909091
565,BWA-std,3,0.18181818181818182
565,NW-flex,3,1.0
565,BWA-no-clip,4,1.0
565,BWA-std,4,0.36363636363636365
565,NW-flex,4,1.0
565,BWA-no-clip,5,1.0
565,BWA-std,5,0.36363636363636365
565,NW-flex,5,1.0
565,BWA-no-clip,6,1.0
565,BWA-std,6,0.45454545454545453
565,NW-flex,6,1.0
565,BWA-no-clip,7,1.0
565,BWA-std,7,0.45454545454545453
565,NW-flex,7,1.0
565,BWA-no-clip,8,1.0
565,BWA-std,8,0.6363636363636364
565,NW-flex,8,1.0
565,BWA-no-clip,9,1.0
565,BWA-std,9,0.6363636363636364
565,NW-flex,9,1.0
565,BWA-no-clip,10,1.0
565,BWA-std,10,0.8181818181818182
565,NW-flex,10,1.0
566,BWA-no-clip,1,0.09090909090909091
566,BWA-std,1,0.09090909090909091
566,NW-flex,1,1.0
566,BWA-no-clip,2,0.09090909090909091
566,BWA-std,2,0.09090909090909091
566,NW-flex,2,1.0
566,BWA-no-clip,3,0.12121212121212122
566,BWA-std,3,0.18181818181818182
566,NW-flex,3,1.0
566,BWA-no-clip,4,0.12121212121212122
566,BWA-std,4,0.18181818181818182
566,NW-flex,4,1.0
566,BWA-no-clip,5,0.12121212121212122
566,BWA-std,5,0.18181818181818182
566,NW-flex,5,1.0
566,BWA-no-clip,6,0.5757575757575758
566,BWA-std,6,0.30303030303030304
566,NW-flex,6,1.0
566,BWA-no-clip,7,0.9090909090909091
566,BWA-std,7,0.45454545454545453
566,NW-flex,7,1.0
566,BWA-no-clip,8,1.0
566,BWA-std,8,0.6363636363636364
566,NW-flex,8,1.0
566,BWA-no-clip,9,1.0
566,BWA-std,9,0.6363636363636364
566,NW-flex,9,1.0
566,BWA-no-clip,10,1.0
566,BWA-std,10,0.8181818181818182
566,NW-flex,10,1.0
567,BWA-no-clip,1,0.5454545454545454
567,BWA-std,1,0.09090909090909091
567,NW-flex,1,1.0
567,BWA-no-clip,2,0.6363636363636364
567,BWA-std,2,0.18181818181818182
567,NW-flex,2,1.0
567,BWA-no-clip,3,0.8181818181818182
567,BWA-std,3,0.18181818181818182
567,NW-flex,3,1.0
567,BWA-no-clip,4,1.0
567,BWA-std,4,0.36363636363636365
567,NW-flex,4,1.0
567,BWA-no-clip,5,1.0
567,BWA-std,5,0.36363636363636365
567,NW-flex,5,1.0
567,BWA-no-clip,6,1.0
567,BWA-std,6,0.45454545454545453
567,NW-flex,6,1.0
567,BWA-no-clip,7,1.0
567,BWA-std,7,0.45454545454545453
567,NW-flex,7,1.0
567,BWA-no-clip,8,1.0
567,BWA-std,8,0.6363636363636364
567,NW-flex,8,1.0
567,BWA-no-clip,9,1.0
567,BWA-std,9,0.6363636363636364
567,NW-flex,9,1.0
567,BWA-no-clip,10,1.0
567,BWA-std,10,0.8181818181818182
567,NW-flex,10,1.0
568,BWA-no-clip,1,0.09090909090909091
568,BWA-std,1,0.09090909090909091
568,NW-flex,1,1.0
568,BWA-no-clip,2,0.45454545454545453
568,BWA-std,2,0.09090909090909091
568,NW-flex,2,1.0
568,BWA-no-clip,3,0.5454545454545454
568,BWA-std,3,0.09090909090909091
568,NW-flex,3,1.0
568,BWA-no-clip,4,0.6363636363636364
568,BWA-std,4,0.36363636363636365
568,NW-flex,4,1.0
568,BWA-no-clip,5,0.7272727272727273
568,BWA-std,5,0.36363636363636365
568,NW-flex,5,1.0
568,BWA-no-clip,6,0.7272727272727273
568,BWA-std,6,0.45454545454545453
568,NW-flex,6,1.0
568,BWA-no-clip,7,0.8181818181818182
568,BWA-std,7,0.45454545454545453
568,NW-flex,7,1.0
568,BWA-no-clip,8,0.9090909090909091
568,BWA-std,8,0.6363636363636364
568,NW-flex,8,1.0
568,BWA-no-clip,9,1.0
568,BWA-std,9,0.6363636363636364
568,NW-flex,9,1.0
568,BWA-no-clip,10,1.0
568,BWA-std,10,0.8181818181818182
568,NW-flex,10,1.0
569,BWA-no-clip,1,0.5454545454545454
569,BWA-std,1,0.09090909090909091
569,NW-flex,1,1.0
569,BWA-no-clip,2,0.6363636363636364
569,BWA-std,2,0.18181818181818182
569,NW-flex,2,1.0
569,BWA-no-clip,3,0.6363636363636364
569,BWA-std,3,0.18181818181818182
569,NW-flex,3,1.0
569,BWA-no-clip,4,0.8181818181818182
569,BWA-std,4,0.36363636363636365
569,NW-flex,4,1.0
569,BWA-no-clip,5,0.8181818181818182
569,BWA-std,5,0.36363636363636365
569,NW-flex,5,1.0
569,BWA-no-clip,6,1.0
569,BWA-std,6,0.45454545454545453
569,NW-flex,6,1.0
569,BWA-no-clip,7,1.0
569,BWA-std,7,0.45454545454545453
569,NW-flex,7,1.0
569,BWA-no-clip,8,1.0
569,BWA-std,8,0.6363636363636364
569,NW-flex,8,1.0
569,BWA-no-clip,9,1.0
569,BWA-std,9,0.6363636363636364
569,NW-flex,9,1.0
569,BWA-no-clip,10,1.0
569,BWA-std,10,0.8181818181818182
569,NW-flex,10,1.0
570,BWA-no-clip,1,0.5454545454545454
570,BWA-std,1,0.09090909090909091
570,NW-flex,1,1.0
570,BWA-no-clip,2,0.7272727272727273
570,BWA-std,2,0.18181818181818182
570,NW-flex,2,1.0
570,BWA-no-clip,3,0.9090909090909091
570,BWA-std,3,0.18181818181818182
570,NW-flex,3,1.0
570,BWA-no-clip,4,1.0
570,BWA-std,4,0.36363636363636365
570,NW-flex,4,1.0
570,BWA-no-clip,5,1.0
570,BWA-std,5,0.36363636363636365
570,NW-flex,5,1.0
570,BWA-no-clip,6,1.0
570,BWA-std,6,0.45454545454545453
570,NW-flex,6,1.0
570,BWA-no-clip,7,1.0
570,BWA-std,7,0.45454545454545453
570,NW-flex,7,1.0
570,BWA-no-clip,8,1.0
570,BWA-std,8,0.6363636363636364
570,NW-flex,8,1.0
570,BWA-no-clip,9,1.0
570,BWA-std,9,0.6363636363636364
570,NW-flex,9,1.0
570,BWA-no-clip,10,1.0
570,BWA-std,10,0.8181818181818182
570,NW-flex,10,1.0
571,BWA-no-clip,1,0.5454545454545454
571,BWA-std,1,0.09090909090909091
571,NW-flex,1,1.0
571,BWA-no-clip,2,0.6363636363636364
571,BWA-std,2,0.18181818181818182
571,NW-flex,2,1.0
571,BWA-no-clip,3,0.7272727272727273
571,BWA-std,3,0.18181818181818182
571,NW-flex,3,1.0
571,BWA-no-clip,4,0.9090909090909091
571,BWA-std,4,0.36363636363636365
571,NW-flex,4,1.0
571,BWA-no-clip,5,0.9090909090909091
571,BWA-std,5,0.36363636363636365
571,NW-flex,5,1.0
571,BWA-no-clip,6,1.0
571,BWA-std,6,0.45454545454545453
571,NW-flex,6,1.0
571,BWA-no-clip,7,1.0
571,BWA-std,7,0.45454545454545453
571,NW-flex,7,1.0
571,BWA-no-clip,8,1.0
571,BWA-std,8,0.6363636363636364
571,NW-flex,8,1.0
571,BWA-no-clip,9,1.0
571,BWA-std,9,0.6363636363636364
571,NW-flex,9,1.0
571,BWA-no-clip,10,1.0
571,BWA-std,10,0.8181818181818182
571,NW-flex,10,1.0
572,BWA-no-clip,1,0.5454545454545454
572,BWA-std,1,0.09090909090909091
572,NW-flex,1,1.0
572,BWA-no-clip,2,0.7272727272727273
572,BWA-std,2,0.18181818181818182
572,NW-flex,2,1.0
572,BWA-no-clip,3,0.9090909090909091
572,BWA-std,3,0.18181818181818182
572,NW-flex,3,1.0
572,BWA-no-clip,4,1.0
572,BWA-std,4,0.36363636363636365
572,NW-flex,4,1.0
572,BWA-no-clip,5,1.0
572,BWA-std,5,0.36363636363636365
572,NW-flex,5,1.0
572,BWA-no-clip,6,1.0
572,BWA-std,6,0.45454545454545453
572,NW-flex,6,1.0
572,BWA-no-clip,7,1.0
572,BWA-std,7,0.45454545454545453
572,NW-flex,7,1.0
572,BWA-no-clip,8,1.0
572,BWA-std,8,0.6363636363636364
572,NW-flex,8,1.0
572,BWA-no-clip,9,1.0
572,BWA-std,9,0.6363636363636364
572,NW-flex,9,1.0
572,BWA-no-clip,10,1.0
572,BWA-std,10,0.8181818181818182
572,NW-flex,10,1.0
573,BWA-no-clip,1,0.09090909090909091
573,BWA-std,1,0.09090909090909091
573,NW-flex,1,1.0
573,BWA-no-clip,2,0.5454545454545454
573,BWA-std,2,0.09090909090909091
573,NW-flex,2,1.0
573,BWA-no-clip,3,0.7272727272727273
573,BWA-std,3,0.18181818181818182
573,NW-flex,3,1.0
573,BWA-no-clip,4,0.7272727272727273
573,BWA-std,4,0.36363636363636365
573,NW-flex,4,1.0
573,BWA-no-clip,5,0.9090909090909091
573,BWA-std,5,0.36363636363636365
573,NW-flex,5,1.0
573,BWA-no-clip,6,1.0
573,BWA-std,6,0.45454545454545453
573,NW-flex,6,1.0
573,BWA-no-clip,7,1.0
573,BWA-std,7,0.45454545454545453
573,NW-flex,7,1.0
573,BWA-no-clip,8,1.0
573,BWA-std,8,0.6363636363636364
573,NW-flex,8,1.0
573,BWA-no-clip,9,1.0
573,BWA-std,9,0.6363636363636364
573,NW-flex,9,1.0
573,BWA-no-clip,10,1.0
573,BWA-std,10,0.8181818181818182
573,NW-flex,10,1.0
574,BWA-no-clip,1,0.09090909090909091
574,BWA-std,1,0.09090909090909091
574,NW-flex,1,1.0
574,BWA-no-clip,2,0.09090909090909091
574,BWA-std,2,0.09090909090909091
574,NW-flex,2,1.0
574,BWA-no-clip,3,0.12121212121212122
574,BWA-std,3,0.18181818181818182
574,NW-flex,3,1.0
574,BWA-no-clip,4,0.12121212121212122
574,BWA-std,4,0.18181818181818182
574,NW-flex,4,1.0
574,BWA-no-clip,5,0.12121212121212122
574,BWA-std,5,0.18181818181818182
574,NW-flex,5,1.0
574,BWA-no-clip,6,0.5757575757575758
574,BWA-std,6,0.30303030303030304
574,NW-flex,6,1.0
574,BWA-no-clip,7,1.0
574,BWA-std,7,0.45454545454545453
574,NW-flex,7,1.0
574,BWA-no-clip,8,1.0
574,BWA-std,8,0.6363636363636364
574,NW-flex,8,1.0
574,BWA-no-clip,9,1.0
574,BWA-std,9,0.6363636363636364
574,NW-flex,9,1.0
574,BWA-no-clip,10,1.0
574,BWA-std,10,0.8181818181818182
574,NW-flex,10,1.0
575,BWA-no-clip,1,0.45454545454545453
575,BWA-std,1,0.09090909090909091
575,NW-flex,1,1.0
575,BWA-no-clip,2,0.5454545454545454
575,BWA-std,2,0.09090909090909091
575,NW-flex,2,1.0
575,BWA-no-clip,3,0.6363636363636364
575,BWA-std,3,0.18181818181818182
575,NW-flex,3,1.0
575,BWA-no-clip,4,0.8181818181818182
575,BWA-std,4,0.36363636363636365
575,NW-flex,4,1.0
575,BWA-no-clip,5,0.8181818181818182
575,BWA-std,5,0.36363636363636365
575,NW-flex,5,1.0
575,BWA-no-clip,6,1.0
575,BWA-std,6,0.45454545454545453
575,NW-flex,6,1.0
575,BWA-no-clip,7,1.0
575,BWA-std,7,0.45454545454545453
575,NW-flex,7,1.0
575,BWA-no-clip,8,1.0
575,BWA-std,8,0.6363636363636364
575,NW-flex,8,1.0
575,BWA-no-clip,9,1.0
575,BWA-std,9,0.6363636363636364
575,NW-flex,9,1.0
575,BWA-no-clip,10,1.0
575,BWA-std,10,0.8181818181818182
575,NW-flex,10,1.0
576,BWA-no-clip,1,0.5454545454545454
576,BWA-std,1,0.09090909090909091
576,NW-flex,1,1.0
576,BWA-no-clip,2,0.7272727272727273
576,BWA-std,2,0.18181818181818182
576,NW-flex,2,1.0
576,BWA-no-clip,3,0.7272727272727273
576,BWA-std,3,0.18181818181818182
576,NW-flex,3,1.0
576,BWA-no-clip,4,0.8181818181818182
576,BWA-std,4,0.36363636363636365
576,NW-flex,4,1.0
576,BWA-no-clip,5,0.8181818181818182
576,BWA-std,5,0.36363636363636365
576,NW-flex,5,1.0
576,BWA-no-clip,6,0.8181818181818182
576,BWA-std,6,0.45454545454545453
576,NW-flex,6,1.0
576,BWA-no-clip,7,1.0
576,BWA-std,7,0.45454545454545453
576,NW-flex,7,1.0
576,BWA-no-clip,8,1.0
576,BWA-std,8,0.6363636363636364
576,NW-flex,8,1.0
576,BWA-no-clip,9,1.0
576,BWA-std,9,0.6363636363636364
576,NW-flex,9,1.0
576,BWA-no-clip,10,1.0
576,BWA-std,10,0.8181818181818182
576,NW-flex,10,1.0
577,BWA-no-clip,1,0.5454545454545454
577,BWA-std,1,0.09090909090909091
577,NW-flex,1,1.0
577,BWA-no-clip,2,0.5454545454545454
577,BWA-std,2,0.09090909090909091
577,NW-flex,2,1.0
577,BWA-no-clip,3,0.7272727272727273
577,BWA-std,3,0.18181818181818182
577,NW-flex,3,1.0
577,BWA-no-clip,4,0.9090909090909091
577,BWA-std,4,0.36363636363636365
577,NW-flex,4,1.0
577,BWA-no-clip,5,1.0
577,BWA-std,5,0.36363636363636365
577,NW-flex,5,1.0
577,BWA-no-clip,6,1.0
577,BWA-std,6,0.45454545454545453
577,NW-flex,6,1.0
577,BWA-no-clip,7,1.0
577,BWA-std,7,0.45454545454545453
577,NW-flex,7,1.0
577,BWA-no-clip,8,1.0
577,BWA-std,8,0.6363636363636364
577,NW-flex,8,1.0
577,BWA-no-clip,9,1.0
577,BWA-std,9,0.6363636363636364
577,NW-flex,9,1.0
577,BWA-no-clip,10,1.0
577,BWA-std,10,0.8181818181818182
577,NW-flex,10,1.0
578,BWA-no-clip,1,0.09090909090909091
578,BWA-std,1,0.09090909090909091
578,NW-flex,1,1.0
578,BWA-no-clip,2,0.45454545454545453
578,BWA-std,2,0.09090909090909091
578,NW-flex,2,1.0
578,BWA-no-clip,3,0.6363636363636364
578,BWA-std,3,0.09090909090909091
578,NW-flex,3,1.0
578,BWA-no-clip,4,0.7272727272727273
578,BWA-std,4,0.36363636363636365
578,NW-flex,4,1.0
578,BWA-no-clip,5,0.9090909090909091
578,BWA-std,5,0.36363636363636365
578,NW-flex,5,1.0
578,BWA-no-clip,6,0.9090909090909091
578,BWA-std,6,0.45454545454545453
578,NW-flex,6,1.0
578,BWA-no-clip,7,0.9090909090909091
578,BWA-std,7,0.45454545454545453
578,NW-flex,7,1.0
578,BWA-no-clip,8,0.9090909090909091
578,BWA-std,8,0.6363636363636364
578,NW-flex,8,1.0
578,BWA-no-clip,9,1.0
578,BWA-std,9,0.6363636363636364
578,NW-flex,9,1.0
578,BWA-no-clip,10,1.0
578,BWA-std,10,0.8181818181818182
578,NW-flex,10,1.0
579,BWA-no-clip,1,0.5454545454545454
579,BWA-std,1,0.09090909090909091
579,NW-flex,1,1.0
579,BWA-no-clip,2,0.5454545454545454
579,BWA-std,2,0.09090909090909091
579,NW-flex,2,1.0
579,BWA-no-clip,3,0.7272727272727273
579,BWA-std,3,0.18181818181818182
579,NW-flex,3,1.0
579,BWA-no-clip,4,0.9090909090909091
579,BWA-std,4,0.36363636363636365
579,NW-flex,4,1.0
579,BWA-no-clip,5,1.0
579,BWA-std,5,0.36363636363636365
579,NW-flex,5,1.0
579,BWA-no-clip,6,1.0
579,BWA-std,6,0.45454545454545453
579,NW-flex,6,1.0
579,BWA-no-clip,7,1.0
579,BWA-std,7,0.45454545454545453
579,NW-flex,7,1.0
579,BWA-no-clip,8,1.0
579,BWA-std,8,0.6363636363636364
579,NW-flex,8,1.0
579,BWA-no-clip,9,1.0
579,BWA-std,9,0.6363636363636364
579,NW-flex,9,1.0
579,BWA-no-clip,10,1.0
579,BWA-std,10,0.8181818181818182
579,NW-flex,10,1.0
580,BWA-no-clip,1,0.5454545454545454
580,BWA-std,1,0.09090909090909091
580,NW-flex,1,1.0
580,BWA-no-clip,2,0.7272727272727273
580,BWA-std,2,0.18181818181818182
580,NW-flex,2,1.0
580,BWA-no-clip,3,0.9090909090909091
580,BWA-std,3,0.18181818181818182
580,NW-flex,3,1.0
580,BWA-no-clip,4,1.0
580,BWA-std,4,0.36363636363636365
580,NW-flex,4,1.0
580,BWA-no-clip,5,1.0
580,BWA-std,5,0.36363636363636365
580,NW-flex,5,1.0
580,BWA-no-clip,6,1.0
580,BWA-std,6,0.45454545454545453
580,NW-flex,6,1.0
580,BWA-no-clip,7,1.0
580,BWA-std,7,0.45454545454545453
580,NW-flex,7,1.0
580,BWA-no-clip,8,1.0
580,BWA-std,8,0.6363636363636364
580,NW-flex,8,1.0
580,BWA-no-clip,9,1.0
580,BWA-std,9,0.6363636363636364
580,NW-flex,9,1.0
580,BWA-no-clip,10,1.0
580,BWA-std,10,0.8181818181818182
580,NW-flex,10,1.0
581,BWA-no-clip,1,0.5454545454545454
581,BWA-std,1,0.09090909090909091
581,NW-flex,1,1.0
581,BWA-no-clip,2,0.6363636363636364
581,BWA-std,2,0.18181818181818182
581,NW-flex,2,1.0
581,BWA-no-clip,3,0.7272727272727273
581,BWA-std,3,0.18181818181818182
581,NW-flex,3,1.0
581,BWA-no-clip,4,0.8181818181818182
581,BWA-std,4,0.36363636363636365
581,NW-flex,4,1.0
581,BWA-no-clip,5,0.8181818181818182
581,BWA-std,5,0.36363636363636365
581,NW-flex,5,1.0
581,BWA-no-clip,6,1.0
581,BWA-std,6,0.45454545454545453
581,NW-flex,6,1.0
581,BWA-no-clip,7,1.0
581,BWA-std,7,0.45454545454545453
581,NW-flex,7,1.0
581,BWA-no-clip,8,1.0
581,BWA-std,8,0.6363636363636364
581,NW-flex,8,1.0
581,BWA-no-clip,9,1.0
581,BWA-std,9,0.6363636363636364
581,NW-flex,9,1.0
581,BWA-no-clip,10,1.0
581,BWA-std,10,0.8181818181818182
581,NW-flex,10,1.0
582,BWA-no-clip,1,0.5454545454545454
582,BWA-std,1,0.09090909090909091
582,NW-flex,1,1.0
582,BWA-no-clip,2,0.7272727272727273
582,BWA-std,2,0.18181818181818182
582,NW-flex,2,1.0
582,BWA-no-clip,3,0.9090909090909091
582,BWA-std,3,0.18181818181818182
582,NW-flex,3,1.0
582,BWA-no-clip,4,1.0
582,BWA-std,4,0.36363636363636365
582,NW-flex,4,1.0
582,BWA-no-clip,5,1.0
582,BWA-std,5,0.36363636363636365
582,NW-flex,5,1.0
582,BWA-no-clip,6,1.0
582,BWA-std,6,0.45454545454545453
582,NW-flex,6,1.0
582,BWA-no-clip,7,1.0
582,BWA-std,7,0.45454545454545453
582,NW-flex,7,1.0
582,BWA-no-clip,8,1.0
582,BWA-std,8,0.6363636363636364
582,NW-flex,8,1.0
582,BWA-no-clip,9,1.0
582,BWA-std,9,0.6363636363636364
582,NW-flex,9,1.0
582,BWA-no-clip,10,1.0
582,BWA-std,10,0.8181818181818182
582,NW-flex,10,1.0
583,BWA-no-clip,1,0.5454545454545454
583,BWA-std,1,0.09090909090909091
583,NW-flex,1,1.0
583,BWA-no-clip,2,0.7272727272727273
583,BWA-std,2,0.18181818181818182
583,NW-flex,2,1.0
583,BWA-no-clip,3,0.7272727272727273
583,BWA-std,3,0.18181818181818182
583,NW-flex,3,1.0
583,BWA-no-clip,4,0.8181818181818182
583,BWA-std,4,0.36363636363636365
583,NW-flex,4,1.0
583,BWA-no-clip,5,0.9090909090909091
583,BWA-std,5,0.36363636363636365
583,NW-flex,5,1.0
583,BWA-no-clip,6,1.0
583,BWA-std,6,0.45454545454545453
583,NW-flex,6,1.0
583,BWA-no-clip,7,1.0
583,BWA-std,7,0.45454545454545453
583,NW-flex,7,1.0
583,BWA-no-clip,8,1.0
583,BWA-std,8,0.6363636363636364
583,NW-flex,8,1.0
583,BWA-no-clip,9,1.0
583,BWA-std,9,0.6363636363636364
583,NW-flex,9,1.0
583,BWA-no-clip,10,1.0
583,BWA-std,10,0.8181818181818182
583,NW-flex,10,1.0
584,BWA-no-clip,1,0.09090909090909091
584,BWA-std,1,0.09090909090909091
584,NW-flex,1,1.0
584,BWA-no-clip,2,0.09090909090909091
584,BWA-std,2,0.09090909090909091
584,NW-flex,2,1.0
584,BWA-no-clip,3,0.12121212121212122
584,BWA-std,3,0.18181818181818182
584,NW-flex,3,1.0
584,BWA-no-clip,4,0.5757575757575758
584,BWA-std,4,0.2727272727272727
584,NW-flex,4,1.0
584,BWA-no-clip,5,0.9090909090909091
584,BWA-std,5,0.36363636363636365
584,NW-flex,5,1.0
584,BWA-no-clip,6,1.0
584,BWA-std,6,0.45454545454545453
584,NW-flex,6,1.0
584,BWA-no-clip,7,1.0
584,BWA-std,7,0.45454545454545453
584,NW-flex,7,1.0
584,BWA-no-clip,8,1.0
584,BWA-std,8,0.6363636363636364
584,NW-flex,8,1.0
584,BWA-no-clip,9,1.0
584,BWA-std,9,0.6363636363636364
584,NW-flex,9,1.0
584,BWA-no-clip,10,1.0
584,BWA-std,10,0.8181818181818182
584,NW-flex,10,1.0
585,BWA-no-clip,1,0.5454545454545454
585,BWA-std,1,0.09090909090909091
585,NW-flex,1,1.0
585,BWA-no-clip,2,0.5454545454545454
585,BWA-std,2,0.09090909090909091
585,NW-flex,2,1.0
585,BWA-no-clip,3,0.7272727272727273
585,BWA-std,3,0.18181818181818182
585,NW-flex,3,1.0
585,BWA-no-clip,4,0.8181818181818182
585,BWA-std,4,0.36363636363636365
585,NW-flex,4,1.0
585,BWA-no-clip,5,1.0
585,BWA-std,5,0.36363636363636365
585,NW-flex,5,1.0
585,BWA-no-clip,6,1.0
585,BWA-std,6,0.45454545454545453
585,NW-flex,6,1.0
585,BWA-no-clip,7,1.0
585,BWA-std,7,0.45454545454545453
585,NW-flex,7,1.0
585,BWA-no-clip,8,1.0
585,BWA-std,8,0.6363636363636364
585,NW-flex,8,1.0
585,BWA-no-clip,9,1.0
585,BWA-std,9,0.6363636363636364
585,NW-flex,9,1.0
585,BWA-no-clip,10,1.0
585,BWA-std,10,0.8181818181818182
585,NW-flex,10,1.0
586,BWA-no-clip,1,0.5454545454545454
586,BWA-std,1,0.09090909090909091
586,NW-flex,1,1.0
586,BWA-no-clip,2,0.7272727272727273
586,BWA-std,2,0.18181818181818182
586,NW-flex,2,1.0
586,BWA-no-clip,3,0.7272727272727273
586,BWA-std,3,0.18181818181818182
586,NW-flex,3,1.0
586,BWA-no-clip,4,0.9090909090909091
586,BWA-std,4,0.36363636363636365
586,NW-flex,4,1.0
586,BWA-no-clip,5,1.0
586,BWA-std,5,0.36363636363636365
586,NW-flex,5,1.0
586,BWA-no-clip,6,1.0
586,BWA-std,6,0.45454545454545453
586,NW-flex,6,1.0
586,BWA-no-clip,7,1.0
586,BWA-std,7,0.45454545454545453
586,NW-flex,7,1.0
586,BWA-no-clip,8,1.0
586,BWA-std,8,0.6363636363636364
586,NW-flex,8,1.0
586,BWA-no-clip,9,1.0
586,BWA-std,9,0.6363636363636364
586,NW-flex,9,1.0
586,BWA-no-clip,10,1.0
586,BWA-std,10,0.8181818181818182
586,NW-flex,10,1.0
587,BWA-no-clip,1,0.5454545454545454
587,BWA-std,1,0.09090909090909091
587,NW-flex,1,1.0
587,BWA-no-clip,2,0.7272727272727273
587,BWA-std,2,0.18181818181818182
587,NW-flex,2,1.0
587,BWA-no-clip,3,0.7272727272727273
587,BWA-std,3,0.18181818181818182
587,NW-flex,3,1.0
587,BWA-no-clip,4,0.8181818181818182
587,BWA-std,4,0.36363636363636365
587,NW-flex,4,1.0
587,BWA-no-clip,5,0.9090909090909091
587,BWA-std,5,0.36363636363636365
587,NW-flex,5,1.0
587,BWA-no-clip,6,0.9090909090909091
587,BWA-std,6,0.45454545454545453
587,NW-flex,6,1.0
587,BWA-no-clip,7,0.9090909090909091
587,BWA-std,7,0.45454545454545453
587,NW-flex,7,1.0
587,BWA-no-clip,8,1.0
587,BWA-std,8,0.6363636363636364
587,NW-flex,8,1.0
587,BWA-no-clip,9,1.0
587,BWA-std,9,0.6363636363636364
587,NW-flex,9,1.0
587,BWA-no-clip,10,1.0
587,BWA-std,10,0.8181818181818182
587,NW-flex,10,1.0
588,BWA-no-clip,1,0.09090909090909091
588,BWA-std,1,0.09090909090909091
588,NW-flex,1,1.0
588,BWA-no-clip,2,0.6363636363636364
588,BWA-std,2,0.18181818181818182
588,NW-flex,2,1.0
588,BWA-no-clip,3,0.6363636363636364
588,BWA-std,3,0.18181818181818182
588,NW-flex,3,1.0
588,BWA-no-clip,4,0.8181818181818182
588,BWA-std,4,0.36363636363636365
588,NW-flex,4,1.0
588,BWA-no-clip,5,0.8181818181818182
588,BWA-std,5,0.36363636363636365
588,NW-flex,5,1.0
588,BWA-no-clip,6,1.0
588,BWA-std,6,0.45454545454545453
588,NW-flex,6,1.0
588,BWA-no-clip,7,1.0
588,BWA-std,7,0.45454545454545453
588,NW-flex,7,1.0
588,BWA-no-clip,8,1.0
588,BWA-std,8,0.6363636363636364
588,NW-flex,8,1.0
588,BWA-no-clip,9,1.0
588,BWA-std,9,0.6363636363636364
588,NW-flex,9,1.0
588,BWA-no-clip,10,1.0
588,BWA-std,10,0.8181818181818182
588,NW-flex,10,1.0
589,BWA-no-clip,1,0.5454545454545454
589,BWA-std,1,0.09090909090909091
589,NW-flex,1,1.0
589,BWA-no-clip,2,0.7272727272727273
589,BWA-std,2,0.18181818181818182
589,NW-flex,2,1.0
589,BWA-no-clip,3,0.7272727272727273
589,BWA-std,3,0.18181818181818182
589,NW-flex,3,1.0
589,BWA-no-clip,4,0.8181818181818182
589,BWA-std,4,0.36363636363636365
589,NW-flex,4,1.0
589,BWA-no-clip,5,0.8181818181818182
589,BWA-std,5,0.36363636363636365
589,NW-flex,5,1.0
589,BWA-no-clip,6,0.8181818181818182
589,BWA-std,6,0.45454545454545453
589,NW-flex,6,1.0
589,BWA-no-clip,7,1.0
589,BWA-std,7,0.45454545454545453
589,NW-flex,7,1.0
589,BWA-no-clip,8,1.0
589,BWA-std,8,0.6363636363636364
589,NW-flex,8,1.0
589,BWA-no-clip,9,1.0
589,BWA-std,9,0.6363636363636364
589,NW-flex,9,1.0
589,BWA-no-clip,10,1.0
589,BWA-std,10,0.8181818181818182
589,NW-flex,10,1.0
590,BWA-no-clip,1,0.5454545454545454
590,BWA-std,1,0.09090909090909091
590,NW-flex,1,1.0
590,BWA-no-clip,2,0.7272727272727273
590,BWA-std,2,0.18181818181818182
590,NW-flex,2,1.0
590,BWA-no-clip,3,0.9090909090909091
590,BWA-std,3,0.18181818181818182
590,NW-flex,3,1.0
590,BWA-no-clip,4,1.0
590,BWA-std,4,0.36363636363636365
590,NW-flex,4,1.0
590,BWA-no-clip,5,0.9090909090909091
590,BWA-std,5,0.36363636363636365
590,NW-flex,5,1.0
590,BWA-no-clip,6,1.0
590,BWA-std,6,0.45454545454545453
590,NW-flex,6,1.0
590,BWA-no-clip,7,1.0
590,BWA-std,7,0.45454545454545453
590,NW-flex,7,1.0
590,BWA-no-clip,8,1.0
590,BWA-std,8,0.6363636363636364
590,NW-flex,8,1.0
590,BWA-no-clip,9,1.0
590,BWA-std,9,0.6363636363636364
590,NW-flex,9,1.0
590,BWA-no-clip,10,1.0
590,BWA-std,10,0.8181818181818182
590,NW-flex,10,1.0
591,BWA-no-clip,1,0.09090909090909091
591,BWA-std,1,0.09090909090909091
591,NW-flex,1,1.0
591,BWA-no-clip,2,0.5454545454545454
591,BWA-std,2,0.09090909090909091
591,NW-flex,2,1.0
591,BWA-no-clip,3,0.7272727272727273
591,BWA-std,3,0.18181818181818182
591,NW-flex,3,1.0
591,BWA-no-clip,4,0.8181818181818182
591,BWA-std,4,0.36363636363636365
591,NW-flex,4,1.0
591,BWA-no-clip,5,0.8181818181818182
591,BWA-std,5,0.36363636363636365
591,NW-flex,5,1.0
591,BWA-no-clip,6,1.0
591,BWA-std,6,0.45454545454545453
591,NW-flex,6,1.0
591,BWA-no-clip,7,1.0
591,BWA-std,7,0.45454545454545453
591,NW-flex,7,1.0
591,BWA-no-clip,8,1.0
591,BWA-std,8,0.6363636363636364
591,NW-flex,8,1.0
591,BWA-no-clip,9,1.0
591,BWA-std,9,0.6363636363636364
591,NW-flex,9,1.0
591,BWA-no-clip,10,1.0
591,BWA-std,10,0.8181818181818182
591,NW-flex,10,1.0
592,BWA-no-clip,1,0.09090909090909091
592,BWA-std,1,0.09090909090909091
592,NW-flex,1,1.0
592,BWA-no-clip,2,0.09090909090909091
592,BWA-std,2,0.09090909090909091
592,NW-flex,2,1.0
592,BWA-no-clip,3,0.5757575757575758
592,BWA-std,3,0.18181818181818182
592,NW-flex,3,1.0
592,BWA-no-clip,4,0.9090909090909091
592,BWA-std,4,0.36363636363636365
592,NW-flex,4,1.0
592,BWA-no-clip,5,1.0
592,BWA-std,5,0.36363636363636365
592,NW-flex,5,1.0
592,BWA-no-clip,6,1.0
592,BWA-std,6,0.45454545454545453
592,NW-flex,6,1.0
592,BWA-no-clip,7,1.0
592,BWA-std,7,0.45454545454545453
592,NW-flex,7,1.0
592,BWA-no-clip,8,1.0
592,BWA-std,8,0.6363636363636364
592,NW-flex,8,1.0
592,BWA-no-clip,9,1.0
592,BWA-std,9,0.6363636363636364
592,NW-flex,9,1.0
592,BWA-no-clip,10,1.0
592,BWA-std,10,0.8181818181818182
592,NW-flex,10,1.0
593,BWA-no-clip,1,0.45454545454545453
593,BWA-std,1,0.09090909090909091
593,NW-flex,1,1.0
593,BWA-no-clip,2,0.5454545454545454
593,BWA-std,2,0.09090909090909091
593,NW-flex,2,1.0
593,BWA-no-clip,3,0.6363636363636364
593,BWA-std,3,0.18181818181818182
593,NW-flex,3,1.0
593,BWA-no-clip,4,0.8181818181818182
593,BWA-std,4,0.36363636363636365
593,NW-flex,4,1.0
593,BWA-no-clip,5,1.0
593,BWA-std,5,0.36363636363636365
593,NW-flex,5,1.0
593,BWA-no-clip,6,1.0
593,BWA-std,6,0.45454545454545453
593,NW-flex,6,1.0
593,BWA-no-clip,7,1.0
593,BWA-std,7,0.45454545454545453
593,NW-flex,7,1.0
593,BWA-no-clip,8,1.0
593,BWA-std,8,0.6363636363636364
593,NW-flex,8,1.0
593,BWA-no-clip,9,1.0
593,BWA-std,9,0.6363636363636364
593,NW-flex,9,1.0
593,BWA-no-clip,10,1.0
593,BWA-std,10,0.8181818181818182
593,NW-flex,10,1.0
594,BWA-no-clip,1,0.5454545454545454
594,BWA-std,1,0.09090909090909091
594,NW-flex,1,1.0
594,BWA-no-clip,2,0.7272727272727273
594,BWA-std,2,0.18181818181818182
594,NW-flex,2,1.0
594,BWA-no-clip,3,0.9090909090909091
594,BWA-std,3,0.18181818181818182
594,NW-flex,3,1.0
594,BWA-no-clip,4,0.8181818181818182
594,BWA-std,4,0.36363636363636365
594,NW-flex,4,1.0
594,BWA-no-clip,5,1.0
594,BWA-std,5,0.36363636363636365
594,NW-flex,5,1.0
594,BWA-no-clip,6,1.0
594,BWA-std,6,0.45454545454545453
594,NW-flex,6,1.0
594,BWA-no-clip,7,1.0
594,BWA-std,7,0.45454545454545453
594,NW-flex,7,1.0
594,BWA-no-clip,8,1.0
594,BWA-std,8,0.6363636363636364
594,NW-flex,8,1.0
594,BWA-no-clip,9,1.0
594,BWA-std,9,0.6363636363636364
594,NW-flex,9,1.0
594,BWA-no-clip,10,1.0
594,BWA-std,10,0.8181818181818182
594,NW-flex,10,1.0
595,BWA-no-clip,1,0.5454545454545454
595,BWA-std,1,0.09090909090909091
595,NW-flex,1,1.0
595,BWA-no-clip,2,0.7272727272727273
595,BWA-std,2,0.18181818181818182
595,NW-flex,2,1.0
595,BWA-no-clip,3,0.9090909090909091
595,BWA-std,3,0.18181818181818182
595,NW-flex,3,1.0
595,BWA-no-clip,4,1.0
595,BWA-std,4,0.36363636363636365
595,NW-flex,4,1.0
595,BWA-no-clip,5,1.0
595,BWA-std,5,0.36363636363636365
595,NW-flex,5,1.0
595,BWA-no-clip,6,1.0
595,BWA-std,6,0.45454545454545453
595,NW-flex,6,1.0
595,BWA-no-clip,7,1.0
595,BWA-std,7,0.45454545454545453
595,NW-flex,7,1.0
595,BWA-no-clip,8,1.0
595,BWA-std,8,0.6363636363636364
595,NW-flex,8,1.0
595,BWA-no-clip,9,1.0
595,BWA-std,9,0.6363636363636364
595,NW-flex,9,1.0
595,BWA-no-clip,10,1.0
595,BWA-std,10,0.8181818181818182
595,NW-flex,10,1.0
596,BWA-no-clip,1,0.5454545454545454
596,BWA-std,1,0.09090909090909091
596,NW-flex,1,1.0
596,BWA-no-clip,2,0.7272727272727273
596,BWA-std,2,0.18181818181818182
596,NW-flex,2,1.0
596,BWA-no-clip,3,0.9090909090909091
596,BWA-std,3,0.18181818181818182
596,NW-flex,3,1.0
596,BWA-no-clip,4,1.0
596,BWA-std,4,0.36363636363636365
596,NW-flex,4,1.0
596,BWA-no-clip,5,1.0
596,BWA-std,5,0.36363636363636365
596,NW-flex,5,1.0
596,BWA-no-clip,6,1.0
596,BWA-std,6,0.45454545454545453
596,NW-flex,6,1.0
596,BWA-no-clip,7,1.0
596,BWA-std,7,0.45454545454545453
596,NW-flex,7,1.0
596,BWA-no-clip,8,1.0
596,BWA-std,8,0.6363636363636364
596,NW-flex,8,1.0
596,BWA-no-clip,9,1.0
596,BWA-std,9,0.6363636363636364
596,NW-flex,9,1.0
596,BWA-no-clip,10,1.0
596,BWA-std,10,0.8181818181818182
596,NW-flex,10,1.0
597,BWA-no-clip,1,0.5454545454545454
597,BWA-std,1,0.09090909090909091
597,NW-flex,1,1.0
597,BWA-no-clip,2,0.6363636363636364
597,BWA-std,2,0.18181818181818182
597,NW-flex,2,1.0
597,BWA-no-clip,3,0.7272727272727273
597,BWA-std,3,0.18181818181818182
597,NW-flex,3,1.0
597,BWA-no-clip,4,0.7272727272727273
597,BWA-std,4,0.36363636363636365
597,NW-flex,4,1.0
597,BWA-no-clip,5,0.9090909090909091
597,BWA-std,5,0.36363636363636365
597,NW-flex,5,1.0
597,BWA-no-clip,6,1.0
597,BWA-std,6,0.45454545454545453
597,NW-flex,6,1.0
597,BWA-no-clip,7,1.0
597,BWA-std,7,0.45454545454545453
597,NW-flex,7,1.0
597,BWA-no-clip,8,1.0
597,BWA-std,8,0.6363636363636364
597,NW-flex,8,1.0
597,BWA-no-clip,9,1.0
597,BWA-std,9,0.6363636363636364
597,NW-flex,9,1.0
597,BWA-no-clip,10,1.0
597,BWA-std,10,0.8181818181818182
597,NW-flex,10,1.0
598,BWA-no-clip,1,0.2727272727272727
598,BWA-std,1,0.09090909090909091
598,NW-flex,1,1.0
598,BWA-no-clip,2,0.6363636363636364
598,BWA-std,2,0.18181818181818182
598,NW-flex,2,1.0
598,BWA-no-clip,3,0.6363636363636364
598,BWA-std,3,0.18181818181818182
598,NW-flex,3,1.0
598,BWA-no-clip,4,0.8181818181818182
598,BWA-std,4,0.36363636363636365
598,NW-flex,4,1.0
598,BWA-no-clip,5,0.9090909090909091
598,BWA-std,5,0.36363636363636365
598,NW-flex,5,1.0
598,BWA-no-clip,6,0.9090909090909091
598,BWA-std,6,0.45454545454545453
598,NW-flex,6,1.0
598,BWA-no-clip,7,1.0
598,BWA-std,7,0.45454545454545453
598,NW-flex,7,1.0
598,BWA-no-clip,8,1.0
598,BWA-std,8,0.6363636363636364
598,NW-flex,8,1.0
598,BWA-no-clip,9,1.0
598,BWA-std,9,0.6363636363636364
598,NW-flex,9,1.0
598,BWA-no-clip,10,1.0
598,BWA-std,10,0.8181818181818182
598,NW-flex,10,1.0
599,BWA-no-clip,1,0.5454545454545454
599,BWA-std,1,0.09090909090909091
599,NW-flex,1,1.0
599,BWA-no-clip,2,0.7272727272727273
599,BWA-std,2,0.18181818181818182
599,NW-flex,2,1.0
599,BWA-no-clip,3,0.9090909090909091
599,BWA-std,3,0.18181818181818182
599,NW-flex,3,1.0
599,BWA-no-clip,4,0.8181818181818182
599,BWA-std,4,0.36363636363636365
599,NW-flex,4,1.0
599,BWA-no-clip,5,0.9090909090909091
599,BWA-std,5,0.36363636363636365
599,NW-flex,5,1.0
599,BWA-no-clip,6,0.9090909090909091
599,BWA-std,6,0.45454545454545453
599,NW-flex,6,1.0
599,BWA-no-clip,7,1.0
599,BWA-std,7,0.45454545454545453
599,NW-flex,7,1.0
599,BWA-no-clip,8,1.0
599,BWA-std,8,0.6363636363636364
599,NW-flex,8,1.0
599,BWA-no-clip,9,1.0
599,BWA-std,9,0.6363636363636364
599,NW-flex,9,1.0
599,BWA-no-clip,10,1.0
599,BWA-std,10,0.8181818181818182
599,NW-flex,10,1.0
600,BWA-no-clip,1,0.5454545454545454
600,BWA-std,1,0.09090909090909091
600,NW-flex,1,1.0
600,BWA-no-clip,2,0.6363636363636364
600,BWA-std,2,0.18181818181818182
600,NW-flex,2,1.0
600,BWA-no-clip,3,0.8181818181818182
600,BWA-std,3,0.18181818181818182
600,NW-flex,3,1.0
600,BWA-no-clip,4,0.8181818181818182
600,BWA-std,4,0.36363636363636365
600,NW-flex,4,1.0
600,BWA-no-clip,5,1.0
600,BWA-std,5,0.36363636363636365
600,NW-flex,5,1.0
600,BWA-no-clip,6,1.0
600,BWA-std,6,0.45454545454545453
600,NW-flex,6,1.0
600,BWA-no-clip,7,1.0
600,BWA-std,7,0.45454545454545453
600,NW-flex,7,1.0
600,BWA-no-clip,8,1.0
600,BWA-std,8,0.6363636363636364
600,NW-flex,8,1.0
600,BWA-no-clip,9,1.0
600,BWA-std,9,0.6363636363636364
600,NW-flex,9,1.0
600,BWA-no-clip,10,1.0
600,BWA-std,10,0.8181818181818182
600,NW-flex,10,1.0
601,BWA-no-clip,1,0.09090909090909091
601,BWA-std,1,0.09090909090909091
601,NW-flex,1,1.0
601,BWA-no-clip,2,0.09090909090909091
601,BWA-std,2,0.09090909090909091
601,NW-flex,2,1.0
601,BWA-no-clip,3,0.12121212121212122
601,BWA-std,3,0.18181818181818182
601,NW-flex,3,1.0
601,BWA-no-clip,4,0.12121212121212122
601,BWA-std,4,0.18181818181818182
601,NW-flex,4,1.0
601,BWA-no-clip,5,0.12121212121212122
601,BWA-std,5,0.18181818181818182
601,NW-flex,5,1.0
601,BWA-no-clip,6,0.5757575757575758
601,BWA-std,6,0.30303030303030304
601,NW-flex,6,1.0
601,BWA-no-clip,7,1.0
601,BWA-std,7,0.45454545454545453
601,NW-flex,7,1.0
601,BWA-no-clip,8,1.0
601,BWA-std,8,0.6363636363636364
601,NW-flex,8,1.0
601,BWA-no-clip,9,1.0
601,BWA-std,9,0.6363636363636364
601,NW-flex,9,1.0
601,BWA-no-clip,10,1.0
601,BWA-std,10,0.8181818181818182
601,NW-flex,10,1.0
602,BWA-no-clip,1,0.09090909090909091
602,BWA-std,1,0.09090909090909091
602,NW-flex,1,1.0
602,BWA-no-clip,2,0.09090909090909091
602,BWA-std,2,0.09090909090909091
602,NW-flex,2,1.0
602,BWA-no-clip,3,0.12121212121212122
602,BWA-std,3,0.18181818181818182
602,NW-flex,3,1.0
602,BWA-no-clip,4,0.12121212121212122
602,BWA-std,4,0.18181818181818182
602,NW-flex,4,1.0
602,BWA-no-clip,5,0.5757575757575758
602,BWA-std,5,0.2727272727272727
602,NW-flex,5,1.0
602,BWA-no-clip,6,1.0
602,BWA-std,6,0.45454545454545453
602,NW-flex,6,1.0
602,BWA-no-clip,7,1.0
602,BWA-std,7,0.45454545454545453
602,NW-flex,7,1.0
602,BWA-no-clip,8,1.0
602,BWA-std,8,0.6363636363636364
602,NW-flex,8,1.0
602,BWA-no-clip,9,1.0
602,BWA-std,9,0.6363636363636364
602,NW-flex,9,1.0
602,BWA-no-clip,10,1.0
602,BWA-std,10,0.8181818181818182
602,NW-flex,10,1.0
603,BWA-no-clip,1,0.09090909090909091
603,BWA-std,1,0.09090909090909091
603,NW-flex,1,1.0
603,BWA-no-clip,2,0.5454545454545454
603,BWA-std,2,0.09090909090909091
603,NW-flex,2,1.0
603,BWA-no-clip,3,0.7272727272727273
603,BWA-std,3,0.18181818181818182
603,NW-flex,3,1.0
603,BWA-no-clip,4,0.8181818181818182
603,BWA-std,4,0.36363636363636365
603,NW-flex,4,1.0
603,BWA-no-clip,5,1.0
603,BWA-std,5,0.36363636363636365
603,NW-flex,5,1.0
603,BWA-no-clip,6,1.0
603,BWA-std,6,0.45454545454545453
603,NW-flex,6,1.0
603,BWA-no-clip,7,1.0
603,BWA-std,7,0.45454545454545453
603,NW-flex,7,1.0
603,BWA-no-clip,8,1.0
603,BWA-std,8,0.6363636363636364
603,NW-flex,8,1.0
603,BWA-no-clip,9,1.0
603,BWA-std,9,0.6363636363636364
603,NW-flex,9,1.0
603,BWA-no-clip,10,1.0
603,BWA-std,10,0.8181818181818182
603,NW-flex,10,1.0
604,BWA-no-clip,1,0.5454545454545454
604,BWA-std,1,0.09090909090909091
604,NW-flex,1,1.0
604,BWA-no-clip,2,0.7272727272727273
604,BWA-std,2,0.18181818181818182
604,NW-flex,2,1.0
604,BWA-no-clip,3,0.9090909090909091
604,BWA-std,3,0.18181818181818182
604,NW-flex,3,1.0
604,BWA-no-clip,4,0.8181818181818182
604,BWA-std,4,0.36363636363636365
604,NW-flex,4,1.0
604,BWA-no-clip,5,0.9090909090909091
604,BWA-std,5,0.36363636363636365
604,NW-flex,5,1.0
604,BWA-no-clip,6,1.0
604,BWA-std,6,0.45454545454545453
604,NW-flex,6,1.0
604,BWA-no-clip,7,1.0
604,BWA-std,7,0.45454545454545453
604,NW-flex,7,1.0
604,BWA-no-clip,8,1.0
604,BWA-std,8,0.6363636363636364
604,NW-flex,8,1.0
604,BWA-no-clip,9,1.0
604,BWA-std,9,0.6363636363636364
604,NW-flex,9,1.0
604,BWA-no-clip,10,1.0
604,BWA-std,10,0.8181818181818182
604,NW-flex,10,1.0
605,BWA-no-clip,1,0.09090909090909091
605,BWA-std,1,0.09090909090909091
605,NW-flex,1,1.0
605,BWA-no-clip,2,0.09090909090909091
605,BWA-std,2,0.09090909090909091
605,NW-flex,2,1.0
605,BWA-no-clip,3,0.12121212121212122
605,BWA-std,3,0.18181818181818182
605,NW-flex,3,1.0
605,BWA-no-clip,4,0.5757575757575758
605,BWA-std,4,0.2727272727272727
605,NW-flex,4,1.0
605,BWA-no-clip,5,0.7272727272727273
605,BWA-std,5,0.36363636363636365
605,NW-flex,5,1.0
605,BWA-no-clip,6,0.9090909090909091
605,BWA-std,6,0.45454545454545453
605,NW-flex,6,1.0
605,BWA-no-clip,7,0.9090909090909091
605,BWA-std,7,0.45454545454545453
605,NW-flex,7,1.0
605,BWA-no-clip,8,1.0
605,BWA-std,8,0.6363636363636364
605,NW-flex,8,1.0
605,BWA-no-clip,9,1.0
605,BWA-std,9,0.6363636363636364
605,NW-flex,9,1.0
605,BWA-no-clip,10,1.0
605,BWA-std,10,0.8181818181818182
605,NW-flex,10,1.0
606,BWA-no-clip,1,0.5454545454545454
606,BWA-std,1,0.09090909090909091
606,NW-flex,1,1.0
606,BWA-no-clip,2,0.7272727272727273
606,BWA-std,2,0.18181818181818182
606,NW-flex,2,1.0
606,BWA-no-clip,3,0.9090909090909091
606,BWA-std,3,0.18181818181818182
606,NW-flex,3,1.0
606,BWA-no-clip,4,0.9090909090909091
606,BWA-std,4,0.36363636363636365
606,NW-flex,4,1.0
606,BWA-no-clip,5,0.9090909090909091
606,BWA-std,5,0.36363636363636365
606,NW-flex,5,1.0
606,BWA-no-clip,6,1.0
606,BWA-std,6,0.45454545454545453
606,NW-flex,6,1.0
606,BWA-no-clip,7,1.0
606,BWA-std,7,0.45454545454545453
606,NW-flex,7,1.0
606,BWA-no-clip,8,1.0
606,BWA-std,8,0.6363636363636364
606,NW-flex,8,1.0
606,BWA-no-clip,9,1.0
606,BWA-std,9,0.6363636363636364
606,NW-flex,9,1.0
606,BWA-no-clip,10,1.0
606,BWA-std,10,0.8181818181818182
606,NW-flex,10,1.0
607,BWA-no-clip,1,0.45454545454545453
607,BWA-std,1,0.09090909090909091
607,NW-flex,1,1.0
607,BWA-no-clip,2,0.45454545454545453
607,BWA-std,2,0.09090909090909091
607,NW-flex,2,1.0
607,BWA-no-clip,3,0.6363636363636364
607,BWA-std,3,0.18181818181818182
607,NW-flex,3,1.0
607,BWA-no-clip,4,0.6363636363636364
607,BWA-std,4,0.2727272727272727
607,NW-flex,4,1.0
607,BWA-no-clip,5,0.9090909090909091
607,BWA-std,5,0.36363636363636365
607,NW-flex,5,1.0
607,BWA-no-clip,6,0.9090909090909091
607,BWA-std,6,0.45454545454545453
607,NW-flex,6,1.0
607,BWA-no-clip,7,1.0
607,BWA-std,7,0.45454545454545453
607,NW-flex,7,1.0
607,BWA-no-clip,8,1.0
607,BWA-std,8,0.6363636363636364
607,NW-flex,8,1.0
607,BWA-no-clip,9,1.0
607,BWA-std,9,0.6363636363636364
607,NW-flex,9,1.0
607,BWA-no-clip,10,1.0
607,BWA-std,10,0.8181818181818182
607,NW-flex,10,1.0
608,BWA-no-clip,1,0.09090909090909091
608,BWA-std,1,0.09090909090909091
608,NW-flex,1,1.0
608,BWA-no-clip,2,0.2727272727272727
608,BWA-std,2,0.09090909090909091
608,NW-flex,2,1.0
608,BWA-no-clip,3,0.5454545454545454
608,BWA-std,3,0.18181818181818182
608,NW-flex,3,1.0
608,BWA-no-clip,4,0.6363636363636364
608,BWA-std,4,0.36363636363636365
608,NW-flex,4,1.0
608,BWA-no-clip,5,0.6363636363636364
608,BWA-std,5,0.36363636363636365
608,NW-flex,5,1.0
608,BWA-no-clip,6,0.7272727272727273
608,BWA-std,6,0.45454545454545453
608,NW-flex,6,1.0
608,BWA-no-clip,7,0.8181818181818182
608,BWA-std,7,0.45454545454545453
608,NW-flex,7,1.0
608,BWA-no-clip,8,0.8181818181818182
608,BWA-std,8,0.5454545454545454
608,NW-flex,8,1.0
608,BWA-no-clip,9,1.0
608,BWA-std,9,0.6363636363636364
608,NW-flex,9,1.0
608,BWA-no-clip,10,1.0
608,BWA-std,10,0.8181818181818182
608,NW-flex,10,1.0
609,BWA-no-clip,1,0.09090909090909091
609,BWA-std,1,0.09090909090909091
609,NW-flex,1,1.0
609,BWA-no-clip,2,0.2727272727272727
609,BWA-std,2,0.09090909090909091
609,NW-flex,2,1.0
609,BWA-no-clip,3,0.7272727272727273
609,BWA-std,3,0.18181818181818182
609,NW-flex,3,1.0
609,BWA-no-clip,4,0.7272727272727273
609,BWA-std,4,0.36363636363636365
609,NW-flex,4,1.0
609,BWA-no-clip,5,0.9090909090909091
609,BWA-std,5,0.36363636363636365
609,NW-flex,5,1.0
609,BWA-no-clip,6,1.0
609,BWA-std,6,0.45454545454545453
609,NW-flex,6,1.0
609,BWA-no-clip,7,1.0
609,BWA-std,7,0.45454545454545453
609,NW-flex,7,1.0
609,BWA-no-clip,8,1.0
609,BWA-std,8,0.6363636363636364
609,NW-flex,8,1.0
609,BWA-no-clip,9,1.0
609,BWA-std,9,0.6363636363636364
609,NW-flex,9,1.0
609,BWA-no-clip,10,1.0
609,BWA-std,10,0.8181818181818182
609,NW-flex,10,1.0
610,BWA-no-clip,1,0.09090909090909091
610,BWA-std,1,0.09090909090909091
610,NW-flex,1,1.0
610,BWA-no-clip,2,0.09090909090909091
610,BWA-std,2,0.09090909090909091
610,NW-flex,2,1.0
610,BWA-no-clip,3,0.12121212121212122
610,BWA-std,3,0.18181818181818182
610,NW-flex,3,1.0
610,BWA-no-clip,4,0.12121212121212122
610,BWA-std,4,0.18181818181818182
610,NW-flex,4,1.0
610,BWA-no-clip,5,0.12121212121212122
610,BWA-std,5,0.18181818181818182
610,NW-flex,5,1.0
610,BWA-no-clip,6,0.12121212121212122
610,BWA-std,6,0.12121212121212122
610,NW-flex,6,1.0
610,BWA-no-clip,7,0.12121212121212122
610,BWA-std,7,0.12121212121212122
610,NW-flex,7,1.0
610,BWA-no-clip,8,0.5454545454545454
610,BWA-std,8,0.36363636363636365
610,NW-flex,8,1.0
610,BWA-no-clip,9,1.0
610,BWA-std,9,0.6363636363636364
610,NW-flex,9,1.0
610,BWA-no-clip,10,1.0
610,BWA-std,10,0.8181818181818182
610,NW-flex,10,1.0
611,BWA-no-clip,1,0.45454545454545453
611,BWA-std,1,0.09090909090909091
611,NW-flex,1,1.0
611,BWA-no-clip,2,0.5454545454545454
611,BWA-std,2,0.18181818181818182
611,NW-flex,2,1.0
611,BWA-no-clip,3,0.7272727272727273
611,BWA-std,3,0.18181818181818182
611,NW-flex,3,1.0
611,BWA-no-clip,4,0.9090909090909091
611,BWA-std,4,0.36363636363636365
611,NW-flex,4,1.0
611,BWA-no-clip,5,0.9090909090909091
611,BWA-std,5,0.36363636363636365
611,NW-flex,5,1.0
611,BWA-no-clip,6,0.9090909090909091
611,BWA-std,6,0.45454545454545453
611,NW-flex,6,1.0
611,BWA-no-clip,7,1.0
611,BWA-std,7,0.45454545454545453
611,NW-flex,7,1.0
611,BWA-no-clip,8,1.0
611,BWA-std,8,0.6363636363636364
611,NW-flex,8,1.0
611,BWA-no-clip,9,1.0
611,BWA-std,9,0.6363636363636364
611,NW-flex,9,1.0
611,BWA-no-clip,10,1.0
611,BWA-std,10,0.8181818181818182
611,NW-flex,10,1.0
612,BWA-no-clip,1,0.09090909090909091
612,BWA-std,1,0.09090909090909091
612,NW-flex,1,1.0
612,BWA-no-clip,2,0.09090909090909091
612,BWA-std,2,0.09090909090909091
612,NW-flex,2,1.0
612,BWA-no-clip,3,0.12121212121212122
612,BWA-std,3,0.18181818181818182
612,NW-flex,3,1.0
612,BWA-no-clip,4,0.12121212121212122
612,BWA-std,4,0.18181818181818182
612,NW-flex,4,1.0
612,BWA-no-clip,5,0.5757575757575758
612,BWA-std,5,0.2727272727272727
612,NW-flex,5,1.0
612,BWA-no-clip,6,1.0
612,BWA-std,6,0.45454545454545453
612,NW-flex,6,1.0
612,BWA-no-clip,7,1.0
612,BWA-std,7,0.45454545454545453
612,NW-flex,7,1.0
612,BWA-no-clip,8,1.0
612,BWA-std,8,0.6363636363636364
612,NW-flex,8,1.0
612,BWA-no-clip,9,1.0
612,BWA-std,9,0.6363636363636364
612,NW-flex,9,1.0
612,BWA-no-clip,10,1.0
612,BWA-std,10,0.8181818181818182
612,NW-flex,10,1.0
613,BWA-no-clip,1,0.09090909090909091
613,BWA-std,1,0.09090909090909091
613,NW-flex,1,1.0
613,BWA-no-clip,2,0.09090909090909091
613,BWA-std,2,0.09090909090909091
613,NW-flex,2,1.0
613,BWA-no-clip,3,0.12121212121212122
613,BWA-std,3,0.18181818181818182
613,NW-flex,3,1.0
613,BWA-no-clip,4,0.5757575757575758
613,BWA-std,4,0.2727272727272727
613,NW-flex,4,1.0
613,BWA-no-clip,5,0.9090909090909091
613,BWA-std,5,0.36363636363636365
613,NW-flex,5,1.0
613,BWA-no-clip,6,1.0
613,BWA-std,6,0.45454545454545453
613,NW-flex,6,1.0
613,BWA-no-clip,7,1.0
613,BWA-std,7,0.45454545454545453
613,NW-flex,7,1.0
613,BWA-no-clip,8,1.0
613,BWA-std,8,0.6363636363636364
613,NW-flex,8,1.0
613,BWA-no-clip,9,1.0
613,BWA-std,9,0.6363636363636364
613,NW-flex,9,1.0
613,BWA-no-clip,10,1.0
613,BWA-std,10,0.8181818181818182
613,NW-flex,10,1.0
614,BWA-no-clip,1,0.5454545454545454
614,BWA-std,1,0.09090909090909091
614,NW-flex,1,1.0
614,BWA-no-clip,2,0.6363636363636364
614,BWA-std,2,0.18181818181818182
614,NW-flex,2,1.0
614,BWA-no-clip,3,0.8181818181818182
614,BWA-std,3,0.18181818181818182
614,NW-flex,3,1.0
614,BWA-no-clip,4,1.0
614,BWA-std,4,0.36363636363636365
614,NW-flex,4,1.0
614,BWA-no-clip,5,1.0
614,BWA-std,5,0.36363636363636365
614,NW-flex,5,1.0
614,BWA-no-clip,6,1.0
614,BWA-std,6,0.45454545454545453
614,NW-flex,6,1.0
614,BWA-no-clip,7,1.0
614,BWA-std,7,0.45454545454545453
614,NW-flex,7,1.0
614,BWA-no-clip,8,1.0
614,BWA-std,8,0.6363636363636364
614,NW-flex,8,1.0
614,BWA-no-clip,9,1.0
614,BWA-std,9,0.6363636363636364
614,NW-flex,9,1.0
614,BWA-no-clip,10,1.0
614,BWA-std,10,0.8181818181818182
614,NW-flex,10,1.0
615,BWA-no-clip,1,0.09090909090909091
615,BWA-std,1,0.09090909090909091
615,NW-flex,1,1.0
615,BWA-no-clip,2,0.09090909090909091
615,BWA-std,2,0.09090909090909091
615,NW-flex,2,1.0
615,BWA-no-clip,3,0.5757575757575758
615,BWA-std,3,0.18181818181818182
615,NW-flex,3,1.0
615,BWA-no-clip,4,0.8181818181818182
615,BWA-std,4,0.36363636363636365
615,NW-flex,4,1.0
615,BWA-no-clip,5,0.8181818181818182
615,BWA-std,5,0.36363636363636365
615,NW-flex,5,1.0
615,BWA-no-clip,6,1.0
615,BWA-std,6,0.45454545454545453
615,NW-flex,6,1.0
615,BWA-no-clip,7,1.0
615,BWA-std,7,0.45454545454545453
615,NW-flex,7,1.0
615,BWA-no-clip,8,1.0
615,BWA-std,8,0.6363636363636364
615,NW-flex,8,1.0
615,BWA-no-clip,9,1.0
615,BWA-std,9,0.6363636363636364
615,NW-flex,9,1.0
615,BWA-no-clip,10,1.0
615,BWA-std,10,0.8181818181818182
615,NW-flex,10,1.0
616,BWA-no-clip,1,0.2727272727272727
616,BWA-std,1,0.09090909090909091
616,NW-flex,1,1.0
616,BWA-no-clip,2,0.6363636363636364
616,BWA-std,2,0.18181818181818182
616,NW-flex,2,1.0
616,BWA-no-clip,3,0.6363636363636364
616,BWA-std,3,0.18181818181818182
616,NW-flex,3,1.0
616,BWA-no-clip,4,0.7272727272727273
616,BWA-std,4,0.36363636363636365
616,NW-flex,4,1.0
616,BWA-no-clip,5,0.9090909090909091
616,BWA-std,5,0.36363636363636365
616,NW-flex,5,1.0
616,BWA-no-clip,6,0.9090909090909091
616,BWA-std,6,0.45454545454545453
616,NW-flex,6,1.0
616,BWA-no-clip,7,0.9090909090909091
616,BWA-std,7,0.45454545454545453
616,NW-flex,7,1.0
616,BWA-no-clip,8,0.9090909090909091
616,BWA-std,8,0.6363636363636364
616,NW-flex,8,1.0
616,BWA-no-clip,9,0.9090909090909091
616,BWA-std,9,0.6363636363636364
616,NW-flex,9,1.0
616,BWA-no-clip,10,0.9090909090909091
616,BWA-std,10,0.8181818181818182
616,NW-flex,10,1.0
617,BWA-no-clip,1,0.5454545454545454
617,BWA-std,1,0.09090909090909091
617,NW-flex,1,1.0
617,BWA-no-clip,2,0.5454545454545454
617,BWA-std,2,0.09090909090909091
617,NW-flex,2,1.0
617,BWA-no-clip,3,0.7272727272727273
617,BWA-std,3,0.18181818181818182
617,NW-flex,3,1.0
617,BWA-no-clip,4,0.9090909090909091
617,BWA-std,4,0.36363636363636365
617,NW-flex,4,1.0
617,BWA-no-clip,5,1.0
617,BWA-std,5,0.36363636363636365
617,NW-flex,5,1.0
617,BWA-no-clip,6,1.0
617,BWA-std,6,0.45454545454545453
617,NW-flex,6,1.0
617,BWA-no-clip,7,1.0
617,BWA-std,7,0.45454545454545453
617,NW-flex,7,1.0
617,BWA-no-clip,8,1.0
617,BWA-std,8,0.6363636363636364
617,NW-flex,8,1.0
617,BWA-no-clip,9,1.0
617,BWA-std,9,0.6363636363636364
617,NW-flex,9,1.0
617,BWA-no-clip,10,1.0
617,BWA-std,10,0.8181818181818182
617,NW-flex,10,1.0
618,BWA-no-clip,1,0.09090909090909091
618,BWA-std,1,0.09090909090909091
618,NW-flex,1,1.0
618,BWA-no-clip,2,0.45454545454545453
618,BWA-std,2,0.09090909090909091
618,NW-flex,2,1.0
618,BWA-no-clip,3,0.7272727272727273
618,BWA-std,3,0.18181818181818182
618,NW-flex,3,1.0
618,BWA-no-clip,4,0.9090909090909091
618,BWA-std,4,0.36363636363636365
618,NW-flex,4,1.0
618,BWA-no-clip,5,0.9090909090909091
618,BWA-std,5,0.36363636363636365
618,NW-flex,5,1.0
618,BWA-no-clip,6,0.9090909090909091
618,BWA-std,6,0.45454545454545453
618,NW-flex,6,1.0
618,BWA-no-clip,7,1.0
618,BWA-std,7,0.45454545454545453
618,NW-flex,7,1.0
618,BWA-no-clip,8,1.0
618,BWA-std,8,0.6363636363636364
618,NW-flex,8,1.0
618,BWA-no-clip,9,1.0
618,BWA-std,9,0.6363636363636364
618,NW-flex,9,1.0
618,BWA-no-clip,10,1.0
618,BWA-std,10,0.8181818181818182
618,NW-flex,10,1.0
619,BWA-no-clip,1,0.09090909090909091
619,BWA-std,1,0.09090909090909091
619,NW-flex,1,1.0
619,BWA-no-clip,2,0.5454545454545454
619,BWA-std,2,0.09090909090909091
619,NW-flex,2,1.0
619,BWA-no-clip,3,0.6363636363636364
619,BWA-std,3,0.09090909090909091
619,NW-flex,3,1.0
619,BWA-no-clip,4,0.7272727272727273
619,BWA-std,4,0.36363636363636365
619,NW-flex,4,1.0
619,BWA-no-clip,5,0.7272727272727273
619,BWA-std,5,0.36363636363636365
619,NW-flex,5,1.0
619,BWA-no-clip,6,0.9090909090909091
619,BWA-std,6,0.45454545454545453
619,NW-flex,6,1.0
619,BWA-no-clip,7,1.0
619,BWA-std,7,0.45454545454545453
619,NW-flex,7,1.0
619,BWA-no-clip,8,1.0
619,BWA-std,8,0.6363636363636364
619,NW-flex,8,1.0
619,BWA-no-clip,9,1.0
619,BWA-std,9,0.6363636363636364
619,NW-flex,9,1.0
619,BWA-no-clip,10,1.0
619,BWA-std,10,0.8181818181818182
619,NW-flex,10,1.0
620,BWA-no-clip,1,0.09090909090909091
620,BWA-std,1,0.09090909090909091
620,NW-flex,1,1.0
620,BWA-no-clip,2,0.36363636363636365
620,BWA-std,2,0.09090909090909091
620,NW-flex,2,1.0
620,BWA-no-clip,3,0.6363636363636364
620,BWA-std,3,0.18181818181818182
620,NW-flex,3,1.0
620,BWA-no-clip,4,0.7272727272727273
620,BWA-std,4,0.36363636363636365
620,NW-flex,4,1.0
620,BWA-no-clip,5,0.9090909090909091
620,BWA-std,5,0.36363636363636365
620,NW-flex,5,1.0
620,BWA-no-clip,6,0.9090909090909091
620,BWA-std,6,0.45454545454545453
620,NW-flex,6,1.0
620,BWA-no-clip,7,1.0
620,BWA-std,7,0.45454545454545453
620,NW-flex,7,1.0
620,BWA-no-clip,8,1.0
620,BWA-std,8,0.6363636363636364
620,NW-flex,8,1.0
620,BWA-no-clip,9,1.0
620,BWA-std,9,0.6363636363636364
620,NW-flex,9,1.0
620,BWA-no-clip,10,1.0
620,BWA-std,10,0.8181818181818182
620,NW-flex,10,1.0
621,BWA-no-clip,1,0.5454545454545454
621,BWA-std,1,0.09090909090909091
621,NW-flex,1,1.0
621,BWA-no-clip,2,0.6363636363636364
621,BWA-std,2,0.18181818181818182
621,NW-flex,2,1.0
621,BWA-no-clip,3,0.7272727272727273
621,BWA-std,3,0.18181818181818182
621,NW-flex,3,1.0
621,BWA-no-clip,4,0.7272727272727273
621,BWA-std,4,0.36363636363636365
621,NW-flex,4,1.0
621,BWA-no-clip,5,0.9090909090909091
621,BWA-std,5,0.36363636363636365
621,NW-flex,5,1.0
621,BWA-no-clip,6,0.9090909090909091
621,BWA-std,6,0.45454545454545453
621,NW-flex,6,1.0
621,BWA-no-clip,7,1.0
621,BWA-std,7,0.45454545454545453
621,NW-flex,7,1.0
621,BWA-no-clip,8,1.0
621,BWA-std,8,0.6363636363636364
621,NW-flex,8,1.0
621,BWA-no-clip,9,1.0
621,BWA-std,9,0.6363636363636364
621,NW-flex,9,1.0
621,BWA-no-clip,10,1.0
621,BWA-std,10,0.8181818181818182
621,NW-flex,10,1.0
622,BWA-no-clip,1,0.5454545454545454
622,BWA-std,1,0.09090909090909091
622,NW-flex,1,1.0
622,BWA-no-clip,2,0.7272727272727273
622,BWA-std,2,0.18181818181818182
622,NW-flex,2,1.0
622,BWA-no-clip,3,0.8181818181818182
622,BWA-std,3,0.18181818181818182
622,NW-flex,3,1.0
622,BWA-no-clip,4,0.8181818181818182
622,BWA-std,4,0.36363636363636365
622,NW-flex,4,1.0
622,BWA-no-clip,5,0.8181818181818182
622,BWA-std,5,0.36363636363636365
622,NW-flex,5,1.0
622,BWA-no-clip,6,1.0
622,BWA-std,6,0.45454545454545453
622,NW-flex,6,1.0
622,BWA-no-clip,7,1.0
622,BWA-std,7,0.45454545454545453
622,NW-flex,7,1.0
622,BWA-no-clip,8,1.0
622,BWA-std,8,0.6363636363636364
622,NW-flex,8,1.0
622,BWA-no-clip,9,1.0
622,BWA-std,9,0.6363636363636364
622,NW-flex,9,1.0
622,BWA-no-clip,10,1.0
622,BWA-std,10,0.8181818181818182
622,NW-flex,10,1.0
623,BWA-no-clip,1,0.09090909090909091
623,BWA-std,1,0.09090909090909091
623,NW-flex,1,1.0
623,BWA-no-clip,2,0.09090909090909091
623,BWA-std,2,0.09090909090909091
623,NW-flex,2,1.0
623,BWA-no-clip,3,0.12121212121212122
623,BWA-std,3,0.18181818181818182
623,NW-flex,3,1.0
623,BWA-no-clip,4,0.12121212121212122
623,BWA-std,4,0.18181818181818182
623,NW-flex,4,1.0
623,BWA-no-clip,5,0.12121212121212122
623,BWA-std,5,0.18181818181818182
623,NW-flex,5,1.0
623,BWA-no-clip,6,0.5757575757575758
623,BWA-std,6,0.30303030303030304
623,NW-flex,6,1.0
623,BWA-no-clip,7,0.9090909090909091
623,BWA-std,7,0.45454545454545453
623,NW-flex,7,1.0
623,BWA-no-clip,8,1.0
623,BWA-std,8,0.6363636363636364
623,NW-flex,8,1.0
623,BWA-no-clip,9,1.0
623,BWA-std,9,0.6363636363636364
623,NW-flex,9,1.0
623,BWA-no-clip,10,1.0
623,BWA-std,10,0.8181818181818182
623,NW-flex,10,1.0
624,BWA-no-clip,1,0.5454545454545454
624,BWA-std,1,0.09090909090909091
624,NW-flex,1,1.0
624,BWA-no-clip,2,0.7272727272727273
624,BWA-std,2,0.18181818181818182
624,NW-flex,2,1.0
624,BWA-no-clip,3,0.7272727272727273
624,BWA-std,3,0.18181818181818182
624,NW-flex,3,1.0
624,BWA-no-clip,4,0.8181818181818182
624,BWA-std,4,0.36363636363636365
624,NW-flex,4,1.0
624,BWA-no-clip,5,0.9090909090909091
624,BWA-std,5,0.36363636363636365
624,NW-flex,5,1.0
624,BWA-no-clip,6,1.0
624,BWA-std,6,0.45454545454545453
624,NW-flex,6,1.0
624,BWA-no-clip,7,1.0
624,BWA-std,7,0.45454545454545453
624,NW-flex,7,1.0
624,BWA-no-clip,8,1.0
624,BWA-std,8,0.6363636363636364
624,NW-flex,8,1.0
624,BWA-no-clip,9,1.0
624,BWA-std,9,0.6363636363636364
624,NW-flex,9,1.0
624,BWA-no-clip,10,1.0
624,BWA-std,10,0.8181818181818182
624,NW-flex,10,1.0
625,BWA-no-clip,1,0.45454545454545453
625,BWA-std,1,0.09090909090909091
625,NW-flex,1,1.0
625,BWA-no-clip,2,0.5454545454545454
625,BWA-std,2,0.09090909090909091
625,NW-flex,2,1.0
625,BWA-no-clip,3,0.6363636363636364
625,BWA-std,3,0.18181818181818182
625,NW-flex,3,1.0
625,BWA-no-clip,4,0.9090909090909091
625,BWA-std,4,0.36363636363636365
625,NW-flex,4,1.0
625,BWA-no-clip,5,1.0
625,BWA-std,5,0.36363636363636365
625,NW-flex,5,1.0
625,BWA-no-clip,6,1.0
625,BWA-std,6,0.45454545454545453
625,NW-flex,6,1.0
625,BWA-no-clip,7,1.0
625,BWA-std,7,0.45454545454545453
625,NW-flex,7,1.0
625,BWA-no-clip,8,1.0
625,BWA-std,8,0.6363636363636364
625,NW-flex,8,1.0
625,BWA-no-clip,9,1.0
625,BWA-std,9,0.6363636363636364
625,NW-flex,9,1.0
625,BWA-no-clip,10,1.0
625,BWA-std,10,0.8181818181818182
625,NW-flex,10,1.0
626,BWA-no-clip,1,0.45454545454545453
626,BWA-std,1,0.09090909090909091
626,NW-flex,1,1.0
626,BWA-no-clip,2,0.5454545454545454
626,BWA-std,2,0.09090909090909091
626,NW-flex,2,1.0
626,BWA-no-clip,3,0.6363636363636364
626,BWA-std,3,0.18181818181818182
626,NW-flex,3,1.0
626,BWA-no-clip,4,0.9090909090909091
626,BWA-std,4,0.36363636363636365
626,NW-flex,4,1.0
626,BWA-no-clip,5,1.0
626,BWA-std,5,0.36363636363636365
626,NW-flex,5,1.0
626,BWA-no-clip,6,1.0
626,BWA-std,6,0.45454545454545453
626,NW-flex,6,1.0
626,BWA-no-clip,7,1.0
626,BWA-std,7,0.45454545454545453
626,NW-flex,7,1.0
626,BWA-no-clip,8,1.0
626,BWA-std,8,0.6363636363636364
626,NW-flex,8,1.0
626,BWA-no-clip,9,1.0
626,BWA-std,9,0.6363636363636364
626,NW-flex,9,1.0
626,BWA-no-clip,10,1.0
626,BWA-std,10,0.8181818181818182
626,NW-flex,10,1.0
627,BWA-no-clip,1,0.5454545454545454
627,BWA-std,1,0.09090909090909091
627,NW-flex,1,1.0
627,BWA-no-clip,2,0.5454545454545454
627,BWA-std,2,0.09090909090909091
627,NW-flex,2,1.0
627,BWA-no-clip,3,0.7272727272727273
627,BWA-std,3,0.18181818181818182
627,NW-flex,3,1.0
627,BWA-no-clip,4,0.7272727272727273
627,BWA-std,4,0.36363636363636365
627,NW-flex,4,1.0
627,BWA-no-clip,5,0.9090909090909091
627,BWA-std,5,0.36363636363636365
627,NW-flex,5,1.0
627,BWA-no-clip,6,1.0
627,BWA-std,6,0.45454545454545453
627,NW-flex,6,1.0
627,BWA-no-clip,7,1.0
627,BWA-std,7,0.45454545454545453
627,NW-flex,7,1.0
627,BWA-no-clip,8,1.0
627,BWA-std,8,0.6363636363636364
627,NW-flex,8,1.0
627,BWA-no-clip,9,1.0
627,BWA-std,9,0.6363636363636364
627,NW-flex,9,1.0
627,BWA-no-clip,10,1.0
627,BWA-std,10,0.8181818181818182
627,NW-flex,10,1.0
628,BWA-no-clip,1,0.5454545454545454
628,BWA-std,1,0.09090909090909091
628,NW-flex,1,1.0
628,BWA-no-clip,2,0.7272727272727273
628,BWA-std,2,0.18181818181818182
628,NW-flex,2,1.0
628,BWA-no-clip,3,0.8181818181818182
628,BWA-std,3,0.18181818181818182
628,NW-flex,3,1.0
628,BWA-no-clip,4,0.8181818181818182
628,BWA-std,4,0.36363636363636365
628,NW-flex,4,1.0
628,BWA-no-clip,5,0.9090909090909091
628,BWA-std,5,0.36363636363636365
628,NW-flex,5,1.0
628,BWA-no-clip,6,0.9090909090909091
628,BWA-std,6,0.45454545454545453
628,NW-flex,6,1.0
628,BWA-no-clip,7,1.0
628,BWA-std,7,0.45454545454545453
628,NW-flex,7,1.0
628,BWA-no-clip,8,1.0
628,BWA-std,8,0.6363636363636364
628,NW-flex,8,1.0
628,BWA-no-clip,9,1.0
628,BWA-std,9,0.6363636363636364
628,NW-flex,9,1.0
628,BWA-no-clip,10,1.0
628,BWA-std,10,0.8181818181818182
628,NW-flex,10,1.0
629,BWA-no-clip,1,0.5454545454545454
629,BWA-std,1,0.09090909090909091
629,NW-flex,1,1.0
629,BWA-no-clip,2,0.5454545454545454
629,BWA-std,2,0.09090909090909091
629,NW-flex,2,1.0
629,BWA-no-clip,3,0.7272727272727273
629,BWA-std,3,0.18181818181818182
629,NW-flex,3,1.0
629,BWA-no-clip,4,0.7272727272727273
629,BWA-std,4,0.36363636363636365
629,NW-flex,4,1.0
629,BWA-no-clip,5,0.9090909090909091
629,BWA-std,5,0.36363636363636365
629,NW-flex,5,1.0
629,BWA-no-clip,6,1.0
629,BWA-std,6,0.45454545454545453
629,NW-flex,6,1.0
629,BWA-no-clip,7,1.0
629,BWA-std,7,0.45454545454545453
629,NW-flex,7,1.0
629,BWA-no-clip,8,1.0
629,BWA-std,8,0.6363636363636364
629,NW-flex,8,1.0
629,BWA-no-clip,9,1.0
629,BWA-std,9,0.6363636363636364
629,NW-flex,9,1.0
629,BWA-no-clip,10,1.0
629,BWA-std,10,0.8181818181818182
629,NW-flex,10,1.0
630,BWA-no-clip,1,0.45454545454545453
630,BWA-std,1,0.09090909090909091
630,NW-flex,1,1.0
630,BWA-no-clip,2,0.5454545454545454
630,BWA-std,2,0.09090909090909091
630,NW-flex,2,1.0
630,BWA-no-clip,3,0.7272727272727273
630,BWA-std,3,0.18181818181818182
630,NW-flex,3,1.0
630,BWA-no-clip,4,0.7272727272727273
630,BWA-std,4,0.36363636363636365
630,NW-flex,4,1.0
630,BWA-no-clip,5,0.7272727272727273
630,BWA-std,5,0.36363636363636365
630,NW-flex,5,1.0
630,BWA-no-clip,6,0.7272727272727273
630,BWA-std,6,0.45454545454545453
630,NW-flex,6,1.0
630,BWA-no-clip,7,0.9090909090909091
630,BWA-std,7,0.45454545454545453
630,NW-flex,7,1.0
630,BWA-no-clip,8,1.0
630,BWA-std,8,0.6363636363636364
630,NW-flex,8,1.0
630,BWA-no-clip,9,1.0
630,BWA-std,9,0.6363636363636364
630,NW-flex,9,1.0
630,BWA-no-clip,10,1.0
630,BWA-std,10,0.8181818181818182
630,NW-flex,10,1.0
631,BWA-no-clip,1,0.09090909090909091
631,BWA-std,1,0.09090909090909091
631,NW-flex,1,1.0
631,BWA-no-clip,2,0.09090909090909091
631,BWA-std,2,0.09090909090909091
631,NW-flex,2,1.0
631,BWA-no-clip,3,0.5757575757575758
631,BWA-std,3,0.18181818181818182
631,NW-flex,3,1.0
631,BWA-no-clip,4,0.8181818181818182
631,BWA-std,4,0.36363636363636365
631,NW-flex,4,1.0
631,BWA-no-clip,5,1.0
631,BWA-std,5,0.36363636363636365
631,NW-flex,5,1.0
631,BWA-no-clip,6,1.0
631,BWA-std,6,0.45454545454545453
631,NW-flex,6,1.0
631,BWA-no-clip,7,1.0
631,BWA-std,7,0.45454545454545453
631,NW-flex,7,1.0
631,BWA-no-clip,8,1.0
631,BWA-std,8,0.6363636363636364
631,NW-flex,8,1.0
631,BWA-no-clip,9,1.0
631,BWA-std,9,0.6363636363636364
631,NW-flex,9,1.0
631,BWA-no-clip,10,1.0
631,BWA-std,10,0.8181818181818182
631,NW-flex,10,1.0
632,BWA-no-clip,1,0.09090909090909091
632,BWA-std,1,0.09090909090909091
632,NW-flex,1,1.0
632,BWA-no-clip,2,0.5454545454545454
632,BWA-std,2,0.09090909090909091
632,NW-flex,2,1.0
632,BWA-no-clip,3,0.7272727272727273
632,BWA-std,3,0.18181818181818182
632,NW-flex,3,1.0
632,BWA-no-clip,4,0.8181818181818182
632,BWA-std,4,0.36363636363636365
632,NW-flex,4,1.0
632,BWA-no-clip,5,0.9090909090909091
632,BWA-std,5,0.36363636363636365
632,NW-flex,5,1.0
632,BWA-no-clip,6,0.9090909090909091
632,BWA-std,6,0.45454545454545453
632,NW-flex,6,1.0
632,BWA-no-clip,7,1.0
632,BWA-std,7,0.45454545454545453
632,NW-flex,7,1.0
632,BWA-no-clip,8,1.0
632,BWA-std,8,0.6363636363636364
632,NW-flex,8,1.0
632,BWA-no-clip,9,1.0
632,BWA-std,9,0.6363636363636364
632,NW-flex,9,1.0
632,BWA-no-clip,10,1.0
632,BWA-std,10,0.8181818181818182
632,NW-flex,10,1.0
633,BWA-no-clip,1,0.5454545454545454
633,BWA-std,1,0.09090909090909091
633,NW-flex,1,1.0
633,BWA-no-clip,2,0.7272727272727273
633,BWA-std,2,0.18181818181818182
633,NW-flex,2,1.0
633,BWA-no-clip,3,0.9090909090909091
633,BWA-std,3,0.18181818181818182
633,NW-flex,3,1.0
633,BWA-no-clip,4,1.0
633,BWA-std,4,0.36363636363636365
633,NW-flex,4,1.0
633,BWA-no-clip,5,0.9090909090909091
633,BWA-std,5,0.36363636363636365
633,NW-flex,5,1.0
633,BWA-no-clip,6,1.0
633,BWA-std,6,0.45454545454545453
633,NW-flex,6,1.0
633,BWA-no-clip,7,1.0
633,BWA-std,7,0.45454545454545453
633,NW-flex,7,1.0
633,BWA-no-clip,8,1.0
633,BWA-std,8,0.6363636363636364
633,NW-flex,8,1.0
633,BWA-no-clip,9,1.0
633,BWA-std,9,0.6363636363636364
633,NW-flex,9,1.0
633,BWA-no-clip,10,1.0
633,BWA-std,10,0.8181818181818182
633,NW-flex,10,1.0
634,BWA-no-clip,1,0.5454545454545454
634,BWA-std,1,0.09090909090909091
634,NW-flex,1,1.0
634,BWA-no-clip,2,0.6363636363636364
634,BWA-std,2,0.18181818181818182
634,NW-flex,2,1.0
634,BWA-no-clip,3,0.6363636363636364
634,BWA-std,3,0.18181818181818182
634,NW-flex,3,1.0
634,BWA-no-clip,4,0.8181818181818182
634,BWA-std,4,0.36363636363636365
634,NW-flex,4,1.0
634,BWA-no-clip,5,0.8181818181818182
634,BWA-std,5,0.36363636363636365
634,NW-flex,5,1.0
634,BWA-no-clip,6,0.8181818181818182
634,BWA-std,6,0.45454545454545453
634,NW-flex,6,1.0
634,BWA-no-clip,7,1.0
634,BWA-std,7,0.45454545454545453
634,NW-flex,7,1.0
634,BWA-no-clip,8,1.0
634,BWA-std,8,0.6363636363636364
634,NW-flex,8,1.0
634,BWA-no-clip,9,1.0
634,BWA-std,9,0.6363636363636364
634,NW-flex,9,1.0
634,BWA-no-clip,10,1.0
634,BWA-std,10,0.8181818181818182
634,NW-flex,10,1.0
635,BWA-no-clip,1,0.5454545454545454
635,BWA-std,1,0.09090909090909091
635,NW-flex,1,1.0
635,BWA-no-clip,2,0.5454545454545454
635,BWA-std,2,0.09090909090909091
635,NW-flex,2,1.0
635,BWA-no-clip,3,0.7272727272727273
635,BWA-std,3,0.18181818181818182
635,NW-flex,3,1.0
635,BWA-no-clip,4,0.9090909090909091
635,BWA-std,4,0.36363636363636365
635,NW-flex,4,1.0
635,BWA-no-clip,5,0.9090909090909091
635,BWA-std,5,0.36363636363636365
635,NW-flex,5,1.0
635,BWA-no-clip,6,0.9090909090909091
635,BWA-std,6,0.45454545454545453
635,NW-flex,6,1.0
635,BWA-no-clip,7,1.0
635,BWA-std,7,0.45454545454545453
635,NW-flex,7,1.0
635,BWA-no-clip,8,1.0
635,BWA-std,8,0.6363636363636364
635,NW-flex,8,1.0
635,BWA-no-clip,9,1.0
635,BWA-std,9,0.6363636363636364
635,NW-flex,9,1.0
635,BWA-no-clip,10,1.0
635,BWA-std,10,0.8181818181818182
635,NW-flex,10,1.0
636,BWA-no-clip,1,0.09090909090909091
636,BWA-std,1,0.09090909090909091
636,NW-flex,1,1.0
636,BWA-no-clip,2,0.5454545454545454
636,BWA-std,2,0.09090909090909091
636,NW-flex,2,1.0
636,BWA-no-clip,3,0.7272727272727273
636,BWA-std,3,0.18181818181818182
636,NW-flex,3,1.0
636,BWA-no-clip,4,0.7272727272727273
636,BWA-std,4,0.36363636363636365
636,NW-flex,4,1.0
636,BWA-no-clip,5,0.7272727272727273
636,BWA-std,5,0.36363636363636365
636,NW-flex,5,1.0
636,BWA-no-clip,6,0.9090909090909091
636,BWA-std,6,0.45454545454545453
636,NW-flex,6,1.0
636,BWA-no-clip,7,0.9090909090909091
636,BWA-std,7,0.45454545454545453
636,NW-flex,7,1.0
636,BWA-no-clip,8,1.0
636,BWA-std,8,0.6363636363636364
636,NW-flex,8,1.0
636,BWA-no-clip,9,1.0
636,BWA-std,9,0.6363636363636364
636,NW-flex,9,1.0
636,BWA-no-clip,10,1.0
636,BWA-std,10,0.8181818181818182
636,NW-flex,10,1.0
637,BWA-no-clip,1,0.45454545454545453
637,BWA-std,1,0.09090909090909091
637,NW-flex,1,1.0
637,BWA-no-clip,2,0.45454545454545453
637,BWA-std,2,0.09090909090909091
637,NW-flex,2,1.0
637,BWA-no-clip,3,0.5454545454545454
637,BWA-std,3,0.09090909090909091
637,NW-flex,3,1.0
637,BWA-no-clip,4,0.7272727272727273
637,BWA-std,4,0.36363636363636365
637,NW-flex,4,1.0
637,BWA-no-clip,5,0.8181818181818182
637,BWA-std,5,0.36363636363636365
637,NW-flex,5,1.0
637,BWA-no-clip,6,0.9090909090909091
637,BWA-std,6,0.45454545454545453
637,NW-flex,6,1.0
637,BWA-no-clip,7,1.0
637,BWA-std,7,0.45454545454545453
637,NW-flex,7,1.0
637,BWA-no-clip,8,1.0
637,BWA-std,8,0.6363636363636364
637,NW-flex,8,1.0
637,BWA-no-clip,9,1.0
637,BWA-std,9,0.6363636363636364
637,NW-flex,9,1.0
637,BWA-no-clip,10,1.0
637,BWA-std,10,0.8181818181818182
637,NW-flex,10,1.0
638,BWA-no-clip,1,0.5454545454545454
638,BWA-std,1,0.09090909090909091
638,NW-flex,1,1.0
638,BWA-no-clip,2,0.7272727272727273
638,BWA-std,2,0.18181818181818182
638,NW-flex,2,1.0
638,BWA-no-clip,3,0.9090909090909091
638,BWA-std,3,0.18181818181818182
638,NW-flex,3,1.0
638,BWA-no-clip,4,0.8181818181818182
638,BWA-std,4,0.36363636363636365
638,NW-flex,4,1.0
638,BWA-no-clip,5,0.8181818181818182
638,BWA-std,5,0.36363636363636365
638,NW-flex,5,1.0
638,BWA-no-clip,6,1.0
638,BWA-std,6,0.45454545454545453
638,NW-flex,6,1.0
638,BWA-no-clip,7,1.0
638,BWA-std,7,0.45454545454545453
638,NW-flex,7,1.0
638,BWA-no-clip,8,1.0
638,BWA-std,8,0.6363636363636364
638,NW-flex,8,1.0
638,BWA-no-clip,9,1.0
638,BWA-std,9,0.6363636363636364
638,NW-flex,9,1.0
638,BWA-no-clip,10,1.0
638,BWA-std,10,0.8181818181818182
638,NW-flex,10,1.0
639,BWA-no-clip,1,0.09090909090909091
639,BWA-std,1,0.09090909090909091
639,NW-flex,1,1.0
639,BWA-no-clip,2,0.09090909090909091
639,BWA-std,2,0.09090909090909091
639,NW-flex,2,1.0
639,BWA-no-clip,3,0.48484848484848486
639,BWA-std,3,0.18181818181818182
639,NW-flex,3,1.0
639,BWA-no-clip,4,0.8181818181818182
639,BWA-std,4,0.36363636363636365
639,NW-flex,4,1.0
639,BWA-no-clip,5,0.9090909090909091
639,BWA-std,5,0.36363636363636365
639,NW-flex,5,1.0
639,BWA-no-clip,6,1.0
639,BWA-std,6,0.45454545454545453
639,NW-flex,6,1.0
639,BWA-no-clip,7,1.0
639,BWA-std,7,0.45454545454545453
639,NW-flex,7,1.0
639,BWA-no-clip,8,1.0
639,BWA-std,8,0.6363636363636364
639,NW-flex,8,1.0
639,BWA-no-clip,9,1.0
639,BWA-std,9,0.6363636363636364
639,NW-flex,9,1.0
639,BWA-no-clip,10,1.0
639,BWA-std,10,0.8181818181818182
639,NW-flex,10,1.0
640,BWA-no-clip,1,0.09090909090909091
640,BWA-std,1,0.09090909090909091
640,NW-flex,1,1.0
640,BWA-no-clip,2,0.09090909090909091
640,BWA-std,2,0.09090909090909091
640,NW-flex,2,1.0
640,BWA-no-clip,3,0.12121212121212122
640,BWA-std,3,0.18181818181818182
640,NW-flex,3,1.0
640,BWA-no-clip,4,0.12121212121212122
640,BWA-std,4,0.18181818181818182
640,NW-flex,4,1.0
640,BWA-no-clip,5,0.12121212121212122
640,BWA-std,5,0.18181818181818182
640,NW-flex,5,1.0
640,BWA-no-clip,6,0.12121212121212122
640,BWA-std,6,0.12121212121212122
640,NW-flex,6,1.0
640,BWA-no-clip,7,0.12121212121212122
640,BWA-std,7,0.12121212121212122
640,NW-flex,7,1.0
640,BWA-no-clip,8,0.5454545454545454
640,BWA-std,8,0.36363636363636365
640,NW-flex,8,1.0
640,BWA-no-clip,9,1.0
640,BWA-std,9,0.6363636363636364
640,NW-flex,9,1.0
640,BWA-no-clip,10,1.0
640,BWA-std,10,0.8181818181818182
640,NW-flex,10,1.0
641,BWA-no-clip,1,0.09090909090909091
641,BWA-std,1,0.09090909090909091
641,NW-flex,1,1.0
641,BWA-no-clip,2,0.45454545454545453
641,BWA-std,2,0.09090909090909091
641,NW-flex,2,1.0
641,BWA-no-clip,3,0.6363636363636364
641,BWA-std,3,0.09090909090909091
641,NW-flex,3,1.0
641,BWA-no-clip,4,0.7272727272727273
641,BWA-std,4,0.36363636363636365
641,NW-flex,4,1.0
641,BWA-no-clip,5,0.7272727272727273
641,BWA-std,5,0.36363636363636365
641,NW-flex,5,1.0
641,BWA-no-clip,6,0.9090909090909091
641,BWA-std,6,0.45454545454545453
641,NW-flex,6,1.0
641,BWA-no-clip,7,0.9090909090909091
641,BWA-std,7,0.45454545454545453
641,NW-flex,7,1.0
641,BWA-no-clip,8,0.9090909090909091
641,BWA-std,8,0.6363636363636364
641,NW-flex,8,1.0
641,BWA-no-clip,9,1.0
641,BWA-std,9,0.6363636363636364
641,NW-flex,9,1.0
641,BWA-no-clip,10,1.0
641,BWA-std,10,0.8181818181818182
641,NW-flex,10,1.0
642,BWA-no-clip,1,0.09090909090909091
642,BWA-std,1,0.09090909090909091
642,NW-flex,1,1.0
642,BWA-no-clip,2,0.09090909090909091
642,BWA-std,2,0.09090909090909091
642,NW-flex,2,1.0
642,BWA-no-clip,3,0.12121212121212122
642,BWA-std,3,0.18181818181818182
642,NW-flex,3,1.0
642,BWA-no-clip,4,0.12121212121212122
642,BWA-std,4,0.18181818181818182
642,NW-flex,4,1.0
642,BWA-no-clip,5,0.5757575757575758
642,BWA-std,5,0.2727272727272727
642,NW-flex,5,1.0
642,BWA-no-clip,6,1.0
642,BWA-std,6,0.45454545454545453
642,NW-flex,6,1.0
642,BWA-no-clip,7,1.0
642,BWA-std,7,0.45454545454545453
642,NW-flex,7,1.0
642,BWA-no-clip,8,1.0
642,BWA-std,8,0.6363636363636364
642,NW-flex,8,1.0
642,BWA-no-clip,9,1.0
642,BWA-std,9,0.6363636363636364
642,NW-flex,9,1.0
642,BWA-no-clip,10,1.0
642,BWA-std,10,0.8181818181818182
642,NW-flex,10,1.0
643,BWA-no-clip,1,0.09090909090909091
643,BWA-std,1,0.09090909090909091
643,NW-flex,1,1.0
643,BWA-no-clip,2,0.5454545454545454
643,BWA-std,2,0.09090909090909091
643,NW-flex,2,1.0
643,BWA-no-clip,3,0.7272727272727273
643,BWA-std,3,0.18181818181818182
643,NW-flex,3,1.0
643,BWA-no-clip,4,0.9090909090909091
643,BWA-std,4,0.36363636363636365
643,NW-flex,4,1.0
643,BWA-no-clip,5,1.0
643,BWA-std,5,0.36363636363636365
643,NW-flex,5,1.0
643,BWA-no-clip,6,1.0
643,BWA-std,6,0.45454545454545453
643,NW-flex,6,1.0
643,BWA-no-clip,7,1.0
643,BWA-std,7,0.45454545454545453
643,NW-flex,7,1.0
643,BWA-no-clip,8,1.0
643,BWA-std,8,0.6363636363636364
643,NW-flex,8,1.0
643,BWA-no-clip,9,1.0
643,BWA-std,9,0.6363636363636364
643,NW-flex,9,1.0
643,BWA-no-clip,10,1.0
643,BWA-std,10,0.8181818181818182
643,NW-flex,10,1.0
644,BWA-no-clip,1,0.18181818181818182
644,BWA-std,1,0.09090909090909091
644,NW-flex,1,1.0
644,BWA-no-clip,2,0.36363636363636365
644,BWA-std,2,0.09090909090909091
644,NW-flex,2,1.0
644,BWA-no-clip,3,0.7272727272727273
644,BWA-std,3,0.18181818181818182
644,NW-flex,3,1.0
644,BWA-no-clip,4,0.9090909090909091
644,BWA-std,4,0.36363636363636365
644,NW-flex,4,1.0
644,BWA-no-clip,5,0.9090909090909091
644,BWA-std,5,0.36363636363636365
644,NW-flex,5,1.0
644,BWA-no-clip,6,1.0
644,BWA-std,6,0.45454545454545453
644,NW-flex,6,1.0
644,BWA-no-clip,7,1.0
644,BWA-std,7,0.45454545454545453
644,NW-flex,7,1.0
644,BWA-no-clip,8,1.0
644,BWA-std,8,0.6363636363636364
644,NW-flex,8,1.0
644,BWA-no-clip,9,1.0
644,BWA-std,9,0.6363636363636364
644,NW-flex,9,1.0
644,BWA-no-clip,10,1.0
644,BWA-std,10,0.8181818181818182
644,NW-flex,10,1.0
645,BWA-no-clip,1,0.5454545454545454
645,BWA-std,1,0.09090909090909091
645,NW-flex,1,1.0
645,BWA-no-clip,2,0.6363636363636364
645,BWA-std,2,0.18181818181818182
645,NW-flex,2,1.0
645,BWA-no-clip,3,0.8181818181818182
645,BWA-std,3,0.18181818181818182
645,NW-flex,3,1.0
645,BWA-no-clip,4,0.9090909090909091
645,BWA-std,4,0.36363636363636365
645,NW-flex,4,1.0
645,BWA-no-clip,5,1.0
645,BWA-std,5,0.36363636363636365
645,NW-flex,5,1.0
645,BWA-no-clip,6,1.0
645,BWA-std,6,0.45454545454545453
645,NW-flex,6,1.0
645,BWA-no-clip,7,1.0
645,BWA-std,7,0.45454545454545453
645,NW-flex,7,1.0
645,BWA-no-clip,8,1.0
645,BWA-std,8,0.6363636363636364
645,NW-flex,8,1.0
645,BWA-no-clip,9,1.0
645,BWA-std,9,0.6363636363636364
645,NW-flex,9,1.0
645,BWA-no-clip,10,1.0
645,BWA-std,10,0.8181818181818182
645,NW-flex,10,1.0
646,BWA-no-clip,1,0.5454545454545454
646,BWA-std,1,0.09090909090909091
646,NW-flex,1,1.0
646,BWA-no-clip,2,0.6363636363636364
646,BWA-std,2,0.18181818181818182
646,NW-flex,2,1.0
646,BWA-no-clip,3,0.8181818181818182
646,BWA-std,3,0.18181818181818182
646,NW-flex,3,1.0
646,BWA-no-clip,4,1.0
646,BWA-std,4,0.36363636363636365
646,NW-flex,4,1.0
646,BWA-no-clip,5,1.0
646,BWA-std,5,0.36363636363636365
646,NW-flex,5,1.0
646,BWA-no-clip,6,1.0
646,BWA-std,6,0.45454545454545453
646,NW-flex,6,1.0
646,BWA-no-clip,7,1.0
646,BWA-std,7,0.45454545454545453
646,NW-flex,7,1.0
646,BWA-no-clip,8,1.0
646,BWA-std,8,0.6363636363636364
646,NW-flex,8,1.0
646,BWA-no-clip,9,1.0
646,BWA-std,9,0.6363636363636364
646,NW-flex,9,1.0
646,BWA-no-clip,10,1.0
646,BWA-std,10,0.8181818181818182
646,NW-flex,10,1.0
647,BWA-no-clip,1,0.5454545454545454
647,BWA-std,1,0.09090909090909091
647,NW-flex,1,1.0
647,BWA-no-clip,2,0.7272727272727273
647,BWA-std,2,0.18181818181818182
647,NW-flex,2,1.0
647,BWA-no-clip,3,0.9090909090909091
647,BWA-std,3,0.18181818181818182
647,NW-flex,3,1.0
647,BWA-no-clip,4,1.0
647,BWA-std,4,0.36363636363636365
647,NW-flex,4,1.0
647,BWA-no-clip,5,1.0
647,BWA-std,5,0.36363636363636365
647,NW-flex,5,1.0
647,BWA-no-clip,6,1.0
647,BWA-std,6,0.45454545454545453
647,NW-flex,6,1.0
647,BWA-no-clip,7,1.0
647,BWA-std,7,0.45454545454545453
647,NW-flex,7,1.0
647,BWA-no-clip,8,1.0
647,BWA-std,8,0.6363636363636364
647,NW-flex,8,1.0
647,BWA-no-clip,9,1.0
647,BWA-std,9,0.6363636363636364
647,NW-flex,9,1.0
647,BWA-no-clip,10,1.0
647,BWA-std,10,0.8181818181818182
647,NW-flex,10,1.0
648,BWA-no-clip,1,0.09090909090909091
648,BWA-std,1,0.09090909090909091
648,NW-flex,1,1.0
648,BWA-no-clip,2,0.09090909090909091
648,BWA-std,2,0.09090909090909091
648,NW-flex,2,1.0
648,BWA-no-clip,3,0.5757575757575758
648,BWA-std,3,0.18181818181818182
648,NW-flex,3,1.0
648,BWA-no-clip,4,0.9090909090909091
648,BWA-std,4,0.36363636363636365
648,NW-flex,4,1.0
648,BWA-no-clip,5,0.9090909090909091
648,BWA-std,5,0.36363636363636365
648,NW-flex,5,1.0
648,BWA-no-clip,6,1.0
648,BWA-std,6,0.45454545454545453
648,NW-flex,6,1.0
648,BWA-no-clip,7,1.0
648,BWA-std,7,0.45454545454545453
648,NW-flex,7,1.0
648,BWA-no-clip,8,1.0
648,BWA-std,8,0.6363636363636364
648,NW-flex,8,1.0
648,BWA-no-clip,9,1.0
648,BWA-std,9,0.6363636363636364
648,NW-flex,9,1.0
648,BWA-no-clip,10,1.0
648,BWA-std,10,0.8181818181818182
648,NW-flex,10,1.0
649,BWA-no-clip,1,0.09090909090909091
649,BWA-std,1,0.09090909090909091
649,NW-flex,1,1.0
649,BWA-no-clip,2,0.5454545454545454
649,BWA-std,2,0.09090909090909091
649,NW-flex,2,1.0
649,BWA-no-clip,3,0.6363636363636364
649,BWA-std,3,0.09090909090909091
649,NW-flex,3,1.0
649,BWA-no-clip,4,0.7272727272727273
649,BWA-std,4,0.36363636363636365
649,NW-flex,4,1.0
649,BWA-no-clip,5,0.7272727272727273
649,BWA-std,5,0.36363636363636365
649,NW-flex,5,1.0
649,BWA-no-clip,6,0.9090909090909091
649,BWA-std,6,0.45454545454545453
649,NW-flex,6,1.0
649,BWA-no-clip,7,1.0
649,BWA-std,7,0.45454545454545453
649,NW-flex,7,1.0
649,BWA-no-clip,8,1.0
649,BWA-std,8,0.6363636363636364
649,NW-flex,8,1.0
649,BWA-no-clip,9,1.0
649,BWA-std,9,0.6363636363636364
649,NW-flex,9,1.0
649,BWA-no-clip,10,1.0
649,BWA-std,10,0.8181818181818182
649,NW-flex,10,1.0
650,BWA-no-clip,1,0.09090909090909091
650,BWA-std,1,0.09090909090909091
650,NW-flex,1,1.0
650,BWA-no-clip,2,0.45454545454545453
650,BWA-std,2,0.09090909090909091
650,NW-flex,2,1.0
650,BWA-no-clip,3,0.5454545454545454
650,BWA-std,3,0.09090909090909091
650,NW-flex,3,1.0
650,BWA-no-clip,4,0.7272727272727273
650,BWA-std,4,0.36363636363636365
650,NW-flex,4,1.0
650,BWA-no-clip,5,0.7272727272727273
650,BWA-std,5,0.36363636363636365
650,NW-flex,5,1.0
650,BWA-no-clip,6,0.9090909090909091
650,BWA-std,6,0.45454545454545453
650,NW-flex,6,1.0
650,BWA-no-clip,7,1.0
650,BWA-std,7,0.45454545454545453
650,NW-flex,7,1.0
650,BWA-no-clip,8,1.0
650,BWA-std,8,0.6363636363636364
650,NW-flex,8,1.0
650,BWA-no-clip,9,1.0
650,BWA-std,9,0.6363636363636364
650,NW-flex,9,1.0
650,BWA-no-clip,10,1.0
650,BWA-std,10,0.8181818181818182
650,NW-flex,10,1.0
651,BWA-no-clip,1,0.5454545454545454
651,BWA-std,1,0.09090909090909091
651,NW-flex,1,1.0
651,BWA-no-clip,2,0.6363636363636364
651,BWA-std,2,0.18181818181818182
651,NW-flex,2,1.0
651,BWA-no-clip,3,0.8181818181818182
651,BWA-std,3,0.18181818181818182
651,NW-flex,3,1.0
651,BWA-no-clip,4,0.8181818181818182
651,BWA-std,4,0.36363636363636365
651,NW-flex,4,1.0
651,BWA-no-clip,5,1.0
651,BWA-std,5,0.36363636363636365
651,NW-flex,5,1.0
651,BWA-no-clip,6,1.0
651,BWA-std,6,0.45454545454545453
651,NW-flex,6,1.0
651,BWA-no-clip,7,1.0
651,BWA-std,7,0.45454545454545453
651,NW-flex,7,1.0
651,BWA-no-clip,8,1.0
651,BWA-std,8,0.6363636363636364
651,NW-flex,8,1.0
651,BWA-no-clip,9,1.0
651,BWA-std,9,0.6363636363636364
651,NW-flex,9,1.0
651,BWA-no-clip,10,1.0
651,BWA-std,10,0.8181818181818182
651,NW-flex,10,1.0
652,BWA-no-clip,1,0.09090909090909091
652,BWA-std,1,0.09090909090909091
652,NW-flex,1,1.0
652,BWA-no-clip,2,0.09090909090909091
652,BWA-std,2,0.09090909090909091
652,NW-flex,2,1.0
652,BWA-no-clip,3,0.5757575757575758
652,BWA-std,3,0.18181818181818182
652,NW-flex,3,1.0
652,BWA-no-clip,4,0.9090909090909091
652,BWA-std,4,0.36363636363636365
652,NW-flex,4,1.0
652,BWA-no-clip,5,1.0
652,BWA-std,5,0.36363636363636365
652,NW-flex,5,1.0
652,BWA-no-clip,6,1.0
652,BWA-std,6,0.45454545454545453
652,NW-flex,6,1.0
652,BWA-no-clip,7,1.0
652,BWA-std,7,0.45454545454545453
652,NW-flex,7,1.0
652,BWA-no-clip,8,1.0
652,BWA-std,8,0.6363636363636364
652,NW-flex,8,1.0
652,BWA-no-clip,9,1.0
652,BWA-std,9,0.6363636363636364
652,NW-flex,9,1.0
652,BWA-no-clip,10,1.0
652,BWA-std,10,0.8181818181818182
652,NW-flex,10,1.0
653,BWA-no-clip,1,0.5454545454545454
653,BWA-std,1,0.09090909090909091
653,NW-flex,1,1.0
653,BWA-no-clip,2,0.6363636363636364
653,BWA-std,2,0.18181818181818182
653,NW-flex,2,1.0
653,BWA-no-clip,3,0.7272727272727273
653,BWA-std,3,0.18181818181818182
653,NW-flex,3,1.0
653,BWA-no-clip,4,0.8181818181818182
653,BWA-std,4,0.36363636363636365
653,NW-flex,4,1.0
653,BWA-no-clip,5,0.9090909090909091
653,BWA-std,5,0.36363636363636365
653,NW-flex,5,1.0
653,BWA-no-clip,6,1.0
653,BWA-std,6,0.45454545454545453
653,NW-flex,6,1.0
653,BWA-no-clip,7,1.0
653,BWA-std,7,0.45454545454545453
653,NW-flex,7,1.0
653,BWA-no-clip,8,1.0
653,BWA-std,8,0.6363636363636364
653,NW-flex,8,1.0
653,BWA-no-clip,9,1.0
653,BWA-std,9,0.6363636363636364
653,NW-flex,9,1.0
653,BWA-no-clip,10,1.0
653,BWA-std,10,0.8181818181818182
653,NW-flex,10,1.0
654,BWA-no-clip,1,0.36363636363636365
654,BWA-std,1,0.09090909090909091
654,NW-flex,1,1.0
654,BWA-no-clip,2,0.6363636363636364
654,BWA-std,2,0.18181818181818182
654,NW-flex,2,1.0
654,BWA-no-clip,3,0.8181818181818182
654,BWA-std,3,0.18181818181818182
654,NW-flex,3,1.0
654,BWA-no-clip,4,0.8181818181818182
654,BWA-std,4,0.36363636363636365
654,NW-flex,4,1.0
654,BWA-no-clip,5,0.8181818181818182
654,BWA-std,5,0.36363636363636365
654,NW-flex,5,1.0
654,BWA-no-clip,6,1.0
654,BWA-std,6,0.45454545454545453
654,NW-flex,6,1.0
654,BWA-no-clip,7,1.0
654,BWA-std,7,0.45454545454545453
654,NW-flex,7,1.0
654,BWA-no-clip,8,1.0
654,BWA-std,8,0.6363636363636364
654,NW-flex,8,1.0
654,BWA-no-clip,9,1.0
654,BWA-std,9,0.6363636363636364
654,NW-flex,9,1.0
654,BWA-no-clip,10,1.0
654,BWA-std,10,0.8181818181818182
654,NW-flex,10,1.0
655,BWA-no-clip,1,0.09090909090909091
655,BWA-std,1,0.09090909090909091
655,NW-flex,1,1.0
655,BWA-no-clip,2,0.45454545454545453
655,BWA-std,2,0.09090909090909091
655,NW-flex,2,1.0
655,BWA-no-clip,3,0.6363636363636364
655,BWA-std,3,0.18181818181818182
655,NW-flex,3,1.0
655,BWA-no-clip,4,0.8181818181818182
655,BWA-std,4,0.36363636363636365
655,NW-flex,4,1.0
655,BWA-no-clip,5,0.8181818181818182
655,BWA-std,5,0.36363636363636365
655,NW-flex,5,1.0
655,BWA-no-clip,6,1.0
655,BWA-std,6,0.45454545454545453
655,NW-flex,6,1.0
655,BWA-no-clip,7,1.0
655,BWA-std,7,0.45454545454545453
655,NW-flex,7,1.0
655,BWA-no-clip,8,1.0
655,BWA-std,8,0.6363636363636364
655,NW-flex,8,1.0
655,BWA-no-clip,9,1.0
655,BWA-std,9,0.6363636363636364
655,NW-flex,9,1.0
655,BWA-no-clip,10,1.0
655,BWA-std,10,0.8181818181818182
655,NW-flex,10,1.0
656,BWA-no-clip,1,0.09090909090909091
656,BWA-std,1,0.09090909090909091
656,NW-flex,1,1.0
656,BWA-no-clip,2,0.09090909090909091
656,BWA-std,2,0.09090909090909091
656,NW-flex,2,1.0
656,BWA-no-clip,3,0.5757575757575758
656,BWA-std,3,0.18181818181818182
656,NW-flex,3,1.0
656,BWA-no-clip,4,0.8181818181818182
656,BWA-std,4,0.36363636363636365
656,NW-flex,4,1.0
656,BWA-no-clip,5,1.0
656,BWA-std,5,0.36363636363636365
656,NW-flex,5,1.0
656,BWA-no-clip,6,1.0
656,BWA-std,6,0.45454545454545453
656,NW-flex,6,1.0
656,BWA-no-clip,7,1.0
656,BWA-std,7,0.45454545454545453
656,NW-flex,7,1.0
656,BWA-no-clip,8,1.0
656,BWA-std,8,0.6363636363636364
656,NW-flex,8,1.0
656,BWA-no-clip,9,1.0
656,BWA-std,9,0.6363636363636364
656,NW-flex,9,1.0
656,BWA-no-clip,10,1.0
656,BWA-std,10,0.8181818181818182
656,NW-flex,10,1.0
657,BWA-no-clip,1,0.09090909090909091
657,BWA-std,1,0.09090909090909091
657,NW-flex,1,1.0
657,BWA-no-clip,2,0.09090909090909091
657,BWA-std,2,0.09090909090909091
657,NW-flex,2,1.0
657,BWA-no-clip,3,0.12121212121212122
657,BWA-std,3,0.18181818181818182
657,NW-flex,3,1.0
657,BWA-no-clip,4,0.5757575757575758
657,BWA-std,4,0.2727272727272727
657,NW-flex,4,1.0
657,BWA-no-clip,5,0.9090909090909091
657,BWA-std,5,0.36363636363636365
657,NW-flex,5,1.0
657,BWA-no-clip,6,1.0
657,BWA-std,6,0.45454545454545453
657,NW-flex,6,1.0
657,BWA-no-clip,7,1.0
657,BWA-std,7,0.45454545454545453
657,NW-flex,7,1.0
657,BWA-no-clip,8,1.0
657,BWA-std,8,0.6363636363636364
657,NW-flex,8,1.0
657,BWA-no-clip,9,1.0
657,BWA-std,9,0.6363636363636364
657,NW-flex,9,1.0
657,BWA-no-clip,10,1.0
657,BWA-std,10,0.8181818181818182
657,NW-flex,10,1.0
658,BWA-no-clip,1,0.09090909090909091
658,BWA-std,1,0.09090909090909091
658,NW-flex,1,1.0
658,BWA-no-clip,2,0.09090909090909091
658,BWA-std,2,0.09090909090909091
658,NW-flex,2,1.0
658,BWA-no-clip,3,0.12121212121212122
658,BWA-std,3,0.18181818181818182
658,NW-flex,3,1.0
658,BWA-no-clip,4,0.5757575757575758
658,BWA-std,4,0.2727272727272727
658,NW-flex,4,1.0
658,BWA-no-clip,5,0.9090909090909091
658,BWA-std,5,0.36363636363636365
658,NW-flex,5,1.0
658,BWA-no-clip,6,0.9090909090909091
658,BWA-std,6,0.45454545454545453
658,NW-flex,6,1.0
658,BWA-no-clip,7,0.9090909090909091
658,BWA-std,7,0.45454545454545453
658,NW-flex,7,1.0
658,BWA-no-clip,8,1.0
658,BWA-std,8,0.6363636363636364
658,NW-flex,8,1.0
658,BWA-no-clip,9,1.0
658,BWA-std,9,0.6363636363636364
658,NW-flex,9,1.0
658,BWA-no-clip,10,1.0
658,BWA-std,10,0.8181818181818182
658,NW-flex,10,1.0
659,BWA-no-clip,1,0.5454545454545454
659,BWA-std,1,0.09090909090909091
659,NW-flex,1,1.0
659,BWA-no-clip,2,0.7272727272727273
659,BWA-std,2,0.18181818181818182
659,NW-flex,2,1.0
659,BWA-no-clip,3,0.9090909090909091
659,BWA-std,3,0.18181818181818182
659,NW-flex,3,1.0
659,BWA-no-clip,4,0.8181818181818182
659,BWA-std,4,0.36363636363636365
659,NW-flex,4,1.0
659,BWA-no-clip,5,0.8181818181818182
659,BWA-std,5,0.36363636363636365
659,NW-flex,5,1.0
659,BWA-no-clip,6,1.0
659,BWA-std,6,0.45454545454545453
659,NW-flex,6,1.0
659,BWA-no-clip,7,1.0
659,BWA-std,7,0.45454545454545453
659,NW-flex,7,1.0
659,BWA-no-clip,8,1.0
659,BWA-std,8,0.6363636363636364
659,NW-flex,8,1.0
659,BWA-no-clip,9,1.0
659,BWA-std,9,0.6363636363636364
659,NW-flex,9,1.0
659,BWA-no-clip,10,1.0
659,BWA-std,10,0.8181818181818182
659,NW-flex,10,1.0
660,BWA-no-clip,1,0.5454545454545454
660,BWA-std,1,0.09090909090909091
660,NW-flex,1,1.0
660,BWA-no-clip,2,0.7272727272727273
660,BWA-std,2,0.18181818181818182
660,NW-flex,2,1.0
660,BWA-no-clip,3,0.7272727272727273
660,BWA-std,3,0.18181818181818182
660,NW-flex,3,1.0
660,BWA-no-clip,4,0.8181818181818182
660,BWA-std,4,0.36363636363636365
660,NW-flex,4,1.0
660,BWA-no-clip,5,0.9090909090909091
660,BWA-std,5,0.36363636363636365
660,NW-flex,5,1.0
660,BWA-no-clip,6,1.0
660,BWA-std,6,0.45454545454545453
660,NW-flex,6,1.0
660,BWA-no-clip,7,1.0
660,BWA-std,7,0.45454545454545453
660,NW-flex,7,1.0
660,BWA-no-clip,8,1.0
660,BWA-std,8,0.6363636363636364
660,NW-flex,8,1.0
660,BWA-no-clip,9,1.0
660,BWA-std,9,0.6363636363636364
660,NW-flex,9,1.0
660,BWA-no-clip,10,1.0
660,BWA-std,10,0.8181818181818182
660,NW-flex,10,1.0
661,BWA-no-clip,1,0.09090909090909091
661,BWA-std,1,0.09090909090909091
661,NW-flex,1,1.0
661,BWA-no-clip,2,0.09090909090909091
661,BWA-std,2,0.09090909090909091
661,NW-flex,2,1.0
661,BWA-no-clip,3,0.12121212121212122
661,BWA-std,3,0.18181818181818182
661,NW-flex,3,1.0
661,BWA-no-clip,4,0.12121212121212122
661,BWA-std,4,0.18181818181818182
661,NW-flex,4,1.0
661,BWA-no-clip,5,0.5757575757575758
661,BWA-std,5,0.2727272727272727
661,NW-flex,5,1.0
661,BWA-no-clip,6,1.0
661,BWA-std,6,0.45454545454545453
661,NW-flex,6,1.0
661,BWA-no-clip,7,1.0
661,BWA-std,7,0.45454545454545453
661,NW-flex,7,1.0
661,BWA-no-clip,8,1.0
661,BWA-std,8,0.6363636363636364
661,NW-flex,8,1.0
661,BWA-no-clip,9,1.0
661,BWA-std,9,0.6363636363636364
661,NW-flex,9,1.0
661,BWA-no-clip,10,1.0
661,BWA-std,10,0.8181818181818182
661,NW-flex,10,1.0
662,BWA-no-clip,1,0.09090909090909091
662,BWA-std,1,0.09090909090909091
662,NW-flex,1,1.0
662,BWA-no-clip,2,0.09090909090909091
662,BWA-std,2,0.09090909090909091
662,NW-flex,2,1.0
662,BWA-no-clip,3,0.5757575757575758
662,BWA-std,3,0.18181818181818182
662,NW-flex,3,1.0
662,BWA-no-clip,4,0.8181818181818182
662,BWA-std,4,0.36363636363636365
662,NW-flex,4,1.0
662,BWA-no-clip,5,1.0
662,BWA-std,5,0.36363636363636365
662,NW-flex,5,1.0
662,BWA-no-clip,6,1.0
662,BWA-std,6,0.45454545454545453
662,NW-flex,6,1.0
662,BWA-no-clip,7,1.0
662,BWA-std,7,0.45454545454545453
662,NW-flex,7,1.0
662,BWA-no-clip,8,1.0
662,BWA-std,8,0.6363636363636364
662,NW-flex,8,1.0
662,BWA-no-clip,9,1.0
662,BWA-std,9,0.6363636363636364
662,NW-flex,9,1.0
662,BWA-no-clip,10,1.0
662,BWA-std,10,0.8181818181818182
662,NW-flex,10,1.0
663,BWA-no-clip,1,0.09090909090909091
663,BWA-std,1,0.09090909090909091
663,NW-flex,1,1.0
663,BWA-no-clip,2,0.09090909090909091
663,BWA-std,2,0.09090909090909091
663,NW-flex,2,1.0
663,BWA-no-clip,3,0.5757575757575758
663,BWA-std,3,0.18181818181818182
663,NW-flex,3,1.0
663,BWA-no-clip,4,0.8181818181818182
663,BWA-std,4,0.36363636363636365
663,NW-flex,4,1.0
663,BWA-no-clip,5,0.9090909090909091
663,BWA-std,5,0.36363636363636365
663,NW-flex,5,1.0
663,BWA-no-clip,6,1.0
663,BWA-std,6,0.45454545454545453
663,NW-flex,6,1.0
663,BWA-no-clip,7,1.0
663,BWA-std,7,0.45454545454545453
663,NW-flex,7,1.0
663,BWA-no-clip,8,1.0
663,BWA-std,8,0.6363636363636364
663,NW-flex,8,1.0
663,BWA-no-clip,9,1.0
663,BWA-std,9,0.6363636363636364
663,NW-flex,9,1.0
663,BWA-no-clip,10,1.0
663,BWA-std,10,0.8181818181818182
663,NW-flex,10,1.0
664,BWA-no-clip,1,0.45454545454545453
664,BWA-std,1,0.09090909090909091
664,NW-flex,1,1.0
664,BWA-no-clip,2,0.7272727272727273
664,BWA-std,2,0.18181818181818182
664,NW-flex,2,1.0
664,BWA-no-clip,3,0.8181818181818182
664,BWA-std,3,0.18181818181818182
664,NW-flex,3,1.0
664,BWA-no-clip,4,0.9090909090909091
664,BWA-std,4,0.36363636363636365
664,NW-flex,4,1.0
664,BWA-no-clip,5,0.9090909090909091
664,BWA-std,5,0.36363636363636365
664,NW-flex,5,1.0
664,BWA-no-clip,6,0.9090909090909091
664,BWA-std,6,0.45454545454545453
664,NW-flex,6,1.0
664,BWA-no-clip,7,1.0
664,BWA-std,7,0.45454545454545453
664,NW-flex,7,1.0
664,BWA-no-clip,8,1.0
664,BWA-std,8,0.6363636363636364
664,NW-flex,8,1.0
664,BWA-no-clip,9,1.0
664,BWA-std,9,0.6363636363636364
664,NW-flex,9,1.0
664,BWA-no-clip,10,1.0
664,BWA-std,10,0.8181818181818182
664,NW-flex,10,1.0
665,BWA-no-clip,1,0.5454545454545454
665,BWA-std,1,0.09090909090909091
665,NW-flex,1,1.0
665,BWA-no-clip,2,0.6363636363636364
665,BWA-std,2,0.18181818181818182
665,NW-flex,2,1.0
665,BWA-no-clip,3,0.8181818181818182
665,BWA-std,3,0.18181818181818182
665,NW-flex,3,1.0
665,BWA-no-clip,4,1.0
665,BWA-std,4,0.36363636363636365
665,NW-flex,4,1.0
665,BWA-no-clip,5,1.0
665,BWA-std,5,0.36363636363636365
665,NW-flex,5,1.0
665,BWA-no-clip,6,1.0
665,BWA-std,6,0.45454545454545453
665,NW-flex,6,1.0
665,BWA-no-clip,7,1.0
665,BWA-std,7,0.45454545454545453
665,NW-flex,7,1.0
665,BWA-no-clip,8,1.0
665,BWA-std,8,0.6363636363636364
665,NW-flex,8,1.0
665,BWA-no-clip,9,1.0
665,BWA-std,9,0.6363636363636364
665,NW-flex,9,1.0
665,BWA-no-clip,10,1.0
665,BWA-std,10,0.8181818181818182
665,NW-flex,10,1.0
666,BWA-no-clip,1,0.09090909090909091
666,BWA-std,1,0.09090909090909091
666,NW-flex,1,1.0
666,BWA-no-clip,2,0.09090909090909091
666,BWA-std,2,0.09090909090909091
666,NW-flex,2,1.0
666,BWA-no-clip,3,0.12121212121212122
666,BWA-std,3,0.18181818181818182
666,NW-flex,3,1.0
666,BWA-no-clip,4,0.5757575757575758
666,BWA-std,4,0.2727272727272727
666,NW-flex,4,1.0
666,BWA-no-clip,5,0.7272727272727273
666,BWA-std,5,0.36363636363636365
666,NW-flex,5,1.0
666,BWA-no-clip,6,0.9090909090909091
666,BWA-std,6,0.45454545454545453
666,NW-flex,6,1.0
666,BWA-no-clip,7,1.0
666,BWA-std,7,0.45454545454545453
666,NW-flex,7,1.0
666,BWA-no-clip,8,1.0
666,BWA-std,8,0.6363636363636364
666,NW-flex,8,1.0
666,BWA-no-clip,9,1.0
666,BWA-std,9,0.6363636363636364
666,NW-flex,9,1.0
666,BWA-no-clip,10,1.0
666,BWA-std,10,0.8181818181818182
666,NW-flex,10,1.0
667,BWA-no-clip,1,0.5454545454545454
667,BWA-std,1,0.09090909090909091
667,NW-flex,1,1.0
667,BWA-no-clip,2,0.7272727272727273
667,BWA-std,2,0.18181818181818182
667,NW-flex,2,1.0
667,BWA-no-clip,3,0.9090909090909091
667,BWA-std,3,0.18181818181818182
667,NW-flex,3,1.0
667,BWA-no-clip,4,1.0
667,BWA-std,4,0.36363636363636365
667,NW-flex,4,1.0
667,BWA-no-clip,5,1.0
667,BWA-std,5,0.36363636363636365
667,NW-flex,5,1.0
667,BWA-no-clip,6,1.0
667,BWA-std,6,0.45454545454545453
667,NW-flex,6,1.0
667,BWA-no-clip,7,1.0
667,BWA-std,7,0.45454545454545453
667,NW-flex,7,1.0
667,BWA-no-clip,8,1.0
667,BWA-std,8,0.6363636363636364
667,NW-flex,8,1.0
667,BWA-no-clip,9,1.0
667,BWA-std,9,0.6363636363636364
667,NW-flex,9,1.0
667,BWA-no-clip,10,1.0
667,BWA-std,10,0.8181818181818182
667,NW-flex,10,1.0
668,BWA-no-clip,1,0.09090909090909091
668,BWA-std,1,0.09090909090909091
668,NW-flex,1,1.0
668,BWA-no-clip,2,0.09090909090909091
668,BWA-std,2,0.09090909090909091
668,NW-flex,2,1.0
668,BWA-no-clip,3,0.5757575757575758
668,BWA-std,3,0.18181818181818182
668,NW-flex,3,1.0
668,BWA-no-clip,4,0.8181818181818182
668,BWA-std,4,0.36363636363636365
668,NW-flex,4,1.0
668,BWA-no-clip,5,0.9090909090909091
668,BWA-std,5,0.36363636363636365
668,NW-flex,5,1.0
668,BWA-no-clip,6,0.9090909090909091
668,BWA-std,6,0.45454545454545453
668,NW-flex,6,1.0
668,BWA-no-clip,7,1.0
668,BWA-std,7,0.45454545454545453
668,NW-flex,7,1.0
668,BWA-no-clip,8,1.0
668,BWA-std,8,0.6363636363636364
668,NW-flex,8,1.0
668,BWA-no-clip,9,1.0
668,BWA-std,9,0.6363636363636364
668,NW-flex,9,1.0
668,BWA-no-clip,10,1.0
668,BWA-std,10,0.8181818181818182
668,NW-flex,10,1.0
669,BWA-no-clip,1,0.5454545454545454
669,BWA-std,1,0.09090909090909091
669,NW-flex,1,1.0
669,BWA-no-clip,2,0.7272727272727273
669,BWA-std,2,0.18181818181818182
669,NW-flex,2,1.0
669,BWA-no-clip,3,0.9090909090909091
669,BWA-std,3,0.18181818181818182
669,NW-flex,3,1.0
669,BWA-no-clip,4,0.9090909090909091
669,BWA-std,4,0.36363636363636365
669,NW-flex,4,1.0
669,BWA-no-clip,5,1.0
669,BWA-std,5,0.36363636363636365
669,NW-flex,5,1.0
669,BWA-no-clip,6,1.0
669,BWA-std,6,0.45454545454545453
669,NW-flex,6,1.0
669,BWA-no-clip,7,1.0
669,BWA-std,7,0.45454545454545453
669,NW-flex,7,1.0
669,BWA-no-clip,8,1.0
669,BWA-std,8,0.6363636363636364
669,NW-flex,8,1.0
669,BWA-no-clip,9,1.0
669,BWA-std,9,0.6363636363636364
669,NW-flex,9,1.0
669,BWA-no-clip,10,1.0
669,BWA-std,10,0.8181818181818182
669,NW-flex,10,1.0
670,BWA-no-clip,1,0.09090909090909091
670,BWA-std,1,0.09090909090909091
670,NW-flex,1,1.0
670,BWA-no-clip,2,0.09090909090909091
670,BWA-std,2,0.09090909090909091
670,NW-flex,2,1.0
670,BWA-no-clip,3,0.12121212121212122
670,BWA-std,3,0.18181818181818182
670,NW-flex,3,1.0
670,BWA-no-clip,4,0.12121212121212122
670,BWA-std,4,0.18181818181818182
670,NW-flex,4,1.0
670,BWA-no-clip,5,0.5757575757575758
670,BWA-std,5,0.2727272727272727
670,NW-flex,5,1.0
670,BWA-no-clip,6,1.0
670,BWA-std,6,0.45454545454545453
670,NW-flex,6,1.0
670,BWA-no-clip,7,1.0
670,BWA-std,7,0.45454545454545453
670,NW-flex,7,1.0
670,BWA-no-clip,8,1.0
670,BWA-std,8,0.6363636363636364
670,NW-flex,8,1.0
670,BWA-no-clip,9,1.0
670,BWA-std,9,0.6363636363636364
670,NW-flex,9,1.0
670,BWA-no-clip,10,1.0
670,BWA-std,10,0.8181818181818182
670,NW-flex,10,1.0
671,BWA-no-clip,1,0.18181818181818182
671,BWA-std,1,0.09090909090909091
671,NW-flex,1,1.0
671,BWA-no-clip,2,0.36363636363636365
671,BWA-std,2,0.18181818181818182
671,NW-flex,2,1.0
671,BWA-no-clip,3,0.7272727272727273
671,BWA-std,3,0.18181818181818182
671,NW-flex,3,1.0
671,BWA-no-clip,4,0.7272727272727273
671,BWA-std,4,0.36363636363636365
671,NW-flex,4,1.0
671,BWA-no-clip,5,0.9090909090909091
671,BWA-std,5,0.36363636363636365
671,NW-flex,5,1.0
671,BWA-no-clip,6,0.9090909090909091
671,BWA-std,6,0.45454545454545453
671,NW-flex,6,1.0
671,BWA-no-clip,7,1.0
671,BWA-std,7,0.45454545454545453
671,NW-flex,7,1.0
671,BWA-no-clip,8,1.0
671,BWA-std,8,0.6363636363636364
671,NW-flex,8,1.0
671,BWA-no-clip,9,1.0
671,BWA-std,9,0.6363636363636364
671,NW-flex,9,1.0
671,BWA-no-clip,10,1.0
671,BWA-std,10,0.8181818181818182
671,NW-flex,10,1.0
672,BWA-no-clip,1,0.18181818181818182
672,BWA-std,1,0.09090909090909091
672,NW-flex,1,1.0
672,BWA-no-clip,2,0.18181818181818182
672,BWA-std,2,0.09090909090909091
672,NW-flex,2,1.0
672,BWA-no-clip,3,0.36363636363636365
672,BWA-std,3,0.18181818181818182
672,NW-flex,3,1.0
672,BWA-no-clip,4,0.9090909090909091
672,BWA-std,4,0.36363636363636365
672,NW-flex,4,1.0
672,BWA-no-clip,5,1.0
672,BWA-std,5,0.36363636363636365
672,NW-flex,5,1.0
672,BWA-no-clip,6,1.0
672,BWA-std,6,0.45454545454545453
672,NW-flex,6,1.0
672,BWA-no-clip,7,1.0
672,BWA-std,7,0.45454545454545453
672,NW-flex,7,1.0
672,BWA-no-clip,8,1.0
672,BWA-std,8,0.6363636363636364
672,NW-flex,8,1.0
672,BWA-no-clip,9,1.0
672,BWA-std,9,0.6363636363636364
672,NW-flex,9,1.0
672,BWA-no-clip,10,1.0
672,BWA-std,10,0.8181818181818182
672,NW-flex,10,1.0
673,BWA-no-clip,1,0.5454545454545454
673,BWA-std,1,0.09090909090909091
673,NW-flex,1,1.0
673,BWA-no-clip,2,0.7272727272727273
673,BWA-std,2,0.18181818181818182
673,NW-flex,2,1.0
673,BWA-no-clip,3,0.7272727272727273
673,BWA-std,3,0.18181818181818182
673,NW-flex,3,1.0
673,BWA-no-clip,4,0.7272727272727273
673,BWA-std,4,0.36363636363636365
673,NW-flex,4,1.0
673,BWA-no-clip,5,0.9090909090909091
673,BWA-std,5,0.36363636363636365
673,NW-flex,5,1.0
673,BWA-no-clip,6,1.0
673,BWA-std,6,0.45454545454545453
673,NW-flex,6,1.0
673,BWA-no-clip,7,1.0
673,BWA-std,7,0.45454545454545453
673,NW-flex,7,1.0
673,BWA-no-clip,8,1.0
673,BWA-std,8,0.6363636363636364
673,NW-flex,8,1.0
673,BWA-no-clip,9,1.0
673,BWA-std,9,0.6363636363636364
673,NW-flex,9,1.0
673,BWA-no-clip,10,1.0
673,BWA-std,10,0.8181818181818182
673,NW-flex,10,1.0
674,BWA-no-clip,1,0.09090909090909091
674,BWA-std,1,0.09090909090909091
674,NW-flex,1,1.0
674,BWA-no-clip,2,0.09090909090909091
674,BWA-std,2,0.09090909090909091
674,NW-flex,2,1.0
674,BWA-no-clip,3,0.12121212121212122
674,BWA-std,3,0.18181818181818182
674,NW-flex,3,1.0
674,BWA-no-clip,4,0.5757575757575758
674,BWA-std,4,0.2727272727272727
674,NW-flex,4,1.0
674,BWA-no-clip,5,0.9090909090909091
674,BWA-std,5,0.36363636363636365
674,NW-flex,5,1.0
674,BWA-no-clip,6,1.0
674,BWA-std,6,0.45454545454545453
674,NW-flex,6,1.0
674,BWA-no-clip,7,1.0
674,BWA-std,7,0.45454545454545453
674,NW-flex,7,1.0
674,BWA-no-clip,8,1.0
674,BWA-std,8,0.6363636363636364
674,NW-flex,8,1.0
674,BWA-no-clip,9,1.0
674,BWA-std,9,0.6363636363636364
674,NW-flex,9,1.0
674,BWA-no-clip,10,1.0
674,BWA-std,10,0.8181818181818182
674,NW-flex,10,1.0
675,BWA-no-clip,1,0.09090909090909091
675,BWA-std,1,0.09090909090909091
675,NW-flex,1,1.0
675,BWA-no-clip,2,0.5454545454545454
675,BWA-std,2,0.09090909090909091
675,NW-flex,2,1.0
675,BWA-no-clip,3,0.7272727272727273
675,BWA-std,3,0.18181818181818182
675,NW-flex,3,1.0
675,BWA-no-clip,4,0.9090909090909091
675,BWA-std,4,0.36363636363636365
675,NW-flex,4,1.0
675,BWA-no-clip,5,1.0
675,BWA-std,5,0.36363636363636365
675,NW-flex,5,1.0
675,BWA-no-clip,6,1.0
675,BWA-std,6,0.45454545454545453
675,NW-flex,6,1.0
675,BWA-no-clip,7,1.0
675,BWA-std,7,0.45454545454545453
675,NW-flex,7,1.0
675,BWA-no-clip,8,1.0
675,BWA-std,8,0.6363636363636364
675,NW-flex,8,1.0
675,BWA-no-clip,9,1.0
675,BWA-std,9,0.6363636363636364
675,NW-flex,9,1.0
675,BWA-no-clip,10,1.0
675,BWA-std,10,0.8181818181818182
675,NW-flex,10,1.0
676,BWA-no-clip,1,0.5454545454545454
676,BWA-std,1,0.09090909090909091
676,NW-flex,1,1.0
676,BWA-no-clip,2,0.5454545454545454
676,BWA-std,2,0.09090909090909091
676,NW-flex,2,1.0
676,BWA-no-clip,3,0.7272727272727273
676,BWA-std,3,0.18181818181818182
676,NW-flex,3,1.0
676,BWA-no-clip,4,0.7272727272727273
676,BWA-std,4,0.36363636363636365
676,NW-flex,4,1.0
676,BWA-no-clip,5,0.9090909090909091
676,BWA-std,5,0.36363636363636365
676,NW-flex,5,1.0
676,BWA-no-clip,6,0.9090909090909091
676,BWA-std,6,0.45454545454545453
676,NW-flex,6,1.0
676,BWA-no-clip,7,1.0
676,BWA-std,7,0.45454545454545453
676,NW-flex,7,1.0
676,BWA-no-clip,8,1.0
676,BWA-std,8,0.6363636363636364
676,NW-flex,8,1.0
676,BWA-no-clip,9,1.0
676,BWA-std,9,0.6363636363636364
676,NW-flex,9,1.0
676,BWA-no-clip,10,1.0
676,BWA-std,10,0.8181818181818182
676,NW-flex,10,1.0
677,BWA-no-clip,1,0.09090909090909091
677,BWA-std,1,0.09090909090909091
677,NW-flex,1,1.0
677,BWA-no-clip,2,0.09090909090909091
677,BWA-std,2,0.09090909090909091
677,NW-flex,2,1.0
677,BWA-no-clip,3,0.12121212121212122
677,BWA-std,3,0.18181818181818182
677,NW-flex,3,1.0
677,BWA-no-clip,4,0.12121212121212122
677,BWA-std,4,0.18181818181818182
677,NW-flex,4,1.0
677,BWA-no-clip,5,0.5757575757575758
677,BWA-std,5,0.2727272727272727
677,NW-flex,5,1.0
677,BWA-no-clip,6,1.0
677,BWA-std,6,0.45454545454545453
677,NW-flex,6,1.0
677,BWA-no-clip,7,1.0
677,BWA-std,7,0.45454545454545453
677,NW-flex,7,1.0
677,BWA-no-clip,8,1.0
677,BWA-std,8,0.6363636363636364
677,NW-flex,8,1.0
677,BWA-no-clip,9,1.0
677,BWA-std,9,0.6363636363636364
677,NW-flex,9,1.0
677,BWA-no-clip,10,1.0
677,BWA-std,10,0.8181818181818182
677,NW-flex,10,1.0
678,BWA-no-clip,1,0.5454545454545454
678,BWA-std,1,0.09090909090909091
678,NW-flex,1,1.0
678,BWA-no-clip,2,0.6363636363636364
678,BWA-std,2,0.18181818181818182
678,NW-flex,2,1.0
678,BWA-no-clip,3,0.7272727272727273
678,BWA-std,3,0.18181818181818182
678,NW-flex,3,1.0
678,BWA-no-clip,4,0.8181818181818182
678,BWA-std,4,0.36363636363636365
678,NW-flex,4,1.0
678,BWA-no-clip,5,0.8181818181818182
678,BWA-std,5,0.36363636363636365
678,NW-flex,5,1.0
678,BWA-no-clip,6,1.0
678,BWA-std,6,0.45454545454545453
678,NW-flex,6,1.0
678,BWA-no-clip,7,1.0
678,BWA-std,7,0.45454545454545453
678,NW-flex,7,1.0
678,BWA-no-clip,8,1.0
678,BWA-std,8,0.6363636363636364
678,NW-flex,8,1.0
678,BWA-no-clip,9,1.0
678,BWA-std,9,0.6363636363636364
678,NW-flex,9,1.0
678,BWA-no-clip,10,1.0
678,BWA-std,10,0.8181818181818182
678,NW-flex,10,1.0
679,BWA-no-clip,1,0.5454545454545454
679,BWA-std,1,0.09090909090909091
679,NW-flex,1,1.0
679,BWA-no-clip,2,0.7272727272727273
679,BWA-std,2,0.18181818181818182
679,NW-flex,2,1.0
679,BWA-no-clip,3,0.7272727272727273
679,BWA-std,3,0.18181818181818182
679,NW-flex,3,1.0
679,BWA-no-clip,4,0.9090909090909091
679,BWA-std,4,0.36363636363636365
679,NW-flex,4,1.0
679,BWA-no-clip,5,1.0
679,BWA-std,5,0.36363636363636365
679,NW-flex,5,1.0
679,BWA-no-clip,6,1.0
679,BWA-std,6,0.45454545454545453
679,NW-flex,6,1.0
679,BWA-no-clip,7,1.0
679,BWA-std,7,0.45454545454545453
679,NW-flex,7,1.0
679,BWA-no-clip,8,1.0
679,BWA-std,8,0.6363636363636364
679,NW-flex,8,1.0
679,BWA-no-clip,9,1.0
679,BWA-std,9,0.6363636363636364
679,NW-flex,9,1.0
679,BWA-no-clip,10,1.0
679,BWA-std,10,0.8181818181818182
679,NW-flex,10,1.0
680,BWA-no-clip,1,0.09090909090909091
680,BWA-std,1,0.09090909090909091
680,NW-flex,1,1.0
680,BWA-no-clip,2,0.09090909090909091
680,BWA-std,2,0.09090909090909091
680,NW-flex,2,1.0
680,BWA-no-clip,3,0.12121212121212122
680,BWA-std,3,0.18181818181818182
680,NW-flex,3,1.0
680,BWA-no-clip,4,0.12121212121212122
680,BWA-std,4,0.18181818181818182
680,NW-flex,4,1.0
680,BWA-no-clip,5,0.5757575757575758
680,BWA-std,5,0.2727272727272727
680,NW-flex,5,1.0
680,BWA-no-clip,6,1.0
680,BWA-std,6,0.45454545454545453
680,NW-flex,6,1.0
680,BWA-no-clip,7,1.0
680,BWA-std,7,0.45454545454545453
680,NW-flex,7,1.0
680,BWA-no-clip,8,1.0
680,BWA-std,8,0.6363636363636364
680,NW-flex,8,1.0
680,BWA-no-clip,9,1.0
680,BWA-std,9,0.6363636363636364
680,NW-flex,9,1.0
680,BWA-no-clip,10,1.0
680,BWA-std,10,0.8181818181818182
680,NW-flex,10,1.0
681,BWA-no-clip,1,0.5454545454545454
681,BWA-std,1,0.09090909090909091
681,NW-flex,1,1.0
681,BWA-no-clip,2,0.7272727272727273
681,BWA-std,2,0.18181818181818182
681,NW-flex,2,1.0
681,BWA-no-clip,3,0.9090909090909091
681,BWA-std,3,0.18181818181818182
681,NW-flex,3,1.0
681,BWA-no-clip,4,0.8181818181818182
681,BWA-std,4,0.36363636363636365
681,NW-flex,4,1.0
681,BWA-no-clip,5,1.0
681,BWA-std,5,0.36363636363636365
681,NW-flex,5,1.0
681,BWA-no-clip,6,1.0
681,BWA-std,6,0.45454545454545453
681,NW-flex,6,1.0
681,BWA-no-clip,7,1.0
681,BWA-std,7,0.45454545454545453
681,NW-flex,7,1.0
681,BWA-no-clip,8,1.0
681,BWA-std,8,0.6363636363636364
681,NW-flex,8,1.0
681,BWA-no-clip,9,1.0
681,BWA-std,9,0.6363636363636364
681,NW-flex,9,1.0
681,BWA-no-clip,10,1.0
681,BWA-std,10,0.8181818181818182
681,NW-flex,10,1.0
682,BWA-no-clip,1,0.45454545454545453
682,BWA-std,1,0.09090909090909091
682,NW-flex,1,1.0
682,BWA-no-clip,2,0.5454545454545454
682,BWA-std,2,0.09090909090909091
682,NW-flex,2,1.0
682,BWA-no-clip,3,0.6363636363636364
682,BWA-std,3,0.18181818181818182
682,NW-flex,3,1.0
682,BWA-no-clip,4,0.8181818181818182
682,BWA-std,4,0.36363636363636365
682,NW-flex,4,1.0
682,BWA-no-clip,5,0.8181818181818182
682,BWA-std,5,0.36363636363636365
682,NW-flex,5,1.0
682,BWA-no-clip,6,1.0
682,BWA-std,6,0.45454545454545453
682,NW-flex,6,1.0
682,BWA-no-clip,7,1.0
682,BWA-std,7,0.45454545454545453
682,NW-flex,7,1.0
682,BWA-no-clip,8,1.0
682,BWA-std,8,0.6363636363636364
682,NW-flex,8,1.0
682,BWA-no-clip,9,1.0
682,BWA-std,9,0.6363636363636364
682,NW-flex,9,1.0
682,BWA-no-clip,10,1.0
682,BWA-std,10,0.8181818181818182
682,NW-flex,10,1.0
683,BWA-no-clip,1,0.45454545454545453
683,BWA-std,1,0.09090909090909091
683,NW-flex,1,1.0
683,BWA-no-clip,2,0.5454545454545454
683,BWA-std,2,0.09090909090909091
683,NW-flex,2,1.0
683,BWA-no-clip,3,0.6363636363636364
683,BWA-std,3,0.18181818181818182
683,NW-flex,3,1.0
683,BWA-no-clip,4,0.9090909090909091
683,BWA-std,4,0.36363636363636365
683,NW-flex,4,1.0
683,BWA-no-clip,5,1.0
683,BWA-std,5,0.36363636363636365
683,NW-flex,5,1.0
683,BWA-no-clip,6,1.0
683,BWA-std,6,0.45454545454545453
683,NW-flex,6,1.0
683,BWA-no-clip,7,1.0
683,BWA-std,7,0.45454545454545453
683,NW-flex,7,1.0
683,BWA-no-clip,8,1.0
683,BWA-std,8,0.6363636363636364
683,NW-flex,8,1.0
683,BWA-no-clip,9,1.0
683,BWA-std,9,0.6363636363636364
683,NW-flex,9,1.0
683,BWA-no-clip,10,1.0
683,BWA-std,10,0.8181818181818182
683,NW-flex,10,1.0
684,BWA-no-clip,1,0.45454545454545453
684,BWA-std,1,0.09090909090909091
684,NW-flex,1,1.0
684,BWA-no-clip,2,0.5454545454545454
684,BWA-std,2,0.09090909090909091
684,NW-flex,2,1.0
684,BWA-no-clip,3,0.6363636363636364
684,BWA-std,3,0.18181818181818182
684,NW-flex,3,1.0
684,BWA-no-clip,4,0.8181818181818182
684,BWA-std,4,0.36363636363636365
684,NW-flex,4,1.0
684,BWA-no-clip,5,1.0
684,BWA-std,5,0.36363636363636365
684,NW-flex,5,1.0
684,BWA-no-clip,6,1.0
684,BWA-std,6,0.45454545454545453
684,NW-flex,6,1.0
684,BWA-no-clip,7,1.0
684,BWA-std,7,0.45454545454545453
684,NW-flex,7,1.0
684,BWA-no-clip,8,1.0
684,BWA-std,8,0.6363636363636364
684,NW-flex,8,1.0
684,BWA-no-clip,9,1.0
684,BWA-std,9,0.6363636363636364
684,NW-flex,9,1.0
684,BWA-no-clip,10,1.0
684,BWA-std,10,0.8181818181818182
684,NW-flex,10,1.0
685,BWA-no-clip,1,0.5454545454545454
685,BWA-std,1,0.09090909090909091
685,NW-flex,1,1.0
685,BWA-no-clip,2,0.7272727272727273
685,BWA-std,2,0.18181818181818182
685,NW-flex,2,1.0
685,BWA-no-clip,3,0.8181818181818182
685,BWA-std,3,0.18181818181818182
685,NW-flex,3,1.0
685,BWA-no-clip,4,0.8181818181818182
685,BWA-std,4,0.36363636363636365
685,NW-flex,4,1.0
685,BWA-no-clip,5,1.0
685,BWA-std,5,0.36363636363636365
685,NW-flex,5,1.0
685,BWA-no-clip,6,1.0
685,BWA-std,6,0.45454545454545453
685,NW-flex,6,1.0
685,BWA-no-clip,7,1.0
685,BWA-std,7,0.45454545454545453
685,NW-flex,7,1.0
685,BWA-no-clip,8,1.0
685,BWA-std,8,0.6363636363636364
685,NW-flex,8,1.0
685,BWA-no-clip,9,1.0
685,BWA-std,9,0.6363636363636364
685,NW-flex,9,1.0
685,BWA-no-clip,10,1.0
685,BWA-std,10,0.8181818181818182
685,NW-flex,10,1.0
686,BWA-no-clip,1,0.09090909090909091
686,BWA-std,1,0.09090909090909091
686,NW-flex,1,1.0
686,BWA-no-clip,2,0.09090909090909091
686,BWA-std,2,0.09090909090909091
686,NW-flex,2,1.0
686,BWA-no-clip,3,0.5757575757575758
686,BWA-std,3,0.18181818181818182
686,NW-flex,3,1.0
686,BWA-no-clip,4,0.8181818181818182
686,BWA-std,4,0.36363636363636365
686,NW-flex,4,1.0
686,BWA-no-clip,5,0.9090909090909091
686,BWA-std,5,0.36363636363636365
686,NW-flex,5,1.0
686,BWA-no-clip,6,1.0
686,BWA-std,6,0.45454545454545453
686,NW-flex,6,1.0
686,BWA-no-clip,7,1.0
686,BWA-std,7,0.45454545454545453
686,NW-flex,7,1.0
686,BWA-no-clip,8,1.0
686,BWA-std,8,0.6363636363636364
686,NW-flex,8,1.0
686,BWA-no-clip,9,1.0
686,BWA-std,9,0.6363636363636364
686,NW-flex,9,1.0
686,BWA-no-clip,10,1.0
686,BWA-std,10,0.8181818181818182
686,NW-flex,10,1.0
687,BWA-no-clip,1,0.09090909090909091
687,BWA-std,1,0.09090909090909091
687,NW-flex,1,1.0
687,BWA-no-clip,2,0.5454545454545454
687,BWA-std,2,0.09090909090909091
687,NW-flex,2,1.0
687,BWA-no-clip,3,0.7272727272727273
687,BWA-std,3,0.18181818181818182
687,NW-flex,3,1.0
687,BWA-no-clip,4,0.8181818181818182
687,BWA-std,4,0.36363636363636365
687,NW-flex,4,1.0
687,BWA-no-clip,5,1.0
687,BWA-std,5,0.36363636363636365
687,NW-flex,5,1.0
687,BWA-no-clip,6,1.0
687,BWA-std,6,0.45454545454545453
687,NW-flex,6,1.0
687,BWA-no-clip,7,1.0
687,BWA-std,7,0.45454545454545453
687,NW-flex,7,1.0
687,BWA-no-clip,8,1.0
687,BWA-std,8,0.6363636363636364
687,NW-flex,8,1.0
687,BWA-no-clip,9,1.0
687,BWA-std,9,0.6363636363636364
687,NW-flex,9,1.0
687,BWA-no-clip,10,1.0
687,BWA-std,10,0.8181818181818182
687,NW-flex,10,1.0
688,BWA-no-clip,1,0.5454545454545454
688,BWA-std,1,0.09090909090909091
688,NW-flex,1,1.0
688,BWA-no-clip,2,0.5454545454545454
688,BWA-std,2,0.09090909090909091
688,NW-flex,2,1.0
688,BWA-no-clip,3,0.7272727272727273
688,BWA-std,3,0.18181818181818182
688,NW-flex,3,1.0
688,BWA-no-clip,4,0.8181818181818182
688,BWA-std,4,0.36363636363636365
688,NW-flex,4,1.0
688,BWA-no-clip,5,1.0
688,BWA-std,5,0.36363636363636365
688,NW-flex,5,1.0
688,BWA-no-clip,6,1.0
688,BWA-std,6,0.45454545454545453
688,NW-flex,6,1.0
688,BWA-no-clip,7,1.0
688,BWA-std,7,0.45454545454545453
688,NW-flex,7,1.0
688,BWA-no-clip,8,1.0
688,BWA-std,8,0.6363636363636364
688,NW-flex,8,1.0
688,BWA-no-clip,9,1.0
688,BWA-std,9,0.6363636363636364
688,NW-flex,9,1.0
688,BWA-no-clip,10,1.0
688,BWA-std,10,0.8181818181818182
688,NW-flex,10,1.0
689,BWA-no-clip,1,0.45454545454545453
689,BWA-std,1,0.09090909090909091
689,NW-flex,1,1.0
689,BWA-no-clip,2,0.5454545454545454
689,BWA-std,2,0.09090909090909091
689,NW-flex,2,1.0
689,BWA-no-clip,3,0.6363636363636364
689,BWA-std,3,0.18181818181818182
689,NW-flex,3,1.0
689,BWA-no-clip,4,0.8181818181818182
689,BWA-std,4,0.36363636363636365
689,NW-flex,4,1.0
689,BWA-no-clip,5,1.0
689,BWA-std,5,0.36363636363636365
689,NW-flex,5,1.0
689,BWA-no-clip,6,1.0
689,BWA-std,6,0.45454545454545453
689,NW-flex,6,1.0
689,BWA-no-clip,7,1.0
689,BWA-std,7,0.45454545454545453
689,NW-flex,7,1.0
689,BWA-no-clip,8,1.0
689,BWA-std,8,0.6363636363636364
689,NW-flex,8,1.0
689,BWA-no-clip,9,1.0
689,BWA-std,9,0.6363636363636364
689,NW-flex,9,1.0
689,BWA-no-clip,10,1.0
689,BWA-std,10,0.8181818181818182
689,NW-flex,10,1.0
690,BWA-no-clip,1,0.5454545454545454
690,BWA-std,1,0.09090909090909091
690,NW-flex,1,1.0
690,BWA-no-clip,2,0.5454545454545454
690,BWA-std,2,0.09090909090909091
690,NW-flex,2,1.0
690,BWA-no-clip,3,0.7272727272727273
690,BWA-std,3,0.18181818181818182
690,NW-flex,3,1.0
690,BWA-no-clip,4,0.9090909090909091
690,BWA-std,4,0.36363636363636365
690,NW-flex,4,1.0
690,BWA-no-clip,5,0.9090909090909091
690,BWA-std,5,0.36363636363636365
690,NW-flex,5,1.0
690,BWA-no-clip,6,1.0
690,BWA-std,6,0.45454545454545453
690,NW-flex,6,1.0
690,BWA-no-clip,7,1.0
690,BWA-std,7,0.45454545454545453
690,NW-flex,7,1.0
690,BWA-no-clip,8,1.0
690,BWA-std,8,0.6363636363636364
690,NW-flex,8,1.0
690,BWA-no-clip,9,1.0
690,BWA-std,9,0.6363636363636364
690,NW-flex,9,1.0
690,BWA-no-clip,10,1.0
690,BWA-std,10,0.8181818181818182
690,NW-flex,10,1.0
691,BWA-no-clip,1,0.5454545454545454
691,BWA-std,1,0.09090909090909091
691,NW-flex,1,1.0
691,BWA-no-clip,2,0.5454545454545454
691,BWA-std,2,0.09090909090909091
691,NW-flex,2,1.0
691,BWA-no-clip,3,0.7272727272727273
691,BWA-std,3,0.18181818181818182
691,NW-flex,3,1.0
691,BWA-no-clip,4,0.9090909090909091
691,BWA-std,4,0.36363636363636365
691,NW-flex,4,1.0
691,BWA-no-clip,5,1.0
691,BWA-std,5,0.36363636363636365
691,NW-flex,5,1.0
691,BWA-no-clip,6,1.0
691,BWA-std,6,0.45454545454545453
691,NW-flex,6,1.0
691,BWA-no-clip,7,1.0
691,BWA-std,7,0.45454545454545453
691,NW-flex,7,1.0
691,BWA-no-clip,8,1.0
691,BWA-std,8,0.6363636363636364
691,NW-flex,8,1.0
691,BWA-no-clip,9,1.0
691,BWA-std,9,0.6363636363636364
691,NW-flex,9,1.0
691,BWA-no-clip,10,1.0
691,BWA-std,10,0.8181818181818182
691,NW-flex,10,1.0
692,BWA-no-clip,1,0.5454545454545454
692,BWA-std,1,0.09090909090909091
692,NW-flex,1,1.0
692,BWA-no-clip,2,0.7272727272727273
692,BWA-std,2,0.18181818181818182
692,NW-flex,2,1.0
692,BWA-no-clip,3,0.8181818181818182
692,BWA-std,3,0.18181818181818182
692,NW-flex,3,1.0
692,BWA-no-clip,4,1.0
692,BWA-std,4,0.36363636363636365
692,NW-flex,4,1.0
692,BWA-no-clip,5,1.0
692,BWA-std,5,0.36363636363636365
692,NW-flex,5,1.0
692,BWA-no-clip,6,1.0
692,BWA-std,6,0.45454545454545453
692,NW-flex,6,1.0
692,BWA-no-clip,7,1.0
692,BWA-std,7,0.45454545454545453
692,NW-flex,7,1.0
692,BWA-no-clip,8,1.0
692,BWA-std,8,0.6363636363636364
692,NW-flex,8,1.0
692,BWA-no-clip,9,1.0
692,BWA-std,9,0.6363636363636364
692,NW-flex,9,1.0
692,BWA-no-clip,10,1.0
692,BWA-std,10,0.8181818181818182
692,NW-flex,10,1.0
693,BWA-no-clip,1,0.09090909090909091
693,BWA-std,1,0.09090909090909091
693,NW-flex,1,1.0
693,BWA-no-clip,2,0.09090909090909091
693,BWA-std,2,0.09090909090909091
693,NW-flex,2,1.0
693,BWA-no-clip,3,0.5757575757575758
693,BWA-std,3,0.18181818181818182
693,NW-flex,3,1.0
693,BWA-no-clip,4,0.8181818181818182
693,BWA-std,4,0.36363636363636365
693,NW-flex,4,1.0
693,BWA-no-clip,5,0.9090909090909091
693,BWA-std,5,0.36363636363636365
693,NW-flex,5,1.0
693,BWA-no-clip,6,1.0
693,BWA-std,6,0.45454545454545453
693,NW-flex,6,1.0
693,BWA-no-clip,7,1.0
693,BWA-std,7,0.45454545454545453
693,NW-flex,7,1.0
693,BWA-no-clip,8,1.0
693,BWA-std,8,0.6363636363636364
693,NW-flex,8,1.0
693,BWA-no-clip,9,1.0
693,BWA-std,9,0.6363636363636364
693,NW-flex,9,1.0
693,BWA-no-clip,10,1.0
693,BWA-std,10,0.8181818181818182
693,NW-flex,10,1.0
694,BWA-no-clip,1,0.09090909090909091
694,BWA-std,1,0.09090909090909091
694,NW-flex,1,1.0
694,BWA-no-clip,2,0.45454545454545453
694,BWA-std,2,0.09090909090909091
694,NW-flex,2,1.0
694,BWA-no-clip,3,0.7272727272727273
694,BWA-std,3,0.18181818181818182
694,NW-flex,3,1.0
694,BWA-no-clip,4,0.7272727272727273
694,BWA-std,4,0.36363636363636365
694,NW-flex,4,1.0
694,BWA-no-clip,5,0.7272727272727273
694,BWA-std,5,0.36363636363636365
694,NW-flex,5,1.0
694,BWA-no-clip,6,0.9090909090909091
694,BWA-std,6,0.45454545454545453
694,NW-flex,6,1.0
694,BWA-no-clip,7,0.9090909090909091
694,BWA-std,7,0.45454545454545453
694,NW-flex,7,1.0
694,BWA-no-clip,8,0.9090909090909091
694,BWA-std,8,0.6363636363636364
694,NW-flex,8,1.0
694,BWA-no-clip,9,1.0
694,BWA-std,9,0.6363636363636364
694,NW-flex,9,1.0
694,BWA-no-clip,10,1.0
694,BWA-std,10,0.8181818181818182
694,NW-flex,10,1.0
695,BWA-no-clip,1,0.09090909090909091
695,BWA-std,1,0.09090909090909091
695,NW-flex,1,1.0
695,BWA-no-clip,2,0.36363636363636365
695,BWA-std,2,0.09090909090909091
695,NW-flex,2,1.0
695,BWA-no-clip,3,0.7272727272727273
695,BWA-std,3,0.18181818181818182
695,NW-flex,3,1.0
695,BWA-no-clip,4,0.7272727272727273
695,BWA-std,4,0.36363636363636365
695,NW-flex,4,1.0
695,BWA-no-clip,5,0.9090909090909091
695,BWA-std,5,0.36363636363636365
695,NW-flex,5,1.0
695,BWA-no-clip,6,0.9090909090909091
695,BWA-std,6,0.45454545454545453
695,NW-flex,6,1.0
695,BWA-no-clip,7,0.9090909090909091
695,BWA-std,7,0.45454545454545453
695,NW-flex,7,1.0
695,BWA-no-clip,8,0.9090909090909091
695,BWA-std,8,0.6363636363636364
695,NW-flex,8,1.0
695,BWA-no-clip,9,1.0
695,BWA-std,9,0.6363636363636364
695,NW-flex,9,1.0
695,BWA-no-clip,10,1.0
695,BWA-std,10,0.8181818181818182
695,NW-flex,10,1.0
696,BWA-no-clip,1,0.18181818181818182
696,BWA-std,1,0.09090909090909091
696,NW-flex,1,1.0
696,BWA-no-clip,2,0.6363636363636364
696,BWA-std,2,0.18181818181818182
696,NW-flex,2,1.0
696,BWA-no-clip,3,0.8181818181818182
696,BWA-std,3,0.18181818181818182
696,NW-flex,3,1.0
696,BWA-no-clip,4,0.9090909090909091
696,BWA-std,4,0.36363636363636365
696,NW-flex,4,1.0
696,BWA-no-clip,5,1.0
696,BWA-std,5,0.36363636363636365
696,NW-flex,5,1.0
696,BWA-no-clip,6,1.0
696,BWA-std,6,0.45454545454545453
696,NW-flex,6,1.0
696,BWA-no-clip,7,1.0
696,BWA-std,7,0.45454545454545453
696,NW-flex,7,1.0
696,BWA-no-clip,8,1.0
696,BWA-std,8,0.6363636363636364
696,NW-flex,8,1.0
696,BWA-no-clip,9,1.0
696,BWA-std,9,0.6363636363636364
696,NW-flex,9,1.0
696,BWA-no-clip,10,1.0
696,BWA-std,10,0.8181818181818182
696,NW-flex,10,1.0
697,BWA-no-clip,1,0.5454545454545454
697,BWA-std,1,0.09090909090909091
697,NW-flex,1,1.0
697,BWA-no-clip,2,0.6363636363636364
697,BWA-std,2,0.18181818181818182
697,NW-flex,2,1.0
697,BWA-no-clip,3,0.7272727272727273
697,BWA-std,3,0.18181818181818182
697,NW-flex,3,1.0
697,BWA-no-clip,4,0.9090909090909091
697,BWA-std,4,0.36363636363636365
697,NW-flex,4,1.0
697,BWA-no-clip,5,1.0
697,BWA-std,5,0.36363636363636365
697,NW-flex,5,1.0
697,BWA-no-clip,6,1.0
697,BWA-std,6,0.45454545454545453
697,NW-flex,6,1.0
697,BWA-no-clip,7,1.0
697,BWA-std,7,0.45454545454545453
697,NW-flex,7,1.0
697,BWA-no-clip,8,1.0
697,BWA-std,8,0.6363636363636364
697,NW-flex,8,1.0
697,BWA-no-clip,9,1.0
697,BWA-std,9,0.6363636363636364
697,NW-flex,9,1.0
697,BWA-no-clip,10,1.0
697,BWA-std,10,0.8181818181818182
697,NW-flex,10,1.0
698,BWA-no-clip,1,0.5454545454545454
698,BWA-std,1,0.09090909090909091
698,NW-flex,1,1.0
698,BWA-no-clip,2,0.6363636363636364
698,BWA-std,2,0.18181818181818182
698,NW-flex,2,1.0
698,BWA-no-clip,3,0.7272727272727273
698,BWA-std,3,0.18181818181818182
698,NW-flex,3,1.0
698,BWA-no-clip,4,0.7272727272727273
698,BWA-std,4,0.36363636363636365
698,NW-flex,4,1.0
698,BWA-no-clip,5,0.7272727272727273
698,BWA-std,5,0.36363636363636365
698,NW-flex,5,1.0
698,BWA-no-clip,6,0.9090909090909091
698,BWA-std,6,0.45454545454545453
698,NW-flex,6,1.0
698,BWA-no-clip,7,1.0
698,BWA-std,7,0.45454545454545453
698,NW-flex,7,1.0
698,BWA-no-clip,8,1.0
698,BWA-std,8,0.6363636363636364
698,NW-flex,8,1.0
698,BWA-no-clip,9,1.0
698,BWA-std,9,0.6363636363636364
698,NW-flex,9,1.0
698,BWA-no-clip,10,1.0
698,BWA-std,10,0.8181818181818182
698,NW-flex,10,1.0
699,BWA-no-clip,1,0.09090909090909091
699,BWA-std,1,0.09090909090909091
699,NW-flex,1,1.0
699,BWA-no-clip,2,0.09090909090909091
699,BWA-std,2,0.09090909090909091
699,NW-flex,2,1.0
699,BWA-no-clip,3,0.5757575757575758
699,BWA-std,3,0.18181818181818182
699,NW-flex,3,1.0
699,BWA-no-clip,4,0.9090909090909091
699,BWA-std,4,0.36363636363636365
699,NW-flex,4,1.0
699,BWA-no-clip,5,1.0
699,BWA-std,5,0.36363636363636365
699,NW-flex,5,1.0
699,BWA-no-clip,6,1.0
699,BWA-std,6,0.45454545454545453
699,NW-flex,6,1.0
699,BWA-no-clip,7,1.0
699,BWA-std,7,0.45454545454545453
699,NW-flex,7,1.0
699,BWA-no-clip,8,1.0
699,BWA-std,8,0.6363636363636364
699,NW-flex,8,1.0
699,BWA-no-clip,9,1.0
699,BWA-std,9,0.6363636363636364
699,NW-flex,9,1.0
699,BWA-no-clip,10,1.0
699,BWA-std,10,0.8181818181818182
699,NW-flex,10,1.0
700,BWA-no-clip,1,0.5454545454545454
700,BWA-std,1,0.09090909090909091
700,NW-flex,1,1.0
700,BWA-no-clip,2,0.7272727272727273
700,BWA-std,2,0.18181818181818182
700,NW-flex,2,1.0
700,BWA-no-clip,3,0.9090909090909091
700,BWA-std,3,0.18181818181818182
700,NW-flex,3,1.0
700,BWA-no-clip,4,1.0
700,BWA-std,4,0.36363636363636365
700,NW-flex,4,1.0
700,BWA-no-clip,5,1.0
700,BWA-std,5,0.36363636363636365
700,NW-flex,5,1.0
700,BWA-no-clip,6,1.0
700,BWA-std,6,0.45454545454545453
700,NW-flex,6,1.0
700,BWA-no-clip,7,1.0
700,BWA-std,7,0.45454545454545453
700,NW-flex,7,1.0
700,BWA-no-clip,8,1.0
700,BWA-std,8,0.6363636363636364
700,NW-flex,8,1.0
700,BWA-no-clip,9,1.0
700,BWA-std,9,0.6363636363636364
700,NW-flex,9,1.0
700,BWA-no-clip,10,1.0
700,BWA-std,10,0.8181818181818182
700,NW-flex,10,1.0
701,BWA-no-clip,1,0.5454545454545454
701,BWA-std,1,0.09090909090909091
701,NW-flex,1,1.0
701,BWA-no-clip,2,0.7272727272727273
701,BWA-std,2,0.18181818181818182
701,NW-flex,2,1.0
701,BWA-no-clip,3,0.7272727272727273
701,BWA-std,3,0.18181818181818182
701,NW-flex,3,1.0
701,BWA-no-clip,4,0.9090909090909091
701,BWA-std,4,0.36363636363636365
701,NW-flex,4,1.0
701,BWA-no-clip,5,0.9090909090909091
701,BWA-std,5,0.36363636363636365
701,NW-flex,5,1.0
701,BWA-no-clip,6,1.0
701,BWA-std,6,0.45454545454545453
701,NW-flex,6,1.0
701,BWA-no-clip,7,1.0
701,BWA-std,7,0.45454545454545453
701,NW-flex,7,1.0
701,BWA-no-clip,8,1.0
701,BWA-std,8,0.6363636363636364
701,NW-flex,8,1.0
701,BWA-no-clip,9,1.0
701,BWA-std,9,0.6363636363636364
701,NW-flex,9,1.0
701,BWA-no-clip,10,1.0
701,BWA-std,10,0.8181818181818182
701,NW-flex,10,1.0
702,BWA-no-clip,1,0.5454545454545454
702,BWA-std,1,0.09090909090909091
702,NW-flex,1,1.0
702,BWA-no-clip,2,0.7272727272727273
702,BWA-std,2,0.18181818181818182
702,NW-flex,2,1.0
702,BWA-no-clip,3,0.9090909090909091
702,BWA-std,3,0.18181818181818182
702,NW-flex,3,1.0
702,BWA-no-clip,4,0.9090909090909091
702,BWA-std,4,0.36363636363636365
702,NW-flex,4,1.0
702,BWA-no-clip,5,1.0
702,BWA-std,5,0.36363636363636365
702,NW-flex,5,1.0
702,BWA-no-clip,6,1.0
702,BWA-std,6,0.45454545454545453
702,NW-flex,6,1.0
702,BWA-no-clip,7,1.0
702,BWA-std,7,0.45454545454545453
702,NW-flex,7,1.0
702,BWA-no-clip,8,1.0
702,BWA-std,8,0.6363636363636364
702,NW-flex,8,1.0
702,BWA-no-clip,9,1.0
702,BWA-std,9,0.6363636363636364
702,NW-flex,9,1.0
702,BWA-no-clip,10,1.0
702,BWA-std,10,0.8181818181818182
702,NW-flex,10,1.0
703,BWA-no-clip,1,0.5454545454545454
703,BWA-std,1,0.09090909090909091
703,NW-flex,1,1.0
703,BWA-no-clip,2,0.6363636363636364
703,BWA-std,2,0.18181818181818182
703,NW-flex,2,1.0
703,BWA-no-clip,3,0.7272727272727273
703,BWA-std,3,0.18181818181818182
703,NW-flex,3,1.0
703,BWA-no-clip,4,0.9090909090909091
703,BWA-std,4,0.36363636363636365
703,NW-flex,4,1.0
703,BWA-no-clip,5,1.0
703,BWA-std,5,0.36363636363636365
703,NW-flex,5,1.0
703,BWA-no-clip,6,1.0
703,BWA-std,6,0.45454545454545453
703,NW-flex,6,1.0
703,BWA-no-clip,7,1.0
703,BWA-std,7,0.45454545454545453
703,NW-flex,7,1.0
703,BWA-no-clip,8,1.0
703,BWA-std,8,0.6363636363636364
703,NW-flex,8,1.0
703,BWA-no-clip,9,1.0
703,BWA-std,9,0.6363636363636364
703,NW-flex,9,1.0
703,BWA-no-clip,10,1.0
703,BWA-std,10,0.8181818181818182
703,NW-flex,10,1.0
704,BWA-no-clip,1,0.5454545454545454
704,BWA-std,1,0.09090909090909091
704,NW-flex,1,1.0
704,BWA-no-clip,2,0.7272727272727273
704,BWA-std,2,0.18181818181818182
704,NW-flex,2,1.0
704,BWA-no-clip,3,0.8181818181818182
704,BWA-std,3,0.18181818181818182
704,NW-flex,3,1.0
704,BWA-no-clip,4,1.0
704,BWA-std,4,0.36363636363636365
704,NW-flex,4,1.0
704,BWA-no-clip,5,0.9090909090909091
704,BWA-std,5,0.36363636363636365
704,NW-flex,5,1.0
704,BWA-no-clip,6,0.9090909090909091
704,BWA-std,6,0.45454545454545453
704,NW-flex,6,1.0
704,BWA-no-clip,7,1.0
704,BWA-std,7,0.45454545454545453
704,NW-flex,7,1.0
704,BWA-no-clip,8,1.0
704,BWA-std,8,0.6363636363636364
704,NW-flex,8,1.0
704,BWA-no-clip,9,1.0
704,BWA-std,9,0.6363636363636364
704,NW-flex,9,1.0
704,BWA-no-clip,10,1.0
704,BWA-std,10,0.8181818181818182
704,NW-flex,10,1.0
705,BWA-no-clip,1,0.5454545454545454
705,BWA-std,1,0.09090909090909091
705,NW-flex,1,1.0
705,BWA-no-clip,2,0.7272727272727273
705,BWA-std,2,0.18181818181818182
705,NW-flex,2,1.0
705,BWA-no-clip,3,0.9090909090909091
705,BWA-std,3,0.18181818181818182
705,NW-flex,3,1.0
705,BWA-no-clip,4,0.8181818181818182
705,BWA-std,4,0.36363636363636365
705,NW-flex,4,1.0
705,BWA-no-clip,5,0.8181818181818182
705,BWA-std,5,0.36363636363636365
705,NW-flex,5,1.0
705,BWA-no-clip,6,1.0
705,BWA-std,6,0.45454545454545453
705,NW-flex,6,1.0
705,BWA-no-clip,7,1.0
705,BWA-std,7,0.45454545454545453
705,NW-flex,7,1.0
705,BWA-no-clip,8,1.0
705,BWA-std,8,0.6363636363636364
705,NW-flex,8,1.0
705,BWA-no-clip,9,1.0
705,BWA-std,9,0.6363636363636364
705,NW-flex,9,1.0
705,BWA-no-clip,10,1.0
705,BWA-std,10,0.8181818181818182
705,NW-flex,10,1.0
706,BWA-no-clip,1,0.5454545454545454
706,BWA-std,1,0.09090909090909091
706,NW-flex,1,1.0
706,BWA-no-clip,2,0.7272727272727273
706,BWA-std,2,0.18181818181818182
706,NW-flex,2,1.0
706,BWA-no-clip,3,0.9090909090909091
706,BWA-std,3,0.18181818181818182
706,NW-flex,3,1.0
706,BWA-no-clip,4,1.0
706,BWA-std,4,0.36363636363636365
706,NW-flex,4,1.0
706,BWA-no-clip,5,1.0
706,BWA-std,5,0.36363636363636365
706,NW-flex,5,1.0
706,BWA-no-clip,6,1.0
706,BWA-std,6,0.45454545454545453
706,NW-flex,6,1.0
706,BWA-no-clip,7,1.0
706,BWA-std,7,0.45454545454545453
706,NW-flex,7,1.0
706,BWA-no-clip,8,1.0
706,BWA-std,8,0.6363636363636364
706,NW-flex,8,1.0
706,BWA-no-clip,9,1.0
706,BWA-std,9,0.6363636363636364
706,NW-flex,9,1.0
706,BWA-no-clip,10,1.0
706,BWA-std,10,0.8181818181818182
706,NW-flex,10,1.0
707,BWA-no-clip,1,0.09090909090909091
707,BWA-std,1,0.09090909090909091
707,NW-flex,1,1.0
707,BWA-no-clip,2,0.09090909090909091
707,BWA-std,2,0.09090909090909091
707,NW-flex,2,1.0
707,BWA-no-clip,3,0.12121212121212122
707,BWA-std,3,0.18181818181818182
707,NW-flex,3,1.0
707,BWA-no-clip,4,0.12121212121212122
707,BWA-std,4,0.18181818181818182
707,NW-flex,4,1.0
707,BWA-no-clip,5,0.12121212121212122
707,BWA-std,5,0.18181818181818182
707,NW-flex,5,1.0
707,BWA-no-clip,6,0.5757575757575758
707,BWA-std,6,0.30303030303030304
707,NW-flex,6,1.0
707,BWA-no-clip,7,0.9090909090909091
707,BWA-std,7,0.45454545454545453
707,NW-flex,7,1.0
707,BWA-no-clip,8,0.9090909090909091
707,BWA-std,8,0.6363636363636364
707,NW-flex,8,1.0
707,BWA-no-clip,9,1.0
707,BWA-std,9,0.6363636363636364
707,NW-flex,9,1.0
707,BWA-no-clip,10,1.0
707,BWA-std,10,0.8181818181818182
707,NW-flex,10,1.0
708,BWA-no-clip,1,0.45454545454545453
708,BWA-std,1,0.09090909090909091
708,NW-flex,1,1.0
708,BWA-no-clip,2,0.7272727272727273
708,BWA-std,2,0.18181818181818182
708,NW-flex,2,1.0
708,BWA-no-clip,3,0.9090909090909091
708,BWA-std,3,0.18181818181818182
708,NW-flex,3,1.0
708,BWA-no-clip,4,0.9090909090909091
708,BWA-std,4,0.36363636363636365
708,NW-flex,4,1.0
708,BWA-no-clip,5,0.9090909090909091
708,BWA-std,5,0.36363636363636365
708,NW-flex,5,1.0
708,BWA-no-clip,6,1.0
708,BWA-std,6,0.45454545454545453
708,NW-flex,6,1.0
708,BWA-no-clip,7,1.0
708,BWA-std,7,0.45454545454545453
708,NW-flex,7,1.0
708,BWA-no-clip,8,1.0
708,BWA-std,8,0.6363636363636364
708,NW-flex,8,1.0
708,BWA-no-clip,9,1.0
708,BWA-std,9,0.6363636363636364
708,NW-flex,9,1.0
708,BWA-no-clip,10,1.0
708,BWA-std,10,0.8181818181818182
708,NW-flex,10,1.0
709,BWA-no-clip,1,0.5454545454545454
709,BWA-std,1,0.09090909090909091
709,NW-flex,1,1.0
709,BWA-no-clip,2,0.7272727272727273
709,BWA-std,2,0.18181818181818182
709,NW-flex,2,1.0
709,BWA-no-clip,3,0.9090909090909091
709,BWA-std,3,0.18181818181818182
709,NW-flex,3,1.0
709,BWA-no-clip,4,1.0
709,BWA-std,4,0.36363636363636365
709,NW-flex,4,1.0
709,BWA-no-clip,5,0.9090909090909091
709,BWA-std,5,0.36363636363636365
709,NW-flex,5,1.0
709,BWA-no-clip,6,0.9090909090909091
709,BWA-std,6,0.45454545454545453
709,NW-flex,6,1.0
709,BWA-no-clip,7,1.0
709,BWA-std,7,0.45454545454545453
709,NW-flex,7,1.0
709,BWA-no-clip,8,1.0
709,BWA-std,8,0.6363636363636364
709,NW-flex,8,1.0
709,BWA-no-clip,9,1.0
709,BWA-std,9,0.6363636363636364
709,NW-flex,9,1.0
709,BWA-no-clip,10,1.0
709,BWA-std,10,0.8181818181818182
709,NW-flex,10,1.0
710,BWA-no-clip,1,0.18181818181818182
710,BWA-std,1,0.09090909090909091
710,NW-flex,1,1.0
710,BWA-no-clip,2,0.7272727272727273
710,BWA-std,2,0.18181818181818182
710,NW-flex,2,1.0
710,BWA-no-clip,3,0.8181818181818182
710,BWA-std,3,0.18181818181818182
710,NW-flex,3,1.0
710,BWA-no-clip,4,0.9090909090909091
710,BWA-std,4,0.36363636363636365
710,NW-flex,4,1.0
710,BWA-no-clip,5,1.0
710,BWA-std,5,0.36363636363636365
710,NW-flex,5,1.0
710,BWA-no-clip,6,1.0
710,BWA-std,6,0.45454545454545453
710,NW-flex,6,1.0
710,BWA-no-clip,7,1.0
710,BWA-std,7,0.45454545454545453
710,NW-flex,7,1.0
710,BWA-no-clip,8,1.0
710,BWA-std,8,0.6363636363636364
710,NW-flex,8,1.0
710,BWA-no-clip,9,1.0
710,BWA-std,9,0.6363636363636364
710,NW-flex,9,1.0
710,BWA-no-clip,10,1.0
710,BWA-std,10,0.8181818181818182
710,NW-flex,10,1.0
711,BWA-no-clip,1,0.5454545454545454
711,BWA-std,1,0.09090909090909091
711,NW-flex,1,1.0
711,BWA-no-clip,2,0.7272727272727273
711,BWA-std,2,0.18181818181818182
711,NW-flex,2,1.0
711,BWA-no-clip,3,0.8181818181818182
711,BWA-std,3,0.18181818181818182
711,NW-flex,3,1.0
711,BWA-no-clip,4,1.0
711,BWA-std,4,0.36363636363636365
711,NW-flex,4,1.0
711,BWA-no-clip,5,1.0
711,BWA-std,5,0.36363636363636365
711,NW-flex,5,1.0
711,BWA-no-clip,6,1.0
711,BWA-std,6,0.45454545454545453
711,NW-flex,6,1.0
711,BWA-no-clip,7,1.0
711,BWA-std,7,0.45454545454545453
711,NW-flex,7,1.0
711,BWA-no-clip,8,1.0
711,BWA-std,8,0.6363636363636364
711,NW-flex,8,1.0
711,BWA-no-clip,9,1.0
711,BWA-std,9,0.6363636363636364
711,NW-flex,9,1.0
711,BWA-no-clip,10,1.0
711,BWA-std,10,0.8181818181818182
711,NW-flex,10,1.0
712,BWA-no-clip,1,0.5454545454545454
712,BWA-std,1,0.09090909090909091
712,NW-flex,1,1.0
712,BWA-no-clip,2,0.7272727272727273
712,BWA-std,2,0.18181818181818182
712,NW-flex,2,1.0
712,BWA-no-clip,3,0.9090909090909091
712,BWA-std,3,0.18181818181818182
712,NW-flex,3,1.0
712,BWA-no-clip,4,1.0
712,BWA-std,4,0.36363636363636365
712,NW-flex,4,1.0
712,BWA-no-clip,5,0.9090909090909091
712,BWA-std,5,0.36363636363636365
712,NW-flex,5,1.0
712,BWA-no-clip,6,0.9090909090909091
712,BWA-std,6,0.45454545454545453
712,NW-flex,6,1.0
712,BWA-no-clip,7,0.9090909090909091
712,BWA-std,7,0.45454545454545453
712,NW-flex,7,1.0
712,BWA-no-clip,8,1.0
712,BWA-std,8,0.6363636363636364
712,NW-flex,8,1.0
712,BWA-no-clip,9,1.0
712,BWA-std,9,0.6363636363636364
712,NW-flex,9,1.0
712,BWA-no-clip,10,1.0
712,BWA-std,10,0.8181818181818182
712,NW-flex,10,1.0
713,BWA-no-clip,1,0.5454545454545454
713,BWA-std,1,0.09090909090909091
713,NW-flex,1,1.0
713,BWA-no-clip,2,0.7272727272727273
713,BWA-std,2,0.18181818181818182
713,NW-flex,2,1.0
713,BWA-no-clip,3,0.7272727272727273
713,BWA-std,3,0.18181818181818182
713,NW-flex,3,1.0
713,BWA-no-clip,4,0.9090909090909091
713,BWA-std,4,0.36363636363636365
713,NW-flex,4,1.0
713,BWA-no-clip,5,1.0
713,BWA-std,5,0.36363636363636365
713,NW-flex,5,1.0
713,BWA-no-clip,6,1.0
713,BWA-std,6,0.45454545454545453
713,NW-flex,6,1.0
713,BWA-no-clip,7,1.0
713,BWA-std,7,0.45454545454545453
713,NW-flex,7,1.0
713,BWA-no-clip,8,1.0
713,BWA-std,8,0.6363636363636364
713,NW-flex,8,1.0
713,BWA-no-clip,9,1.0
713,BWA-std,9,0.6363636363636364
713,NW-flex,9,1.0
713,BWA-no-clip,10,1.0
713,BWA-std,10,0.8181818181818182
713,NW-flex,10,1.0
714,BWA-no-clip,1,0.5454545454545454
714,BWA-std,1,0.09090909090909091
714,NW-flex,1,1.0
714,BWA-no-clip,2,0.7272727272727273
714,BWA-std,2,0.18181818181818182
714,NW-flex,2,1.0
714,BWA-no-clip,3,0.9090909090909091
714,BWA-std,3,0.18181818181818182
714,NW-flex,3,1.0
714,BWA-no-clip,4,1.0
714,BWA-std,4,0.36363636363636365
714,NW-flex,4,1.0
714,BWA-no-clip,5,0.9090909090909091
714,BWA-std,5,0.36363636363636365
714,NW-flex,5,1.0
714,BWA-no-clip,6,0.9090909090909091
714,BWA-std,6,0.45454545454545453
714,NW-flex,6,1.0
714,BWA-no-clip,7,1.0
714,BWA-std,7,0.45454545454545453
714,NW-flex,7,1.0
714,BWA-no-clip,8,1.0
714,BWA-std,8,0.6363636363636364
714,NW-flex,8,1.0
714,BWA-no-clip,9,1.0
714,BWA-std,9,0.6363636363636364
714,NW-flex,9,1.0
714,BWA-no-clip,10,1.0
714,BWA-std,10,0.8181818181818182
714,NW-flex,10,1.0
715,BWA-no-clip,1,0.2727272727272727
715,BWA-std,1,0.09090909090909091
715,NW-flex,1,1.0
715,BWA-no-clip,2,0.36363636363636365
715,BWA-std,2,0.09090909090909091
715,NW-flex,2,1.0
715,BWA-no-clip,3,0.45454545454545453
715,BWA-std,3,0.18181818181818182
715,NW-flex,3,1.0
715,BWA-no-clip,4,0.5454545454545454
715,BWA-std,4,0.18181818181818182
715,NW-flex,4,1.0
715,BWA-no-clip,5,0.7272727272727273
715,BWA-std,5,0.18181818181818182
715,NW-flex,5,1.0
715,BWA-no-clip,6,0.8181818181818182
715,BWA-std,6,0.36363636363636365
715,NW-flex,6,1.0
715,BWA-no-clip,7,0.9090909090909091
715,BWA-std,7,0.36363636363636365
715,NW-flex,7,1.0
715,BWA-no-clip,8,1.0
715,BWA-std,8,0.6363636363636364
715,NW-flex,8,1.0
715,BWA-no-clip,9,1.0
715,BWA-std,9,0.6363636363636364
715,NW-flex,9,1.0
715,BWA-no-clip,10,1.0
715,BWA-std,10,0.8181818181818182
715,NW-flex,10,1.0
716,BWA-no-clip,1,0.5454545454545454
716,BWA-std,1,0.09090909090909091
716,NW-flex,1,1.0
716,BWA-no-clip,2,0.7272727272727273
716,BWA-std,2,0.18181818181818182
716,NW-flex,2,1.0
716,BWA-no-clip,3,0.8181818181818182
716,BWA-std,3,0.18181818181818182
716,NW-flex,3,1.0
716,BWA-no-clip,4,0.9090909090909091
716,BWA-std,4,0.36363636363636365
716,NW-flex,4,1.0
716,BWA-no-clip,5,1.0
716,BWA-std,5,0.36363636363636365
716,NW-flex,5,1.0
716,BWA-no-clip,6,1.0
716,BWA-std,6,0.45454545454545453
716,NW-flex,6,1.0
716,BWA-no-clip,7,1.0
716,BWA-std,7,0.45454545454545453
716,NW-flex,7,1.0
716,BWA-no-clip,8,1.0
716,BWA-std,8,0.6363636363636364
716,NW-flex,8,1.0
716,BWA-no-clip,9,1.0
716,BWA-std,9,0.6363636363636364
716,NW-flex,9,1.0
716,BWA-no-clip,10,1.0
716,BWA-std,10,0.8181818181818182
716,NW-flex,10,1.0
717,BWA-no-clip,1,0.5454545454545454
717,BWA-std,1,0.09090909090909091
717,NW-flex,1,1.0
717,BWA-no-clip,2,0.7272727272727273
717,BWA-std,2,0.18181818181818182
717,NW-flex,2,1.0
717,BWA-no-clip,3,0.7272727272727273
717,BWA-std,3,0.18181818181818182
717,NW-flex,3,1.0
717,BWA-no-clip,4,0.9090909090909091
717,BWA-std,4,0.36363636363636365
717,NW-flex,4,1.0
717,BWA-no-clip,5,1.0
717,BWA-std,5,0.36363636363636365
717,NW-flex,5,1.0
717,BWA-no-clip,6,1.0
717,BWA-std,6,0.45454545454545453
717,NW-flex,6,1.0
717,BWA-no-clip,7,1.0
717,BWA-std,7,0.45454545454545453
717,NW-flex,7,1.0
717,BWA-no-clip,8,1.0
717,BWA-std,8,0.6363636363636364
717,NW-flex,8,1.0
717,BWA-no-clip,9,1.0
717,BWA-std,9,0.6363636363636364
717,NW-flex,9,1.0
717,BWA-no-clip,10,1.0
717,BWA-std,10,0.8181818181818182
717,NW-flex,10,1.0
718,BWA-no-clip,1,0.5454545454545454
718,BWA-std,1,0.09090909090909091
718,NW-flex,1,1.0
718,BWA-no-clip,2,0.7272727272727273
718,BWA-std,2,0.18181818181818182
718,NW-flex,2,1.0
718,BWA-no-clip,3,0.9090909090909091
718,BWA-std,3,0.18181818181818182
718,NW-flex,3,1.0
718,BWA-no-clip,4,1.0
718,BWA-std,4,0.36363636363636365
718,NW-flex,4,1.0
718,BWA-no-clip,5,0.9090909090909091
718,BWA-std,5,0.36363636363636365
718,NW-flex,5,1.0
718,BWA-no-clip,6,0.9090909090909091
718,BWA-std,6,0.45454545454545453
718,NW-flex,6,1.0
718,BWA-no-clip,7,1.0
718,BWA-std,7,0.45454545454545453
718,NW-flex,7,1.0
718,BWA-no-clip,8,1.0
718,BWA-std,8,0.6363636363636364
718,NW-flex,8,1.0
718,BWA-no-clip,9,1.0
718,BWA-std,9,0.6363636363636364
718,NW-flex,9,1.0
718,BWA-no-clip,10,1.0
718,BWA-std,10,0.8181818181818182
718,NW-flex,10,1.0
719,BWA-no-clip,1,0.5454545454545454
719,BWA-std,1,0.09090909090909091
719,NW-flex,1,1.0
719,BWA-no-clip,2,0.6363636363636364
719,BWA-std,2,0.18181818181818182
719,NW-flex,2,1.0
719,BWA-no-clip,3,0.8181818181818182
719,BWA-std,3,0.18181818181818182
719,NW-flex,3,1.0
719,BWA-no-clip,4,1.0
719,BWA-std,4,0.36363636363636365
719,NW-flex,4,1.0
719,BWA-no-clip,5,1.0
719,BWA-std,5,0.36363636363636365
719,NW-flex,5,1.0
719,BWA-no-clip,6,1.0
719,BWA-std,6,0.45454545454545453
719,NW-flex,6,1.0
719,BWA-no-clip,7,1.0
719,BWA-std,7,0.45454545454545453
719,NW-flex,7,1.0
719,BWA-no-clip,8,1.0
719,BWA-std,8,0.6363636363636364
719,NW-flex,8,1.0
719,BWA-no-clip,9,1.0
719,BWA-std,9,0.6363636363636364
719,NW-flex,9,1.0
719,BWA-no-clip,10,1.0
719,BWA-std,10,0.8181818181818182
719,NW-flex,10,1.0
720,BWA-no-clip,1,0.18181818181818182
720,BWA-std,1,0.09090909090909091
720,NW-flex,1,1.0
720,BWA-no-clip,2,0.7272727272727273
720,BWA-std,2,0.18181818181818182
720,NW-flex,2,1.0
720,BWA-no-clip,3,0.8181818181818182
720,BWA-std,3,0.18181818181818182
720,NW-flex,3,1.0
720,BWA-no-clip,4,0.9090909090909091
720,BWA-std,4,0.36363636363636365
720,NW-flex,4,1.0
720,BWA-no-clip,5,1.0
720,BWA-std,5,0.36363636363636365
720,NW-flex,5,1.0
720,BWA-no-clip,6,1.0
720,BWA-std,6,0.45454545454545453
720,NW-flex,6,1.0
720,BWA-no-clip,7,1.0
720,BWA-std,7,0.45454545454545453
720,NW-flex,7,1.0
720,BWA-no-clip,8,1.0
720,BWA-std,8,0.6363636363636364
720,NW-flex,8,1.0
720,BWA-no-clip,9,1.0
720,BWA-std,9,0.6363636363636364
720,NW-flex,9,1.0
720,BWA-no-clip,10,1.0
720,BWA-std,10,0.8181818181818182
720,NW-flex,10,1.0
721,BWA-no-clip,1,0.45454545454545453
721,BWA-std,1,0.09090909090909091
721,NW-flex,1,1.0
721,BWA-no-clip,2,0.5454545454545454
721,BWA-std,2,0.09090909090909091
721,NW-flex,2,1.0
721,BWA-no-clip,3,0.6363636363636364
721,BWA-std,3,0.18181818181818182
721,NW-flex,3,1.0
721,BWA-no-clip,4,0.9090909090909091
721,BWA-std,4,0.36363636363636365
721,NW-flex,4,1.0
721,BWA-no-clip,5,1.0
721,BWA-std,5,0.36363636363636365
721,NW-flex,5,1.0
721,BWA-no-clip,6,1.0
721,BWA-std,6,0.45454545454545453
721,NW-flex,6,1.0
721,BWA-no-clip,7,1.0
721,BWA-std,7,0.45454545454545453
721,NW-flex,7,1.0
721,BWA-no-clip,8,1.0
721,BWA-std,8,0.6363636363636364
721,NW-flex,8,1.0
721,BWA-no-clip,9,1.0
721,BWA-std,9,0.6363636363636364
721,NW-flex,9,1.0
721,BWA-no-clip,10,1.0
721,BWA-std,10,0.8181818181818182
721,NW-flex,10,1.0
722,BWA-no-clip,1,0.5454545454545454
722,BWA-std,1,0.09090909090909091
722,NW-flex,1,1.0
722,BWA-no-clip,2,0.7272727272727273
722,BWA-std,2,0.18181818181818182
722,NW-flex,2,1.0
722,BWA-no-clip,3,0.7272727272727273
722,BWA-std,3,0.18181818181818182
722,NW-flex,3,1.0
722,BWA-no-clip,4,0.9090909090909091
722,BWA-std,4,0.36363636363636365
722,NW-flex,4,1.0
722,BWA-no-clip,5,0.9090909090909091
722,BWA-std,5,0.36363636363636365
722,NW-flex,5,1.0
722,BWA-no-clip,6,0.9090909090909091
722,BWA-std,6,0.45454545454545453
722,NW-flex,6,1.0
722,BWA-no-clip,7,1.0
722,BWA-std,7,0.45454545454545453
722,NW-flex,7,1.0
722,BWA-no-clip,8,1.0
722,BWA-std,8,0.6363636363636364
722,NW-flex,8,1.0
722,BWA-no-clip,9,1.0
722,BWA-std,9,0.6363636363636364
722,NW-flex,9,1.0
722,BWA-no-clip,10,1.0
722,BWA-std,10,0.8181818181818182
722,NW-flex,10,1.0
723,BWA-no-clip,1,0.5454545454545454
723,BWA-std,1,0.09090909090909091
723,NW-flex,1,1.0
723,BWA-no-clip,2,0.6363636363636364
723,BWA-std,2,0.18181818181818182
723,NW-flex,2,1.0
723,BWA-no-clip,3,0.6363636363636364
723,BWA-std,3,0.18181818181818182
723,NW-flex,3,1.0
723,BWA-no-clip,4,0.8181818181818182
723,BWA-std,4,0.36363636363636365
723,NW-flex,4,1.0
723,BWA-no-clip,5,1.0
723,BWA-std,5,0.36363636363636365
723,NW-flex,5,1.0
723,BWA-no-clip,6,1.0
723,BWA-std,6,0.45454545454545453
723,NW-flex,6,1.0
723,BWA-no-clip,7,1.0
723,BWA-std,7,0.45454545454545453
723,NW-flex,7,1.0
723,BWA-no-clip,8,1.0
723,BWA-std,8,0.6363636363636364
723,NW-flex,8,1.0
723,BWA-no-clip,9,1.0
723,BWA-std,9,0.6363636363636364
723,NW-flex,9,1.0
723,BWA-no-clip,10,1.0
723,BWA-std,10,0.8181818181818182
723,NW-flex,10,1.0
724,BWA-no-clip,1,0.09090909090909091
724,BWA-std,1,0.09090909090909091
724,NW-flex,1,1.0
724,BWA-no-clip,2,0.5454545454545454
724,BWA-std,2,0.09090909090909091
724,NW-flex,2,1.0
724,BWA-no-clip,3,0.6363636363636364
724,BWA-std,3,0.09090909090909091
724,NW-flex,3,1.0
724,BWA-no-clip,4,0.7272727272727273
724,BWA-std,4,0.36363636363636365
724,NW-flex,4,1.0
724,BWA-no-clip,5,0.9090909090909091
724,BWA-std,5,0.36363636363636365
724,NW-flex,5,1.0
724,BWA-no-clip,6,1.0
724,BWA-std,6,0.45454545454545453
724,NW-flex,6,1.0
724,BWA-no-clip,7,1.0
724,BWA-std,7,0.45454545454545453
724,NW-flex,7,1.0
724,BWA-no-clip,8,1.0
724,BWA-std,8,0.6363636363636364
724,NW-flex,8,1.0
724,BWA-no-clip,9,1.0
724,BWA-std,9,0.6363636363636364
724,NW-flex,9,1.0
724,BWA-no-clip,10,1.0
724,BWA-std,10,0.8181818181818182
724,NW-flex,10,1.0
725,BWA-no-clip,1,0.5454545454545454
725,BWA-std,1,0.09090909090909091
725,NW-flex,1,1.0
725,BWA-no-clip,2,0.6363636363636364
725,BWA-std,2,0.18181818181818182
725,NW-flex,2,1.0
725,BWA-no-clip,3,0.8181818181818182
725,BWA-std,3,0.18181818181818182
725,NW-flex,3,1.0
725,BWA-no-clip,4,0.8181818181818182
725,BWA-std,4,0.36363636363636365
725,NW-flex,4,1.0
725,BWA-no-clip,5,0.9090909090909091
725,BWA-std,5,0.36363636363636365
725,NW-flex,5,1.0
725,BWA-no-clip,6,1.0
725,BWA-std,6,0.45454545454545453
725,NW-flex,6,1.0
725,BWA-no-clip,7,1.0
725,BWA-std,7,0.45454545454545453
725,NW-flex,7,1.0
725,BWA-no-clip,8,1.0
725,BWA-std,8,0.6363636363636364
725,NW-flex,8,1.0
725,BWA-no-clip,9,1.0
725,BWA-std,9,0.6363636363636364
725,NW-flex,9,1.0
725,BWA-no-clip,10,1.0
725,BWA-std,10,0.8181818181818182
725,NW-flex,10,1.0
726,BWA-no-clip,1,0.5454545454545454
726,BWA-std,1,0.09090909090909091
726,NW-flex,1,1.0
726,BWA-no-clip,2,0.7272727272727273
726,BWA-std,2,0.18181818181818182
726,NW-flex,2,1.0
726,BWA-no-clip,3,0.9090909090909091
726,BWA-std,3,0.18181818181818182
726,NW-flex,3,1.0
726,BWA-no-clip,4,0.9090909090909091
726,BWA-std,4,0.36363636363636365
726,NW-flex,4,1.0
726,BWA-no-clip,5,1.0
726,BWA-std,5,0.36363636363636365
726,NW-flex,5,1.0
726,BWA-no-clip,6,1.0
726,BWA-std,6,0.45454545454545453
726,NW-flex,6,1.0
726,BWA-no-clip,7,1.0
726,BWA-std,7,0.45454545454545453
726,NW-flex,7,1.0
726,BWA-no-clip,8,1.0
726,BWA-std,8,0.6363636363636364
726,NW-flex,8,1.0
726,BWA-no-clip,9,1.0
726,BWA-std,9,0.6363636363636364
726,NW-flex,9,1.0
726,BWA-no-clip,10,1.0
726,BWA-std,10,0.8181818181818182
726,NW-flex,10,1.0
727,BWA-no-clip,1,0.5454545454545454
727,BWA-std,1,0.09090909090909091
727,NW-flex,1,1.0
727,BWA-no-clip,2,0.7272727272727273
727,BWA-std,2,0.18181818181818182
727,NW-flex,2,1.0
727,BWA-no-clip,3,0.9090909090909091
727,BWA-std,3,0.18181818181818182
727,NW-flex,3,1.0
727,BWA-no-clip,4,0.8181818181818182
727,BWA-std,4,0.36363636363636365
727,NW-flex,4,1.0
727,BWA-no-clip,5,1.0
727,BWA-std,5,0.36363636363636365
727,NW-flex,5,1.0
727,BWA-no-clip,6,1.0
727,BWA-std,6,0.45454545454545453
727,NW-flex,6,1.0
727,BWA-no-clip,7,1.0
727,BWA-std,7,0.45454545454545453
727,NW-flex,7,1.0
727,BWA-no-clip,8,1.0
727,BWA-std,8,0.6363636363636364
727,NW-flex,8,1.0
727,BWA-no-clip,9,1.0
727,BWA-std,9,0.6363636363636364
727,NW-flex,9,1.0
727,BWA-no-clip,10,1.0
727,BWA-std,10,0.8181818181818182
727,NW-flex,10,1.0
728,BWA-no-clip,1,0.5454545454545454
728,BWA-std,1,0.09090909090909091
728,NW-flex,1,1.0
728,BWA-no-clip,2,0.7272727272727273
728,BWA-std,2,0.18181818181818182
728,NW-flex,2,1.0
728,BWA-no-clip,3,0.7272727272727273
728,BWA-std,3,0.18181818181818182
728,NW-flex,3,1.0
728,BWA-no-clip,4,0.8181818181818182
728,BWA-std,4,0.36363636363636365
728,NW-flex,4,1.0
728,BWA-no-clip,5,0.9090909090909091
728,BWA-std,5,0.36363636363636365
728,NW-flex,5,1.0
728,BWA-no-clip,6,1.0
728,BWA-std,6,0.45454545454545453
728,NW-flex,6,1.0
728,BWA-no-clip,7,1.0
728,BWA-std,7,0.45454545454545453
728,NW-flex,7,1.0
728,BWA-no-clip,8,1.0
728,BWA-std,8,0.6363636363636364
728,NW-flex,8,1.0
728,BWA-no-clip,9,1.0
728,BWA-std,9,0.6363636363636364
728,NW-flex,9,1.0
728,BWA-no-clip,10,1.0
728,BWA-std,10,0.8181818181818182
728,NW-flex,10,1.0
729,BWA-no-clip,1,0.09090909090909091
729,BWA-std,1,0.09090909090909091
729,NW-flex,1,1.0
729,BWA-no-clip,2,0.5454545454545454
729,BWA-std,2,0.09090909090909091
729,NW-flex,2,1.0
729,BWA-no-clip,3,0.6363636363636364
729,BWA-std,3,0.09090909090909091
729,NW-flex,3,1.0
729,BWA-no-clip,4,0.7272727272727273
729,BWA-std,4,0.36363636363636365
729,NW-flex,4,1.0
729,BWA-no-clip,5,0.8181818181818182
729,BWA-std,5,0.36363636363636365
729,NW-flex,5,1.0
729,BWA-no-clip,6,1.0
729,BWA-std,6,0.45454545454545453
729,NW-flex,6,1.0
729,BWA-no-clip,7,1.0
729,BWA-std,7,0.45454545454545453
729,NW-flex,7,1.0
729,BWA-no-clip,8,1.0
729,BWA-std,8,0.6363636363636364
729,NW-flex,8,1.0
729,BWA-no-clip,9,1.0
729,BWA-std,9,0.6363636363636364
729,NW-flex,9,1.0
729,BWA-no-clip,10,1.0
729,BWA-std,10,0.8181818181818182
729,NW-flex,10,1.0
730,BWA-no-clip,1,0.45454545454545453
730,BWA-std,1,0.09090909090909091
730,NW-flex,1,1.0
730,BWA-no-clip,2,0.7272727272727273
730,BWA-std,2,0.18181818181818182
730,NW-flex,2,1.0
730,BWA-no-clip,3,0.9090909090909091
730,BWA-std,3,0.18181818181818182
730,NW-flex,3,1.0
730,BWA-no-clip,4,0.9090909090909091
730,BWA-std,4,0.36363636363636365
730,NW-flex,4,1.0
730,BWA-no-clip,5,0.9090909090909091
730,BWA-std,5,0.36363636363636365
730,NW-flex,5,1.0
730,BWA-no-clip,6,0.9090909090909091
730,BWA-std,6,0.45454545454545453
730,NW-flex,6,1.0
730,BWA-no-clip,7,1.0
730,BWA-std,7,0.45454545454545453
730,NW-flex,7,1.0
730,BWA-no-clip,8,1.0
730,BWA-std,8,0.6363636363636364
730,NW-flex,8,1.0
730,BWA-no-clip,9,1.0
730,BWA-std,9,0.6363636363636364
730,NW-flex,9,1.0
730,BWA-no-clip,10,1.0
730,BWA-std,10,0.8181818181818182
730,NW-flex,10,1.0
731,BWA-no-clip,1,0.5454545454545454
731,BWA-std,1,0.09090909090909091
731,NW-flex,1,1.0
731,BWA-no-clip,2,0.7272727272727273
731,BWA-std,2,0.18181818181818182
731,NW-flex,2,1.0
731,BWA-no-clip,3,0.7272727272727273
731,BWA-std,3,0.18181818181818182
731,NW-flex,3,1.0
731,BWA-no-clip,4,0.9090909090909091
731,BWA-std,4,0.36363636363636365
731,NW-flex,4,1.0
731,BWA-no-clip,5,1.0
731,BWA-std,5,0.36363636363636365
731,NW-flex,5,1.0
731,BWA-no-clip,6,1.0
731,BWA-std,6,0.45454545454545453
731,NW-flex,6,1.0
731,BWA-no-clip,7,1.0
731,BWA-std,7,0.45454545454545453
731,NW-flex,7,1.0
731,BWA-no-clip,8,1.0
731,BWA-std,8,0.6363636363636364
731,NW-flex,8,1.0
731,BWA-no-clip,9,1.0
731,BWA-std,9,0.6363636363636364
731,NW-flex,9,1.0
731,BWA-no-clip,10,1.0
731,BWA-std,10,0.8181818181818182
731,NW-flex,10,1.0
732,BWA-no-clip,1,0.2727272727272727
732,BWA-std,1,0.09090909090909091
732,NW-flex,1,1.0
732,BWA-no-clip,2,0.7272727272727273
732,BWA-std,2,0.18181818181818182
732,NW-flex,2,1.0
732,BWA-no-clip,3,0.7272727272727273
732,BWA-std,3,0.18181818181818182
732,NW-flex,3,1.0
732,BWA-no-clip,4,0.7272727272727273
732,BWA-std,4,0.36363636363636365
732,NW-flex,4,1.0
732,BWA-no-clip,5,0.9090909090909091
732,BWA-std,5,0.36363636363636365
732,NW-flex,5,1.0
732,BWA-no-clip,6,0.9090909090909091
732,BWA-std,6,0.45454545454545453
732,NW-flex,6,1.0
732,BWA-no-clip,7,0.9090909090909091
732,BWA-std,7,0.45454545454545453
732,NW-flex,7,1.0
732,BWA-no-clip,8,0.9090909090909091
732,BWA-std,8,0.6363636363636364
732,NW-flex,8,1.0
732,BWA-no-clip,9,0.9090909090909091
732,BWA-std,9,0.6363636363636364
732,NW-flex,9,1.0
732,BWA-no-clip,10,1.0
732,BWA-std,10,0.8181818181818182
732,NW-flex,10,1.0
733,BWA-no-clip,1,0.5454545454545454
733,BWA-std,1,0.09090909090909091
733,NW-flex,1,1.0
733,BWA-no-clip,2,0.5454545454545454
733,BWA-std,2,0.09090909090909091
733,NW-flex,2,1.0
733,BWA-no-clip,3,0.7272727272727273
733,BWA-std,3,0.18181818181818182
733,NW-flex,3,1.0
733,BWA-no-clip,4,0.7272727272727273
733,BWA-std,4,0.36363636363636365
733,NW-flex,4,1.0
733,BWA-no-clip,5,0.7272727272727273
733,BWA-std,5,0.36363636363636365
733,NW-flex,5,1.0
733,BWA-no-clip,6,0.9090909090909091
733,BWA-std,6,0.45454545454545453
733,NW-flex,6,1.0
733,BWA-no-clip,7,1.0
733,BWA-std,7,0.45454545454545453
733,NW-flex,7,1.0
733,BWA-no-clip,8,1.0
733,BWA-std,8,0.6363636363636364
733,NW-flex,8,1.0
733,BWA-no-clip,9,1.0
733,BWA-std,9,0.6363636363636364
733,NW-flex,9,1.0
733,BWA-no-clip,10,1.0
733,BWA-std,10,0.8181818181818182
733,NW-flex,10,1.0
734,BWA-no-clip,1,0.18181818181818182
734,BWA-std,1,0.09090909090909091
734,NW-flex,1,1.0
734,BWA-no-clip,2,0.5454545454545454
734,BWA-std,2,0.09090909090909091
734,NW-flex,2,1.0
734,BWA-no-clip,3,0.7272727272727273
734,BWA-std,3,0.18181818181818182
734,NW-flex,3,1.0
734,BWA-no-clip,4,0.9090909090909091
734,BWA-std,4,0.36363636363636365
734,NW-flex,4,1.0
734,BWA-no-clip,5,1.0
734,BWA-std,5,0.36363636363636365
734,NW-flex,5,1.0
734,BWA-no-clip,6,1.0
734,BWA-std,6,0.45454545454545453
734,NW-flex,6,1.0
734,BWA-no-clip,7,1.0
734,BWA-std,7,0.45454545454545453
734,NW-flex,7,1.0
734,BWA-no-clip,8,1.0
734,BWA-std,8,0.6363636363636364
734,NW-flex,8,1.0
734,BWA-no-clip,9,1.0
734,BWA-std,9,0.6363636363636364
734,NW-flex,9,1.0
734,BWA-no-clip,10,1.0
734,BWA-std,10,0.8181818181818182
734,NW-flex,10,1.0
735,BWA-no-clip,1,0.5454545454545454
735,BWA-std,1,0.09090909090909091
735,NW-flex,1,1.0
735,BWA-no-clip,2,0.7272727272727273
735,BWA-std,2,0.18181818181818182
735,NW-flex,2,1.0
735,BWA-no-clip,3,0.9090909090909091
735,BWA-std,3,0.18181818181818182
735,NW-flex,3,1.0
735,BWA-no-clip,4,0.8181818181818182
735,BWA-std,4,0.36363636363636365
735,NW-flex,4,1.0
735,BWA-no-clip,5,1.0
735,BWA-std,5,0.36363636363636365
735,NW-flex,5,1.0
735,BWA-no-clip,6,1.0
735,BWA-std,6,0.45454545454545453
735,NW-flex,6,1.0
735,BWA-no-clip,7,1.0
735,BWA-std,7,0.45454545454545453
735,NW-flex,7,1.0
735,BWA-no-clip,8,1.0
735,BWA-std,8,0.6363636363636364
735,NW-flex,8,1.0
735,BWA-no-clip,9,1.0
735,BWA-std,9,0.6363636363636364
735,NW-flex,9,1.0
735,BWA-no-clip,10,1.0
735,BWA-std,10,0.8181818181818182
735,NW-flex,10,1.0
736,BWA-no-clip,1,0.5454545454545454
736,BWA-std,1,0.09090909090909091
736,NW-flex,1,1.0
736,BWA-no-clip,2,0.7272727272727273
736,BWA-std,2,0.18181818181818182
736,NW-flex,2,1.0
736,BWA-no-clip,3,0.9090909090909091
736,BWA-std,3,0.18181818181818182
736,NW-flex,3,1.0
736,BWA-no-clip,4,0.8181818181818182
736,BWA-std,4,0.36363636363636365
736,NW-flex,4,1.0
736,BWA-no-clip,5,1.0
736,BWA-std,5,0.36363636363636365
736,NW-flex,5,1.0
736,BWA-no-clip,6,1.0
736,BWA-std,6,0.45454545454545453
736,NW-flex,6,1.0
736,BWA-no-clip,7,1.0
736,BWA-std,7,0.45454545454545453
736,NW-flex,7,1.0
736,BWA-no-clip,8,1.0
736,BWA-std,8,0.6363636363636364
736,NW-flex,8,1.0
736,BWA-no-clip,9,1.0
736,BWA-std,9,0.6363636363636364
736,NW-flex,9,1.0
736,BWA-no-clip,10,1.0
736,BWA-std,10,0.8181818181818182
736,NW-flex,10,1.0
737,BWA-no-clip,1,0.5454545454545454
737,BWA-std,1,0.09090909090909091
737,NW-flex,1,1.0
737,BWA-no-clip,2,0.7272727272727273
737,BWA-std,2,0.18181818181818182
737,NW-flex,2,1.0
737,BWA-no-clip,3,0.9090909090909091
737,BWA-std,3,0.18181818181818182
737,NW-flex,3,1.0
737,BWA-no-clip,4,0.8181818181818182
737,BWA-std,4,0.36363636363636365
737,NW-flex,4,1.0
737,BWA-no-clip,5,1.0
737,BWA-std,5,0.36363636363636365
737,NW-flex,5,1.0
737,BWA-no-clip,6,1.0
737,BWA-std,6,0.45454545454545453
737,NW-flex,6,1.0
737,BWA-no-clip,7,1.0
737,BWA-std,7,0.45454545454545453
737,NW-flex,7,1.0
737,BWA-no-clip,8,1.0
737,BWA-std,8,0.6363636363636364
737,NW-flex,8,1.0
737,BWA-no-clip,9,1.0
737,BWA-std,9,0.6363636363636364
737,NW-flex,9,1.0
737,BWA-no-clip,10,1.0
737,BWA-std,10,0.8181818181818182
737,NW-flex,10,1.0
738,BWA-no-clip,1,0.5454545454545454
738,BWA-std,1,0.09090909090909091
738,NW-flex,1,1.0
738,BWA-no-clip,2,0.7272727272727273
738,BWA-std,2,0.18181818181818182
738,NW-flex,2,1.0
738,BWA-no-clip,3,0.9090909090909091
738,BWA-std,3,0.18181818181818182
738,NW-flex,3,1.0
738,BWA-no-clip,4,1.0
738,BWA-std,4,0.36363636363636365
738,NW-flex,4,1.0
738,BWA-no-clip,5,1.0
738,BWA-std,5,0.36363636363636365
738,NW-flex,5,1.0
738,BWA-no-clip,6,1.0
738,BWA-std,6,0.45454545454545453
738,NW-flex,6,1.0
738,BWA-no-clip,7,1.0
738,BWA-std,7,0.45454545454545453
738,NW-flex,7,1.0
738,BWA-no-clip,8,1.0
738,BWA-std,8,0.6363636363636364
738,NW-flex,8,1.0
738,BWA-no-clip,9,1.0
738,BWA-std,9,0.6363636363636364
738,NW-flex,9,1.0
738,BWA-no-clip,10,1.0
738,BWA-std,10,0.8181818181818182
738,NW-flex,10,1.0
739,BWA-no-clip,1,0.5454545454545454
739,BWA-std,1,0.09090909090909091
739,NW-flex,1,1.0
739,BWA-no-clip,2,0.7272727272727273
739,BWA-std,2,0.18181818181818182
739,NW-flex,2,1.0
739,BWA-no-clip,3,0.9090909090909091
739,BWA-std,3,0.18181818181818182
739,NW-flex,3,1.0
739,BWA-no-clip,4,0.8181818181818182
739,BWA-std,4,0.36363636363636365
739,NW-flex,4,1.0
739,BWA-no-clip,5,1.0
739,BWA-std,5,0.36363636363636365
739,NW-flex,5,1.0
739,BWA-no-clip,6,1.0
739,BWA-std,6,0.45454545454545453
739,NW-flex,6,1.0
739,BWA-no-clip,7,1.0
739,BWA-std,7,0.45454545454545453
739,NW-flex,7,1.0
739,BWA-no-clip,8,1.0
739,BWA-std,8,0.6363636363636364
739,NW-flex,8,1.0
739,BWA-no-clip,9,1.0
739,BWA-std,9,0.6363636363636364
739,NW-flex,9,1.0
739,BWA-no-clip,10,1.0
739,BWA-std,10,0.8181818181818182
739,NW-flex,10,1.0
740,BWA-no-clip,1,0.5454545454545454
740,BWA-std,1,0.09090909090909091
740,NW-flex,1,1.0
740,BWA-no-clip,2,0.6363636363636364
740,BWA-std,2,0.18181818181818182
740,NW-flex,2,1.0
740,BWA-no-clip,3,0.8181818181818182
740,BWA-std,3,0.18181818181818182
740,NW-flex,3,1.0
740,BWA-no-clip,4,1.0
740,BWA-std,4,0.36363636363636365
740,NW-flex,4,1.0
740,BWA-no-clip,5,1.0
740,BWA-std,5,0.36363636363636365
740,NW-flex,5,1.0
740,BWA-no-clip,6,1.0
740,BWA-std,6,0.45454545454545453
740,NW-flex,6,1.0
740,BWA-no-clip,7,1.0
740,BWA-std,7,0.45454545454545453
740,NW-flex,7,1.0
740,BWA-no-clip,8,1.0
740,BWA-std,8,0.6363636363636364
740,NW-flex,8,1.0
740,BWA-no-clip,9,1.0
740,BWA-std,9,0.6363636363636364
740,NW-flex,9,1.0
740,BWA-no-clip,10,1.0
740,BWA-std,10,0.8181818181818182
740,NW-flex,10,1.0
741,BWA-no-clip,1,0.5454545454545454
741,BWA-std,1,0.09090909090909091
741,NW-flex,1,1.0
741,BWA-no-clip,2,0.5454545454545454
741,BWA-std,2,0.09090909090909091
741,NW-flex,2,1.0
741,BWA-no-clip,3,0.7272727272727273
741,BWA-std,3,0.18181818181818182
741,NW-flex,3,1.0
741,BWA-no-clip,4,0.9090909090909091
741,BWA-std,4,0.36363636363636365
741,NW-flex,4,1.0
741,BWA-no-clip,5,1.0
741,BWA-std,5,0.36363636363636365
741,NW-flex,5,1.0
741,BWA-no-clip,6,1.0
741,BWA-std,6,0.45454545454545453
741,NW-flex,6,1.0
741,BWA-no-clip,7,1.0
741,BWA-std,7,0.45454545454545453
741,NW-flex,7,1.0
741,BWA-no-clip,8,1.0
741,BWA-std,8,0.6363636363636364
741,NW-flex,8,1.0
741,BWA-no-clip,9,1.0
741,BWA-std,9,0.6363636363636364
741,NW-flex,9,1.0
741,BWA-no-clip,10,1.0
741,BWA-std,10,0.8181818181818182
741,NW-flex,10,1.0
742,BWA-no-clip,1,0.5454545454545454
742,BWA-std,1,0.09090909090909091
742,NW-flex,1,1.0
742,BWA-no-clip,2,0.6363636363636364
742,BWA-std,2,0.18181818181818182
742,NW-flex,2,1.0
742,BWA-no-clip,3,0.8181818181818182
742,BWA-std,3,0.18181818181818182
742,NW-flex,3,1.0
742,BWA-no-clip,4,0.8181818181818182
742,BWA-std,4,0.36363636363636365
742,NW-flex,4,1.0
742,BWA-no-clip,5,0.9090909090909091
742,BWA-std,5,0.36363636363636365
742,NW-flex,5,1.0
742,BWA-no-clip,6,1.0
742,BWA-std,6,0.45454545454545453
742,NW-flex,6,1.0
742,BWA-no-clip,7,1.0
742,BWA-std,7,0.45454545454545453
742,NW-flex,7,1.0
742,BWA-no-clip,8,1.0
742,BWA-std,8,0.6363636363636364
742,NW-flex,8,1.0
742,BWA-no-clip,9,1.0
742,BWA-std,9,0.6363636363636364
742,NW-flex,9,1.0
742,BWA-no-clip,10,1.0
742,BWA-std,10,0.8181818181818182
742,NW-flex,10,1.0
743,BWA-no-clip,1,0.5454545454545454
743,BWA-std,1,0.09090909090909091
743,NW-flex,1,1.0
743,BWA-no-clip,2,0.7272727272727273
743,BWA-std,2,0.18181818181818182
743,NW-flex,2,1.0
743,BWA-no-clip,3,0.9090909090909091
743,BWA-std,3,0.18181818181818182
743,NW-flex,3,1.0
743,BWA-no-clip,4,0.8181818181818182
743,BWA-std,4,0.36363636363636365
743,NW-flex,4,1.0
743,BWA-no-clip,5,0.8181818181818182
743,BWA-std,5,0.36363636363636365
743,NW-flex,5,1.0
743,BWA-no-clip,6,1.0
743,BWA-std,6,0.45454545454545453
743,NW-flex,6,1.0
743,BWA-no-clip,7,1.0
743,BWA-std,7,0.45454545454545453
743,NW-flex,7,1.0
743,BWA-no-clip,8,1.0
743,BWA-std,8,0.6363636363636364
743,NW-flex,8,1.0
743,BWA-no-clip,9,1.0
743,BWA-std,9,0.6363636363636364
743,NW-flex,9,1.0
743,BWA-no-clip,10,1.0
743,BWA-std,10,0.8181818181818182
743,NW-flex,10,1.0
744,BWA-no-clip,1,0.2727272727272727
744,BWA-std,1,0.09090909090909091
744,NW-flex,1,1.0
744,BWA-no-clip,2,0.45454545454545453
744,BWA-std,2,0.09090909090909091
744,NW-flex,2,1.0
744,BWA-no-clip,3,0.6363636363636364
744,BWA-std,3,0.18181818181818182
744,NW-flex,3,1.0
744,BWA-no-clip,4,0.9090909090909091
744,BWA-std,4,0.36363636363636365
744,NW-flex,4,1.0
744,BWA-no-clip,5,1.0
744,BWA-std,5,0.36363636363636365
744,NW-flex,5,1.0
744,BWA-no-clip,6,1.0
744,BWA-std,6,0.45454545454545453
744,NW-flex,6,1.0
744,BWA-no-clip,7,1.0
744,BWA-std,7,0.45454545454545453
744,NW-flex,7,1.0
744,BWA-no-clip,8,1.0
744,BWA-std,8,0.6363636363636364
744,NW-flex,8,1.0
744,BWA-no-clip,9,1.0
744,BWA-std,9,0.6363636363636364
744,NW-flex,9,1.0
744,BWA-no-clip,10,1.0
744,BWA-std,10,0.8181818181818182
744,NW-flex,10,1.0
745,BWA-no-clip,1,0.09090909090909091
745,BWA-std,1,0.09090909090909091
745,NW-flex,1,1.0
745,BWA-no-clip,2,0.5454545454545454
745,BWA-std,2,0.09090909090909091
745,NW-flex,2,1.0
745,BWA-no-clip,3,0.7272727272727273
745,BWA-std,3,0.18181818181818182
745,NW-flex,3,1.0
745,BWA-no-clip,4,0.9090909090909091
745,BWA-std,4,0.36363636363636365
745,NW-flex,4,1.0
745,BWA-no-clip,5,1.0
745,BWA-std,5,0.36363636363636365
745,NW-flex,5,1.0
745,BWA-no-clip,6,1.0
745,BWA-std,6,0.45454545454545453
745,NW-flex,6,1.0
745,BWA-no-clip,7,1.0
745,BWA-std,7,0.45454545454545453
745,NW-flex,7,1.0
745,BWA-no-clip,8,1.0
745,BWA-std,8,0.6363636363636364
745,NW-flex,8,1.0
745,BWA-no-clip,9,1.0
745,BWA-std,9,0.6363636363636364
745,NW-flex,9,1.0
745,BWA-no-clip,10,1.0
745,BWA-std,10,0.8181818181818182
745,NW-flex,10,1.0
746,BWA-no-clip,1,0.45454545454545453
746,BWA-std,1,0.09090909090909091
746,NW-flex,1,1.0
746,BWA-no-clip,2,0.6363636363636364
746,BWA-std,2,0.18181818181818182
746,NW-flex,2,1.0
746,BWA-no-clip,3,0.7272727272727273
746,BWA-std,3,0.18181818181818182
746,NW-flex,3,1.0
746,BWA-no-clip,4,0.7272727272727273
746,BWA-std,4,0.36363636363636365
746,NW-flex,4,1.0
746,BWA-no-clip,5,0.9090909090909091
746,BWA-std,5,0.36363636363636365
746,NW-flex,5,1.0
746,BWA-no-clip,6,1.0
746,BWA-std,6,0.45454545454545453
746,NW-flex,6,1.0
746,BWA-no-clip,7,1.0
746,BWA-std,7,0.45454545454545453
746,NW-flex,7,1.0
746,BWA-no-clip,8,1.0
746,BWA-std,8,0.6363636363636364
746,NW-flex,8,1.0
746,BWA-no-clip,9,1.0
746,BWA-std,9,0.6363636363636364
746,NW-flex,9,1.0
746,BWA-no-clip,10,1.0
746,BWA-std,10,0.8181818181818182
746,NW-flex,10,1.0
747,BWA-no-clip,1,0.5454545454545454
747,BWA-std,1,0.09090909090909091
747,NW-flex,1,1.0
747,BWA-no-clip,2,0.7272727272727273
747,BWA-std,2,0.18181818181818182
747,NW-flex,2,1.0
747,BWA-no-clip,3,0.7272727272727273
747,BWA-std,3,0.18181818181818182
747,NW-flex,3,1.0
747,BWA-no-clip,4,0.8181818181818182
747,BWA-std,4,0.36363636363636365
747,NW-flex,4,1.0
747,BWA-no-clip,5,0.8181818181818182
747,BWA-std,5,0.36363636363636365
747,NW-flex,5,1.0
747,BWA-no-clip,6,1.0
747,BWA-std,6,0.45454545454545453
747,NW-flex,6,1.0
747,BWA-no-clip,7,1.0
747,BWA-std,7,0.45454545454545453
747,NW-flex,7,1.0
747,BWA-no-clip,8,1.0
747,BWA-std,8,0.6363636363636364
747,NW-flex,8,1.0
747,BWA-no-clip,9,1.0
747,BWA-std,9,0.6363636363636364
747,NW-flex,9,1.0
747,BWA-no-clip,10,1.0
747,BWA-std,10,0.8181818181818182
747,NW-flex,10,1.0
748,BWA-no-clip,1,0.5454545454545454
748,BWA-std,1,0.09090909090909091
748,NW-flex,1,1.0
748,BWA-no-clip,2,0.7272727272727273
748,BWA-std,2,0.18181818181818182
748,NW-flex,2,1.0
748,BWA-no-clip,3,0.9090909090909091
748,BWA-std,3,0.18181818181818182
748,NW-flex,3,1.0
748,BWA-no-clip,4,0.9090909090909091
748,BWA-std,4,0.36363636363636365
748,NW-flex,4,1.0
748,BWA-no-clip,5,1.0
748,BWA-std,5,0.36363636363636365
748,NW-flex,5,1.0
748,BWA-no-clip,6,1.0
748,BWA-std,6,0.45454545454545453
748,NW-flex,6,1.0
748,BWA-no-clip,7,1.0
748,BWA-std,7,0.45454545454545453
748,NW-flex,7,1.0
748,BWA-no-clip,8,1.0
748,BWA-std,8,0.6363636363636364
748,NW-flex,8,1.0
748,BWA-no-clip,9,1.0
748,BWA-std,9,0.6363636363636364
748,NW-flex,9,1.0
748,BWA-no-clip,10,1.0
748,BWA-std,10,0.8181818181818182
748,NW-flex,10,1.0
749,BWA-no-clip,1,0.5454545454545454
749,BWA-std,1,0.09090909090909091
749,NW-flex,1,1.0
749,BWA-no-clip,2,0.7272727272727273
749,BWA-std,2,0.18181818181818182
749,NW-flex,2,1.0
749,BWA-no-clip,3,0.7272727272727273
749,BWA-std,3,0.18181818181818182
749,NW-flex,3,1.0
749,BWA-no-clip,4,0.7272727272727273
749,BWA-std,4,0.36363636363636365
749,NW-flex,4,1.0
749,BWA-no-clip,5,0.9090909090909091
749,BWA-std,5,0.36363636363636365
749,NW-flex,5,1.0
749,BWA-no-clip,6,1.0
749,BWA-std,6,0.45454545454545453
749,NW-flex,6,1.0
749,BWA-no-clip,7,1.0
749,BWA-std,7,0.45454545454545453
749,NW-flex,7,1.0
749,BWA-no-clip,8,1.0
749,BWA-std,8,0.6363636363636364
749,NW-flex,8,1.0
749,BWA-no-clip,9,1.0
749,BWA-std,9,0.6363636363636364
749,NW-flex,9,1.0
749,BWA-no-clip,10,1.0
749,BWA-std,10,0.8181818181818182
749,NW-flex,10,1.0
750,BWA-no-clip,1,0.5454545454545454
750,BWA-std,1,0.09090909090909091
750,NW-flex,1,1.0
750,BWA-no-clip,2,0.7272727272727273
750,BWA-std,2,0.18181818181818182
750,NW-flex,2,1.0
750,BWA-no-clip,3,0.7272727272727273
750,BWA-std,3,0.18181818181818182
750,NW-flex,3,1.0
750,BWA-no-clip,4,0.7272727272727273
750,BWA-std,4,0.36363636363636365
750,NW-flex,4,1.0
750,BWA-no-clip,5,0.9090909090909091
750,BWA-std,5,0.36363636363636365
750,NW-flex,5,1.0
750,BWA-no-clip,6,0.9090909090909091
750,BWA-std,6,0.45454545454545453
750,NW-flex,6,1.0
750,BWA-no-clip,7,1.0
750,BWA-std,7,0.45454545454545453
750,NW-flex,7,1.0
750,BWA-no-clip,8,1.0
750,BWA-std,8,0.6363636363636364
750,NW-flex,8,1.0
750,BWA-no-clip,9,1.0
750,BWA-std,9,0.6363636363636364
750,NW-flex,9,1.0
750,BWA-no-clip,10,1.0
750,BWA-std,10,0.8181818181818182
750,NW-flex,10,1.0
751,BWA-no-clip,1,0.2727272727272727
751,BWA-std,1,0.09090909090909091
751,NW-flex,1,1.0
751,BWA-no-clip,2,0.5454545454545454
751,BWA-std,2,0.18181818181818182
751,NW-flex,2,1.0
751,BWA-no-clip,3,0.7272727272727273
751,BWA-std,3,0.18181818181818182
751,NW-flex,3,1.0
751,BWA-no-clip,4,0.7272727272727273
751,BWA-std,4,0.36363636363636365
751,NW-flex,4,1.0
751,BWA-no-clip,5,0.7272727272727273
751,BWA-std,5,0.36363636363636365
751,NW-flex,5,1.0
751,BWA-no-clip,6,0.7272727272727273
751,BWA-std,6,0.45454545454545453
751,NW-flex,6,1.0
751,BWA-no-clip,7,0.9090909090909091
751,BWA-std,7,0.45454545454545453
751,NW-flex,7,1.0
751,BWA-no-clip,8,1.0
751,BWA-std,8,0.6363636363636364
751,NW-flex,8,1.0
751,BWA-no-clip,9,1.0
751,BWA-std,9,0.6363636363636364
751,NW-flex,9,1.0
751,BWA-no-clip,10,1.0
751,BWA-std,10,0.8181818181818182
751,NW-flex,10,1.0
752,BWA-no-clip,1,0.5454545454545454
752,BWA-std,1,0.09090909090909091
752,NW-flex,1,1.0
752,BWA-no-clip,2,0.7272727272727273
752,BWA-std,2,0.18181818181818182
752,NW-flex,2,1.0
752,BWA-no-clip,3,0.9090909090909091
752,BWA-std,3,0.18181818181818182
752,NW-flex,3,1.0
752,BWA-no-clip,4,0.8181818181818182
752,BWA-std,4,0.36363636363636365
752,NW-flex,4,1.0
752,BWA-no-clip,5,1.0
752,BWA-std,5,0.36363636363636365
752,NW-flex,5,1.0
752,BWA-no-clip,6,1.0
752,BWA-std,6,0.45454545454545453
752,NW-flex,6,1.0
752,BWA-no-clip,7,1.0
752,BWA-std,7,0.45454545454545453
752,NW-flex,7,1.0
752,BWA-no-clip,8,1.0
752,BWA-std,8,0.6363636363636364
752,NW-flex,8,1.0
752,BWA-no-clip,9,1.0
752,BWA-std,9,0.6363636363636364
752,NW-flex,9,1.0
752,BWA-no-clip,10,1.0
752,BWA-std,10,0.8181818181818182
752,NW-flex,10,1.0
753,BWA-no-clip,1,0.5454545454545454
753,BWA-std,1,0.09090909090909091
753,NW-flex,1,1.0
753,BWA-no-clip,2,0.7272727272727273
753,BWA-std,2,0.18181818181818182
753,NW-flex,2,1.0
753,BWA-no-clip,3,0.9090909090909091
753,BWA-std,3,0.18181818181818182
753,NW-flex,3,1.0
753,BWA-no-clip,4,1.0
753,BWA-std,4,0.36363636363636365
753,NW-flex,4,1.0
753,BWA-no-clip,5,1.0
753,BWA-std,5,0.36363636363636365
753,NW-flex,5,1.0
753,BWA-no-clip,6,1.0
753,BWA-std,6,0.45454545454545453
753,NW-flex,6,1.0
753,BWA-no-clip,7,1.0
753,BWA-std,7,0.45454545454545453
753,NW-flex,7,1.0
753,BWA-no-clip,8,1.0
753,BWA-std,8,0.6363636363636364
753,NW-flex,8,1.0
753,BWA-no-clip,9,1.0
753,BWA-std,9,0.6363636363636364
753,NW-flex,9,1.0
753,BWA-no-clip,10,1.0
753,BWA-std,10,0.8181818181818182
753,NW-flex,10,1.0
754,BWA-no-clip,1,0.45454545454545453
754,BWA-std,1,0.09090909090909091
754,NW-flex,1,1.0
754,BWA-no-clip,2,0.5454545454545454
754,BWA-std,2,0.09090909090909091
754,NW-flex,2,1.0
754,BWA-no-clip,3,0.6363636363636364
754,BWA-std,3,0.09090909090909091
754,NW-flex,3,1.0
754,BWA-no-clip,4,0.7272727272727273
754,BWA-std,4,0.36363636363636365
754,NW-flex,4,1.0
754,BWA-no-clip,5,0.7272727272727273
754,BWA-std,5,0.36363636363636365
754,NW-flex,5,1.0
754,BWA-no-clip,6,0.9090909090909091
754,BWA-std,6,0.45454545454545453
754,NW-flex,6,1.0
754,BWA-no-clip,7,1.0
754,BWA-std,7,0.45454545454545453
754,NW-flex,7,1.0
754,BWA-no-clip,8,1.0
754,BWA-std,8,0.6363636363636364
754,NW-flex,8,1.0
754,BWA-no-clip,9,1.0
754,BWA-std,9,0.6363636363636364
754,NW-flex,9,1.0
754,BWA-no-clip,10,1.0
754,BWA-std,10,0.8181818181818182
754,NW-flex,10,1.0
755,BWA-no-clip,1,0.5454545454545454
755,BWA-std,1,0.09090909090909091
755,NW-flex,1,1.0
755,BWA-no-clip,2,0.7272727272727273
755,BWA-std,2,0.18181818181818182
755,NW-flex,2,1.0
755,BWA-no-clip,3,0.9090909090909091
755,BWA-std,3,0.18181818181818182
755,NW-flex,3,1.0
755,BWA-no-clip,4,1.0
755,BWA-std,4,0.36363636363636365
755,NW-flex,4,1.0
755,BWA-no-clip,5,1.0
755,BWA-std,5,0.36363636363636365
755,NW-flex,5,1.0
755,BWA-no-clip,6,1.0
755,BWA-std,6,0.45454545454545453
755,NW-flex,6,1.0
755,BWA-no-clip,7,1.0
755,BWA-std,7,0.45454545454545453
755,NW-flex,7,1.0
755,BWA-no-clip,8,1.0
755,BWA-std,8,0.6363636363636364
755,NW-flex,8,1.0
755,BWA-no-clip,9,1.0
755,BWA-std,9,0.6363636363636364
755,NW-flex,9,1.0
755,BWA-no-clip,10,1.0
755,BWA-std,10,0.8181818181818182
755,NW-flex,10,1.0
756,BWA-no-clip,1,0.18181818181818182
756,BWA-std,1,0.09090909090909091
756,NW-flex,1,1.0
756,BWA-no-clip,2,0.7272727272727273
756,BWA-std,2,0.18181818181818182
756,NW-flex,2,1.0
756,BWA-no-clip,3,0.8181818181818182
756,BWA-std,3,0.18181818181818182
756,NW-flex,3,1.0
756,BWA-no-clip,4,0.9090909090909091
756,BWA-std,4,0.36363636363636365
756,NW-flex,4,1.0
756,BWA-no-clip,5,1.0
756,BWA-std,5,0.36363636363636365
756,NW-flex,5,1.0
756,BWA-no-clip,6,1.0
756,BWA-std,6,0.45454545454545453
756,NW-flex,6,1.0
756,BWA-no-clip,7,1.0
756,BWA-std,7,0.45454545454545453
756,NW-flex,7,1.0
756,BWA-no-clip,8,1.0
756,BWA-std,8,0.6363636363636364
756,NW-flex,8,1.0
756,BWA-no-clip,9,1.0
756,BWA-std,9,0.6363636363636364
756,NW-flex,9,1.0
756,BWA-no-clip,10,1.0
756,BWA-std,10,0.8181818181818182
756,NW-flex,10,1.0
757,BWA-no-clip,1,0.5454545454545454
757,BWA-std,1,0.09090909090909091
757,NW-flex,1,1.0
757,BWA-no-clip,2,0.5454545454545454
757,BWA-std,2,0.09090909090909091
757,NW-flex,2,1.0
757,BWA-no-clip,3,0.7272727272727273
757,BWA-std,3,0.18181818181818182
757,NW-flex,3,1.0
757,BWA-no-clip,4,0.7272727272727273
757,BWA-std,4,0.36363636363636365
757,NW-flex,4,1.0
757,BWA-no-clip,5,0.9090909090909091
757,BWA-std,5,0.36363636363636365
757,NW-flex,5,1.0
757,BWA-no-clip,6,1.0
757,BWA-std,6,0.45454545454545453
757,NW-flex,6,1.0
757,BWA-no-clip,7,1.0
757,BWA-std,7,0.45454545454545453
757,NW-flex,7,1.0
757,BWA-no-clip,8,1.0
757,BWA-std,8,0.6363636363636364
757,NW-flex,8,1.0
757,BWA-no-clip,9,1.0
757,BWA-std,9,0.6363636363636364
757,NW-flex,9,1.0
757,BWA-no-clip,10,1.0
757,BWA-std,10,0.8181818181818182
757,NW-flex,10,1.0
758,BWA-no-clip,1,0.5454545454545454
758,BWA-std,1,0.09090909090909091
758,NW-flex,1,1.0
758,BWA-no-clip,2,0.5454545454545454
758,BWA-std,2,0.09090909090909091
758,NW-flex,2,1.0
758,BWA-no-clip,3,0.7272727272727273
758,BWA-std,3,0.18181818181818182
758,NW-flex,3,1.0
758,BWA-no-clip,4,0.8181818181818182
758,BWA-std,4,0.36363636363636365
758,NW-flex,4,1.0
758,BWA-no-clip,5,1.0
758,BWA-std,5,0.36363636363636365
758,NW-flex,5,1.0
758,BWA-no-clip,6,1.0
758,BWA-std,6,0.45454545454545453
758,NW-flex,6,1.0
758,BWA-no-clip,7,1.0
758,BWA-std,7,0.45454545454545453
758,NW-flex,7,1.0
758,BWA-no-clip,8,1.0
758,BWA-std,8,0.6363636363636364
758,NW-flex,8,1.0
758,BWA-no-clip,9,1.0
758,BWA-std,9,0.6363636363636364
758,NW-flex,9,1.0
758,BWA-no-clip,10,1.0
758,BWA-std,10,0.8181818181818182
758,NW-flex,10,1.0
759,BWA-no-clip,1,0.5454545454545454
759,BWA-std,1,0.09090909090909091
759,NW-flex,1,1.0
759,BWA-no-clip,2,0.7272727272727273
759,BWA-std,2,0.18181818181818182
759,NW-flex,2,1.0
759,BWA-no-clip,3,0.7272727272727273
759,BWA-std,3,0.18181818181818182
759,NW-flex,3,1.0
759,BWA-no-clip,4,0.7272727272727273
759,BWA-std,4,0.36363636363636365
759,NW-flex,4,1.0
759,BWA-no-clip,5,0.9090909090909091
759,BWA-std,5,0.36363636363636365
759,NW-flex,5,1.0
759,BWA-no-clip,6,1.0
759,BWA-std,6,0.45454545454545453
759,NW-flex,6,1.0
759,BWA-no-clip,7,1.0
759,BWA-std,7,0.45454545454545453
759,NW-flex,7,1.0
759,BWA-no-clip,8,1.0
759,BWA-std,8,0.6363636363636364
759,NW-flex,8,1.0
759,BWA-no-clip,9,1.0
759,BWA-std,9,0.6363636363636364
759,NW-flex,9,1.0
759,BWA-no-clip,10,1.0
759,BWA-std,10,0.8181818181818182
759,NW-flex,10,1.0
760,BWA-no-clip,1,0.5454545454545454
760,BWA-std,1,0.09090909090909091
760,NW-flex,1,1.0
760,BWA-no-clip,2,0.7272727272727273
760,BWA-std,2,0.18181818181818182
760,NW-flex,2,1.0
760,BWA-no-clip,3,0.9090909090909091
760,BWA-std,3,0.18181818181818182
760,NW-flex,3,1.0
760,BWA-no-clip,4,0.8181818181818182
760,BWA-std,4,0.36363636363636365
760,NW-flex,4,1.0
760,BWA-no-clip,5,1.0
760,BWA-std,5,0.36363636363636365
760,NW-flex,5,1.0
760,BWA-no-clip,6,1.0
760,BWA-std,6,0.45454545454545453
760,NW-flex,6,1.0
760,BWA-no-clip,7,1.0
760,BWA-std,7,0.45454545454545453
760,NW-flex,7,1.0
760,BWA-no-clip,8,1.0
760,BWA-std,8,0.6363636363636364
760,NW-flex,8,1.0
760,BWA-no-clip,9,1.0
760,BWA-std,9,0.6363636363636364
760,NW-flex,9,1.0
760,BWA-no-clip,10,1.0
760,BWA-std,10,0.8181818181818182
760,NW-flex,10,1.0
761,BWA-no-clip,1,0.5454545454545454
761,BWA-std,1,0.09090909090909091
761,NW-flex,1,1.0
761,BWA-no-clip,2,0.7272727272727273
761,BWA-std,2,0.18181818181818182
761,NW-flex,2,1.0
761,BWA-no-clip,3,0.8181818181818182
761,BWA-std,3,0.18181818181818182
761,NW-flex,3,1.0
761,BWA-no-clip,4,1.0
761,BWA-std,4,0.36363636363636365
761,NW-flex,4,1.0
761,BWA-no-clip,5,1.0
761,BWA-std,5,0.36363636363636365
761,NW-flex,5,1.0
761,BWA-no-clip,6,1.0
761,BWA-std,6,0.45454545454545453
761,NW-flex,6,1.0
761,BWA-no-clip,7,1.0
761,BWA-std,7,0.45454545454545453
761,NW-flex,7,1.0
761,BWA-no-clip,8,1.0
761,BWA-std,8,0.6363636363636364
761,NW-flex,8,1.0
761,BWA-no-clip,9,1.0
761,BWA-std,9,0.6363636363636364
761,NW-flex,9,1.0
761,BWA-no-clip,10,1.0
761,BWA-std,10,0.8181818181818182
761,NW-flex,10,1.0
762,BWA-no-clip,1,0.5454545454545454
762,BWA-std,1,0.09090909090909091
762,NW-flex,1,1.0
762,BWA-no-clip,2,0.6363636363636364
762,BWA-std,2,0.18181818181818182
762,NW-flex,2,1.0
762,BWA-no-clip,3,0.6363636363636364
762,BWA-std,3,0.18181818181818182
762,NW-flex,3,1.0
762,BWA-no-clip,4,0.8181818181818182
762,BWA-std,4,0.36363636363636365
762,NW-flex,4,1.0
762,BWA-no-clip,5,0.8181818181818182
762,BWA-std,5,0.36363636363636365
762,NW-flex,5,1.0
762,BWA-no-clip,6,1.0
762,BWA-std,6,0.45454545454545453
762,NW-flex,6,1.0
762,BWA-no-clip,7,1.0
762,BWA-std,7,0.45454545454545453
762,NW-flex,7,1.0
762,BWA-no-clip,8,1.0
762,BWA-std,8,0.6363636363636364
762,NW-flex,8,1.0
762,BWA-no-clip,9,1.0
762,BWA-std,9,0.6363636363636364
762,NW-flex,9,1.0
762,BWA-no-clip,10,1.0
762,BWA-std,10,0.8181818181818182
762,NW-flex,10,1.0
763,BWA-no-clip,1,0.5454545454545454
763,BWA-std,1,0.09090909090909091
763,NW-flex,1,1.0
763,BWA-no-clip,2,0.7272727272727273
763,BWA-std,2,0.18181818181818182
763,NW-flex,2,1.0
763,BWA-no-clip,3,0.7272727272727273
763,BWA-std,3,0.18181818181818182
763,NW-flex,3,1.0
763,BWA-no-clip,4,0.8181818181818182
763,BWA-std,4,0.36363636363636365
763,NW-flex,4,1.0
763,BWA-no-clip,5,0.8181818181818182
763,BWA-std,5,0.36363636363636365
763,NW-flex,5,1.0
763,BWA-no-clip,6,1.0
763,BWA-std,6,0.45454545454545453
763,NW-flex,6,1.0
763,BWA-no-clip,7,1.0
763,BWA-std,7,0.45454545454545453
763,NW-flex,7,1.0
763,BWA-no-clip,8,1.0
763,BWA-std,8,0.6363636363636364
763,NW-flex,8,1.0
763,BWA-no-clip,9,1.0
763,BWA-std,9,0.6363636363636364
763,NW-flex,9,1.0
763,BWA-no-clip,10,1.0
763,BWA-std,10,0.8181818181818182
763,NW-flex,10,1.0
764,BWA-no-clip,1,0.5454545454545454
764,BWA-std,1,0.09090909090909091
764,NW-flex,1,1.0
764,BWA-no-clip,2,0.6363636363636364
764,BWA-std,2,0.18181818181818182
764,NW-flex,2,1.0
764,BWA-no-clip,3,0.7272727272727273
764,BWA-std,3,0.18181818181818182
764,NW-flex,3,1.0
764,BWA-no-clip,4,0.8181818181818182
764,BWA-std,4,0.36363636363636365
764,NW-flex,4,1.0
764,BWA-no-clip,5,0.8181818181818182
764,BWA-std,5,0.36363636363636365
764,NW-flex,5,1.0
764,BWA-no-clip,6,1.0
764,BWA-std,6,0.45454545454545453
764,NW-flex,6,1.0
764,BWA-no-clip,7,1.0
764,BWA-std,7,0.45454545454545453
764,NW-flex,7,1.0
764,BWA-no-clip,8,1.0
764,BWA-std,8,0.6363636363636364
764,NW-flex,8,1.0
764,BWA-no-clip,9,1.0
764,BWA-std,9,0.6363636363636364
764,NW-flex,9,1.0
764,BWA-no-clip,10,1.0
764,BWA-std,10,0.8181818181818182
764,NW-flex,10,1.0
765,BWA-no-clip,1,0.36363636363636365
765,BWA-std,1,0.09090909090909091
765,NW-flex,1,1.0
765,BWA-no-clip,2,0.5454545454545454
765,BWA-std,2,0.18181818181818182
765,NW-flex,2,1.0
765,BWA-no-clip,3,0.5454545454545454
765,BWA-std,3,0.18181818181818182
765,NW-flex,3,1.0
765,BWA-no-clip,4,0.5454545454545454
765,BWA-std,4,0.36363636363636365
765,NW-flex,4,1.0
765,BWA-no-clip,5,0.9090909090909091
765,BWA-std,5,0.36363636363636365
765,NW-flex,5,1.0
765,BWA-no-clip,6,1.0
765,BWA-std,6,0.45454545454545453
765,NW-flex,6,1.0
765,BWA-no-clip,7,1.0
765,BWA-std,7,0.45454545454545453
765,NW-flex,7,1.0
765,BWA-no-clip,8,1.0
765,BWA-std,8,0.6363636363636364
765,NW-flex,8,1.0
765,BWA-no-clip,9,1.0
765,BWA-std,9,0.6363636363636364
765,NW-flex,9,1.0
765,BWA-no-clip,10,1.0
765,BWA-std,10,0.8181818181818182
765,NW-flex,10,1.0
766,BWA-no-clip,1,0.5454545454545454
766,BWA-std,1,0.09090909090909091
766,NW-flex,1,1.0
766,BWA-no-clip,2,0.6363636363636364
766,BWA-std,2,0.18181818181818182
766,NW-flex,2,1.0
766,BWA-no-clip,3,0.8181818181818182
766,BWA-std,3,0.18181818181818182
766,NW-flex,3,1.0
766,BWA-no-clip,4,1.0
766,BWA-std,4,0.36363636363636365
766,NW-flex,4,1.0
766,BWA-no-clip,5,1.0
766,BWA-std,5,0.36363636363636365
766,NW-flex,5,1.0
766,BWA-no-clip,6,1.0
766,BWA-std,6,0.45454545454545453
766,NW-flex,6,1.0
766,BWA-no-clip,7,1.0
766,BWA-std,7,0.45454545454545453
766,NW-flex,7,1.0
766,BWA-no-clip,8,1.0
766,BWA-std,8,0.6363636363636364
766,NW-flex,8,1.0
766,BWA-no-clip,9,1.0
766,BWA-std,9,0.6363636363636364
766,NW-flex,9,1.0
766,BWA-no-clip,10,1.0
766,BWA-std,10,0.8181818181818182
766,NW-flex,10,1.0
767,BWA-no-clip,1,0.2727272727272727
767,BWA-std,1,0.09090909090909091
767,NW-flex,1,1.0
767,BWA-no-clip,2,0.2727272727272727
767,BWA-std,2,0.09090909090909091
767,NW-flex,2,1.0
767,BWA-no-clip,3,0.5454545454545454
767,BWA-std,3,0.18181818181818182
767,NW-flex,3,1.0
767,BWA-no-clip,4,0.6363636363636364
767,BWA-std,4,0.36363636363636365
767,NW-flex,4,1.0
767,BWA-no-clip,5,0.7272727272727273
767,BWA-std,5,0.36363636363636365
767,NW-flex,5,1.0
767,BWA-no-clip,6,0.7272727272727273
767,BWA-std,6,0.45454545454545453
767,NW-flex,6,1.0
767,BWA-no-clip,7,0.9090909090909091
767,BWA-std,7,0.45454545454545453
767,NW-flex,7,1.0
767,BWA-no-clip,8,0.9090909090909091
767,BWA-std,8,0.6363636363636364
767,NW-flex,8,1.0
767,BWA-no-clip,9,1.0
767,BWA-std,9,0.6363636363636364
767,NW-flex,9,1.0
767,BWA-no-clip,10,1.0
767,BWA-std,10,0.8181818181818182
767,NW-flex,10,1.0
768,BWA-no-clip,1,0.5454545454545454
768,BWA-std,1,0.09090909090909091
768,NW-flex,1,1.0
768,BWA-no-clip,2,0.7272727272727273
768,BWA-std,2,0.18181818181818182
768,NW-flex,2,1.0
768,BWA-no-clip,3,0.9090909090909091
768,BWA-std,3,0.18181818181818182
768,NW-flex,3,1.0
768,BWA-no-clip,4,1.0
768,BWA-std,4,0.36363636363636365
768,NW-flex,4,1.0
768,BWA-no-clip,5,1.0
768,BWA-std,5,0.36363636363636365
768,NW-flex,5,1.0
768,BWA-no-clip,6,1.0
768,BWA-std,6,0.45454545454545453
768,NW-flex,6,1.0
768,BWA-no-clip,7,1.0
768,BWA-std,7,0.45454545454545453
768,NW-flex,7,1.0
768,BWA-no-clip,8,1.0
768,BWA-std,8,0.6363636363636364
768,NW-flex,8,1.0
768,BWA-no-clip,9,1.0
768,BWA-std,9,0.6363636363636364
768,NW-flex,9,1.0
768,BWA-no-clip,10,1.0
768,BWA-std,10,0.8181818181818182
768,NW-flex,10,1.0
769,BWA-no-clip,1,0.5454545454545454
769,BWA-std,1,0.09090909090909091
769,NW-flex,1,1.0
769,BWA-no-clip,2,0.7272727272727273
769,BWA-std,2,0.18181818181818182
769,NW-flex,2,1.0
769,BWA-no-clip,3,0.8181818181818182
769,BWA-std,3,0.18181818181818182
769,NW-flex,3,1.0
769,BWA-no-clip,4,1.0
769,BWA-std,4,0.36363636363636365
769,NW-flex,4,1.0
769,BWA-no-clip,5,1.0
769,BWA-std,5,0.36363636363636365
769,NW-flex,5,1.0
769,BWA-no-clip,6,1.0
769,BWA-std,6,0.45454545454545453
769,NW-flex,6,1.0
769,BWA-no-clip,7,1.0
769,BWA-std,7,0.45454545454545453
769,NW-flex,7,1.0
769,BWA-no-clip,8,1.0
769,BWA-std,8,0.6363636363636364
769,NW-flex,8,1.0
769,BWA-no-clip,9,1.0
769,BWA-std,9,0.6363636363636364
769,NW-flex,9,1.0
769,BWA-no-clip,10,1.0
769,BWA-std,10,0.8181818181818182
769,NW-flex,10,1.0
770,BWA-no-clip,1,0.5454545454545454
770,BWA-std,1,0.09090909090909091
770,NW-flex,1,1.0
770,BWA-no-clip,2,0.7272727272727273
770,BWA-std,2,0.18181818181818182
770,NW-flex,2,1.0
770,BWA-no-clip,3,0.9090909090909091
770,BWA-std,3,0.18181818181818182
770,NW-flex,3,1.0
770,BWA-no-clip,4,1.0
770,BWA-std,4,0.36363636363636365
770,NW-flex,4,1.0
770,BWA-no-clip,5,0.9090909090909091
770,BWA-std,5,0.36363636363636365
770,NW-flex,5,1.0
770,BWA-no-clip,6,1.0
770,BWA-std,6,0.45454545454545453
770,NW-flex,6,1.0
770,BWA-no-clip,7,1.0
770,BWA-std,7,0.45454545454545453
770,NW-flex,7,1.0
770,BWA-no-clip,8,1.0
770,BWA-std,8,0.6363636363636364
770,NW-flex,8,1.0
770,BWA-no-clip,9,1.0
770,BWA-std,9,0.6363636363636364
770,NW-flex,9,1.0
770,BWA-no-clip,10,1.0
770,BWA-std,10,0.8181818181818182
770,NW-flex,10,1.0
771,BWA-no-clip,1,0.45454545454545453
771,BWA-std,1,0.09090909090909091
771,NW-flex,1,1.0
771,BWA-no-clip,2,0.5454545454545454
771,BWA-std,2,0.09090909090909091
771,NW-flex,2,1.0
771,BWA-no-clip,3,0.6363636363636364
771,BWA-std,3,0.18181818181818182
771,NW-flex,3,1.0
771,BWA-no-clip,4,0.9090909090909091
771,BWA-std,4,0.36363636363636365
771,NW-flex,4,1.0
771,BWA-no-clip,5,1.0
771,BWA-std,5,0.36363636363636365
771,NW-flex,5,1.0
771,BWA-no-clip,6,1.0
771,BWA-std,6,0.45454545454545453
771,NW-flex,6,1.0
771,BWA-no-clip,7,1.0
771,BWA-std,7,0.45454545454545453
771,NW-flex,7,1.0
771,BWA-no-clip,8,1.0
771,BWA-std,8,0.6363636363636364
771,NW-flex,8,1.0
771,BWA-no-clip,9,1.0
771,BWA-std,9,0.6363636363636364
771,NW-flex,9,1.0
771,BWA-no-clip,10,1.0
771,BWA-std,10,0.8181818181818182
771,NW-flex,10,1.0
772,BWA-no-clip,1,0.5454545454545454
772,BWA-std,1,0.09090909090909091
772,NW-flex,1,1.0
772,BWA-no-clip,2,0.7272727272727273
772,BWA-std,2,0.18181818181818182
772,NW-flex,2,1.0
772,BWA-no-clip,3,0.7272727272727273
772,BWA-std,3,0.18181818181818182
772,NW-flex,3,1.0
772,BWA-no-clip,4,0.9090909090909091
772,BWA-std,4,0.36363636363636365
772,NW-flex,4,1.0
772,BWA-no-clip,5,0.9090909090909091
772,BWA-std,5,0.36363636363636365
772,NW-flex,5,1.0
772,BWA-no-clip,6,0.9090909090909091
772,BWA-std,6,0.45454545454545453
772,NW-flex,6,1.0
772,BWA-no-clip,7,0.9090909090909091
772,BWA-std,7,0.45454545454545453
772,NW-flex,7,1.0
772,BWA-no-clip,8,1.0
772,BWA-std,8,0.6363636363636364
772,NW-flex,8,1.0
772,BWA-no-clip,9,1.0
772,BWA-std,9,0.6363636363636364
772,NW-flex,9,1.0
772,BWA-no-clip,10,1.0
772,BWA-std,10,0.8181818181818182
772,NW-flex,10,1.0
773,BWA-no-clip,1,0.5454545454545454
773,BWA-std,1,0.09090909090909091
773,NW-flex,1,1.0
773,BWA-no-clip,2,0.6363636363636364
773,BWA-std,2,0.18181818181818182
773,NW-flex,2,1.0
773,BWA-no-clip,3,0.7272727272727273
773,BWA-std,3,0.18181818181818182
773,NW-flex,3,1.0
773,BWA-no-clip,4,0.9090909090909091
773,BWA-std,4,0.36363636363636365
773,NW-flex,4,1.0
773,BWA-no-clip,5,1.0
773,BWA-std,5,0.36363636363636365
773,NW-flex,5,1.0
773,BWA-no-clip,6,1.0
773,BWA-std,6,0.45454545454545453
773,NW-flex,6,1.0
773,BWA-no-clip,7,1.0
773,BWA-std,7,0.45454545454545453
773,NW-flex,7,1.0
773,BWA-no-clip,8,1.0
773,BWA-std,8,0.6363636363636364
773,NW-flex,8,1.0
773,BWA-no-clip,9,1.0
773,BWA-std,9,0.6363636363636364
773,NW-flex,9,1.0
773,BWA-no-clip,10,1.0
773,BWA-std,10,0.8181818181818182
773,NW-flex,10,1.0
774,BWA-no-clip,1,0.5454545454545454
774,BWA-std,1,0.09090909090909091
774,NW-flex,1,1.0
774,BWA-no-clip,2,0.7272727272727273
774,BWA-std,2,0.18181818181818182
774,NW-flex,2,1.0
774,BWA-no-clip,3,0.8181818181818182
774,BWA-std,3,0.18181818181818182
774,NW-flex,3,1.0
774,BWA-no-clip,4,0.9090909090909091
774,BWA-std,4,0.36363636363636365
774,NW-flex,4,1.0
774,BWA-no-clip,5,1.0
774,BWA-std,5,0.36363636363636365
774,NW-flex,5,1.0
774,BWA-no-clip,6,1.0
774,BWA-std,6,0.45454545454545453
774,NW-flex,6,1.0
774,BWA-no-clip,7,1.0
774,BWA-std,7,0.45454545454545453
774,NW-flex,7,1.0
774,BWA-no-clip,8,1.0
774,BWA-std,8,0.6363636363636364
774,NW-flex,8,1.0
774,BWA-no-clip,9,1.0
774,BWA-std,9,0.6363636363636364
774,NW-flex,9,1.0
774,BWA-no-clip,10,1.0
774,BWA-std,10,0.8181818181818182
774,NW-flex,10,1.0
775,BWA-no-clip,1,0.5454545454545454
775,BWA-std,1,0.09090909090909091
775,NW-flex,1,1.0
775,BWA-no-clip,2,0.7272727272727273
775,BWA-std,2,0.18181818181818182
775,NW-flex,2,1.0
775,BWA-no-clip,3,0.9090909090909091
775,BWA-std,3,0.18181818181818182
775,NW-flex,3,1.0
775,BWA-no-clip,4,1.0
775,BWA-std,4,0.36363636363636365
775,NW-flex,4,1.0
775,BWA-no-clip,5,1.0
775,BWA-std,5,0.36363636363636365
775,NW-flex,5,1.0
775,BWA-no-clip,6,1.0
775,BWA-std,6,0.45454545454545453
775,NW-flex,6,1.0
775,BWA-no-clip,7,1.0
775,BWA-std,7,0.45454545454545453
775,NW-flex,7,1.0
775,BWA-no-clip,8,1.0
775,BWA-std,8,0.6363636363636364
775,NW-flex,8,1.0
775,BWA-no-clip,9,1.0
775,BWA-std,9,0.6363636363636364
775,NW-flex,9,1.0
775,BWA-no-clip,10,1.0
775,BWA-std,10,0.8181818181818182
775,NW-flex,10,1.0
776,BWA-no-clip,1,0.5454545454545454
776,BWA-std,1,0.09090909090909091
776,NW-flex,1,1.0
776,BWA-no-clip,2,0.7272727272727273
776,BWA-std,2,0.18181818181818182
776,NW-flex,2,1.0
776,BWA-no-clip,3,0.9090909090909091
776,BWA-std,3,0.18181818181818182
776,NW-flex,3,1.0
776,BWA-no-clip,4,1.0
776,BWA-std,4,0.36363636363636365
776,NW-flex,4,1.0
776,BWA-no-clip,5,1.0
776,BWA-std,5,0.36363636363636365
776,NW-flex,5,1.0
776,BWA-no-clip,6,1.0
776,BWA-std,6,0.45454545454545453
776,NW-flex,6,1.0
776,BWA-no-clip,7,1.0
776,BWA-std,7,0.45454545454545453
776,NW-flex,7,1.0
776,BWA-no-clip,8,1.0
776,BWA-std,8,0.6363636363636364
776,NW-flex,8,1.0
776,BWA-no-clip,9,1.0
776,BWA-std,9,0.6363636363636364
776,NW-flex,9,1.0
776,BWA-no-clip,10,1.0
776,BWA-std,10,0.8181818181818182
776,NW-flex,10,1.0
777,BWA-no-clip,1,0.5454545454545454
777,BWA-std,1,0.09090909090909091
777,NW-flex,1,1.0
777,BWA-no-clip,2,0.6363636363636364
777,BWA-std,2,0.18181818181818182
777,NW-flex,2,1.0
777,BWA-no-clip,3,0.8181818181818182
777,BWA-std,3,0.18181818181818182
777,NW-flex,3,1.0
777,BWA-no-clip,4,0.9090909090909091
777,BWA-std,4,0.36363636363636365
777,NW-flex,4,1.0
777,BWA-no-clip,5,1.0
777,BWA-std,5,0.36363636363636365
777,NW-flex,5,1.0
777,BWA-no-clip,6,1.0
777,BWA-std,6,0.45454545454545453
777,NW-flex,6,1.0
777,BWA-no-clip,7,1.0
777,BWA-std,7,0.45454545454545453
777,NW-flex,7,1.0
777,BWA-no-clip,8,1.0
777,BWA-std,8,0.6363636363636364
777,NW-flex,8,1.0
777,BWA-no-clip,9,1.0
777,BWA-std,9,0.6363636363636364
777,NW-flex,9,1.0
777,BWA-no-clip,10,1.0
777,BWA-std,10,0.8181818181818182
777,NW-flex,10,1.0
778,BWA-no-clip,1,0.45454545454545453
778,BWA-std,1,0.09090909090909091
778,NW-flex,1,1.0
778,BWA-no-clip,2,0.36363636363636365
778,BWA-std,2,0.09090909090909091
778,NW-flex,2,1.0
778,BWA-no-clip,3,0.7272727272727273
778,BWA-std,3,0.18181818181818182
778,NW-flex,3,1.0
778,BWA-no-clip,4,0.8181818181818182
778,BWA-std,4,0.36363636363636365
778,NW-flex,4,1.0
778,BWA-no-clip,5,0.9090909090909091
778,BWA-std,5,0.36363636363636365
778,NW-flex,5,1.0
778,BWA-no-clip,6,1.0
778,BWA-std,6,0.45454545454545453
778,NW-flex,6,1.0
778,BWA-no-clip,7,1.0
778,BWA-std,7,0.45454545454545453
778,NW-flex,7,1.0
778,BWA-no-clip,8,1.0
778,BWA-std,8,0.6363636363636364
778,NW-flex,8,1.0
778,BWA-no-clip,9,1.0
778,BWA-std,9,0.6363636363636364
778,NW-flex,9,1.0
778,BWA-no-clip,10,1.0
778,BWA-std,10,0.8181818181818182
778,NW-flex,10,1.0
779,BWA-no-clip,1,0.18181818181818182
779,BWA-std,1,0.09090909090909091
779,NW-flex,1,1.0
779,BWA-no-clip,2,0.6363636363636364
779,BWA-std,2,0.18181818181818182
779,NW-flex,2,1.0
779,BWA-no-clip,3,0.8181818181818182
779,BWA-std,3,0.18181818181818182
779,NW-flex,3,1.0
779,BWA-no-clip,4,0.9090909090909091
779,BWA-std,4,0.36363636363636365
779,NW-flex,4,1.0
779,BWA-no-clip,5,1.0
779,BWA-std,5,0.36363636363636365
779,NW-flex,5,1.0
779,BWA-no-clip,6,1.0
779,BWA-std,6,0.45454545454545453
779,NW-flex,6,1.0
779,BWA-no-clip,7,1.0
779,BWA-std,7,0.45454545454545453
779,NW-flex,7,1.0
779,BWA-no-clip,8,1.0
779,BWA-std,8,0.6363636363636364
779,NW-flex,8,1.0
779,BWA-no-clip,9,1.0
779,BWA-std,9,0.6363636363636364
779,NW-flex,9,1.0
779,BWA-no-clip,10,1.0
779,BWA-std,10,0.8181818181818182
779,NW-flex,10,1.0
780,BWA-no-clip,1,0.36363636363636365
780,BWA-std,1,0.09090909090909091
780,NW-flex,1,1.0
780,BWA-no-clip,2,0.5454545454545454
780,BWA-std,2,0.18181818181818182
780,NW-flex,2,1.0
780,BWA-no-clip,3,0.6363636363636364
780,BWA-std,3,0.18181818181818182
780,NW-flex,3,1.0
780,BWA-no-clip,4,0.8181818181818182
780,BWA-std,4,0.36363636363636365
780,NW-flex,4,1.0
780,BWA-no-clip,5,0.9090909090909091
780,BWA-std,5,0.36363636363636365
780,NW-flex,5,1.0
780,BWA-no-clip,6,0.9090909090909091
780,BWA-std,6,0.45454545454545453
780,NW-flex,6,1.0
780,BWA-no-clip,7,0.9090909090909091
780,BWA-std,7,0.45454545454545453
780,NW-flex,7,1.0
780,BWA-no-clip,8,1.0
780,BWA-std,8,0.6363636363636364
780,NW-flex,8,1.0
780,BWA-no-clip,9,1.0
780,BWA-std,9,0.6363636363636364
780,NW-flex,9,1.0
780,BWA-no-clip,10,1.0
780,BWA-std,10,0.8181818181818182
780,NW-flex,10,1.0
781,BWA-no-clip,1,0.5454545454545454
781,BWA-std,1,0.09090909090909091
781,NW-flex,1,1.0
781,BWA-no-clip,2,0.7272727272727273
781,BWA-std,2,0.18181818181818182
781,NW-flex,2,1.0
781,BWA-no-clip,3,0.9090909090909091
781,BWA-std,3,0.18181818181818182
781,NW-flex,3,1.0
781,BWA-no-clip,4,0.9090909090909091
781,BWA-std,4,0.36363636363636365
781,NW-flex,4,1.0
781,BWA-no-clip,5,0.9090909090909091
781,BWA-std,5,0.36363636363636365
781,NW-flex,5,1.0
781,BWA-no-clip,6,1.0
781,BWA-std,6,0.45454545454545453
781,NW-flex,6,1.0
781,BWA-no-clip,7,1.0
781,BWA-std,7,0.45454545454545453
781,NW-flex,7,1.0
781,BWA-no-clip,8,1.0
781,BWA-std,8,0.6363636363636364
781,NW-flex,8,1.0
781,BWA-no-clip,9,1.0
781,BWA-std,9,0.6363636363636364
781,NW-flex,9,1.0
781,BWA-no-clip,10,1.0
781,BWA-std,10,0.8181818181818182
781,NW-flex,10,1.0
782,BWA-no-clip,1,0.5454545454545454
782,BWA-std,1,0.09090909090909091
782,NW-flex,1,1.0
782,BWA-no-clip,2,0.6363636363636364
782,BWA-std,2,0.18181818181818182
782,NW-flex,2,1.0
782,BWA-no-clip,3,0.8181818181818182
782,BWA-std,3,0.18181818181818182
782,NW-flex,3,1.0
782,BWA-no-clip,4,1.0
782,BWA-std,4,0.36363636363636365
782,NW-flex,4,1.0
782,BWA-no-clip,5,1.0
782,BWA-std,5,0.36363636363636365
782,NW-flex,5,1.0
782,BWA-no-clip,6,1.0
782,BWA-std,6,0.45454545454545453
782,NW-flex,6,1.0
782,BWA-no-clip,7,1.0
782,BWA-std,7,0.45454545454545453
782,NW-flex,7,1.0
782,BWA-no-clip,8,1.0
782,BWA-std,8,0.6363636363636364
782,NW-flex,8,1.0
782,BWA-no-clip,9,1.0
782,BWA-std,9,0.6363636363636364
782,NW-flex,9,1.0
782,BWA-no-clip,10,1.0
782,BWA-std,10,0.8181818181818182
782,NW-flex,10,1.0
783,BWA-no-clip,1,0.5454545454545454
783,BWA-std,1,0.09090909090909091
783,NW-flex,1,1.0
783,BWA-no-clip,2,0.7272727272727273
783,BWA-std,2,0.18181818181818182
783,NW-flex,2,1.0
783,BWA-no-clip,3,0.8181818181818182
783,BWA-std,3,0.18181818181818182
783,NW-flex,3,1.0
783,BWA-no-clip,4,1.0
783,BWA-std,4,0.36363636363636365
783,NW-flex,4,1.0
783,BWA-no-clip,5,0.9090909090909091
783,BWA-std,5,0.36363636363636365
783,NW-flex,5,1.0
783,BWA-no-clip,6,0.9090909090909091
783,BWA-std,6,0.45454545454545453
783,NW-flex,6,1.0
783,BWA-no-clip,7,1.0
783,BWA-std,7,0.45454545454545453
783,NW-flex,7,1.0
783,BWA-no-clip,8,1.0
783,BWA-std,8,0.6363636363636364
783,NW-flex,8,1.0
783,BWA-no-clip,9,1.0
783,BWA-std,9,0.6363636363636364
783,NW-flex,9,1.0
783,BWA-no-clip,10,1.0
783,BWA-std,10,0.8181818181818182
783,NW-flex,10,1.0
784,BWA-no-clip,1,0.5454545454545454
784,BWA-std,1,0.09090909090909091
784,NW-flex,1,1.0
784,BWA-no-clip,2,0.7272727272727273
784,BWA-std,2,0.18181818181818182
784,NW-flex,2,1.0
784,BWA-no-clip,3,0.7272727272727273
784,BWA-std,3,0.18181818181818182
784,NW-flex,3,1.0
784,BWA-no-clip,4,0.7272727272727273
784,BWA-std,4,0.36363636363636365
784,NW-flex,4,1.0
784,BWA-no-clip,5,0.9090909090909091
784,BWA-std,5,0.36363636363636365
784,NW-flex,5,1.0
784,BWA-no-clip,6,1.0
784,BWA-std,6,0.45454545454545453
784,NW-flex,6,1.0
784,BWA-no-clip,7,1.0
784,BWA-std,7,0.45454545454545453
784,NW-flex,7,1.0
784,BWA-no-clip,8,1.0
784,BWA-std,8,0.6363636363636364
784,NW-flex,8,1.0
784,BWA-no-clip,9,1.0
784,BWA-std,9,0.6363636363636364
784,NW-flex,9,1.0
784,BWA-no-clip,10,1.0
784,BWA-std,10,0.8181818181818182
784,NW-flex,10,1.0
785,BWA-no-clip,1,0.5454545454545454
785,BWA-std,1,0.09090909090909091
785,NW-flex,1,1.0
785,BWA-no-clip,2,0.5454545454545454
785,BWA-std,2,0.09090909090909091
785,NW-flex,2,1.0
785,BWA-no-clip,3,0.7272727272727273
785,BWA-std,3,0.18181818181818182
785,NW-flex,3,1.0
785,BWA-no-clip,4,0.9090909090909091
785,BWA-std,4,0.36363636363636365
785,NW-flex,4,1.0
785,BWA-no-clip,5,1.0
785,BWA-std,5,0.36363636363636365
785,NW-flex,5,1.0
785,BWA-no-clip,6,1.0
785,BWA-std,6,0.45454545454545453
785,NW-flex,6,1.0
785,BWA-no-clip,7,1.0
785,BWA-std,7,0.45454545454545453
785,NW-flex,7,1.0
785,BWA-no-clip,8,1.0
785,BWA-std,8,0.6363636363636364
785,NW-flex,8,1.0
785,BWA-no-clip,9,1.0
785,BWA-std,9,0.6363636363636364
785,NW-flex,9,1.0
785,BWA-no-clip,10,1.0
785,BWA-std,10,0.8181818181818182
785,NW-flex,10,1.0
786,BWA-no-clip,1,0.5454545454545454
786,BWA-std,1,0.09090909090909091
786,NW-flex,1,1.0
786,BWA-no-clip,2,0.6363636363636364
786,BWA-std,2,0.18181818181818182
786,NW-flex,2,1.0
786,BWA-no-clip,3,0.7272727272727273
786,BWA-std,3,0.18181818181818182
786,NW-flex,3,1.0
786,BWA-no-clip,4,0.8181818181818182
786,BWA-std,4,0.36363636363636365
786,NW-flex,4,1.0
786,BWA-no-clip,5,0.9090909090909091
786,BWA-std,5,0.36363636363636365
786,NW-flex,5,1.0
786,BWA-no-clip,6,1.0
786,BWA-std,6,0.45454545454545453
786,NW-flex,6,1.0
786,BWA-no-clip,7,1.0
786,BWA-std,7,0.45454545454545453
786,NW-flex,7,1.0
786,BWA-no-clip,8,1.0
786,BWA-std,8,0.6363636363636364
786,NW-flex,8,1.0
786,BWA-no-clip,9,1.0
786,BWA-std,9,0.6363636363636364
786,NW-flex,9,1.0
786,BWA-no-clip,10,1.0
786,BWA-std,10,0.8181818181818182
786,NW-flex,10,1.0
787,BWA-no-clip,1,0.09090909090909091
787,BWA-std,1,0.09090909090909091
787,NW-flex,1,1.0
787,BWA-no-clip,2,0.45454545454545453
787,BWA-std,2,0.09090909090909091
787,NW-flex,2,1.0
787,BWA-no-clip,3,0.5454545454545454
787,BWA-std,3,0.09090909090909091
787,NW-flex,3,1.0
787,BWA-no-clip,4,0.6363636363636364
787,BWA-std,4,0.36363636363636365
787,NW-flex,4,1.0
787,BWA-no-clip,5,0.6363636363636364
787,BWA-std,5,0.36363636363636365
787,NW-flex,5,1.0
787,BWA-no-clip,6,0.7272727272727273
787,BWA-std,6,0.45454545454545453
787,NW-flex,6,1.0
787,BWA-no-clip,7,0.8181818181818182
787,BWA-std,7,0.45454545454545453
787,NW-flex,7,1.0
787,BWA-no-clip,8,1.0
787,BWA-std,8,0.6363636363636364
787,NW-flex,8,1.0
787,BWA-no-clip,9,1.0
787,BWA-std,9,0.6363636363636364
787,NW-flex,9,1.0
787,BWA-no-clip,10,1.0
787,BWA-std,10,0.8181818181818182
787,NW-flex,10,1.0
788,BWA-no-clip,1,0.5454545454545454
788,BWA-std,1,0.09090909090909091
788,NW-flex,1,1.0
788,BWA-no-clip,2,0.7272727272727273
788,BWA-std,2,0.18181818181818182
788,NW-flex,2,1.0
788,BWA-no-clip,3,0.9090909090909091
788,BWA-std,3,0.18181818181818182
788,NW-flex,3,1.0
788,BWA-no-clip,4,0.8181818181818182
788,BWA-std,4,0.36363636363636365
788,NW-flex,4,1.0
788,BWA-no-clip,5,0.8181818181818182
788,BWA-std,5,0.36363636363636365
788,NW-flex,5,1.0
788,BWA-no-clip,6,1.0
788,BWA-std,6,0.45454545454545453
788,NW-flex,6,1.0
788,BWA-no-clip,7,1.0
788,BWA-std,7,0.45454545454545453
788,NW-flex,7,1.0
788,BWA-no-clip,8,1.0
788,BWA-std,8,0.6363636363636364
788,NW-flex,8,1.0
788,BWA-no-clip,9,1.0
788,BWA-std,9,0.6363636363636364
788,NW-flex,9,1.0
788,BWA-no-clip,10,1.0
788,BWA-std,10,0.8181818181818182
788,NW-flex,10,1.0
789,BWA-no-clip,1,0.5454545454545454
789,BWA-std,1,0.09090909090909091
789,NW-flex,1,1.0
789,BWA-no-clip,2,0.5454545454545454
789,BWA-std,2,0.09090909090909091
789,NW-flex,2,1.0
789,BWA-no-clip,3,0.7272727272727273
789,BWA-std,3,0.18181818181818182
789,NW-flex,3,1.0
789,BWA-no-clip,4,0.8181818181818182
789,BWA-std,4,0.36363636363636365
789,NW-flex,4,1.0
789,BWA-no-clip,5,1.0
789,BWA-std,5,0.36363636363636365
789,NW-flex,5,1.0
789,BWA-no-clip,6,1.0
789,BWA-std,6,0.45454545454545453
789,NW-flex,6,1.0
789,BWA-no-clip,7,1.0
789,BWA-std,7,0.45454545454545453
789,NW-flex,7,1.0
789,BWA-no-clip,8,1.0
789,BWA-std,8,0.6363636363636364
789,NW-flex,8,1.0
789,BWA-no-clip,9,1.0
789,BWA-std,9,0.6363636363636364
789,NW-flex,9,1.0
789,BWA-no-clip,10,1.0
789,BWA-std,10,0.8181818181818182
789,NW-flex,10,1.0
790,BWA-no-clip,1,0.45454545454545453
790,BWA-std,1,0.09090909090909091
790,NW-flex,1,1.0
790,BWA-no-clip,2,0.5454545454545454
790,BWA-std,2,0.09090909090909091
790,NW-flex,2,1.0
790,BWA-no-clip,3,0.6363636363636364
790,BWA-std,3,0.18181818181818182
790,NW-flex,3,1.0
790,BWA-no-clip,4,0.9090909090909091
790,BWA-std,4,0.36363636363636365
790,NW-flex,4,1.0
790,BWA-no-clip,5,0.9090909090909091
790,BWA-std,5,0.36363636363636365
790,NW-flex,5,1.0
790,BWA-no-clip,6,1.0
790,BWA-std,6,0.45454545454545453
790,NW-flex,6,1.0
790,BWA-no-clip,7,1.0
790,BWA-std,7,0.45454545454545453
790,NW-flex,7,1.0
790,BWA-no-clip,8,1.0
790,BWA-std,8,0.6363636363636364
790,NW-flex,8,1.0
790,BWA-no-clip,9,1.0
790,BWA-std,9,0.6363636363636364
790,NW-flex,9,1.0
790,BWA-no-clip,10,1.0
790,BWA-std,10,0.8181818181818182
790,NW-flex,10,1.0
791,BWA-no-clip,1,0.5454545454545454
791,BWA-std,1,0.09090909090909091
791,NW-flex,1,1.0
791,BWA-no-clip,2,0.5454545454545454
791,BWA-std,2,0.09090909090909091
791,NW-flex,2,1.0
791,BWA-no-clip,3,0.7272727272727273
791,BWA-std,3,0.18181818181818182
791,NW-flex,3,1.0
791,BWA-no-clip,4,0.8181818181818182
791,BWA-std,4,0.36363636363636365
791,NW-flex,4,1.0
791,BWA-no-clip,5,0.8181818181818182
791,BWA-std,5,0.36363636363636365
791,NW-flex,5,1.0
791,BWA-no-clip,6,1.0
791,BWA-std,6,0.45454545454545453
791,NW-flex,6,1.0
791,BWA-no-clip,7,1.0
791,BWA-std,7,0.45454545454545453
791,NW-flex,7,1.0
791,BWA-no-clip,8,1.0
791,BWA-std,8,0.6363636363636364
791,NW-flex,8,1.0
791,BWA-no-clip,9,1.0
791,BWA-std,9,0.6363636363636364
791,NW-flex,9,1.0
791,BWA-no-clip,10,1.0
791,BWA-std,10,0.8181818181818182
791,NW-flex,10,1.0
792,BWA-no-clip,1,0.45454545454545453
792,BWA-std,1,0.09090909090909091
792,NW-flex,1,1.0
792,BWA-no-clip,2,0.5454545454545454
792,BWA-std,2,0.09090909090909091
792,NW-flex,2,1.0
792,BWA-no-clip,3,0.6363636363636364
792,BWA-std,3,0.18181818181818182
792,NW-flex,3,1.0
792,BWA-no-clip,4,0.8181818181818182
792,BWA-std,4,0.36363636363636365
792,NW-flex,4,1.0
792,BWA-no-clip,5,0.8181818181818182
792,BWA-std,5,0.36363636363636365
792,NW-flex,5,1.0
792,BWA-no-clip,6,1.0
792,BWA-std,6,0.45454545454545453
792,NW-flex,6,1.0
792,BWA-no-clip,7,1.0
792,BWA-std,7,0.45454545454545453
792,NW-flex,7,1.0
792,BWA-no-clip,8,1.0
792,BWA-std,8,0.6363636363636364
792,NW-flex,8,1.0
792,BWA-no-clip,9,1.0
792,BWA-std,9,0.6363636363636364
792,NW-flex,9,1.0
792,BWA-no-clip,10,1.0
792,BWA-std,10,0.8181818181818182
792,NW-flex,10,1.0
793,BWA-no-clip,1,0.09090909090909091
793,BWA-std,1,0.09090909090909091
793,NW-flex,1,1.0
793,BWA-no-clip,2,0.09090909090909091
793,BWA-std,2,0.09090909090909091
793,NW-flex,2,1.0
793,BWA-no-clip,3,0.12121212121212122
793,BWA-std,3,0.18181818181818182
793,NW-flex,3,1.0
793,BWA-no-clip,4,0.12121212121212122
793,BWA-std,4,0.18181818181818182
793,NW-flex,4,1.0
793,BWA-no-clip,5,0.5757575757575758
793,BWA-std,5,0.2727272727272727
793,NW-flex,5,1.0
793,BWA-no-clip,6,1.0
793,BWA-std,6,0.45454545454545453
793,NW-flex,6,1.0
793,BWA-no-clip,7,1.0
793,BWA-std,7,0.45454545454545453
793,NW-flex,7,1.0
793,BWA-no-clip,8,1.0
793,BWA-std,8,0.6363636363636364
793,NW-flex,8,1.0
793,BWA-no-clip,9,1.0
793,BWA-std,9,0.6363636363636364
793,NW-flex,9,1.0
793,BWA-no-clip,10,1.0
793,BWA-std,10,0.8181818181818182
793,NW-flex,10,1.0
794,BWA-no-clip,1,0.45454545454545453
794,BWA-std,1,0.09090909090909091
794,NW-flex,1,1.0
794,BWA-no-clip,2,0.5454545454545454
794,BWA-std,2,0.09090909090909091
794,NW-flex,2,1.0
794,BWA-no-clip,3,0.6363636363636364
794,BWA-std,3,0.18181818181818182
794,NW-flex,3,1.0
794,BWA-no-clip,4,0.8181818181818182
794,BWA-std,4,0.36363636363636365
794,NW-flex,4,1.0
794,BWA-no-clip,5,1.0
794,BWA-std,5,0.36363636363636365
794,NW-flex,5,1.0
794,BWA-no-clip,6,1.0
794,BWA-std,6,0.45454545454545453
794,NW-flex,6,1.0
794,BWA-no-clip,7,1.0
794,BWA-std,7,0.45454545454545453
794,NW-flex,7,1.0
794,BWA-no-clip,8,1.0
794,BWA-std,8,0.6363636363636364
794,NW-flex,8,1.0
794,BWA-no-clip,9,1.0
794,BWA-std,9,0.6363636363636364
794,NW-flex,9,1.0
794,BWA-no-clip,10,1.0
794,BWA-std,10,0.8181818181818182
794,NW-flex,10,1.0
795,BWA-no-clip,1,0.36363636363636365
795,BWA-std,1,0.09090909090909091
795,NW-flex,1,1.0
795,BWA-no-clip,2,0.45454545454545453
795,BWA-std,2,0.09090909090909091
795,NW-flex,2,1.0
795,BWA-no-clip,3,0.6363636363636364
795,BWA-std,3,0.18181818181818182
795,NW-flex,3,1.0
795,BWA-no-clip,4,0.7272727272727273
795,BWA-std,4,0.36363636363636365
795,NW-flex,4,1.0
795,BWA-no-clip,5,0.9090909090909091
795,BWA-std,5,0.36363636363636365
795,NW-flex,5,1.0
795,BWA-no-clip,6,1.0
795,BWA-std,6,0.45454545454545453
795,NW-flex,6,1.0
795,BWA-no-clip,7,1.0
795,BWA-std,7,0.45454545454545453
795,NW-flex,7,1.0
795,BWA-no-clip,8,1.0
795,BWA-std,8,0.6363636363636364
795,NW-flex,8,1.0
795,BWA-no-clip,9,1.0
795,BWA-std,9,0.6363636363636364
795,NW-flex,9,1.0
795,BWA-no-clip,10,1.0
795,BWA-std,10,0.8181818181818182
795,NW-flex,10,1.0
796,BWA-no-clip,1,0.45454545454545453
796,BWA-std,1,0.09090909090909091
796,NW-flex,1,1.0
796,BWA-no-clip,2,0.7272727272727273
796,BWA-std,2,0.18181818181818182
796,NW-flex,2,1.0
796,BWA-no-clip,3,0.7272727272727273
796,BWA-std,3,0.18181818181818182
796,NW-flex,3,1.0
796,BWA-no-clip,4,0.7272727272727273
796,BWA-std,4,0.36363636363636365
796,NW-flex,4,1.0
796,BWA-no-clip,5,0.7272727272727273
796,BWA-std,5,0.36363636363636365
796,NW-flex,5,1.0
796,BWA-no-clip,6,0.7272727272727273
796,BWA-std,6,0.45454545454545453
796,NW-flex,6,1.0
796,BWA-no-clip,7,0.9090909090909091
796,BWA-std,7,0.45454545454545453
796,NW-flex,7,1.0
796,BWA-no-clip,8,1.0
796,BWA-std,8,0.6363636363636364
796,NW-flex,8,1.0
796,BWA-no-clip,9,1.0
796,BWA-std,9,0.6363636363636364
796,NW-flex,9,1.0
796,BWA-no-clip,10,1.0
796,BWA-std,10,0.8181818181818182
796,NW-flex,10,1.0
797,BWA-no-clip,1,0.18181818181818182
797,BWA-std,1,0.09090909090909091
797,NW-flex,1,1.0
797,BWA-no-clip,2,0.7272727272727273
797,BWA-std,2,0.18181818181818182
797,NW-flex,2,1.0
797,BWA-no-clip,3,0.8181818181818182
797,BWA-std,3,0.18181818181818182
797,NW-flex,3,1.0
797,BWA-no-clip,4,0.9090909090909091
797,BWA-std,4,0.36363636363636365
797,NW-flex,4,1.0
797,BWA-no-clip,5,1.0
797,BWA-std,5,0.36363636363636365
797,NW-flex,5,1.0
797,BWA-no-clip,6,1.0
797,BWA-std,6,0.45454545454545453
797,NW-flex,6,1.0
797,BWA-no-clip,7,1.0
797,BWA-std,7,0.45454545454545453
797,NW-flex,7,1.0
797,BWA-no-clip,8,1.0
797,BWA-std,8,0.6363636363636364
797,NW-flex,8,1.0
797,BWA-no-clip,9,1.0
797,BWA-std,9,0.6363636363636364
797,NW-flex,9,1.0
797,BWA-no-clip,10,1.0
797,BWA-std,10,0.8181818181818182
797,NW-flex,10,1.0
798,BWA-no-clip,1,0.5454545454545454
798,BWA-std,1,0.09090909090909091
798,NW-flex,1,1.0
798,BWA-no-clip,2,0.7272727272727273
798,BWA-std,2,0.18181818181818182
798,NW-flex,2,1.0
798,BWA-no-clip,3,0.9090909090909091
798,BWA-std,3,0.18181818181818182
798,NW-flex,3,1.0
798,BWA-no-clip,4,1.0
798,BWA-std,4,0.36363636363636365
798,NW-flex,4,1.0
798,BWA-no-clip,5,1.0
798,BWA-std,5,0.36363636363636365
798,NW-flex,5,1.0
798,BWA-no-clip,6,1.0
798,BWA-std,6,0.45454545454545453
798,NW-flex,6,1.0
798,BWA-no-clip,7,1.0
798,BWA-std,7,0.45454545454545453
798,NW-flex,7,1.0
798,BWA-no-clip,8,1.0
798,BWA-std,8,0.6363636363636364
798,NW-flex,8,1.0
798,BWA-no-clip,9,1.0
798,BWA-std,9,0.6363636363636364
798,NW-flex,9,1.0
798,BWA-no-clip,10,1.0
798,BWA-std,10,0.8181818181818182
798,NW-flex,10,1.0
799,BWA-no-clip,1,0.5454545454545454
799,BWA-std,1,0.09090909090909091
799,NW-flex,1,1.0
799,BWA-no-clip,2,0.7272727272727273
799,BWA-std,2,0.18181818181818182
799,NW-flex,2,1.0
799,BWA-no-clip,3,0.8181818181818182
799,BWA-std,3,0.18181818181818182
799,NW-flex,3,1.0
799,BWA-no-clip,4,0.8181818181818182
799,BWA-std,4,0.36363636363636365
799,NW-flex,4,1.0
799,BWA-no-clip,5,0.9090909090909091
799,BWA-std,5,0.36363636363636365
799,NW-flex,5,1.0
799,BWA-no-clip,6,0.9090909090909091
799,BWA-std,6,0.45454545454545453
799,NW-flex,6,1.0
799,BWA-no-clip,7,1.0
799,BWA-std,7,0.45454545454545453
799,NW-flex,7,1.0
799,BWA-no-clip,8,1.0
799,BWA-std,8,0.6363636363636364
799,NW-flex,8,1.0
799,BWA-no-clip,9,1.0
799,BWA-std,9,0.6363636363636364
799,NW-flex,9,1.0
799,BWA-no-clip,10,1.0
799,BWA-std,10,0.8181818181818182
799,NW-flex,10,1.0
800,BWA-no-clip,1,0.45454545454545453
800,BWA-std,1,0.09090909090909091
800,NW-flex,1,1.0
800,BWA-no-clip,2,0.6363636363636364
800,BWA-std,2,0.18181818181818182
800,NW-flex,2,1.0
800,BWA-no-clip,3,0.7272727272727273
800,BWA-std,3,0.18181818181818182
800,NW-flex,3,1.0
800,BWA-no-clip,4,0.9090909090909091
800,BWA-std,4,0.36363636363636365
800,NW-flex,4,1.0
800,BWA-no-clip,5,1.0
800,BWA-std,5,0.36363636363636365
800,NW-flex,5,1.0
800,BWA-no-clip,6,1.0
800,BWA-std,6,0.45454545454545453
800,NW-flex,6,1.0
800,BWA-no-clip,7,1.0
800,BWA-std,7,0.45454545454545453
800,NW-flex,7,1.0
800,BWA-no-clip,8,1.0
800,BWA-std,8,0.6363636363636364
800,NW-flex,8,1.0
800,BWA-no-clip,9,1.0
800,BWA-std,9,0.6363636363636364
800,NW-flex,9,1.0
800,BWA-no-clip,10,1.0
800,BWA-std,10,0.8181818181818182
800,NW-flex,10,1.0
801,BWA-no-clip,1,0.18181818181818182
801,BWA-std,1,0.09090909090909091
801,NW-flex,1,1.0
801,BWA-no-clip,2,0.7272727272727273
801,BWA-std,2,0.18181818181818182
801,NW-flex,2,1.0
801,BWA-no-clip,3,0.8181818181818182
801,BWA-std,3,0.18181818181818182
801,NW-flex,3,1.0
801,BWA-no-clip,4,0.9090909090909091
801,BWA-std,4,0.36363636363636365
801,NW-flex,4,1.0
801,BWA-no-clip,5,0.9090909090909091
801,BWA-std,5,0.36363636363636365
801,NW-flex,5,1.0
801,BWA-no-clip,6,1.0
801,BWA-std,6,0.45454545454545453
801,NW-flex,6,1.0
801,BWA-no-clip,7,1.0
801,BWA-std,7,0.45454545454545453
801,NW-flex,7,1.0
801,BWA-no-clip,8,1.0
801,BWA-std,8,0.6363636363636364
801,NW-flex,8,1.0
801,BWA-no-clip,9,1.0
801,BWA-std,9,0.6363636363636364
801,NW-flex,9,1.0
801,BWA-no-clip,10,1.0
801,BWA-std,10,0.8181818181818182
801,NW-flex,10,1.0
802,BWA-no-clip,1,0.09090909090909091
802,BWA-std,1,0.09090909090909091
802,NW-flex,1,1.0
802,BWA-no-clip,2,0.18181818181818182
802,BWA-std,2,0.18181818181818182
802,NW-flex,2,1.0
802,BWA-no-clip,3,0.6363636363636364
802,BWA-std,3,0.18181818181818182
802,NW-flex,3,1.0
802,BWA-no-clip,4,0.8181818181818182
802,BWA-std,4,0.36363636363636365
802,NW-flex,4,1.0
802,BWA-no-clip,5,0.9090909090909091
802,BWA-std,5,0.36363636363636365
802,NW-flex,5,1.0
802,BWA-no-clip,6,1.0
802,BWA-std,6,0.45454545454545453
802,NW-flex,6,1.0
802,BWA-no-clip,7,1.0
802,BWA-std,7,0.45454545454545453
802,NW-flex,7,1.0
802,BWA-no-clip,8,1.0
802,BWA-std,8,0.6363636363636364
802,NW-flex,8,1.0
802,BWA-no-clip,9,1.0
802,BWA-std,9,0.6363636363636364
802,NW-flex,9,1.0
802,BWA-no-clip,10,1.0
802,BWA-std,10,0.8181818181818182
802,NW-flex,10,1.0
803,BWA-no-clip,1,0.5454545454545454
803,BWA-std,1,0.09090909090909091
803,NW-flex,1,1.0
803,BWA-no-clip,2,0.7272727272727273
803,BWA-std,2,0.18181818181818182
803,NW-flex,2,1.0
803,BWA-no-clip,3,0.7272727272727273
803,BWA-std,3,0.18181818181818182
803,NW-flex,3,1.0
803,BWA-no-clip,4,0.8181818181818182
803,BWA-std,4,0.36363636363636365
803,NW-flex,4,1.0
803,BWA-no-clip,5,0.9090909090909091
803,BWA-std,5,0.36363636363636365
803,NW-flex,5,1.0
803,BWA-no-clip,6,1.0
803,BWA-std,6,0.45454545454545453
803,NW-flex,6,1.0
803,BWA-no-clip,7,1.0
803,BWA-std,7,0.45454545454545453
803,NW-flex,7,1.0
803,BWA-no-clip,8,1.0
803,BWA-std,8,0.6363636363636364
803,NW-flex,8,1.0
803,BWA-no-clip,9,1.0
803,BWA-std,9,0.6363636363636364
803,NW-flex,9,1.0
803,BWA-no-clip,10,1.0
803,BWA-std,10,0.8181818181818182
803,NW-flex,10,1.0
804,BWA-no-clip,1,0.5454545454545454
804,BWA-std,1,0.09090909090909091
804,NW-flex,1,1.0
804,BWA-no-clip,2,0.7272727272727273
804,BWA-std,2,0.18181818181818182
804,NW-flex,2,1.0
804,BWA-no-clip,3,0.9090909090909091
804,BWA-std,3,0.18181818181818182
804,NW-flex,3,1.0
804,BWA-no-clip,4,1.0
804,BWA-std,4,0.36363636363636365
804,NW-flex,4,1.0
804,BWA-no-clip,5,0.9090909090909091
804,BWA-std,5,0.36363636363636365
804,NW-flex,5,1.0
804,BWA-no-clip,6,1.0
804,BWA-std,6,0.45454545454545453
804,NW-flex,6,1.0
804,BWA-no-clip,7,1.0
804,BWA-std,7,0.45454545454545453
804,NW-flex,7,1.0
804,BWA-no-clip,8,1.0
804,BWA-std,8,0.6363636363636364
804,NW-flex,8,1.0
804,BWA-no-clip,9,1.0
804,BWA-std,9,0.6363636363636364
804,NW-flex,9,1.0
804,BWA-no-clip,10,1.0
804,BWA-std,10,0.8181818181818182
804,NW-flex,10,1.0
805,BWA-no-clip,1,0.5454545454545454
805,BWA-std,1,0.09090909090909091
805,NW-flex,1,1.0
805,BWA-no-clip,2,0.7272727272727273
805,BWA-std,2,0.18181818181818182
805,NW-flex,2,1.0
805,BWA-no-clip,3,0.7272727272727273
805,BWA-std,3,0.18181818181818182
805,NW-flex,3,1.0
805,BWA-no-clip,4,0.8181818181818182
805,BWA-std,4,0.36363636363636365
805,NW-flex,4,1.0
805,BWA-no-clip,5,0.8181818181818182
805,BWA-std,5,0.36363636363636365
805,NW-flex,5,1.0
805,BWA-no-clip,6,1.0
805,BWA-std,6,0.45454545454545453
805,NW-flex,6,1.0
805,BWA-no-clip,7,1.0
805,BWA-std,7,0.45454545454545453
805,NW-flex,7,1.0
805,BWA-no-clip,8,1.0
805,BWA-std,8,0.6363636363636364
805,NW-flex,8,1.0
805,BWA-no-clip,9,1.0
805,BWA-std,9,0.6363636363636364
805,NW-flex,9,1.0
805,BWA-no-clip,10,1.0
805,BWA-std,10,0.8181818181818182
805,NW-flex,10,1.0
806,BWA-no-clip,1,0.5454545454545454
806,BWA-std,1,0.09090909090909091
806,NW-flex,1,1.0
806,BWA-no-clip,2,0.7272727272727273
806,BWA-std,2,0.18181818181818182
806,NW-flex,2,1.0
806,BWA-no-clip,3,0.7272727272727273
806,BWA-std,3,0.18181818181818182
806,NW-flex,3,1.0
806,BWA-no-clip,4,0.9090909090909091
806,BWA-std,4,0.36363636363636365
806,NW-flex,4,1.0
806,BWA-no-clip,5,0.9090909090909091
806,BWA-std,5,0.36363636363636365
806,NW-flex,5,1.0
806,BWA-no-clip,6,1.0
806,BWA-std,6,0.45454545454545453
806,NW-flex,6,1.0
806,BWA-no-clip,7,1.0
806,BWA-std,7,0.45454545454545453
806,NW-flex,7,1.0
806,BWA-no-clip,8,1.0
806,BWA-std,8,0.6363636363636364
806,NW-flex,8,1.0
806,BWA-no-clip,9,1.0
806,BWA-std,9,0.6363636363636364
806,NW-flex,9,1.0
806,BWA-no-clip,10,1.0
806,BWA-std,10,0.8181818181818182
806,NW-flex,10,1.0
807,BWA-no-clip,1,0.5454545454545454
807,BWA-std,1,0.09090909090909091
807,NW-flex,1,1.0
807,BWA-no-clip,2,0.5454545454545454
807,BWA-std,2,0.09090909090909091
807,NW-flex,2,1.0
807,BWA-no-clip,3,0.7272727272727273
807,BWA-std,3,0.18181818181818182
807,NW-flex,3,1.0
807,BWA-no-clip,4,0.8181818181818182
807,BWA-std,4,0.36363636363636365
807,NW-flex,4,1.0
807,BWA-no-clip,5,0.9090909090909091
807,BWA-std,5,0.36363636363636365
807,NW-flex,5,1.0
807,BWA-no-clip,6,1.0
807,BWA-std,6,0.45454545454545453
807,NW-flex,6,1.0
807,BWA-no-clip,7,1.0
807,BWA-std,7,0.45454545454545453
807,NW-flex,7,1.0
807,BWA-no-clip,8,1.0
807,BWA-std,8,0.6363636363636364
807,NW-flex,8,1.0
807,BWA-no-clip,9,1.0
807,BWA-std,9,0.6363636363636364
807,NW-flex,9,1.0
807,BWA-no-clip,10,1.0
807,BWA-std,10,0.8181818181818182
807,NW-flex,10,1.0
808,BWA-no-clip,1,0.09090909090909091
808,BWA-std,1,0.09090909090909091
808,NW-flex,1,1.0
808,BWA-no-clip,2,0.45454545454545453
808,BWA-std,2,0.09090909090909091
808,NW-flex,2,1.0
808,BWA-no-clip,3,0.6363636363636364
808,BWA-std,3,0.09090909090909091
808,NW-flex,3,1.0
808,BWA-no-clip,4,0.7272727272727273
808,BWA-std,4,0.36363636363636365
808,NW-flex,4,1.0
808,BWA-no-clip,5,0.9090909090909091
808,BWA-std,5,0.36363636363636365
808,NW-flex,5,1.0
808,BWA-no-clip,6,1.0
808,BWA-std,6,0.45454545454545453
808,NW-flex,6,1.0
808,BWA-no-clip,7,1.0
808,BWA-std,7,0.45454545454545453
808,NW-flex,7,1.0
808,BWA-no-clip,8,1.0
808,BWA-std,8,0.6363636363636364
808,NW-flex,8,1.0
808,BWA-no-clip,9,1.0
808,BWA-std,9,0.6363636363636364
808,NW-flex,9,1.0
808,BWA-no-clip,10,1.0
808,BWA-std,10,0.8181818181818182
808,NW-flex,10,1.0
809,BWA-no-clip,1,0.36363636363636365
809,BWA-std,1,0.09090909090909091
809,NW-flex,1,1.0
809,BWA-no-clip,2,0.36363636363636365
809,BWA-std,2,0.09090909090909091
809,NW-flex,2,1.0
809,BWA-no-clip,3,0.5454545454545454
809,BWA-std,3,0.18181818181818182
809,NW-flex,3,1.0
809,BWA-no-clip,4,0.5454545454545454
809,BWA-std,4,0.18181818181818182
809,NW-flex,4,1.0
809,BWA-no-clip,5,0.8181818181818182
809,BWA-std,5,0.2727272727272727
809,NW-flex,5,1.0
809,BWA-no-clip,6,0.8181818181818182
809,BWA-std,6,0.36363636363636365
809,NW-flex,6,1.0
809,BWA-no-clip,7,1.0
809,BWA-std,7,0.45454545454545453
809,NW-flex,7,1.0
809,BWA-no-clip,8,1.0
809,BWA-std,8,0.6363636363636364
809,NW-flex,8,1.0
809,BWA-no-clip,9,1.0
809,BWA-std,9,0.6363636363636364
809,NW-flex,9,1.0
809,BWA-no-clip,10,1.0
809,BWA-std,10,0.8181818181818182
809,NW-flex,10,1.0
810,BWA-no-clip,1,0.5454545454545454
810,BWA-std,1,0.09090909090909091
810,NW-flex,1,1.0
810,BWA-no-clip,2,0.5454545454545454
810,BWA-std,2,0.09090909090909091
810,NW-flex,2,1.0
810,BWA-no-clip,3,0.7272727272727273
810,BWA-std,3,0.18181818181818182
810,NW-flex,3,1.0
810,BWA-no-clip,4,0.8181818181818182
810,BWA-std,4,0.36363636363636365
810,NW-flex,4,1.0
810,BWA-no-clip,5,1.0
810,BWA-std,5,0.36363636363636365
810,NW-flex,5,1.0
810,BWA-no-clip,6,1.0
810,BWA-std,6,0.45454545454545453
810,NW-flex,6,1.0
810,BWA-no-clip,7,1.0
810,BWA-std,7,0.45454545454545453
810,NW-flex,7,1.0
810,BWA-no-clip,8,1.0
810,BWA-std,8,0.6363636363636364
810,NW-flex,8,1.0
810,BWA-no-clip,9,1.0
810,BWA-std,9,0.6363636363636364
810,NW-flex,9,1.0
810,BWA-no-clip,10,1.0
810,BWA-std,10,0.8181818181818182
810,NW-flex,10,1.0
811,BWA-no-clip,1,0.5454545454545454
811,BWA-std,1,0.09090909090909091
811,NW-flex,1,1.0
811,BWA-no-clip,2,0.6363636363636364
811,BWA-std,2,0.18181818181818182
811,NW-flex,2,1.0
811,BWA-no-clip,3,0.7272727272727273
811,BWA-std,3,0.18181818181818182
811,NW-flex,3,1.0
811,BWA-no-clip,4,0.9090909090909091
811,BWA-std,4,0.36363636363636365
811,NW-flex,4,1.0
811,BWA-no-clip,5,0.9090909090909091
811,BWA-std,5,0.36363636363636365
811,NW-flex,5,1.0
811,BWA-no-clip,6,1.0
811,BWA-std,6,0.45454545454545453
811,NW-flex,6,1.0
811,BWA-no-clip,7,1.0
811,BWA-std,7,0.45454545454545453
811,NW-flex,7,1.0
811,BWA-no-clip,8,1.0
811,BWA-std,8,0.6363636363636364
811,NW-flex,8,1.0
811,BWA-no-clip,9,1.0
811,BWA-std,9,0.6363636363636364
811,NW-flex,9,1.0
811,BWA-no-clip,10,1.0
811,BWA-std,10,0.8181818181818182
811,NW-flex,10,1.0
812,BWA-no-clip,1,0.36363636363636365
812,BWA-std,1,0.09090909090909091
812,NW-flex,1,1.0
812,BWA-no-clip,2,0.45454545454545453
812,BWA-std,2,0.18181818181818182
812,NW-flex,2,1.0
812,BWA-no-clip,3,0.5454545454545454
812,BWA-std,3,0.18181818181818182
812,NW-flex,3,1.0
812,BWA-no-clip,4,0.9090909090909091
812,BWA-std,4,0.36363636363636365
812,NW-flex,4,1.0
812,BWA-no-clip,5,0.9090909090909091
812,BWA-std,5,0.36363636363636365
812,NW-flex,5,1.0
812,BWA-no-clip,6,1.0
812,BWA-std,6,0.45454545454545453
812,NW-flex,6,1.0
812,BWA-no-clip,7,1.0
812,BWA-std,7,0.45454545454545453
812,NW-flex,7,1.0
812,BWA-no-clip,8,1.0
812,BWA-std,8,0.6363636363636364
812,NW-flex,8,1.0
812,BWA-no-clip,9,1.0
812,BWA-std,9,0.6363636363636364
812,NW-flex,9,1.0
812,BWA-no-clip,10,1.0
812,BWA-std,10,0.8181818181818182
812,NW-flex,10,1.0
813,BWA-no-clip,1,0.18181818181818182
813,BWA-std,1,0.09090909090909091
813,NW-flex,1,1.0
813,BWA-no-clip,2,0.18181818181818182
813,BWA-std,2,0.09090909090909091
813,NW-flex,2,1.0
813,BWA-no-clip,3,0.7272727272727273
813,BWA-std,3,0.18181818181818182
813,NW-flex,3,1.0
813,BWA-no-clip,4,0.9090909090909091
813,BWA-std,4,0.36363636363636365
813,NW-flex,4,1.0
813,BWA-no-clip,5,1.0
813,BWA-std,5,0.36363636363636365
813,NW-flex,5,1.0
813,BWA-no-clip,6,1.0
813,BWA-std,6,0.45454545454545453
813,NW-flex,6,1.0
813,BWA-no-clip,7,1.0
813,BWA-std,7,0.45454545454545453
813,NW-flex,7,1.0
813,BWA-no-clip,8,1.0
813,BWA-std,8,0.6363636363636364
813,NW-flex,8,1.0
813,BWA-no-clip,9,1.0
813,BWA-std,9,0.6363636363636364
813,NW-flex,9,1.0
813,BWA-no-clip,10,1.0
813,BWA-std,10,0.8181818181818182
813,NW-flex,10,1.0
814,BWA-no-clip,1,0.5454545454545454
814,BWA-std,1,0.09090909090909091
814,NW-flex,1,1.0
814,BWA-no-clip,2,0.7272727272727273
814,BWA-std,2,0.18181818181818182
814,NW-flex,2,1.0
814,BWA-no-clip,3,0.7272727272727273
814,BWA-std,3,0.18181818181818182
814,NW-flex,3,1.0
814,BWA-no-clip,4,0.9090909090909091
814,BWA-std,4,0.36363636363636365
814,NW-flex,4,1.0
814,BWA-no-clip,5,1.0
814,BWA-std,5,0.36363636363636365
814,NW-flex,5,1.0
814,BWA-no-clip,6,1.0
814,BWA-std,6,0.45454545454545453
814,NW-flex,6,1.0
814,BWA-no-clip,7,1.0
814,BWA-std,7,0.45454545454545453
814,NW-flex,7,1.0
814,BWA-no-clip,8,1.0
814,BWA-std,8,0.6363636363636364
814,NW-flex,8,1.0
814,BWA-no-clip,9,1.0
814,BWA-std,9,0.6363636363636364
814,NW-flex,9,1.0
814,BWA-no-clip,10,1.0
814,BWA-std,10,0.8181818181818182
814,NW-flex,10,1.0
815,BWA-no-clip,1,0.45454545454545453
815,BWA-std,1,0.09090909090909091
815,NW-flex,1,1.0
815,BWA-no-clip,2,0.5454545454545454
815,BWA-std,2,0.09090909090909091
815,NW-flex,2,1.0
815,BWA-no-clip,3,0.7272727272727273
815,BWA-std,3,0.18181818181818182
815,NW-flex,3,1.0
815,BWA-no-clip,4,0.8181818181818182
815,BWA-std,4,0.36363636363636365
815,NW-flex,4,1.0
815,BWA-no-clip,5,0.8181818181818182
815,BWA-std,5,0.36363636363636365
815,NW-flex,5,1.0
815,BWA-no-clip,6,1.0
815,BWA-std,6,0.45454545454545453
815,NW-flex,6,1.0
815,BWA-no-clip,7,1.0
815,BWA-std,7,0.45454545454545453
815,NW-flex,7,1.0
815,BWA-no-clip,8,1.0
815,BWA-std,8,0.6363636363636364
815,NW-flex,8,1.0
815,BWA-no-clip,9,1.0
815,BWA-std,9,0.6363636363636364
815,NW-flex,9,1.0
815,BWA-no-clip,10,1.0
815,BWA-std,10,0.8181818181818182
815,NW-flex,10,1.0
816,BWA-no-clip,1,0.5454545454545454
816,BWA-std,1,0.09090909090909091
816,NW-flex,1,1.0
816,BWA-no-clip,2,0.7272727272727273
816,BWA-std,2,0.18181818181818182
816,NW-flex,2,1.0
816,BWA-no-clip,3,0.9090909090909091
816,BWA-std,3,0.18181818181818182
816,NW-flex,3,1.0
816,BWA-no-clip,4,1.0
816,BWA-std,4,0.36363636363636365
816,NW-flex,4,1.0
816,BWA-no-clip,5,1.0
816,BWA-std,5,0.36363636363636365
816,NW-flex,5,1.0
816,BWA-no-clip,6,1.0
816,BWA-std,6,0.45454545454545453
816,NW-flex,6,1.0
816,BWA-no-clip,7,1.0
816,BWA-std,7,0.45454545454545453
816,NW-flex,7,1.0
816,BWA-no-clip,8,1.0
816,BWA-std,8,0.6363636363636364
816,NW-flex,8,1.0
816,BWA-no-clip,9,1.0
816,BWA-std,9,0.6363636363636364
816,NW-flex,9,1.0
816,BWA-no-clip,10,1.0
816,BWA-std,10,0.8181818181818182
816,NW-flex,10,1.0
817,BWA-no-clip,1,0.09090909090909091
817,BWA-std,1,0.09090909090909091
817,NW-flex,1,1.0
817,BWA-no-clip,2,0.09090909090909091
817,BWA-std,2,0.09090909090909091
817,NW-flex,2,1.0
817,BWA-no-clip,3,0.5757575757575758
817,BWA-std,3,0.18181818181818182
817,NW-flex,3,1.0
817,BWA-no-clip,4,0.9090909090909091
817,BWA-std,4,0.36363636363636365
817,NW-flex,4,1.0
817,BWA-no-clip,5,1.0
817,BWA-std,5,0.36363636363636365
817,NW-flex,5,1.0
817,BWA-no-clip,6,1.0
817,BWA-std,6,0.45454545454545453
817,NW-flex,6,1.0
817,BWA-no-clip,7,1.0
817,BWA-std,7,0.45454545454545453
817,NW-flex,7,1.0
817,BWA-no-clip,8,1.0
817,BWA-std,8,0.6363636363636364
817,NW-flex,8,1.0
817,BWA-no-clip,9,1.0
817,BWA-std,9,0.6363636363636364
817,NW-flex,9,1.0
817,BWA-no-clip,10,1.0
817,BWA-std,10,0.8181818181818182
817,NW-flex,10,1.0
818,BWA-no-clip,1,0.45454545454545453
818,BWA-std,1,0.09090909090909091
818,NW-flex,1,1.0
818,BWA-no-clip,2,0.45454545454545453
818,BWA-std,2,0.09090909090909091
818,NW-flex,2,1.0
818,BWA-no-clip,3,0.6363636363636364
818,BWA-std,3,0.18181818181818182
818,NW-flex,3,1.0
818,BWA-no-clip,4,0.6363636363636364
818,BWA-std,4,0.2727272727272727
818,NW-flex,4,1.0
818,BWA-no-clip,5,0.7272727272727273
818,BWA-std,5,0.36363636363636365
818,NW-flex,5,1.0
818,BWA-no-clip,6,0.9090909090909091
818,BWA-std,6,0.45454545454545453
818,NW-flex,6,1.0
818,BWA-no-clip,7,1.0
818,BWA-std,7,0.45454545454545453
818,NW-flex,7,1.0
818,BWA-no-clip,8,1.0
818,BWA-std,8,0.6363636363636364
818,NW-flex,8,1.0
818,BWA-no-clip,9,1.0
818,BWA-std,9,0.6363636363636364
818,NW-flex,9,1.0
818,BWA-no-clip,10,1.0
818,BWA-std,10,0.8181818181818182
818,NW-flex,10,1.0
819,BWA-no-clip,1,0.5454545454545454
819,BWA-std,1,0.09090909090909091
819,NW-flex,1,1.0
819,BWA-no-clip,2,0.6363636363636364
819,BWA-std,2,0.18181818181818182
819,NW-flex,2,1.0
819,BWA-no-clip,3,0.8181818181818182
819,BWA-std,3,0.18181818181818182
819,NW-flex,3,1.0
819,BWA-no-clip,4,1.0
819,BWA-std,4,0.36363636363636365
819,NW-flex,4,1.0
819,BWA-no-clip,5,0.9090909090909091
819,BWA-std,5,0.36363636363636365
819,NW-flex,5,1.0
819,BWA-no-clip,6,1.0
819,BWA-std,6,0.45454545454545453
819,NW-flex,6,1.0
819,BWA-no-clip,7,1.0
819,BWA-std,7,0.45454545454545453
819,NW-flex,7,1.0
819,BWA-no-clip,8,1.0
819,BWA-std,8,0.6363636363636364
819,NW-flex,8,1.0
819,BWA-no-clip,9,1.0
819,BWA-std,9,0.6363636363636364
819,NW-flex,9,1.0
819,BWA-no-clip,10,1.0
819,BWA-std,10,0.8181818181818182
819,NW-flex,10,1.0
820,BWA-no-clip,1,0.45454545454545453
820,BWA-std,1,0.09090909090909091
820,NW-flex,1,1.0
820,BWA-no-clip,2,0.45454545454545453
820,BWA-std,2,0.09090909090909091
820,NW-flex,2,1.0
820,BWA-no-clip,3,0.6363636363636364
820,BWA-std,3,0.09090909090909091
820,NW-flex,3,1.0
820,BWA-no-clip,4,0.7272727272727273
820,BWA-std,4,0.36363636363636365
820,NW-flex,4,1.0
820,BWA-no-clip,5,0.7272727272727273
820,BWA-std,5,0.36363636363636365
820,NW-flex,5,1.0
820,BWA-no-clip,6,0.9090909090909091
820,BWA-std,6,0.45454545454545453
820,NW-flex,6,1.0
820,BWA-no-clip,7,1.0
820,BWA-std,7,0.45454545454545453
820,NW-flex,7,1.0
820,BWA-no-clip,8,1.0
820,BWA-std,8,0.6363636363636364
820,NW-flex,8,1.0
820,BWA-no-clip,9,1.0
820,BWA-std,9,0.6363636363636364
820,NW-flex,9,1.0
820,BWA-no-clip,10,1.0
820,BWA-std,10,0.8181818181818182
820,NW-flex,10,1.0
821,BWA-no-clip,1,0.18181818181818182
821,BWA-std,1,0.09090909090909091
821,NW-flex,1,1.0
821,BWA-no-clip,2,0.18181818181818182
821,BWA-std,2,0.09090909090909091
821,NW-flex,2,1.0
821,BWA-no-clip,3,0.6363636363636364
821,BWA-std,3,0.09090909090909091
821,NW-flex,3,1.0
821,BWA-no-clip,4,0.7272727272727273
821,BWA-std,4,0.36363636363636365
821,NW-flex,4,1.0
821,BWA-no-clip,5,0.8181818181818182
821,BWA-std,5,0.36363636363636365
821,NW-flex,5,1.0
821,BWA-no-clip,6,0.9090909090909091
821,BWA-std,6,0.45454545454545453
821,NW-flex,6,1.0
821,BWA-no-clip,7,1.0
821,BWA-std,7,0.45454545454545453
821,NW-flex,7,1.0
821,BWA-no-clip,8,1.0
821,BWA-std,8,0.6363636363636364
821,NW-flex,8,1.0
821,BWA-no-clip,9,1.0
821,BWA-std,9,0.6363636363636364
821,NW-flex,9,1.0
821,BWA-no-clip,10,1.0
821,BWA-std,10,0.8181818181818182
821,NW-flex,10,1.0
822,BWA-no-clip,1,0.18181818181818182
822,BWA-std,1,0.09090909090909091
822,NW-flex,1,1.0
822,BWA-no-clip,2,0.7272727272727273
822,BWA-std,2,0.18181818181818182
822,NW-flex,2,1.0
822,BWA-no-clip,3,0.8181818181818182
822,BWA-std,3,0.18181818181818182
822,NW-flex,3,1.0
822,BWA-no-clip,4,0.8181818181818182
822,BWA-std,4,0.36363636363636365
822,NW-flex,4,1.0
822,BWA-no-clip,5,0.8181818181818182
822,BWA-std,5,0.36363636363636365
822,NW-flex,5,1.0
822,BWA-no-clip,6,1.0
822,BWA-std,6,0.45454545454545453
822,NW-flex,6,1.0
822,BWA-no-clip,7,1.0
822,BWA-std,7,0.45454545454545453
822,NW-flex,7,1.0
822,BWA-no-clip,8,1.0
822,BWA-std,8,0.6363636363636364
822,NW-flex,8,1.0
822,BWA-no-clip,9,1.0
822,BWA-std,9,0.6363636363636364
822,NW-flex,9,1.0
822,BWA-no-clip,10,1.0
822,BWA-std,10,0.8181818181818182
822,NW-flex,10,1.0
823,BWA-no-clip,1,0.5454545454545454
823,BWA-std,1,0.09090909090909091
823,NW-flex,1,1.0
823,BWA-no-clip,2,0.7272727272727273
823,BWA-std,2,0.18181818181818182
823,NW-flex,2,1.0
823,BWA-no-clip,3,0.7272727272727273
823,BWA-std,3,0.18181818181818182
823,NW-flex,3,1.0
823,BWA-no-clip,4,0.9090909090909091
823,BWA-std,4,0.36363636363636365
823,NW-flex,4,1.0
823,BWA-no-clip,5,1.0
823,BWA-std,5,0.36363636363636365
823,NW-flex,5,1.0
823,BWA-no-clip,6,1.0
823,BWA-std,6,0.45454545454545453
823,NW-flex,6,1.0
823,BWA-no-clip,7,1.0
823,BWA-std,7,0.45454545454545453
823,NW-flex,7,1.0
823,BWA-no-clip,8,1.0
823,BWA-std,8,0.6363636363636364
823,NW-flex,8,1.0
823,BWA-no-clip,9,1.0
823,BWA-std,9,0.6363636363636364
823,NW-flex,9,1.0
823,BWA-no-clip,10,1.0
823,BWA-std,10,0.8181818181818182
823,NW-flex,10,1.0
824,BWA-no-clip,1,0.09090909090909091
824,BWA-std,1,0.09090909090909091
824,NW-flex,1,1.0
824,BWA-no-clip,2,0.09090909090909091
824,BWA-std,2,0.09090909090909091
824,NW-flex,2,1.0
824,BWA-no-clip,3,0.12121212121212122
824,BWA-std,3,0.18181818181818182
824,NW-flex,3,1.0
824,BWA-no-clip,4,0.5757575757575758
824,BWA-std,4,0.2727272727272727
824,NW-flex,4,1.0
824,BWA-no-clip,5,0.9090909090909091
824,BWA-std,5,0.36363636363636365
824,NW-flex,5,1.0
824,BWA-no-clip,6,1.0
824,BWA-std,6,0.45454545454545453
824,NW-flex,6,1.0
824,BWA-no-clip,7,1.0
824,BWA-std,7,0.45454545454545453
824,NW-flex,7,1.0
824,BWA-no-clip,8,1.0
824,BWA-std,8,0.6363636363636364
824,NW-flex,8,1.0
824,BWA-no-clip,9,1.0
824,BWA-std,9,0.6363636363636364
824,NW-flex,9,1.0
824,BWA-no-clip,10,1.0
824,BWA-std,10,0.8181818181818182
824,NW-flex,10,1.0
825,BWA-no-clip,1,0.09090909090909091
825,BWA-std,1,0.09090909090909091
825,NW-flex,1,1.0
825,BWA-no-clip,2,0.18181818181818182
825,BWA-std,2,0.09090909090909091
825,NW-flex,2,1.0
825,BWA-no-clip,3,0.2727272727272727
825,BWA-std,3,0.09090909090909091
825,NW-flex,3,1.0
825,BWA-no-clip,4,0.7272727272727273
825,BWA-std,4,0.36363636363636365
825,NW-flex,4,1.0
825,BWA-no-clip,5,0.8181818181818182
825,BWA-std,5,0.36363636363636365
825,NW-flex,5,1.0
825,BWA-no-clip,6,0.9090909090909091
825,BWA-std,6,0.45454545454545453
825,NW-flex,6,1.0
825,BWA-no-clip,7,1.0
825,BWA-std,7,0.45454545454545453
825,NW-flex,7,1.0
825,BWA-no-clip,8,1.0
825,BWA-std,8,0.6363636363636364
825,NW-flex,8,1.0
825,BWA-no-clip,9,1.0
825,BWA-std,9,0.6363636363636364
825,NW-flex,9,1.0
825,BWA-no-clip,10,1.0
825,BWA-std,10,0.8181818181818182
825,NW-flex,10,1.0
826,BWA-no-clip,1,0.5454545454545454
826,BWA-std,1,0.09090909090909091
826,NW-flex,1,1.0
826,BWA-no-clip,2,0.7272727272727273
826,BWA-std,2,0.18181818181818182
826,NW-flex,2,1.0
826,BWA-no-clip,3,0.9090909090909091
826,BWA-std,3,0.18181818181818182
826,NW-flex,3,1.0
826,BWA-no-clip,4,1.0
826,BWA-std,4,0.36363636363636365
826,NW-flex,4,1.0
826,BWA-no-clip,5,1.0
826,BWA-std,5,0.36363636363636365
826,NW-flex,5,1.0
826,BWA-no-clip,6,1.0
826,BWA-std,6,0.45454545454545453
826,NW-flex,6,1.0
826,BWA-no-clip,7,1.0
826,BWA-std,7,0.45454545454545453
826,NW-flex,7,1.0
826,BWA-no-clip,8,1.0
826,BWA-std,8,0.6363636363636364
826,NW-flex,8,1.0
826,BWA-no-clip,9,1.0
826,BWA-std,9,0.6363636363636364
826,NW-flex,9,1.0
826,BWA-no-clip,10,1.0
826,BWA-std,10,0.8181818181818182
826,NW-flex,10,1.0
827,BWA-no-clip,1,0.09090909090909091
827,BWA-std,1,0.09090909090909091
827,NW-flex,1,1.0
827,BWA-no-clip,2,0.45454545454545453
827,BWA-std,2,0.09090909090909091
827,NW-flex,2,1.0
827,BWA-no-clip,3,0.7272727272727273
827,BWA-std,3,0.18181818181818182
827,NW-flex,3,1.0
827,BWA-no-clip,4,0.7272727272727273
827,BWA-std,4,0.36363636363636365
827,NW-flex,4,1.0
827,BWA-no-clip,5,0.9090909090909091
827,BWA-std,5,0.36363636363636365
827,NW-flex,5,1.0
827,BWA-no-clip,6,0.9090909090909091
827,BWA-std,6,0.45454545454545453
827,NW-flex,6,1.0
827,BWA-no-clip,7,0.9090909090909091
827,BWA-std,7,0.45454545454545453
827,NW-flex,7,1.0
827,BWA-no-clip,8,1.0
827,BWA-std,8,0.6363636363636364
827,NW-flex,8,1.0
827,BWA-no-clip,9,1.0
827,BWA-std,9,0.6363636363636364
827,NW-flex,9,1.0
827,BWA-no-clip,10,1.0
827,BWA-std,10,0.8181818181818182
827,NW-flex,10,1.0
828,BWA-no-clip,1,0.5454545454545454
828,BWA-std,1,0.09090909090909091
828,NW-flex,1,1.0
828,BWA-no-clip,2,0.5454545454545454
828,BWA-std,2,0.09090909090909091
828,NW-flex,2,1.0
828,BWA-no-clip,3,0.7272727272727273
828,BWA-std,3,0.18181818181818182
828,NW-flex,3,1.0
828,BWA-no-clip,4,0.8181818181818182
828,BWA-std,4,0.36363636363636365
828,NW-flex,4,1.0
828,BWA-no-clip,5,0.9090909090909091
828,BWA-std,5,0.36363636363636365
828,NW-flex,5,1.0
828,BWA-no-clip,6,0.9090909090909091
828,BWA-std,6,0.45454545454545453
828,NW-flex,6,1.0
828,BWA-no-clip,7,1.0
828,BWA-std,7,0.45454545454545453
828,NW-flex,7,1.0
828,BWA-no-clip,8,1.0
828,BWA-std,8,0.6363636363636364
828,NW-flex,8,1.0
828,BWA-no-clip,9,1.0
828,BWA-std,9,0.6363636363636364
828,NW-flex,9,1.0
828,BWA-no-clip,10,1.0
828,BWA-std,10,0.8181818181818182
828,NW-flex,10,1.0
829,BWA-no-clip,1,0.09090909090909091
829,BWA-std,1,0.09090909090909091
829,NW-flex,1,1.0
829,BWA-no-clip,2,0.09090909090909091
829,BWA-std,2,0.09090909090909091
829,NW-flex,2,1.0
829,BWA-no-clip,3,0.12121212121212122
829,BWA-std,3,0.18181818181818182
829,NW-flex,3,1.0
829,BWA-no-clip,4,0.5757575757575758
829,BWA-std,4,0.2727272727272727
829,NW-flex,4,1.0
829,BWA-no-clip,5,0.9090909090909091
829,BWA-std,5,0.36363636363636365
829,NW-flex,5,1.0
829,BWA-no-clip,6,0.9090909090909091
829,BWA-std,6,0.45454545454545453
829,NW-flex,6,1.0
829,BWA-no-clip,7,0.9090909090909091
829,BWA-std,7,0.45454545454545453
829,NW-flex,7,1.0
829,BWA-no-clip,8,0.9090909090909091
829,BWA-std,8,0.6363636363636364
829,NW-flex,8,1.0
829,BWA-no-clip,9,1.0
829,BWA-std,9,0.6363636363636364
829,NW-flex,9,1.0
829,BWA-no-clip,10,1.0
829,BWA-std,10,0.8181818181818182
829,NW-flex,10,1.0
830,BWA-no-clip,1,0.5454545454545454
830,BWA-std,1,0.09090909090909091
830,NW-flex,1,1.0
830,BWA-no-clip,2,0.7272727272727273
830,BWA-std,2,0.18181818181818182
830,NW-flex,2,1.0
830,BWA-no-clip,3,0.9090909090909091
830,BWA-std,3,0.18181818181818182
830,NW-flex,3,1.0
830,BWA-no-clip,4,0.9090909090909091
830,BWA-std,4,0.36363636363636365
830,NW-flex,4,1.0
830,BWA-no-clip,5,1.0
830,BWA-std,5,0.36363636363636365
830,NW-flex,5,1.0
830,BWA-no-clip,6,1.0
830,BWA-std,6,0.45454545454545453
830,NW-flex,6,1.0
830,BWA-no-clip,7,1.0
830,BWA-std,7,0.45454545454545453
830,NW-flex,7,1.0
830,BWA-no-clip,8,1.0
830,BWA-std,8,0.6363636363636364
830,NW-flex,8,1.0
830,BWA-no-clip,9,1.0
830,BWA-std,9,0.6363636363636364
830,NW-flex,9,1.0
830,BWA-no-clip,10,1.0
830,BWA-std,10,0.8181818181818182
830,NW-flex,10,1.0
831,BWA-no-clip,1,0.09090909090909091
831,BWA-std,1,0.09090909090909091
831,NW-flex,1,1.0
831,BWA-no-clip,2,0.5454545454545454
831,BWA-std,2,0.09090909090909091
831,NW-flex,2,1.0
831,BWA-no-clip,3,0.6363636363636364
831,BWA-std,3,0.09090909090909091
831,NW-flex,3,1.0
831,BWA-no-clip,4,0.7272727272727273
831,BWA-std,4,0.36363636363636365
831,NW-flex,4,1.0
831,BWA-no-clip,5,0.7272727272727273
831,BWA-std,5,0.36363636363636365
831,NW-flex,5,1.0
831,BWA-no-clip,6,0.9090909090909091
831,BWA-std,6,0.45454545454545453
831,NW-flex,6,1.0
831,BWA-no-clip,7,1.0
831,BWA-std,7,0.45454545454545453
831,NW-flex,7,1.0
831,BWA-no-clip,8,1.0
831,BWA-std,8,0.6363636363636364
831,NW-flex,8,1.0
831,BWA-no-clip,9,1.0
831,BWA-std,9,0.6363636363636364
831,NW-flex,9,1.0
831,BWA-no-clip,10,1.0
831,BWA-std,10,0.8181818181818182
831,NW-flex,10,1.0
832,BWA-no-clip,1,0.5454545454545454
832,BWA-std,1,0.09090909090909091
832,NW-flex,1,1.0
832,BWA-no-clip,2,0.7272727272727273
832,BWA-std,2,0.18181818181818182
832,NW-flex,2,1.0
832,BWA-no-clip,3,0.9090909090909091
832,BWA-std,3,0.18181818181818182
832,NW-flex,3,1.0
832,BWA-no-clip,4,0.8181818181818182
832,BWA-std,4,0.36363636363636365
832,NW-flex,4,1.0
832,BWA-no-clip,5,1.0
832,BWA-std,5,0.36363636363636365
832,NW-flex,5,1.0
832,BWA-no-clip,6,1.0
832,BWA-std,6,0.45454545454545453
832,NW-flex,6,1.0
832,BWA-no-clip,7,1.0
832,BWA-std,7,0.45454545454545453
832,NW-flex,7,1.0
832,BWA-no-clip,8,1.0
832,BWA-std,8,0.6363636363636364
832,NW-flex,8,1.0
832,BWA-no-clip,9,1.0
832,BWA-std,9,0.6363636363636364
832,NW-flex,9,1.0
832,BWA-no-clip,10,1.0
832,BWA-std,10,0.8181818181818182
832,NW-flex,10,1.0
833,BWA-no-clip,1,0.5454545454545454
833,BWA-std,1,0.09090909090909091
833,NW-flex,1,1.0
833,BWA-no-clip,2,0.6363636363636364
833,BWA-std,2,0.18181818181818182
833,NW-flex,2,1.0
833,BWA-no-clip,3,0.8181818181818182
833,BWA-std,3,0.18181818181818182
833,NW-flex,3,1.0
833,BWA-no-clip,4,0.9090909090909091
833,BWA-std,4,0.36363636363636365
833,NW-flex,4,1.0
833,BWA-no-clip,5,1.0
833,BWA-std,5,0.36363636363636365
833,NW-flex,5,1.0
833,BWA-no-clip,6,1.0
833,BWA-std,6,0.45454545454545453
833,NW-flex,6,1.0
833,BWA-no-clip,7,1.0
833,BWA-std,7,0.45454545454545453
833,NW-flex,7,1.0
833,BWA-no-clip,8,1.0
833,BWA-std,8,0.6363636363636364
833,NW-flex,8,1.0
833,BWA-no-clip,9,1.0
833,BWA-std,9,0.6363636363636364
833,NW-flex,9,1.0
833,BWA-no-clip,10,1.0
833,BWA-std,10,0.8181818181818182
833,NW-flex,10,1.0
834,BWA-no-clip,1,0.5454545454545454
834,BWA-std,1,0.09090909090909091
834,NW-flex,1,1.0
834,BWA-no-clip,2,0.7272727272727273
834,BWA-std,2,0.18181818181818182
834,NW-flex,2,1.0
834,BWA-no-clip,3,0.9090909090909091
834,BWA-std,3,0.18181818181818182
834,NW-flex,3,1.0
834,BWA-no-clip,4,0.8181818181818182
834,BWA-std,4,0.36363636363636365
834,NW-flex,4,1.0
834,BWA-no-clip,5,0.8181818181818182
834,BWA-std,5,0.36363636363636365
834,NW-flex,5,1.0
834,BWA-no-clip,6,1.0
834,BWA-std,6,0.45454545454545453
834,NW-flex,6,1.0
834,BWA-no-clip,7,1.0
834,BWA-std,7,0.45454545454545453
834,NW-flex,7,1.0
834,BWA-no-clip,8,1.0
834,BWA-std,8,0.6363636363636364
834,NW-flex,8,1.0
834,BWA-no-clip,9,1.0
834,BWA-std,9,0.6363636363636364
834,NW-flex,9,1.0
834,BWA-no-clip,10,1.0
834,BWA-std,10,0.8181818181818182
834,NW-flex,10,1.0
835,BWA-no-clip,1,0.5454545454545454
835,BWA-std,1,0.09090909090909091
835,NW-flex,1,1.0
835,BWA-no-clip,2,0.7272727272727273
835,BWA-std,2,0.18181818181818182
835,NW-flex,2,1.0
835,BWA-no-clip,3,0.9090909090909091
835,BWA-std,3,0.18181818181818182
835,NW-flex,3,1.0
835,BWA-no-clip,4,0.9090909090909091
835,BWA-std,4,0.36363636363636365
835,NW-flex,4,1.0
835,BWA-no-clip,5,1.0
835,BWA-std,5,0.36363636363636365
835,NW-flex,5,1.0
835,BWA-no-clip,6,1.0
835,BWA-std,6,0.45454545454545453
835,NW-flex,6,1.0
835,BWA-no-clip,7,1.0
835,BWA-std,7,0.45454545454545453
835,NW-flex,7,1.0
835,BWA-no-clip,8,1.0
835,BWA-std,8,0.6363636363636364
835,NW-flex,8,1.0
835,BWA-no-clip,9,1.0
835,BWA-std,9,0.6363636363636364
835,NW-flex,9,1.0
835,BWA-no-clip,10,1.0
835,BWA-std,10,0.8181818181818182
835,NW-flex,10,1.0
836,BWA-no-clip,1,0.5454545454545454
836,BWA-std,1,0.09090909090909091
836,NW-flex,1,1.0
836,BWA-no-clip,2,0.7272727272727273
836,BWA-std,2,0.18181818181818182
836,NW-flex,2,1.0
836,BWA-no-clip,3,0.8181818181818182
836,BWA-std,3,0.18181818181818182
836,NW-flex,3,1.0
836,BWA-no-clip,4,1.0
836,BWA-std,4,0.36363636363636365
836,NW-flex,4,1.0
836,BWA-no-clip,5,0.9090909090909091
836,BWA-std,5,0.36363636363636365
836,NW-flex,5,1.0
836,BWA-no-clip,6,0.9090909090909091
836,BWA-std,6,0.45454545454545453
836,NW-flex,6,1.0
836,BWA-no-clip,7,1.0
836,BWA-std,7,0.45454545454545453
836,NW-flex,7,1.0
836,BWA-no-clip,8,1.0
836,BWA-std,8,0.6363636363636364
836,NW-flex,8,1.0
836,BWA-no-clip,9,1.0
836,BWA-std,9,0.6363636363636364
836,NW-flex,9,1.0
836,BWA-no-clip,10,1.0
836,BWA-std,10,0.8181818181818182
836,NW-flex,10,1.0
837,BWA-no-clip,1,0.5454545454545454
837,BWA-std,1,0.09090909090909091
837,NW-flex,1,1.0
837,BWA-no-clip,2,0.7272727272727273
837,BWA-std,2,0.18181818181818182
837,NW-flex,2,1.0
837,BWA-no-clip,3,0.8181818181818182
837,BWA-std,3,0.18181818181818182
837,NW-flex,3,1.0
837,BWA-no-clip,4,0.8181818181818182
837,BWA-std,4,0.36363636363636365
837,NW-flex,4,1.0
837,BWA-no-clip,5,1.0
837,BWA-std,5,0.36363636363636365
837,NW-flex,5,1.0
837,BWA-no-clip,6,1.0
837,BWA-std,6,0.45454545454545453
837,NW-flex,6,1.0
837,BWA-no-clip,7,1.0
837,BWA-std,7,0.45454545454545453
837,NW-flex,7,1.0
837,BWA-no-clip,8,1.0
837,BWA-std,8,0.6363636363636364
837,NW-flex,8,1.0
837,BWA-no-clip,9,1.0
837,BWA-std,9,0.6363636363636364
837,NW-flex,9,1.0
837,BWA-no-clip,10,1.0
837,BWA-std,10,0.8181818181818182
837,NW-flex,10,1.0
838,BWA-no-clip,1,0.5454545454545454
838,BWA-std,1,0.09090909090909091
838,NW-flex,1,1.0
838,BWA-no-clip,2,0.6363636363636364
838,BWA-std,2,0.18181818181818182
838,NW-flex,2,1.0
838,BWA-no-clip,3,0.8181818181818182
838,BWA-std,3,0.18181818181818182
838,NW-flex,3,1.0
838,BWA-no-clip,4,0.9090909090909091
838,BWA-std,4,0.36363636363636365
838,NW-flex,4,1.0
838,BWA-no-clip,5,1.0
838,BWA-std,5,0.36363636363636365
838,NW-flex,5,1.0
838,BWA-no-clip,6,1.0
838,BWA-std,6,0.45454545454545453
838,NW-flex,6,1.0
838,BWA-no-clip,7,1.0
838,BWA-std,7,0.45454545454545453
838,NW-flex,7,1.0
838,BWA-no-clip,8,1.0
838,BWA-std,8,0.6363636363636364
838,NW-flex,8,1.0
838,BWA-no-clip,9,1.0
838,BWA-std,9,0.6363636363636364
838,NW-flex,9,1.0
838,BWA-no-clip,10,1.0
838,BWA-std,10,0.8181818181818182
838,NW-flex,10,1.0
839,BWA-no-clip,1,0.09090909090909091
839,BWA-std,1,0.09090909090909091
839,NW-flex,1,1.0
839,BWA-no-clip,2,0.09090909090909091
839,BWA-std,2,0.09090909090909091
839,NW-flex,2,1.0
839,BWA-no-clip,3,0.12121212121212122
839,BWA-std,3,0.18181818181818182
839,NW-flex,3,1.0
839,BWA-no-clip,4,0.5757575757575758
839,BWA-std,4,0.2727272727272727
839,NW-flex,4,1.0
839,BWA-no-clip,5,0.7272727272727273
839,BWA-std,5,0.36363636363636365
839,NW-flex,5,1.0
839,BWA-no-clip,6,0.7272727272727273
839,BWA-std,6,0.45454545454545453
839,NW-flex,6,1.0
839,BWA-no-clip,7,0.8181818181818182
839,BWA-std,7,0.45454545454545453
839,NW-flex,7,1.0
839,BWA-no-clip,8,1.0
839,BWA-std,8,0.6363636363636364
839,NW-flex,8,1.0
839,BWA-no-clip,9,1.0
839,BWA-std,9,0.6363636363636364
839,NW-flex,9,1.0
839,BWA-no-clip,10,1.0
839,BWA-std,10,0.8181818181818182
839,NW-flex,10,1.0
840,BWA-no-clip,1,0.36363636363636365
840,BWA-std,1,0.09090909090909091
840,NW-flex,1,1.0
840,BWA-no-clip,2,0.36363636363636365
840,BWA-std,2,0.09090909090909091
840,NW-flex,2,1.0
840,BWA-no-clip,3,0.7272727272727273
840,BWA-std,3,0.18181818181818182
840,NW-flex,3,1.0
840,BWA-no-clip,4,0.8181818181818182
840,BWA-std,4,0.36363636363636365
840,NW-flex,4,1.0
840,BWA-no-clip,5,0.8181818181818182
840,BWA-std,5,0.36363636363636365
840,NW-flex,5,1.0
840,BWA-no-clip,6,0.8181818181818182
840,BWA-std,6,0.45454545454545453
840,NW-flex,6,1.0
840,BWA-no-clip,7,1.0
840,BWA-std,7,0.45454545454545453
840,NW-flex,7,1.0
840,BWA-no-clip,8,1.0
840,BWA-std,8,0.6363636363636364
840,NW-flex,8,1.0
840,BWA-no-clip,9,1.0
840,BWA-std,9,0.6363636363636364
840,NW-flex,9,1.0
840,BWA-no-clip,10,1.0
840,BWA-std,10,0.8181818181818182
840,NW-flex,10,1.0
841,BWA-no-clip,1,0.5454545454545454
841,BWA-std,1,0.09090909090909091
841,NW-flex,1,1.0
841,BWA-no-clip,2,0.7272727272727273
841,BWA-std,2,0.18181818181818182
841,NW-flex,2,1.0
841,BWA-no-clip,3,0.9090909090909091
841,BWA-std,3,0.18181818181818182
841,NW-flex,3,1.0
841,BWA-no-clip,4,0.9090909090909091
841,BWA-std,4,0.36363636363636365
841,NW-flex,4,1.0
841,BWA-no-clip,5,1.0
841,BWA-std,5,0.36363636363636365
841,NW-flex,5,1.0
841,BWA-no-clip,6,1.0
841,BWA-std,6,0.45454545454545453
841,NW-flex,6,1.0
841,BWA-no-clip,7,1.0
841,BWA-std,7,0.45454545454545453
841,NW-flex,7,1.0
841,BWA-no-clip,8,1.0
841,BWA-std,8,0.6363636363636364
841,NW-flex,8,1.0
841,BWA-no-clip,9,1.0
841,BWA-std,9,0.6363636363636364
841,NW-flex,9,1.0
841,BWA-no-clip,10,1.0
841,BWA-std,10,0.8181818181818182
841,NW-flex,10,1.0
842,BWA-no-clip,1,0.5454545454545454
842,BWA-std,1,0.09090909090909091
842,NW-flex,1,1.0
842,BWA-no-clip,2,0.7272727272727273
842,BWA-std,2,0.18181818181818182
842,NW-flex,2,1.0
842,BWA-no-clip,3,0.8181818181818182
842,BWA-std,3,0.18181818181818182
842,NW-flex,3,1.0
842,BWA-no-clip,4,1.0
842,BWA-std,4,0.36363636363636365
842,NW-flex,4,1.0
842,BWA-no-clip,5,1.0
842,BWA-std,5,0.36363636363636365
842,NW-flex,5,1.0
842,BWA-no-clip,6,1.0
842,BWA-std,6,0.45454545454545453
842,NW-flex,6,1.0
842,BWA-no-clip,7,1.0
842,BWA-std,7,0.45454545454545453
842,NW-flex,7,1.0
842,BWA-no-clip,8,1.0
842,BWA-std,8,0.6363636363636364
842,NW-flex,8,1.0
842,BWA-no-clip,9,1.0
842,BWA-std,9,0.6363636363636364
842,NW-flex,9,1.0
842,BWA-no-clip,10,1.0
842,BWA-std,10,0.8181818181818182
842,NW-flex,10,1.0
843,BWA-no-clip,1,0.5454545454545454
843,BWA-std,1,0.09090909090909091
843,NW-flex,1,1.0
843,BWA-no-clip,2,0.7272727272727273
843,BWA-std,2,0.18181818181818182
843,NW-flex,2,1.0
843,BWA-no-clip,3,0.9090909090909091
843,BWA-std,3,0.18181818181818182
843,NW-flex,3,1.0
843,BWA-no-clip,4,0.9090909090909091
843,BWA-std,4,0.36363636363636365
843,NW-flex,4,1.0
843,BWA-no-clip,5,0.9090909090909091
843,BWA-std,5,0.36363636363636365
843,NW-flex,5,1.0
843,BWA-no-clip,6,1.0
843,BWA-std,6,0.45454545454545453
843,NW-flex,6,1.0
843,BWA-no-clip,7,1.0
843,BWA-std,7,0.45454545454545453
843,NW-flex,7,1.0
843,BWA-no-clip,8,1.0
843,BWA-std,8,0.6363636363636364
843,NW-flex,8,1.0
843,BWA-no-clip,9,1.0
843,BWA-std,9,0.6363636363636364
843,NW-flex,9,1.0
843,BWA-no-clip,10,1.0
843,BWA-std,10,0.8181818181818182
843,NW-flex,10,1.0
844,BWA-no-clip,1,0.09090909090909091
844,BWA-std,1,0.09090909090909091
844,NW-flex,1,1.0
844,BWA-no-clip,2,0.09090909090909091
844,BWA-std,2,0.09090909090909091
844,NW-flex,2,1.0
844,BWA-no-clip,3,0.12121212121212122
844,BWA-std,3,0.18181818181818182
844,NW-flex,3,1.0
844,BWA-no-clip,4,0.5757575757575758
844,BWA-std,4,0.2727272727272727
844,NW-flex,4,1.0
844,BWA-no-clip,5,0.9090909090909091
844,BWA-std,5,0.36363636363636365
844,NW-flex,5,1.0
844,BWA-no-clip,6,1.0
844,BWA-std,6,0.45454545454545453
844,NW-flex,6,1.0
844,BWA-no-clip,7,1.0
844,BWA-std,7,0.45454545454545453
844,NW-flex,7,1.0
844,BWA-no-clip,8,1.0
844,BWA-std,8,0.6363636363636364
844,NW-flex,8,1.0
844,BWA-no-clip,9,1.0
844,BWA-std,9,0.6363636363636364
844,NW-flex,9,1.0
844,BWA-no-clip,10,1.0
844,BWA-std,10,0.8181818181818182
844,NW-flex,10,1.0
845,BWA-no-clip,1,0.5454545454545454
845,BWA-std,1,0.09090909090909091
845,NW-flex,1,1.0
845,BWA-no-clip,2,0.7272727272727273
845,BWA-std,2,0.18181818181818182
845,NW-flex,2,1.0
845,BWA-no-clip,3,0.9090909090909091
845,BWA-std,3,0.18181818181818182
845,NW-flex,3,1.0
845,BWA-no-clip,4,1.0
845,BWA-std,4,0.36363636363636365
845,NW-flex,4,1.0
845,BWA-no-clip,5,1.0
845,BWA-std,5,0.36363636363636365
845,NW-flex,5,1.0
845,BWA-no-clip,6,1.0
845,BWA-std,6,0.45454545454545453
845,NW-flex,6,1.0
845,BWA-no-clip,7,1.0
845,BWA-std,7,0.45454545454545453
845,NW-flex,7,1.0
845,BWA-no-clip,8,1.0
845,BWA-std,8,0.6363636363636364
845,NW-flex,8,1.0
845,BWA-no-clip,9,1.0
845,BWA-std,9,0.6363636363636364
845,NW-flex,9,1.0
845,BWA-no-clip,10,1.0
845,BWA-std,10,0.8181818181818182
845,NW-flex,10,1.0
846,BWA-no-clip,1,0.5454545454545454
846,BWA-std,1,0.09090909090909091
846,NW-flex,1,1.0
846,BWA-no-clip,2,0.6363636363636364
846,BWA-std,2,0.18181818181818182
846,NW-flex,2,1.0
846,BWA-no-clip,3,0.6363636363636364
846,BWA-std,3,0.18181818181818182
846,NW-flex,3,1.0
846,BWA-no-clip,4,0.8181818181818182
846,BWA-std,4,0.36363636363636365
846,NW-flex,4,1.0
846,BWA-no-clip,5,1.0
846,BWA-std,5,0.36363636363636365
846,NW-flex,5,1.0
846,BWA-no-clip,6,1.0
846,BWA-std,6,0.45454545454545453
846,NW-flex,6,1.0
846,BWA-no-clip,7,1.0
846,BWA-std,7,0.45454545454545453
846,NW-flex,7,1.0
846,BWA-no-clip,8,1.0
846,BWA-std,8,0.6363636363636364
846,NW-flex,8,1.0
846,BWA-no-clip,9,1.0
846,BWA-std,9,0.6363636363636364
846,NW-flex,9,1.0
846,BWA-no-clip,10,1.0
846,BWA-std,10,0.8181818181818182
846,NW-flex,10,1.0
847,BWA-no-clip,1,0.5454545454545454
847,BWA-std,1,0.09090909090909091
847,NW-flex,1,1.0
847,BWA-no-clip,2,0.7272727272727273
847,BWA-std,2,0.18181818181818182
847,NW-flex,2,1.0
847,BWA-no-clip,3,0.7272727272727273
847,BWA-std,3,0.18181818181818182
847,NW-flex,3,1.0
847,BWA-no-clip,4,0.8181818181818182
847,BWA-std,4,0.36363636363636365
847,NW-flex,4,1.0
847,BWA-no-clip,5,1.0
847,BWA-std,5,0.36363636363636365
847,NW-flex,5,1.0
847,BWA-no-clip,6,1.0
847,BWA-std,6,0.45454545454545453
847,NW-flex,6,1.0
847,BWA-no-clip,7,1.0
847,BWA-std,7,0.45454545454545453
847,NW-flex,7,1.0
847,BWA-no-clip,8,1.0
847,BWA-std,8,0.6363636363636364
847,NW-flex,8,1.0
847,BWA-no-clip,9,1.0
847,BWA-std,9,0.6363636363636364
847,NW-flex,9,1.0
847,BWA-no-clip,10,1.0
847,BWA-std,10,0.8181818181818182
847,NW-flex,10,1.0
848,BWA-no-clip,1,0.5454545454545454
848,BWA-std,1,0.09090909090909091
848,NW-flex,1,1.0
848,BWA-no-clip,2,0.7272727272727273
848,BWA-std,2,0.18181818181818182
848,NW-flex,2,1.0
848,BWA-no-clip,3,0.9090909090909091
848,BWA-std,3,0.18181818181818182
848,NW-flex,3,1.0
848,BWA-no-clip,4,0.8181818181818182
848,BWA-std,4,0.36363636363636365
848,NW-flex,4,1.0
848,BWA-no-clip,5,0.9090909090909091
848,BWA-std,5,0.36363636363636365
848,NW-flex,5,1.0
848,BWA-no-clip,6,1.0
848,BWA-std,6,0.45454545454545453
848,NW-flex,6,1.0
848,BWA-no-clip,7,1.0
848,BWA-std,7,0.45454545454545453
848,NW-flex,7,1.0
848,BWA-no-clip,8,1.0
848,BWA-std,8,0.6363636363636364
848,NW-flex,8,1.0
848,BWA-no-clip,9,1.0
848,BWA-std,9,0.6363636363636364
848,NW-flex,9,1.0
848,BWA-no-clip,10,1.0
848,BWA-std,10,0.8181818181818182
848,NW-flex,10,1.0
849,BWA-no-clip,1,0.09090909090909091
849,BWA-std,1,0.09090909090909091
849,NW-flex,1,1.0
849,BWA-no-clip,2,0.09090909090909091
849,BWA-std,2,0.09090909090909091
849,NW-flex,2,1.0
849,BWA-no-clip,3,0.5757575757575758
849,BWA-std,3,0.18181818181818182
849,NW-flex,3,1.0
849,BWA-no-clip,4,0.8181818181818182
849,BWA-std,4,0.36363636363636365
849,NW-flex,4,1.0
849,BWA-no-clip,5,0.8181818181818182
849,BWA-std,5,0.36363636363636365
849,NW-flex,5,1.0
849,BWA-no-clip,6,1.0
849,BWA-std,6,0.45454545454545453
849,NW-flex,6,1.0
849,BWA-no-clip,7,1.0
849,BWA-std,7,0.45454545454545453
849,NW-flex,7,1.0
849,BWA-no-clip,8,1.0
849,BWA-std,8,0.6363636363636364
849,NW-flex,8,1.0
849,BWA-no-clip,9,1.0
849,BWA-std,9,0.6363636363636364
849,NW-flex,9,1.0
849,BWA-no-clip,10,1.0
849,BWA-std,10,0.8181818181818182
849,NW-flex,10,1.0
850,BWA-no-clip,1,0.09090909090909091
850,BWA-std,1,0.09090909090909091
850,NW-flex,1,1.0
850,BWA-no-clip,2,0.5454545454545454
850,BWA-std,2,0.09090909090909091
850,NW-flex,2,1.0
850,BWA-no-clip,3,0.7272727272727273
850,BWA-std,3,0.18181818181818182
850,NW-flex,3,1.0
850,BWA-no-clip,4,0.9090909090909091
850,BWA-std,4,0.36363636363636365
850,NW-flex,4,1.0
850,BWA-no-clip,5,0.9090909090909091
850,BWA-std,5,0.36363636363636365
850,NW-flex,5,1.0
850,BWA-no-clip,6,0.9090909090909091
850,BWA-std,6,0.45454545454545453
850,NW-flex,6,1.0
850,BWA-no-clip,7,1.0
850,BWA-std,7,0.45454545454545453
850,NW-flex,7,1.0
850,BWA-no-clip,8,1.0
850,BWA-std,8,0.6363636363636364
850,NW-flex,8,1.0
850,BWA-no-clip,9,1.0
850,BWA-std,9,0.6363636363636364
850,NW-flex,9,1.0
850,BWA-no-clip,10,1.0
850,BWA-std,10,0.8181818181818182
850,NW-flex,10,1.0
851,BWA-no-clip,1,0.5454545454545454
851,BWA-std,1,0.09090909090909091
851,NW-flex,1,1.0
851,BWA-no-clip,2,0.7272727272727273
851,BWA-std,2,0.18181818181818182
851,NW-flex,2,1.0
851,BWA-no-clip,3,0.7272727272727273
851,BWA-std,3,0.18181818181818182
851,NW-flex,3,1.0
851,BWA-no-clip,4,0.9090909090909091
851,BWA-std,4,0.36363636363636365
851,NW-flex,4,1.0
851,BWA-no-clip,5,0.9090909090909091
851,BWA-std,5,0.36363636363636365
851,NW-flex,5,1.0
851,BWA-no-clip,6,1.0
851,BWA-std,6,0.45454545454545453
851,NW-flex,6,1.0
851,BWA-no-clip,7,1.0
851,BWA-std,7,0.45454545454545453
851,NW-flex,7,1.0
851,BWA-no-clip,8,1.0
851,BWA-std,8,0.6363636363636364
851,NW-flex,8,1.0
851,BWA-no-clip,9,1.0
851,BWA-std,9,0.6363636363636364
851,NW-flex,9,1.0
851,BWA-no-clip,10,1.0
851,BWA-std,10,0.8181818181818182
851,NW-flex,10,1.0
852,BWA-no-clip,1,0.09090909090909091
852,BWA-std,1,0.09090909090909091
852,NW-flex,1,1.0
852,BWA-no-clip,2,0.5454545454545454
852,BWA-std,2,0.09090909090909091
852,NW-flex,2,1.0
852,BWA-no-clip,3,0.7272727272727273
852,BWA-std,3,0.18181818181818182
852,NW-flex,3,1.0
852,BWA-no-clip,4,0.8181818181818182
852,BWA-std,4,0.36363636363636365
852,NW-flex,4,1.0
852,BWA-no-clip,5,0.8181818181818182
852,BWA-std,5,0.36363636363636365
852,NW-flex,5,1.0
852,BWA-no-clip,6,1.0
852,BWA-std,6,0.45454545454545453
852,NW-flex,6,1.0
852,BWA-no-clip,7,1.0
852,BWA-std,7,0.45454545454545453
852,NW-flex,7,1.0
852,BWA-no-clip,8,1.0
852,BWA-std,8,0.6363636363636364
852,NW-flex,8,1.0
852,BWA-no-clip,9,1.0
852,BWA-std,9,0.6363636363636364
852,NW-flex,9,1.0
852,BWA-no-clip,10,1.0
852,BWA-std,10,0.8181818181818182
852,NW-flex,10,1.0
853,BWA-no-clip,1,0.5454545454545454
853,BWA-std,1,0.09090909090909091
853,NW-flex,1,1.0
853,BWA-no-clip,2,0.7272727272727273
853,BWA-std,2,0.18181818181818182
853,NW-flex,2,1.0
853,BWA-no-clip,3,0.9090909090909091
853,BWA-std,3,0.18181818181818182
853,NW-flex,3,1.0
853,BWA-no-clip,4,0.9090909090909091
853,BWA-std,4,0.36363636363636365
853,NW-flex,4,1.0
853,BWA-no-clip,5,1.0
853,BWA-std,5,0.36363636363636365
853,NW-flex,5,1.0
853,BWA-no-clip,6,1.0
853,BWA-std,6,0.45454545454545453
853,NW-flex,6,1.0
853,BWA-no-clip,7,1.0
853,BWA-std,7,0.45454545454545453
853,NW-flex,7,1.0
853,BWA-no-clip,8,1.0
853,BWA-std,8,0.6363636363636364
853,NW-flex,8,1.0
853,BWA-no-clip,9,1.0
853,BWA-std,9,0.6363636363636364
853,NW-flex,9,1.0
853,BWA-no-clip,10,1.0
853,BWA-std,10,0.8181818181818182
853,NW-flex,10,1.0
854,BWA-no-clip,1,0.18181818181818182
854,BWA-std,1,0.09090909090909091
854,NW-flex,1,1.0
854,BWA-no-clip,2,0.6363636363636364
854,BWA-std,2,0.18181818181818182
854,NW-flex,2,1.0
854,BWA-no-clip,3,0.7272727272727273
854,BWA-std,3,0.18181818181818182
854,NW-flex,3,1.0
854,BWA-no-clip,4,0.7272727272727273
854,BWA-std,4,0.36363636363636365
854,NW-flex,4,1.0
854,BWA-no-clip,5,0.9090909090909091
854,BWA-std,5,0.36363636363636365
854,NW-flex,5,1.0
854,BWA-no-clip,6,0.9090909090909091
854,BWA-std,6,0.45454545454545453
854,NW-flex,6,1.0
854,BWA-no-clip,7,1.0
854,BWA-std,7,0.45454545454545453
854,NW-flex,7,1.0
854,BWA-no-clip,8,1.0
854,BWA-std,8,0.6363636363636364
854,NW-flex,8,1.0
854,BWA-no-clip,9,1.0
854,BWA-std,9,0.6363636363636364
854,NW-flex,9,1.0
854,BWA-no-clip,10,1.0
854,BWA-std,10,0.8181818181818182
854,NW-flex,10,1.0
855,BWA-no-clip,1,0.5454545454545454
855,BWA-std,1,0.09090909090909091
855,NW-flex,1,1.0
855,BWA-no-clip,2,0.7272727272727273
855,BWA-std,2,0.18181818181818182
855,NW-flex,2,1.0
855,BWA-no-clip,3,0.7272727272727273
855,BWA-std,3,0.18181818181818182
855,NW-flex,3,1.0
855,BWA-no-clip,4,0.9090909090909091
855,BWA-std,4,0.36363636363636365
855,NW-flex,4,1.0
855,BWA-no-clip,5,1.0
855,BWA-std,5,0.36363636363636365
855,NW-flex,5,1.0
855,BWA-no-clip,6,1.0
855,BWA-std,6,0.45454545454545453
855,NW-flex,6,1.0
855,BWA-no-clip,7,1.0
855,BWA-std,7,0.45454545454545453
855,NW-flex,7,1.0
855,BWA-no-clip,8,1.0
855,BWA-std,8,0.6363636363636364
855,NW-flex,8,1.0
855,BWA-no-clip,9,1.0
855,BWA-std,9,0.6363636363636364
855,NW-flex,9,1.0
855,BWA-no-clip,10,1.0
855,BWA-std,10,0.8181818181818182
855,NW-flex,10,1.0
856,BWA-no-clip,1,0.5454545454545454
856,BWA-std,1,0.09090909090909091
856,NW-flex,1,1.0
856,BWA-no-clip,2,0.7272727272727273
856,BWA-std,2,0.18181818181818182
856,NW-flex,2,1.0
856,BWA-no-clip,3,0.8181818181818182
856,BWA-std,3,0.18181818181818182
856,NW-flex,3,1.0
856,BWA-no-clip,4,1.0
856,BWA-std,4,0.36363636363636365
856,NW-flex,4,1.0
856,BWA-no-clip,5,1.0
856,BWA-std,5,0.36363636363636365
856,NW-flex,5,1.0
856,BWA-no-clip,6,1.0
856,BWA-std,6,0.45454545454545453
856,NW-flex,6,1.0
856,BWA-no-clip,7,1.0
856,BWA-std,7,0.45454545454545453
856,NW-flex,7,1.0
856,BWA-no-clip,8,1.0
856,BWA-std,8,0.6363636363636364
856,NW-flex,8,1.0
856,BWA-no-clip,9,1.0
856,BWA-std,9,0.6363636363636364
856,NW-flex,9,1.0
856,BWA-no-clip,10,1.0
856,BWA-std,10,0.8181818181818182
856,NW-flex,10,1.0
857,BWA-no-clip,1,0.5454545454545454
857,BWA-std,1,0.09090909090909091
857,NW-flex,1,1.0
857,BWA-no-clip,2,0.7272727272727273
857,BWA-std,2,0.18181818181818182
857,NW-flex,2,1.0
857,BWA-no-clip,3,0.9090909090909091
857,BWA-std,3,0.18181818181818182
857,NW-flex,3,1.0
857,BWA-no-clip,4,0.8181818181818182
857,BWA-std,4,0.36363636363636365
857,NW-flex,4,1.0
857,BWA-no-clip,5,1.0
857,BWA-std,5,0.36363636363636365
857,NW-flex,5,1.0
857,BWA-no-clip,6,1.0
857,BWA-std,6,0.45454545454545453
857,NW-flex,6,1.0
857,BWA-no-clip,7,1.0
857,BWA-std,7,0.45454545454545453
857,NW-flex,7,1.0
857,BWA-no-clip,8,1.0
857,BWA-std,8,0.6363636363636364
857,NW-flex,8,1.0
857,BWA-no-clip,9,1.0
857,BWA-std,9,0.6363636363636364
857,NW-flex,9,1.0
857,BWA-no-clip,10,1.0
857,BWA-std,10,0.8181818181818182
857,NW-flex,10,1.0
858,BWA-no-clip,1,0.5454545454545454
858,BWA-std,1,0.09090909090909091
858,NW-flex,1,1.0
858,BWA-no-clip,2,0.6363636363636364
858,BWA-std,2,0.18181818181818182
858,NW-flex,2,1.0
858,BWA-no-clip,3,0.7272727272727273
858,BWA-std,3,0.18181818181818182
858,NW-flex,3,1.0
858,BWA-no-clip,4,0.9090909090909091
858,BWA-std,4,0.36363636363636365
858,NW-flex,4,1.0
858,BWA-no-clip,5,1.0
858,BWA-std,5,0.36363636363636365
858,NW-flex,5,1.0
858,BWA-no-clip,6,1.0
858,BWA-std,6,0.45454545454545453
858,NW-flex,6,1.0
858,BWA-no-clip,7,1.0
858,BWA-std,7,0.45454545454545453
858,NW-flex,7,1.0
858,BWA-no-clip,8,1.0
858,BWA-std,8,0.6363636363636364
858,NW-flex,8,1.0
858,BWA-no-clip,9,1.0
858,BWA-std,9,0.6363636363636364
858,NW-flex,9,1.0
858,BWA-no-clip,10,1.0
858,BWA-std,10,0.8181818181818182
858,NW-flex,10,1.0
859,BWA-no-clip,1,0.5454545454545454
859,BWA-std,1,0.09090909090909091
859,NW-flex,1,1.0
859,BWA-no-clip,2,0.7272727272727273
859,BWA-std,2,0.18181818181818182
859,NW-flex,2,1.0
859,BWA-no-clip,3,0.9090909090909091
859,BWA-std,3,0.18181818181818182
859,NW-flex,3,1.0
859,BWA-no-clip,4,0.8181818181818182
859,BWA-std,4,0.36363636363636365
859,NW-flex,4,1.0
859,BWA-no-clip,5,0.9090909090909091
859,BWA-std,5,0.36363636363636365
859,NW-flex,5,1.0
859,BWA-no-clip,6,0.9090909090909091
859,BWA-std,6,0.45454545454545453
859,NW-flex,6,1.0
859,BWA-no-clip,7,1.0
859,BWA-std,7,0.45454545454545453
859,NW-flex,7,1.0
859,BWA-no-clip,8,1.0
859,BWA-std,8,0.6363636363636364
859,NW-flex,8,1.0
859,BWA-no-clip,9,1.0
859,BWA-std,9,0.6363636363636364
859,NW-flex,9,1.0
859,BWA-no-clip,10,1.0
859,BWA-std,10,0.8181818181818182
859,NW-flex,10,1.0
860,BWA-no-clip,1,0.2727272727272727
860,BWA-std,1,0.09090909090909091
860,NW-flex,1,1.0
860,BWA-no-clip,2,0.36363636363636365
860,BWA-std,2,0.09090909090909091
860,NW-flex,2,1.0
860,BWA-no-clip,3,0.5454545454545454
860,BWA-std,3,0.18181818181818182
860,NW-flex,3,1.0
860,BWA-no-clip,4,0.6363636363636364
860,BWA-std,4,0.36363636363636365
860,NW-flex,4,1.0
860,BWA-no-clip,5,0.7272727272727273
860,BWA-std,5,0.36363636363636365
860,NW-flex,5,1.0
860,BWA-no-clip,6,0.7272727272727273
860,BWA-std,6,0.45454545454545453
860,NW-flex,6,1.0
860,BWA-no-clip,7,0.8181818181818182
860,BWA-std,7,0.45454545454545453
860,NW-flex,7,1.0
860,BWA-no-clip,8,0.9090909090909091
860,BWA-std,8,0.6363636363636364
860,NW-flex,8,1.0
860,BWA-no-clip,9,1.0
860,BWA-std,9,0.6363636363636364
860,NW-flex,9,1.0
860,BWA-no-clip,10,1.0
860,BWA-std,10,0.8181818181818182
860,NW-flex,10,1.0
861,BWA-no-clip,1,0.5454545454545454
861,BWA-std,1,0.09090909090909091
861,NW-flex,1,1.0
861,BWA-no-clip,2,0.7272727272727273
861,BWA-std,2,0.18181818181818182
861,NW-flex,2,1.0
861,BWA-no-clip,3,0.7272727272727273
861,BWA-std,3,0.18181818181818182
861,NW-flex,3,1.0
861,BWA-no-clip,4,0.9090909090909091
861,BWA-std,4,0.36363636363636365
861,NW-flex,4,1.0
861,BWA-no-clip,5,1.0
861,BWA-std,5,0.36363636363636365
861,NW-flex,5,1.0
861,BWA-no-clip,6,1.0
861,BWA-std,6,0.45454545454545453
861,NW-flex,6,1.0
861,BWA-no-clip,7,1.0
861,BWA-std,7,0.45454545454545453
861,NW-flex,7,1.0
861,BWA-no-clip,8,1.0
861,BWA-std,8,0.6363636363636364
861,NW-flex,8,1.0
861,BWA-no-clip,9,1.0
861,BWA-std,9,0.6363636363636364
861,NW-flex,9,1.0
861,BWA-no-clip,10,1.0
861,BWA-std,10,0.8181818181818182
861,NW-flex,10,1.0
862,BWA-no-clip,1,0.5454545454545454
862,BWA-std,1,0.09090909090909091
862,NW-flex,1,1.0
862,BWA-no-clip,2,0.6363636363636364
862,BWA-std,2,0.18181818181818182
862,NW-flex,2,1.0
862,BWA-no-clip,3,0.7272727272727273
862,BWA-std,3,0.18181818181818182
862,NW-flex,3,1.0
862,BWA-no-clip,4,0.9090909090909091
862,BWA-std,4,0.36363636363636365
862,NW-flex,4,1.0
862,BWA-no-clip,5,1.0
862,BWA-std,5,0.36363636363636365
862,NW-flex,5,1.0
862,BWA-no-clip,6,1.0
862,BWA-std,6,0.45454545454545453
862,NW-flex,6,1.0
862,BWA-no-clip,7,1.0
862,BWA-std,7,0.45454545454545453
862,NW-flex,7,1.0
862,BWA-no-clip,8,1.0
862,BWA-std,8,0.6363636363636364
862,NW-flex,8,1.0
862,BWA-no-clip,9,1.0
862,BWA-std,9,0.6363636363636364
862,NW-flex,9,1.0
862,BWA-no-clip,10,1.0
862,BWA-std,10,0.8181818181818182
862,NW-flex,10,1.0
863,BWA-no-clip,1,0.2727272727272727
863,BWA-std,1,0.09090909090909091
863,NW-flex,1,1.0
863,BWA-no-clip,2,0.5454545454545454
863,BWA-std,2,0.09090909090909091
863,NW-flex,2,1.0
863,BWA-no-clip,3,0.6363636363636364
863,BWA-std,3,0.09090909090909091
863,NW-flex,3,1.0
863,BWA-no-clip,4,0.7272727272727273
863,BWA-std,4,0.36363636363636365
863,NW-flex,4,1.0
863,BWA-no-clip,5,0.8181818181818182
863,BWA-std,5,0.36363636363636365
863,NW-flex,5,1.0
863,BWA-no-clip,6,0.8181818181818182
863,BWA-std,6,0.45454545454545453
863,NW-flex,6,1.0
863,BWA-no-clip,7,1.0
863,BWA-std,7,0.45454545454545453
863,NW-flex,7,1.0
863,BWA-no-clip,8,1.0
863,BWA-std,8,0.6363636363636364
863,NW-flex,8,1.0
863,BWA-no-clip,9,1.0
863,BWA-std,9,0.6363636363636364
863,NW-flex,9,1.0
863,BWA-no-clip,10,1.0
863,BWA-std,10,0.8181818181818182
863,NW-flex,10,1.0
864,BWA-no-clip,1,0.09090909090909091
864,BWA-std,1,0.09090909090909091
864,NW-flex,1,1.0
864,BWA-no-clip,2,0.5454545454545454
864,BWA-std,2,0.09090909090909091
864,NW-flex,2,1.0
864,BWA-no-clip,3,0.6363636363636364
864,BWA-std,3,0.09090909090909091
864,NW-flex,3,1.0
864,BWA-no-clip,4,0.7272727272727273
864,BWA-std,4,0.36363636363636365
864,NW-flex,4,1.0
864,BWA-no-clip,5,0.9090909090909091
864,BWA-std,5,0.36363636363636365
864,NW-flex,5,1.0
864,BWA-no-clip,6,0.9090909090909091
864,BWA-std,6,0.45454545454545453
864,NW-flex,6,1.0
864,BWA-no-clip,7,1.0
864,BWA-std,7,0.45454545454545453
864,NW-flex,7,1.0
864,BWA-no-clip,8,1.0
864,BWA-std,8,0.6363636363636364
864,NW-flex,8,1.0
864,BWA-no-clip,9,1.0
864,BWA-std,9,0.6363636363636364
864,NW-flex,9,1.0
864,BWA-no-clip,10,1.0
864,BWA-std,10,0.8181818181818182
864,NW-flex,10,1.0
865,BWA-no-clip,1,0.09090909090909091
865,BWA-std,1,0.09090909090909091
865,NW-flex,1,1.0
865,BWA-no-clip,2,0.5454545454545454
865,BWA-std,2,0.09090909090909091
865,NW-flex,2,1.0
865,BWA-no-clip,3,0.7272727272727273
865,BWA-std,3,0.18181818181818182
865,NW-flex,3,1.0
865,BWA-no-clip,4,0.7272727272727273
865,BWA-std,4,0.36363636363636365
865,NW-flex,4,1.0
865,BWA-no-clip,5,0.7272727272727273
865,BWA-std,5,0.36363636363636365
865,NW-flex,5,1.0
865,BWA-no-clip,6,0.9090909090909091
865,BWA-std,6,0.45454545454545453
865,NW-flex,6,1.0
865,BWA-no-clip,7,1.0
865,BWA-std,7,0.45454545454545453
865,NW-flex,7,1.0
865,BWA-no-clip,8,1.0
865,BWA-std,8,0.6363636363636364
865,NW-flex,8,1.0
865,BWA-no-clip,9,1.0
865,BWA-std,9,0.6363636363636364
865,NW-flex,9,1.0
865,BWA-no-clip,10,1.0
865,BWA-std,10,0.8181818181818182
865,NW-flex,10,1.0
866,BWA-no-clip,1,0.09090909090909091
866,BWA-std,1,0.09090909090909091
866,NW-flex,1,1.0
866,BWA-no-clip,2,0.09090909090909091
866,BWA-std,2,0.09090909090909091
866,NW-flex,2,1.0
866,BWA-no-clip,3,0.5757575757575758
866,BWA-std,3,0.18181818181818182
866,NW-flex,3,1.0
866,BWA-no-clip,4,0.9090909090909091
866,BWA-std,4,0.36363636363636365
866,NW-flex,4,1.0
866,BWA-no-clip,5,1.0
866,BWA-std,5,0.36363636363636365
866,NW-flex,5,1.0
866,BWA-no-clip,6,1.0
866,BWA-std,6,0.45454545454545453
866,NW-flex,6,1.0
866,BWA-no-clip,7,1.0
866,BWA-std,7,0.45454545454545453
866,NW-flex,7,1.0
866,BWA-no-clip,8,1.0
866,BWA-std,8,0.6363636363636364
866,NW-flex,8,1.0
866,BWA-no-clip,9,1.0
866,BWA-std,9,0.6363636363636364
866,NW-flex,9,1.0
866,BWA-no-clip,10,1.0
866,BWA-std,10,0.8181818181818182
866,NW-flex,10,1.0
867,BWA-no-clip,1,0.5454545454545454
867,BWA-std,1,0.09090909090909091
867,NW-flex,1,1.0
867,BWA-no-clip,2,0.6363636363636364
867,BWA-std,2,0.18181818181818182
867,NW-flex,2,1.0
867,BWA-no-clip,3,0.8181818181818182
867,BWA-std,3,0.18181818181818182
867,NW-flex,3,1.0
867,BWA-no-clip,4,1.0
867,BWA-std,4,0.36363636363636365
867,NW-flex,4,1.0
867,BWA-no-clip,5,1.0
867,BWA-std,5,0.36363636363636365
867,NW-flex,5,1.0
867,BWA-no-clip,6,1.0
867,BWA-std,6,0.45454545454545453
867,NW-flex,6,1.0
867,BWA-no-clip,7,1.0
867,BWA-std,7,0.45454545454545453
867,NW-flex,7,1.0
867,BWA-no-clip,8,1.0
867,BWA-std,8,0.6363636363636364
867,NW-flex,8,1.0
867,BWA-no-clip,9,1.0
867,BWA-std,9,0.6363636363636364
867,NW-flex,9,1.0
867,BWA-no-clip,10,1.0
867,BWA-std,10,0.8181818181818182
867,NW-flex,10,1.0
868,BWA-no-clip,1,0.5454545454545454
868,BWA-std,1,0.09090909090909091
868,NW-flex,1,1.0
868,BWA-no-clip,2,0.7272727272727273
868,BWA-std,2,0.18181818181818182
868,NW-flex,2,1.0
868,BWA-no-clip,3,0.8181818181818182
868,BWA-std,3,0.18181818181818182
868,NW-flex,3,1.0
868,BWA-no-clip,4,0.9090909090909091
868,BWA-std,4,0.36363636363636365
868,NW-flex,4,1.0
868,BWA-no-clip,5,0.9090909090909091
868,BWA-std,5,0.36363636363636365
868,NW-flex,5,1.0
868,BWA-no-clip,6,1.0
868,BWA-std,6,0.45454545454545453
868,NW-flex,6,1.0
868,BWA-no-clip,7,1.0
868,BWA-std,7,0.45454545454545453
868,NW-flex,7,1.0
868,BWA-no-clip,8,1.0
868,BWA-std,8,0.6363636363636364
868,NW-flex,8,1.0
868,BWA-no-clip,9,1.0
868,BWA-std,9,0.6363636363636364
868,NW-flex,9,1.0
868,BWA-no-clip,10,1.0
868,BWA-std,10,0.8181818181818182
868,NW-flex,10,1.0
869,BWA-no-clip,1,0.5454545454545454
869,BWA-std,1,0.09090909090909091
869,NW-flex,1,1.0
869,BWA-no-clip,2,0.7272727272727273
869,BWA-std,2,0.18181818181818182
869,NW-flex,2,1.0
869,BWA-no-clip,3,0.8181818181818182
869,BWA-std,3,0.18181818181818182
869,NW-flex,3,1.0
869,BWA-no-clip,4,0.9090909090909091
869,BWA-std,4,0.36363636363636365
869,NW-flex,4,1.0
869,BWA-no-clip,5,0.9090909090909091
869,BWA-std,5,0.36363636363636365
869,NW-flex,5,1.0
869,BWA-no-clip,6,1.0
869,BWA-std,6,0.45454545454545453
869,NW-flex,6,1.0
869,BWA-no-clip,7,1.0
869,BWA-std,7,0.45454545454545453
869,NW-flex,7,1.0
869,BWA-no-clip,8,1.0
869,BWA-std,8,0.6363636363636364
869,NW-flex,8,1.0
869,BWA-no-clip,9,1.0
869,BWA-std,9,0.6363636363636364
869,NW-flex,9,1.0
869,BWA-no-clip,10,1.0
869,BWA-std,10,0.8181818181818182
869,NW-flex,10,1.0
870,BWA-no-clip,1,0.5454545454545454
870,BWA-std,1,0.09090909090909091
870,NW-flex,1,1.0
870,BWA-no-clip,2,0.7272727272727273
870,BWA-std,2,0.18181818181818182
870,NW-flex,2,1.0
870,BWA-no-clip,3,0.9090909090909091
870,BWA-std,3,0.18181818181818182
870,NW-flex,3,1.0
870,BWA-no-clip,4,0.8181818181818182
870,BWA-std,4,0.36363636363636365
870,NW-flex,4,1.0
870,BWA-no-clip,5,0.8181818181818182
870,BWA-std,5,0.36363636363636365
870,NW-flex,5,1.0
870,BWA-no-clip,6,0.8181818181818182
870,BWA-std,6,0.45454545454545453
870,NW-flex,6,1.0
870,BWA-no-clip,7,0.8181818181818182
870,BWA-std,7,0.45454545454545453
870,NW-flex,7,1.0
870,BWA-no-clip,8,1.0
870,BWA-std,8,0.6363636363636364
870,NW-flex,8,1.0
870,BWA-no-clip,9,1.0
870,BWA-std,9,0.6363636363636364
870,NW-flex,9,1.0
870,BWA-no-clip,10,1.0
870,BWA-std,10,0.8181818181818182
870,NW-flex,10,1.0
871,BWA-no-clip,1,0.5454545454545454
871,BWA-std,1,0.09090909090909091
871,NW-flex,1,1.0
871,BWA-no-clip,2,0.7272727272727273
871,BWA-std,2,0.18181818181818182
871,NW-flex,2,1.0
871,BWA-no-clip,3,0.9090909090909091
871,BWA-std,3,0.18181818181818182
871,NW-flex,3,1.0
871,BWA-no-clip,4,1.0
871,BWA-std,4,0.36363636363636365
871,NW-flex,4,1.0
871,BWA-no-clip,5,1.0
871,BWA-std,5,0.36363636363636365
871,NW-flex,5,1.0
871,BWA-no-clip,6,1.0
871,BWA-std,6,0.45454545454545453
871,NW-flex,6,1.0
871,BWA-no-clip,7,1.0
871,BWA-std,7,0.45454545454545453
871,NW-flex,7,1.0
871,BWA-no-clip,8,1.0
871,BWA-std,8,0.6363636363636364
871,NW-flex,8,1.0
871,BWA-no-clip,9,1.0
871,BWA-std,9,0.6363636363636364
871,NW-flex,9,1.0
871,BWA-no-clip,10,1.0
871,BWA-std,10,0.8181818181818182
871,NW-flex,10,1.0
872,BWA-no-clip,1,0.5454545454545454
872,BWA-std,1,0.09090909090909091
872,NW-flex,1,1.0
872,BWA-no-clip,2,0.7272727272727273
872,BWA-std,2,0.18181818181818182
872,NW-flex,2,1.0
872,BWA-no-clip,3,0.9090909090909091
872,BWA-std,3,0.18181818181818182
872,NW-flex,3,1.0
872,BWA-no-clip,4,0.9090909090909091
872,BWA-std,4,0.36363636363636365
872,NW-flex,4,1.0
872,BWA-no-clip,5,1.0
872,BWA-std,5,0.36363636363636365
872,NW-flex,5,1.0
872,BWA-no-clip,6,1.0
872,BWA-std,6,0.45454545454545453
872,NW-flex,6,1.0
872,BWA-no-clip,7,1.0
872,BWA-std,7,0.45454545454545453
872,NW-flex,7,1.0
872,BWA-no-clip,8,1.0
872,BWA-std,8,0.6363636363636364
872,NW-flex,8,1.0
872,BWA-no-clip,9,1.0
872,BWA-std,9,0.6363636363636364
872,NW-flex,9,1.0
872,BWA-no-clip,10,1.0
872,BWA-std,10,0.8181818181818182
872,NW-flex,10,1.0
873,BWA-no-clip,1,0.5454545454545454
873,BWA-std,1,0.09090909090909091
873,NW-flex,1,1.0
873,BWA-no-clip,2,0.7272727272727273
873,BWA-std,2,0.18181818181818182
873,NW-flex,2,1.0
873,BWA-no-clip,3,0.9090909090909091
873,BWA-std,3,0.18181818181818182
873,NW-flex,3,1.0
873,BWA-no-clip,4,0.9090909090909091
873,BWA-std,4,0.36363636363636365
873,NW-flex,4,1.0
873,BWA-no-clip,5,1.0
873,BWA-std,5,0.36363636363636365
873,NW-flex,5,1.0
873,BWA-no-clip,6,1.0
873,BWA-std,6,0.45454545454545453
873,NW-flex,6,1.0
873,BWA-no-clip,7,1.0
873,BWA-std,7,0.45454545454545453
873,NW-flex,7,1.0
873,BWA-no-clip,8,1.0
873,BWA-std,8,0.6363636363636364
873,NW-flex,8,1.0
873,BWA-no-clip,9,1.0
873,BWA-std,9,0.6363636363636364
873,NW-flex,9,1.0
873,BWA-no-clip,10,1.0
873,BWA-std,10,0.8181818181818182
873,NW-flex,10,1.0
874,BWA-no-clip,1,0.5454545454545454
874,BWA-std,1,0.09090909090909091
874,NW-flex,1,1.0
874,BWA-no-clip,2,0.6363636363636364
874,BWA-std,2,0.18181818181818182
874,NW-flex,2,1.0
874,BWA-no-clip,3,0.6363636363636364
874,BWA-std,3,0.18181818181818182
874,NW-flex,3,1.0
874,BWA-no-clip,4,0.8181818181818182
874,BWA-std,4,0.36363636363636365
874,NW-flex,4,1.0
874,BWA-no-clip,5,1.0
874,BWA-std,5,0.36363636363636365
874,NW-flex,5,1.0
874,BWA-no-clip,6,1.0
874,BWA-std,6,0.45454545454545453
874,NW-flex,6,1.0
874,BWA-no-clip,7,1.0
874,BWA-std,7,0.45454545454545453
874,NW-flex,7,1.0
874,BWA-no-clip,8,1.0
874,BWA-std,8,0.6363636363636364
874,NW-flex,8,1.0
874,BWA-no-clip,9,1.0
874,BWA-std,9,0.6363636363636364
874,NW-flex,9,1.0
874,BWA-no-clip,10,1.0
874,BWA-std,10,0.8181818181818182
874,NW-flex,10,1.0
875,BWA-no-clip,1,0.5454545454545454
875,BWA-std,1,0.09090909090909091
875,NW-flex,1,1.0
875,BWA-no-clip,2,0.5454545454545454
875,BWA-std,2,0.09090909090909091
875,NW-flex,2,1.0
875,BWA-no-clip,3,0.7272727272727273
875,BWA-std,3,0.18181818181818182
875,NW-flex,3,1.0
875,BWA-no-clip,4,0.9090909090909091
875,BWA-std,4,0.36363636363636365
875,NW-flex,4,1.0
875,BWA-no-clip,5,1.0
875,BWA-std,5,0.36363636363636365
875,NW-flex,5,1.0
875,BWA-no-clip,6,1.0
875,BWA-std,6,0.45454545454545453
875,NW-flex,6,1.0
875,BWA-no-clip,7,1.0
875,BWA-std,7,0.45454545454545453
875,NW-flex,7,1.0
875,BWA-no-clip,8,1.0
875,BWA-std,8,0.6363636363636364
875,NW-flex,8,1.0
875,BWA-no-clip,9,1.0
875,BWA-std,9,0.6363636363636364
875,NW-flex,9,1.0
875,BWA-no-clip,10,1.0
875,BWA-std,10,0.8181818181818182
875,NW-flex,10,1.0
876,BWA-no-clip,1,0.5454545454545454
876,BWA-std,1,0.09090909090909091
876,NW-flex,1,1.0
876,BWA-no-clip,2,0.7272727272727273
876,BWA-std,2,0.18181818181818182
876,NW-flex,2,1.0
876,BWA-no-clip,3,0.9090909090909091
876,BWA-std,3,0.18181818181818182
876,NW-flex,3,1.0
876,BWA-no-clip,4,1.0
876,BWA-std,4,0.36363636363636365
876,NW-flex,4,1.0
876,BWA-no-clip,5,0.9090909090909091
876,BWA-std,5,0.36363636363636365
876,NW-flex,5,1.0
876,BWA-no-clip,6,0.9090909090909091
876,BWA-std,6,0.45454545454545453
876,NW-flex,6,1.0
876,BWA-no-clip,7,1.0
876,BWA-std,7,0.45454545454545453
876,NW-flex,7,1.0
876,BWA-no-clip,8,1.0
876,BWA-std,8,0.6363636363636364
876,NW-flex,8,1.0
876,BWA-no-clip,9,1.0
876,BWA-std,9,0.6363636363636364
876,NW-flex,9,1.0
876,BWA-no-clip,10,1.0
876,BWA-std,10,0.8181818181818182
876,NW-flex,10,1.0
877,BWA-no-clip,1,0.5454545454545454
877,BWA-std,1,0.09090909090909091
877,NW-flex,1,1.0
877,BWA-no-clip,2,0.7272727272727273
877,BWA-std,2,0.18181818181818182
877,NW-flex,2,1.0
877,BWA-no-clip,3,0.8181818181818182
877,BWA-std,3,0.18181818181818182
877,NW-flex,3,1.0
877,BWA-no-clip,4,0.9090909090909091
877,BWA-std,4,0.36363636363636365
877,NW-flex,4,1.0
877,BWA-no-clip,5,1.0
877,BWA-std,5,0.36363636363636365
877,NW-flex,5,1.0
877,BWA-no-clip,6,1.0
877,BWA-std,6,0.45454545454545453
877,NW-flex,6,1.0
877,BWA-no-clip,7,1.0
877,BWA-std,7,0.45454545454545453
877,NW-flex,7,1.0
877,BWA-no-clip,8,1.0
877,BWA-std,8,0.6363636363636364
877,NW-flex,8,1.0
877,BWA-no-clip,9,1.0
877,BWA-std,9,0.6363636363636364
877,NW-flex,9,1.0
877,BWA-no-clip,10,1.0
877,BWA-std,10,0.8181818181818182
877,NW-flex,10,1.0
878,BWA-no-clip,1,0.09090909090909091
878,BWA-std,1,0.09090909090909091
878,NW-flex,1,1.0
878,BWA-no-clip,2,0.09090909090909091
878,BWA-std,2,0.09090909090909091
878,NW-flex,2,1.0
878,BWA-no-clip,3,0.5757575757575758
878,BWA-std,3,0.18181818181818182
878,NW-flex,3,1.0
878,BWA-no-clip,4,0.9090909090909091
878,BWA-std,4,0.36363636363636365
878,NW-flex,4,1.0
878,BWA-no-clip,5,1.0
878,BWA-std,5,0.36363636363636365
878,NW-flex,5,1.0
878,BWA-no-clip,6,1.0
878,BWA-std,6,0.45454545454545453
878,NW-flex,6,1.0
878,BWA-no-clip,7,1.0
878,BWA-std,7,0.45454545454545453
878,NW-flex,7,1.0
878,BWA-no-clip,8,1.0
878,BWA-std,8,0.6363636363636364
878,NW-flex,8,1.0
878,BWA-no-clip,9,1.0
878,BWA-std,9,0.6363636363636364
878,NW-flex,9,1.0
878,BWA-no-clip,10,1.0
878,BWA-std,10,0.8181818181818182
878,NW-flex,10,1.0
879,BWA-no-clip,1,0.5454545454545454
879,BWA-std,1,0.09090909090909091
879,NW-flex,1,1.0
879,BWA-no-clip,2,0.5454545454545454
879,BWA-std,2,0.09090909090909091
879,NW-flex,2,1.0
879,BWA-no-clip,3,0.7272727272727273
879,BWA-std,3,0.18181818181818182
879,NW-flex,3,1.0
879,BWA-no-clip,4,0.8181818181818182
879,BWA-std,4,0.36363636363636365
879,NW-flex,4,1.0
879,BWA-no-clip,5,0.9090909090909091
879,BWA-std,5,0.36363636363636365
879,NW-flex,5,1.0
879,BWA-no-clip,6,1.0
879,BWA-std,6,0.45454545454545453
879,NW-flex,6,1.0
879,BWA-no-clip,7,1.0
879,BWA-std,7,0.45454545454545453
879,NW-flex,7,1.0
879,BWA-no-clip,8,1.0
879,BWA-std,8,0.6363636363636364
879,NW-flex,8,1.0
879,BWA-no-clip,9,1.0
879,BWA-std,9,0.6363636363636364
879,NW-flex,9,1.0
879,BWA-no-clip,10,1.0
879,BWA-std,10,0.8181818181818182
879,NW-flex,10,1.0
880,BWA-no-clip,1,0.09090909090909091
880,BWA-std,1,0.09090909090909091
880,NW-flex,1,1.0
880,BWA-no-clip,2,0.09090909090909091
880,BWA-std,2,0.09090909090909091
880,NW-flex,2,1.0
880,BWA-no-clip,3,0.5757575757575758
880,BWA-std,3,0.18181818181818182
880,NW-flex,3,1.0
880,BWA-no-clip,4,0.8181818181818182
880,BWA-std,4,0.36363636363636365
880,NW-flex,4,1.0
880,BWA-no-clip,5,0.9090909090909091
880,BWA-std,5,0.36363636363636365
880,NW-flex,5,1.0
880,BWA-no-clip,6,1.0
880,BWA-std,6,0.45454545454545453
880,NW-flex,6,1.0
880,BWA-no-clip,7,1.0
880,BWA-std,7,0.45454545454545453
880,NW-flex,7,1.0
880,BWA-no-clip,8,1.0
880,BWA-std,8,0.6363636363636364
880,NW-flex,8,1.0
880,BWA-no-clip,9,1.0
880,BWA-std,9,0.6363636363636364
880,NW-flex,9,1.0
880,BWA-no-clip,10,1.0
880,BWA-std,10,0.8181818181818182
880,NW-flex,10,1.0
881,BWA-no-clip,1,0.5454545454545454
881,BWA-std,1,0.09090909090909091
881,NW-flex,1,1.0
881,BWA-no-clip,2,0.6363636363636364
881,BWA-std,2,0.18181818181818182
881,NW-flex,2,1.0
881,BWA-no-clip,3,0.6363636363636364
881,BWA-std,3,0.18181818181818182
881,NW-flex,3,1.0
881,BWA-no-clip,4,0.8181818181818182
881,BWA-std,4,0.36363636363636365
881,NW-flex,4,1.0
881,BWA-no-clip,5,0.9090909090909091
881,BWA-std,5,0.36363636363636365
881,NW-flex,5,1.0
881,BWA-no-clip,6,1.0
881,BWA-std,6,0.45454545454545453
881,NW-flex,6,1.0
881,BWA-no-clip,7,1.0
881,BWA-std,7,0.45454545454545453
881,NW-flex,7,1.0
881,BWA-no-clip,8,1.0
881,BWA-std,8,0.6363636363636364
881,NW-flex,8,1.0
881,BWA-no-clip,9,1.0
881,BWA-std,9,0.6363636363636364
881,NW-flex,9,1.0
881,BWA-no-clip,10,1.0
881,BWA-std,10,0.8181818181818182
881,NW-flex,10,1.0
882,BWA-no-clip,1,0.5454545454545454
882,BWA-std,1,0.09090909090909091
882,NW-flex,1,1.0
882,BWA-no-clip,2,0.7272727272727273
882,BWA-std,2,0.18181818181818182
882,NW-flex,2,1.0
882,BWA-no-clip,3,0.9090909090909091
882,BWA-std,3,0.18181818181818182
882,NW-flex,3,1.0
882,BWA-no-clip,4,0.9090909090909091
882,BWA-std,4,0.36363636363636365
882,NW-flex,4,1.0
882,BWA-no-clip,5,0.9090909090909091
882,BWA-std,5,0.36363636363636365
882,NW-flex,5,1.0
882,BWA-no-clip,6,0.9090909090909091
882,BWA-std,6,0.45454545454545453
882,NW-flex,6,1.0
882,BWA-no-clip,7,1.0
882,BWA-std,7,0.45454545454545453
882,NW-flex,7,1.0
882,BWA-no-clip,8,1.0
882,BWA-std,8,0.6363636363636364
882,NW-flex,8,1.0
882,BWA-no-clip,9,1.0
882,BWA-std,9,0.6363636363636364
882,NW-flex,9,1.0
882,BWA-no-clip,10,1.0
882,BWA-std,10,0.8181818181818182
882,NW-flex,10,1.0
883,BWA-no-clip,1,0.09090909090909091
883,BWA-std,1,0.09090909090909091
883,NW-flex,1,1.0
883,BWA-no-clip,2,0.09090909090909091
883,BWA-std,2,0.09090909090909091
883,NW-flex,2,1.0
883,BWA-no-clip,3,0.12121212121212122
883,BWA-std,3,0.18181818181818182
883,NW-flex,3,1.0
883,BWA-no-clip,4,0.12121212121212122
883,BWA-std,4,0.18181818181818182
883,NW-flex,4,1.0
883,BWA-no-clip,5,0.5757575757575758
883,BWA-std,5,0.2727272727272727
883,NW-flex,5,1.0
883,BWA-no-clip,6,1.0
883,BWA-std,6,0.45454545454545453
883,NW-flex,6,1.0
883,BWA-no-clip,7,1.0
883,BWA-std,7,0.45454545454545453
883,NW-flex,7,1.0
883,BWA-no-clip,8,1.0
883,BWA-std,8,0.6363636363636364
883,NW-flex,8,1.0
883,BWA-no-clip,9,1.0
883,BWA-std,9,0.6363636363636364
883,NW-flex,9,1.0
883,BWA-no-clip,10,1.0
883,BWA-std,10,0.8181818181818182
883,NW-flex,10,1.0
884,BWA-no-clip,1,0.5454545454545454
884,BWA-std,1,0.09090909090909091
884,NW-flex,1,1.0
884,BWA-no-clip,2,0.6363636363636364
884,BWA-std,2,0.18181818181818182
884,NW-flex,2,1.0
884,BWA-no-clip,3,0.6363636363636364
884,BWA-std,3,0.18181818181818182
884,NW-flex,3,1.0
884,BWA-no-clip,4,0.8181818181818182
884,BWA-std,4,0.36363636363636365
884,NW-flex,4,1.0
884,BWA-no-clip,5,1.0
884,BWA-std,5,0.36363636363636365
884,NW-flex,5,1.0
884,BWA-no-clip,6,1.0
884,BWA-std,6,0.45454545454545453
884,NW-flex,6,1.0
884,BWA-no-clip,7,1.0
884,BWA-std,7,0.45454545454545453
884,NW-flex,7,1.0
884,BWA-no-clip,8,1.0
884,BWA-std,8,0.6363636363636364
884,NW-flex,8,1.0
884,BWA-no-clip,9,1.0
884,BWA-std,9,0.6363636363636364
884,NW-flex,9,1.0
884,BWA-no-clip,10,1.0
884,BWA-std,10,0.8181818181818182
884,NW-flex,10,1.0
885,BWA-no-clip,1,0.45454545454545453
885,BWA-std,1,0.09090909090909091
885,NW-flex,1,1.0
885,BWA-no-clip,2,0.7272727272727273
885,BWA-std,2,0.18181818181818182
885,NW-flex,2,1.0
885,BWA-no-clip,3,0.7272727272727273
885,BWA-std,3,0.18181818181818182
885,NW-flex,3,1.0
885,BWA-no-clip,4,0.7272727272727273
885,BWA-std,4,0.36363636363636365
885,NW-flex,4,1.0
885,BWA-no-clip,5,0.9090909090909091
885,BWA-std,5,0.36363636363636365
885,NW-flex,5,1.0
885,BWA-no-clip,6,1.0
885,BWA-std,6,0.45454545454545453
885,NW-flex,6,1.0
885,BWA-no-clip,7,1.0
885,BWA-std,7,0.45454545454545453
885,NW-flex,7,1.0
885,BWA-no-clip,8,1.0
885,BWA-std,8,0.6363636363636364
885,NW-flex,8,1.0
885,BWA-no-clip,9,1.0
885,BWA-std,9,0.6363636363636364
885,NW-flex,9,1.0
885,BWA-no-clip,10,1.0
885,BWA-std,10,0.8181818181818182
885,NW-flex,10,1.0
886,BWA-no-clip,1,0.5454545454545454
886,BWA-std,1,0.09090909090909091
886,NW-flex,1,1.0
886,BWA-no-clip,2,0.7272727272727273
886,BWA-std,2,0.18181818181818182
886,NW-flex,2,1.0
886,BWA-no-clip,3,0.9090909090909091
886,BWA-std,3,0.18181818181818182
886,NW-flex,3,1.0
886,BWA-no-clip,4,1.0
886,BWA-std,4,0.36363636363636365
886,NW-flex,4,1.0
886,BWA-no-clip,5,1.0
886,BWA-std,5,0.36363636363636365
886,NW-flex,5,1.0
886,BWA-no-clip,6,1.0
886,BWA-std,6,0.45454545454545453
886,NW-flex,6,1.0
886,BWA-no-clip,7,1.0
886,BWA-std,7,0.45454545454545453
886,NW-flex,7,1.0
886,BWA-no-clip,8,1.0
886,BWA-std,8,0.6363636363636364
886,NW-flex,8,1.0
886,BWA-no-clip,9,1.0
886,BWA-std,9,0.6363636363636364
886,NW-flex,9,1.0
886,BWA-no-clip,10,1.0
886,BWA-std,10,0.8181818181818182
886,NW-flex,10,1.0
887,BWA-no-clip,1,0.5454545454545454
887,BWA-std,1,0.09090909090909091
887,NW-flex,1,1.0
887,BWA-no-clip,2,0.7272727272727273
887,BWA-std,2,0.18181818181818182
887,NW-flex,2,1.0
887,BWA-no-clip,3,0.9090909090909091
887,BWA-std,3,0.18181818181818182
887,NW-flex,3,1.0
887,BWA-no-clip,4,1.0
887,BWA-std,4,0.36363636363636365
887,NW-flex,4,1.0
887,BWA-no-clip,5,1.0
887,BWA-std,5,0.36363636363636365
887,NW-flex,5,1.0
887,BWA-no-clip,6,1.0
887,BWA-std,6,0.45454545454545453
887,NW-flex,6,1.0
887,BWA-no-clip,7,1.0
887,BWA-std,7,0.45454545454545453
887,NW-flex,7,1.0
887,BWA-no-clip,8,1.0
887,BWA-std,8,0.6363636363636364
887,NW-flex,8,1.0
887,BWA-no-clip,9,1.0
887,BWA-std,9,0.6363636363636364
887,NW-flex,9,1.0
887,BWA-no-clip,10,1.0
887,BWA-std,10,0.8181818181818182
887,NW-flex,10,1.0
888,BWA-no-clip,1,0.5454545454545454
888,BWA-std,1,0.09090909090909091
888,NW-flex,1,1.0
888,BWA-no-clip,2,0.6363636363636364
888,BWA-std,2,0.18181818181818182
888,NW-flex,2,1.0
888,BWA-no-clip,3,0.7272727272727273
888,BWA-std,3,0.18181818181818182
888,NW-flex,3,1.0
888,BWA-no-clip,4,0.9090909090909091
888,BWA-std,4,0.36363636363636365
888,NW-flex,4,1.0
888,BWA-no-clip,5,0.9090909090909091
888,BWA-std,5,0.36363636363636365
888,NW-flex,5,1.0
888,BWA-no-clip,6,1.0
888,BWA-std,6,0.45454545454545453
888,NW-flex,6,1.0
888,BWA-no-clip,7,1.0
888,BWA-std,7,0.45454545454545453
888,NW-flex,7,1.0
888,BWA-no-clip,8,1.0
888,BWA-std,8,0.6363636363636364
888,NW-flex,8,1.0
888,BWA-no-clip,9,1.0
888,BWA-std,9,0.6363636363636364
888,NW-flex,9,1.0
888,BWA-no-clip,10,1.0
888,BWA-std,10,0.8181818181818182
888,NW-flex,10,1.0
889,BWA-no-clip,1,0.5454545454545454
889,BWA-std,1,0.09090909090909091
889,NW-flex,1,1.0
889,BWA-no-clip,2,0.7272727272727273
889,BWA-std,2,0.18181818181818182
889,NW-flex,2,1.0
889,BWA-no-clip,3,0.9090909090909091
889,BWA-std,3,0.18181818181818182
889,NW-flex,3,1.0
889,BWA-no-clip,4,1.0
889,BWA-std,4,0.36363636363636365
889,NW-flex,4,1.0
889,BWA-no-clip,5,1.0
889,BWA-std,5,0.36363636363636365
889,NW-flex,5,1.0
889,BWA-no-clip,6,1.0
889,BWA-std,6,0.45454545454545453
889,NW-flex,6,1.0
889,BWA-no-clip,7,1.0
889,BWA-std,7,0.45454545454545453
889,NW-flex,7,1.0
889,BWA-no-clip,8,1.0
889,BWA-std,8,0.6363636363636364
889,NW-flex,8,1.0
889,BWA-no-clip,9,1.0
889,BWA-std,9,0.6363636363636364
889,NW-flex,9,1.0
889,BWA-no-clip,10,1.0
889,BWA-std,10,0.8181818181818182
889,NW-flex,10,1.0
890,BWA-no-clip,1,0.5454545454545454
890,BWA-std,1,0.09090909090909091
890,NW-flex,1,1.0
890,BWA-no-clip,2,0.7272727272727273
890,BWA-std,2,0.18181818181818182
890,NW-flex,2,1.0
890,BWA-no-clip,3,0.9090909090909091
890,BWA-std,3,0.18181818181818182
890,NW-flex,3,1.0
890,BWA-no-clip,4,1.0
890,BWA-std,4,0.36363636363636365
890,NW-flex,4,1.0
890,BWA-no-clip,5,1.0
890,BWA-std,5,0.36363636363636365
890,NW-flex,5,1.0
890,BWA-no-clip,6,1.0
890,BWA-std,6,0.45454545454545453
890,NW-flex,6,1.0
890,BWA-no-clip,7,1.0
890,BWA-std,7,0.45454545454545453
890,NW-flex,7,1.0
890,BWA-no-clip,8,1.0
890,BWA-std,8,0.6363636363636364
890,NW-flex,8,1.0
890,BWA-no-clip,9,1.0
890,BWA-std,9,0.6363636363636364
890,NW-flex,9,1.0
890,BWA-no-clip,10,1.0
890,BWA-std,10,0.8181818181818182
890,NW-flex,10,1.0
891,BWA-no-clip,1,0.5454545454545454
891,BWA-std,1,0.09090909090909091
891,NW-flex,1,1.0
891,BWA-no-clip,2,0.7272727272727273
891,BWA-std,2,0.18181818181818182
891,NW-flex,2,1.0
891,BWA-no-clip,3,0.8181818181818182
891,BWA-std,3,0.18181818181818182
891,NW-flex,3,1.0
891,BWA-no-clip,4,0.9090909090909091
891,BWA-std,4,0.36363636363636365
891,NW-flex,4,1.0
891,BWA-no-clip,5,1.0
891,BWA-std,5,0.36363636363636365
891,NW-flex,5,1.0
891,BWA-no-clip,6,1.0
891,BWA-std,6,0.45454545454545453
891,NW-flex,6,1.0
891,BWA-no-clip,7,1.0
891,BWA-std,7,0.45454545454545453
891,NW-flex,7,1.0
891,BWA-no-clip,8,1.0
891,BWA-std,8,0.6363636363636364
891,NW-flex,8,1.0
891,BWA-no-clip,9,1.0
891,BWA-std,9,0.6363636363636364
891,NW-flex,9,1.0
891,BWA-no-clip,10,1.0
891,BWA-std,10,0.8181818181818182
891,NW-flex,10,1.0
892,BWA-no-clip,1,0.5454545454545454
892,BWA-std,1,0.09090909090909091
892,NW-flex,1,1.0
892,BWA-no-clip,2,0.5454545454545454
892,BWA-std,2,0.09090909090909091
892,NW-flex,2,1.0
892,BWA-no-clip,3,0.7272727272727273
892,BWA-std,3,0.18181818181818182
892,NW-flex,3,1.0
892,BWA-no-clip,4,0.9090909090909091
892,BWA-std,4,0.36363636363636365
892,NW-flex,4,1.0
892,BWA-no-clip,5,1.0
892,BWA-std,5,0.36363636363636365
892,NW-flex,5,1.0
892,BWA-no-clip,6,1.0
892,BWA-std,6,0.45454545454545453
892,NW-flex,6,1.0
892,BWA-no-clip,7,1.0
892,BWA-std,7,0.45454545454545453
892,NW-flex,7,1.0
892,BWA-no-clip,8,1.0
892,BWA-std,8,0.6363636363636364
892,NW-flex,8,1.0
892,BWA-no-clip,9,1.0
892,BWA-std,9,0.6363636363636364
892,NW-flex,9,1.0
892,BWA-no-clip,10,1.0
892,BWA-std,10,0.8181818181818182
892,NW-flex,10,1.0
893,BWA-no-clip,1,0.45454545454545453
893,BWA-std,1,0.09090909090909091
893,NW-flex,1,1.0
893,BWA-no-clip,2,0.45454545454545453
893,BWA-std,2,0.09090909090909091
893,NW-flex,2,1.0
893,BWA-no-clip,3,0.7272727272727273
893,BWA-std,3,0.18181818181818182
893,NW-flex,3,1.0
893,BWA-no-clip,4,0.7272727272727273
893,BWA-std,4,0.36363636363636365
893,NW-flex,4,1.0
893,BWA-no-clip,5,0.9090909090909091
893,BWA-std,5,0.36363636363636365
893,NW-flex,5,1.0
893,BWA-no-clip,6,1.0
893,BWA-std,6,0.45454545454545453
893,NW-flex,6,1.0
893,BWA-no-clip,7,1.0
893,BWA-std,7,0.45454545454545453
893,NW-flex,7,1.0
893,BWA-no-clip,8,1.0
893,BWA-std,8,0.6363636363636364
893,NW-flex,8,1.0
893,BWA-no-clip,9,1.0
893,BWA-std,9,0.6363636363636364
893,NW-flex,9,1.0
893,BWA-no-clip,10,1.0
893,BWA-std,10,0.8181818181818182
893,NW-flex,10,1.0
894,BWA-no-clip,1,0.09090909090909091
894,BWA-std,1,0.09090909090909091
894,NW-flex,1,1.0
894,BWA-no-clip,2,0.09090909090909091
894,BWA-std,2,0.09090909090909091
894,NW-flex,2,1.0
894,BWA-no-clip,3,0.5757575757575758
894,BWA-std,3,0.18181818181818182
894,NW-flex,3,1.0
894,BWA-no-clip,4,0.9090909090909091
894,BWA-std,4,0.36363636363636365
894,NW-flex,4,1.0
894,BWA-no-clip,5,1.0
894,BWA-std,5,0.36363636363636365
894,NW-flex,5,1.0
894,BWA-no-clip,6,1.0
894,BWA-std,6,0.45454545454545453
894,NW-flex,6,1.0
894,BWA-no-clip,7,1.0
894,BWA-std,7,0.45454545454545453
894,NW-flex,7,1.0
894,BWA-no-clip,8,1.0
894,BWA-std,8,0.6363636363636364
894,NW-flex,8,1.0
894,BWA-no-clip,9,1.0
894,BWA-std,9,0.6363636363636364
894,NW-flex,9,1.0
894,BWA-no-clip,10,1.0
894,BWA-std,10,0.8181818181818182
894,NW-flex,10,1.0
895,BWA-no-clip,1,0.36363636363636365
895,BWA-std,1,0.09090909090909091
895,NW-flex,1,1.0
895,BWA-no-clip,2,0.7272727272727273
895,BWA-std,2,0.18181818181818182
895,NW-flex,2,1.0
895,BWA-no-clip,3,0.7272727272727273
895,BWA-std,3,0.18181818181818182
895,NW-flex,3,1.0
895,BWA-no-clip,4,0.7272727272727273
895,BWA-std,4,0.36363636363636365
895,NW-flex,4,1.0
895,BWA-no-clip,5,0.7272727272727273
895,BWA-std,5,0.36363636363636365
895,NW-flex,5,1.0
895,BWA-no-clip,6,0.9090909090909091
895,BWA-std,6,0.45454545454545453
895,NW-flex,6,1.0
895,BWA-no-clip,7,1.0
895,BWA-std,7,0.45454545454545453
895,NW-flex,7,1.0
895,BWA-no-clip,8,1.0
895,BWA-std,8,0.6363636363636364
895,NW-flex,8,1.0
895,BWA-no-clip,9,1.0
895,BWA-std,9,0.6363636363636364
895,NW-flex,9,1.0
895,BWA-no-clip,10,1.0
895,BWA-std,10,0.8181818181818182
895,NW-flex,10,1.0
896,BWA-no-clip,1,0.5454545454545454
896,BWA-std,1,0.09090909090909091
896,NW-flex,1,1.0
896,BWA-no-clip,2,0.7272727272727273
896,BWA-std,2,0.18181818181818182
896,NW-flex,2,1.0
896,BWA-no-clip,3,0.9090909090909091
896,BWA-std,3,0.18181818181818182
896,NW-flex,3,1.0
896,BWA-no-clip,4,1.0
896,BWA-std,4,0.36363636363636365
896,NW-flex,4,1.0
896,BWA-no-clip,5,1.0
896,BWA-std,5,0.36363636363636365
896,NW-flex,5,1.0
896,BWA-no-clip,6,1.0
896,BWA-std,6,0.45454545454545453
896,NW-flex,6,1.0
896,BWA-no-clip,7,1.0
896,BWA-std,7,0.45454545454545453
896,NW-flex,7,1.0
896,BWA-no-clip,8,1.0
896,BWA-std,8,0.6363636363636364
896,NW-flex,8,1.0
896,BWA-no-clip,9,1.0
896,BWA-std,9,0.6363636363636364
896,NW-flex,9,1.0
896,BWA-no-clip,10,1.0
896,BWA-std,10,0.8181818181818182
896,NW-flex,10,1.0
897,BWA-no-clip,1,0.5454545454545454
897,BWA-std,1,0.09090909090909091
897,NW-flex,1,1.0
897,BWA-no-clip,2,0.5454545454545454
897,BWA-std,2,0.09090909090909091
897,NW-flex,2,1.0
897,BWA-no-clip,3,0.6363636363636364
897,BWA-std,3,0.09090909090909091
897,NW-flex,3,1.0
897,BWA-no-clip,4,0.7272727272727273
897,BWA-std,4,0.36363636363636365
897,NW-flex,4,1.0
897,BWA-no-clip,5,0.7272727272727273
897,BWA-std,5,0.36363636363636365
897,NW-flex,5,1.0
897,BWA-no-clip,6,0.9090909090909091
897,BWA-std,6,0.45454545454545453
897,NW-flex,6,1.0
897,BWA-no-clip,7,0.9090909090909091
897,BWA-std,7,0.45454545454545453
897,NW-flex,7,1.0
897,BWA-no-clip,8,1.0
897,BWA-std,8,0.6363636363636364
897,NW-flex,8,1.0
897,BWA-no-clip,9,1.0
897,BWA-std,9,0.6363636363636364
897,NW-flex,9,1.0
897,BWA-no-clip,10,1.0
897,BWA-std,10,0.8181818181818182
897,NW-flex,10,1.0
898,BWA-no-clip,1,0.5454545454545454
898,BWA-std,1,0.09090909090909091
898,NW-flex,1,1.0
898,BWA-no-clip,2,0.7272727272727273
898,BWA-std,2,0.18181818181818182
898,NW-flex,2,1.0
898,BWA-no-clip,3,0.9090909090909091
898,BWA-std,3,0.18181818181818182
898,NW-flex,3,1.0
898,BWA-no-clip,4,0.8181818181818182
898,BWA-std,4,0.36363636363636365
898,NW-flex,4,1.0
898,BWA-no-clip,5,1.0
898,BWA-std,5,0.36363636363636365
898,NW-flex,5,1.0
898,BWA-no-clip,6,1.0
898,BWA-std,6,0.45454545454545453
898,NW-flex,6,1.0
898,BWA-no-clip,7,1.0
898,BWA-std,7,0.45454545454545453
898,NW-flex,7,1.0
898,BWA-no-clip,8,1.0
898,BWA-std,8,0.6363636363636364
898,NW-flex,8,1.0
898,BWA-no-clip,9,1.0
898,BWA-std,9,0.6363636363636364
898,NW-flex,9,1.0
898,BWA-no-clip,10,1.0
898,BWA-std,10,0.8181818181818182
898,NW-flex,10,1.0
899,BWA-no-clip,1,0.5454545454545454
899,BWA-std,1,0.09090909090909091
899,NW-flex,1,1.0
899,BWA-no-clip,2,0.7272727272727273
899,BWA-std,2,0.18181818181818182
899,NW-flex,2,1.0
899,BWA-no-clip,3,0.8181818181818182
899,BWA-std,3,0.18181818181818182
899,NW-flex,3,1.0
899,BWA-no-clip,4,0.8181818181818182
899,BWA-std,4,0.36363636363636365
899,NW-flex,4,1.0
899,BWA-no-clip,5,1.0
899,BWA-std,5,0.36363636363636365
899,NW-flex,5,1.0
899,BWA-no-clip,6,1.0
899,BWA-std,6,0.45454545454545453
899,NW-flex,6,1.0
899,BWA-no-clip,7,1.0
899,BWA-std,7,0.45454545454545453
899,NW-flex,7,1.0
899,BWA-no-clip,8,1.0
899,BWA-std,8,0.6363636363636364
899,NW-flex,8,1.0
899,BWA-no-clip,9,1.0
899,BWA-std,9,0.6363636363636364
899,NW-flex,9,1.0
899,BWA-no-clip,10,1.0
899,BWA-std,10,0.8181818181818182
899,NW-flex,10,1.0
900,BWA-no-clip,1,0.5454545454545454
900,BWA-std,1,0.09090909090909091
900,NW-flex,1,1.0
900,BWA-no-clip,2,0.7272727272727273
900,BWA-std,2,0.18181818181818182
900,NW-flex,2,1.0
900,BWA-no-clip,3,0.9090909090909091
900,BWA-std,3,0.18181818181818182
900,NW-flex,3,1.0
900,BWA-no-clip,4,1.0
900,BWA-std,4,0.36363636363636365
900,NW-flex,4,1.0
900,BWA-no-clip,5,1.0
900,BWA-std,5,0.36363636363636365
900,NW-flex,5,1.0
900,BWA-no-clip,6,1.0
900,BWA-std,6,0.45454545454545453
900,NW-flex,6,1.0
900,BWA-no-clip,7,1.0
900,BWA-std,7,0.45454545454545453
900,NW-flex,7,1.0
900,BWA-no-clip,8,1.0
900,BWA-std,8,0.6363636363636364
900,NW-flex,8,1.0
900,BWA-no-clip,9,1.0
900,BWA-std,9,0.6363636363636364
900,NW-flex,9,1.0
900,BWA-no-clip,10,1.0
900,BWA-std,10,0.8181818181818182
900,NW-flex,10,1.0
901,BWA-no-clip,1,0.5454545454545454
901,BWA-std,1,0.09090909090909091
901,NW-flex,1,1.0
901,BWA-no-clip,2,0.7272727272727273
901,BWA-std,2,0.18181818181818182
901,NW-flex,2,1.0
901,BWA-no-clip,3,0.8181818181818182
901,BWA-std,3,0.18181818181818182
901,NW-flex,3,1.0
901,BWA-no-clip,4,1.0
901,BWA-std,4,0.36363636363636365
901,NW-flex,4,1.0
901,BWA-no-clip,5,1.0
901,BWA-std,5,0.36363636363636365
901,NW-flex,5,1.0
901,BWA-no-clip,6,1.0
901,BWA-std,6,0.45454545454545453
901,NW-flex,6,1.0
901,BWA-no-clip,7,1.0
901,BWA-std,7,0.45454545454545453
901,NW-flex,7,1.0
901,BWA-no-clip,8,1.0
901,BWA-std,8,0.6363636363636364
901,NW-flex,8,1.0
901,BWA-no-clip,9,1.0
901,BWA-std,9,0.6363636363636364
901,NW-flex,9,1.0
901,BWA-no-clip,10,1.0
901,BWA-std,10,0.8181818181818182
901,NW-flex,10,1.0
902,BWA-no-clip,1,0.09090909090909091
902,BWA-std,1,0.09090909090909091
902,NW-flex,1,1.0
902,BWA-no-clip,2,0.09090909090909091
902,BWA-std,2,0.09090909090909091
902,NW-flex,2,1.0
902,BWA-no-clip,3,0.5757575757575758
902,BWA-std,3,0.18181818181818182
902,NW-flex,3,1.0
902,BWA-no-clip,4,0.8181818181818182
902,BWA-std,4,0.36363636363636365
902,NW-flex,4,1.0
902,BWA-no-clip,5,0.8181818181818182
902,BWA-std,5,0.36363636363636365
902,NW-flex,5,1.0
902,BWA-no-clip,6,1.0
902,BWA-std,6,0.45454545454545453
902,NW-flex,6,1.0
902,BWA-no-clip,7,1.0
902,BWA-std,7,0.45454545454545453
902,NW-flex,7,1.0
902,BWA-no-clip,8,1.0
902,BWA-std,8,0.6363636363636364
902,NW-flex,8,1.0
902,BWA-no-clip,9,1.0
902,BWA-std,9,0.6363636363636364
902,NW-flex,9,1.0
902,BWA-no-clip,10,1.0
902,BWA-std,10,0.8181818181818182
902,NW-flex,10,1.0
903,BWA-no-clip,1,0.45454545454545453
903,BWA-std,1,0.09090909090909091
903,NW-flex,1,1.0
903,BWA-no-clip,2,0.5454545454545454
903,BWA-std,2,0.09090909090909091
903,NW-flex,2,1.0
903,BWA-no-clip,3,0.6363636363636364
903,BWA-std,3,0.18181818181818182
903,NW-flex,3,1.0
903,BWA-no-clip,4,0.9090909090909091
903,BWA-std,4,0.36363636363636365
903,NW-flex,4,1.0
903,BWA-no-clip,5,1.0
903,BWA-std,5,0.36363636363636365
903,NW-flex,5,1.0
903,BWA-no-clip,6,1.0
903,BWA-std,6,0.45454545454545453
903,NW-flex,6,1.0
903,BWA-no-clip,7,1.0
903,BWA-std,7,0.45454545454545453
903,NW-flex,7,1.0
903,BWA-no-clip,8,1.0
903,BWA-std,8,0.6363636363636364
903,NW-flex,8,1.0
903,BWA-no-clip,9,1.0
903,BWA-std,9,0.6363636363636364
903,NW-flex,9,1.0
903,BWA-no-clip,10,1.0
903,BWA-std,10,0.8181818181818182
903,NW-flex,10,1.0
904,BWA-no-clip,1,0.5454545454545454
904,BWA-std,1,0.09090909090909091
904,NW-flex,1,1.0
904,BWA-no-clip,2,0.7272727272727273
904,BWA-std,2,0.18181818181818182
904,NW-flex,2,1.0
904,BWA-no-clip,3,0.9090909090909091
904,BWA-std,3,0.18181818181818182
904,NW-flex,3,1.0
904,BWA-no-clip,4,0.8181818181818182
904,BWA-std,4,0.36363636363636365
904,NW-flex,4,1.0
904,BWA-no-clip,5,1.0
904,BWA-std,5,0.36363636363636365
904,NW-flex,5,1.0
904,BWA-no-clip,6,1.0
904,BWA-std,6,0.45454545454545453
904,NW-flex,6,1.0
904,BWA-no-clip,7,1.0
904,BWA-std,7,0.45454545454545453
904,NW-flex,7,1.0
904,BWA-no-clip,8,1.0
904,BWA-std,8,0.6363636363636364
904,NW-flex,8,1.0
904,BWA-no-clip,9,1.0
904,BWA-std,9,0.6363636363636364
904,NW-flex,9,1.0
904,BWA-no-clip,10,1.0
904,BWA-std,10,0.8181818181818182
904,NW-flex,10,1.0
905,BWA-no-clip,1,0.5454545454545454
905,BWA-std,1,0.09090909090909091
905,NW-flex,1,1.0
905,BWA-no-clip,2,0.7272727272727273
905,BWA-std,2,0.18181818181818182
905,NW-flex,2,1.0
905,BWA-no-clip,3,0.8181818181818182
905,BWA-std,3,0.18181818181818182
905,NW-flex,3,1.0
905,BWA-no-clip,4,1.0
905,BWA-std,4,0.36363636363636365
905,NW-flex,4,1.0
905,BWA-no-clip,5,1.0
905,BWA-std,5,0.36363636363636365
905,NW-flex,5,1.0
905,BWA-no-clip,6,1.0
905,BWA-std,6,0.45454545454545453
905,NW-flex,6,1.0
905,BWA-no-clip,7,1.0
905,BWA-std,7,0.45454545454545453
905,NW-flex,7,1.0
905,BWA-no-clip,8,1.0
905,BWA-std,8,0.6363636363636364
905,NW-flex,8,1.0
905,BWA-no-clip,9,1.0
905,BWA-std,9,0.6363636363636364
905,NW-flex,9,1.0
905,BWA-no-clip,10,1.0
905,BWA-std,10,0.8181818181818182
905,NW-flex,10,1.0
906,BWA-no-clip,1,0.5454545454545454
906,BWA-std,1,0.09090909090909091
906,NW-flex,1,1.0
906,BWA-no-clip,2,0.6363636363636364
906,BWA-std,2,0.18181818181818182
906,NW-flex,2,1.0
906,BWA-no-clip,3,0.7272727272727273
906,BWA-std,3,0.18181818181818182
906,NW-flex,3,1.0
906,BWA-no-clip,4,0.8181818181818182
906,BWA-std,4,0.36363636363636365
906,NW-flex,4,1.0
906,BWA-no-clip,5,1.0
906,BWA-std,5,0.36363636363636365
906,NW-flex,5,1.0
906,BWA-no-clip,6,1.0
906,BWA-std,6,0.45454545454545453
906,NW-flex,6,1.0
906,BWA-no-clip,7,1.0
906,BWA-std,7,0.45454545454545453
906,NW-flex,7,1.0
906,BWA-no-clip,8,1.0
906,BWA-std,8,0.6363636363636364
906,NW-flex,8,1.0
906,BWA-no-clip,9,1.0
906,BWA-std,9,0.6363636363636364
906,NW-flex,9,1.0
906,BWA-no-clip,10,1.0
906,BWA-std,10,0.8181818181818182
906,NW-flex,10,1.0
907,BWA-no-clip,1,0.09090909090909091
907,BWA-std,1,0.09090909090909091
907,NW-flex,1,1.0
907,BWA-no-clip,2,0.5454545454545454
907,BWA-std,2,0.09090909090909091
907,NW-flex,2,1.0
907,BWA-no-clip,3,0.6363636363636364
907,BWA-std,3,0.09090909090909091
907,NW-flex,3,1.0
907,BWA-no-clip,4,0.7272727272727273
907,BWA-std,4,0.36363636363636365
907,NW-flex,4,1.0
907,BWA-no-clip,5,0.9090909090909091
907,BWA-std,5,0.36363636363636365
907,NW-flex,5,1.0
907,BWA-no-clip,6,1.0
907,BWA-std,6,0.45454545454545453
907,NW-flex,6,1.0
907,BWA-no-clip,7,1.0
907,BWA-std,7,0.45454545454545453
907,NW-flex,7,1.0
907,BWA-no-clip,8,1.0
907,BWA-std,8,0.6363636363636364
907,NW-flex,8,1.0
907,BWA-no-clip,9,1.0
907,BWA-std,9,0.6363636363636364
907,NW-flex,9,1.0
907,BWA-no-clip,10,1.0
907,BWA-std,10,0.8181818181818182
907,NW-flex,10,1.0
908,BWA-no-clip,1,0.45454545454545453
908,BWA-std,1,0.09090909090909091
908,NW-flex,1,1.0
908,BWA-no-clip,2,0.7272727272727273
908,BWA-std,2,0.18181818181818182
908,NW-flex,2,1.0
908,BWA-no-clip,3,0.7272727272727273
908,BWA-std,3,0.18181818181818182
908,NW-flex,3,1.0
908,BWA-no-clip,4,0.7272727272727273
908,BWA-std,4,0.36363636363636365
908,NW-flex,4,1.0
908,BWA-no-clip,5,0.9090909090909091
908,BWA-std,5,0.36363636363636365
908,NW-flex,5,1.0
908,BWA-no-clip,6,0.9090909090909091
908,BWA-std,6,0.45454545454545453
908,NW-flex,6,1.0
908,BWA-no-clip,7,1.0
908,BWA-std,7,0.45454545454545453
908,NW-flex,7,1.0
908,BWA-no-clip,8,1.0
908,BWA-std,8,0.6363636363636364
908,NW-flex,8,1.0
908,BWA-no-clip,9,1.0
908,BWA-std,9,0.6363636363636364
908,NW-flex,9,1.0
908,BWA-no-clip,10,1.0
908,BWA-std,10,0.8181818181818182
908,NW-flex,10,1.0
909,BWA-no-clip,1,0.45454545454545453
909,BWA-std,1,0.09090909090909091
909,NW-flex,1,1.0
909,BWA-no-clip,2,0.7272727272727273
909,BWA-std,2,0.18181818181818182
909,NW-flex,2,1.0
909,BWA-no-clip,3,0.7272727272727273
909,BWA-std,3,0.18181818181818182
909,NW-flex,3,1.0
909,BWA-no-clip,4,0.7272727272727273
909,BWA-std,4,0.36363636363636365
909,NW-flex,4,1.0
909,BWA-no-clip,5,0.9090909090909091
909,BWA-std,5,0.36363636363636365
909,NW-flex,5,1.0
909,BWA-no-clip,6,1.0
909,BWA-std,6,0.45454545454545453
909,NW-flex,6,1.0
909,BWA-no-clip,7,1.0
909,BWA-std,7,0.45454545454545453
909,NW-flex,7,1.0
909,BWA-no-clip,8,1.0
909,BWA-std,8,0.6363636363636364
909,NW-flex,8,1.0
909,BWA-no-clip,9,1.0
909,BWA-std,9,0.6363636363636364
909,NW-flex,9,1.0
909,BWA-no-clip,10,1.0
909,BWA-std,10,0.8181818181818182
909,NW-flex,10,1.0
910,BWA-no-clip,1,0.2727272727272727
910,BWA-std,1,0.09090909090909091
910,NW-flex,1,1.0
910,BWA-no-clip,2,0.7272727272727273
910,BWA-std,2,0.18181818181818182
910,NW-flex,2,1.0
910,BWA-no-clip,3,0.7272727272727273
910,BWA-std,3,0.18181818181818182
910,NW-flex,3,1.0
910,BWA-no-clip,4,0.7272727272727273
910,BWA-std,4,0.36363636363636365
910,NW-flex,4,1.0
910,BWA-no-clip,5,0.9090909090909091
910,BWA-std,5,0.36363636363636365
910,NW-flex,5,1.0
910,BWA-no-clip,6,1.0
910,BWA-std,6,0.45454545454545453
910,NW-flex,6,1.0
910,BWA-no-clip,7,1.0
910,BWA-std,7,0.45454545454545453
910,NW-flex,7,1.0
910,BWA-no-clip,8,1.0
910,BWA-std,8,0.6363636363636364
910,NW-flex,8,1.0
910,BWA-no-clip,9,1.0
910,BWA-std,9,0.6363636363636364
910,NW-flex,9,1.0
910,BWA-no-clip,10,1.0
910,BWA-std,10,0.8181818181818182
910,NW-flex,10,1.0
911,BWA-no-clip,1,0.5454545454545454
911,BWA-std,1,0.09090909090909091
911,NW-flex,1,1.0
911,BWA-no-clip,2,0.5454545454545454
911,BWA-std,2,0.09090909090909091
911,NW-flex,2,1.0
911,BWA-no-clip,3,0.7272727272727273
911,BWA-std,3,0.18181818181818182
911,NW-flex,3,1.0
911,BWA-no-clip,4,0.9090909090909091
911,BWA-std,4,0.36363636363636365
911,NW-flex,4,1.0
911,BWA-no-clip,5,1.0
911,BWA-std,5,0.36363636363636365
911,NW-flex,5,1.0
911,BWA-no-clip,6,1.0
911,BWA-std,6,0.45454545454545453
911,NW-flex,6,1.0
911,BWA-no-clip,7,1.0
911,BWA-std,7,0.45454545454545453
911,NW-flex,7,1.0
911,BWA-no-clip,8,1.0
911,BWA-std,8,0.6363636363636364
911,NW-flex,8,1.0
911,BWA-no-clip,9,1.0
911,BWA-std,9,0.6363636363636364
911,NW-flex,9,1.0
911,BWA-no-clip,10,1.0
911,BWA-std,10,0.8181818181818182
911,NW-flex,10,1.0
912,BWA-no-clip,1,0.5454545454545454
912,BWA-std,1,0.09090909090909091
912,NW-flex,1,1.0
912,BWA-no-clip,2,0.7272727272727273
912,BWA-std,2,0.18181818181818182
912,NW-flex,2,1.0
912,BWA-no-clip,3,0.8181818181818182
912,BWA-std,3,0.18181818181818182
912,NW-flex,3,1.0
912,BWA-no-clip,4,1.0
912,BWA-std,4,0.36363636363636365
912,NW-flex,4,1.0
912,BWA-no-clip,5,1.0
912,BWA-std,5,0.36363636363636365
912,NW-flex,5,1.0
912,BWA-no-clip,6,1.0
912,BWA-std,6,0.45454545454545453
912,NW-flex,6,1.0
912,BWA-no-clip,7,1.0
912,BWA-std,7,0.45454545454545453
912,NW-flex,7,1.0
912,BWA-no-clip,8,1.0
912,BWA-std,8,0.6363636363636364
912,NW-flex,8,1.0
912,BWA-no-clip,9,1.0
912,BWA-std,9,0.6363636363636364
912,NW-flex,9,1.0
912,BWA-no-clip,10,1.0
912,BWA-std,10,0.8181818181818182
912,NW-flex,10,1.0
913,BWA-no-clip,1,0.5454545454545454
913,BWA-std,1,0.09090909090909091
913,NW-flex,1,1.0
913,BWA-no-clip,2,0.7272727272727273
913,BWA-std,2,0.18181818181818182
913,NW-flex,2,1.0
913,BWA-no-clip,3,0.9090909090909091
913,BWA-std,3,0.18181818181818182
913,NW-flex,3,1.0
913,BWA-no-clip,4,0.9090909090909091
913,BWA-std,4,0.36363636363636365
913,NW-flex,4,1.0
913,BWA-no-clip,5,0.9090909090909091
913,BWA-std,5,0.36363636363636365
913,NW-flex,5,1.0
913,BWA-no-clip,6,1.0
913,BWA-std,6,0.45454545454545453
913,NW-flex,6,1.0
913,BWA-no-clip,7,1.0
913,BWA-std,7,0.45454545454545453
913,NW-flex,7,1.0
913,BWA-no-clip,8,1.0
913,BWA-std,8,0.6363636363636364
913,NW-flex,8,1.0
913,BWA-no-clip,9,1.0
913,BWA-std,9,0.6363636363636364
913,NW-flex,9,1.0
913,BWA-no-clip,10,1.0
913,BWA-std,10,0.8181818181818182
913,NW-flex,10,1.0
914,BWA-no-clip,1,0.5454545454545454
914,BWA-std,1,0.09090909090909091
914,NW-flex,1,1.0
914,BWA-no-clip,2,0.6363636363636364
914,BWA-std,2,0.18181818181818182
914,NW-flex,2,1.0
914,BWA-no-clip,3,0.8181818181818182
914,BWA-std,3,0.18181818181818182
914,NW-flex,3,1.0
914,BWA-no-clip,4,1.0
914,BWA-std,4,0.36363636363636365
914,NW-flex,4,1.0
914,BWA-no-clip,5,1.0
914,BWA-std,5,0.36363636363636365
914,NW-flex,5,1.0
914,BWA-no-clip,6,1.0
914,BWA-std,6,0.45454545454545453
914,NW-flex,6,1.0
914,BWA-no-clip,7,1.0
914,BWA-std,7,0.45454545454545453
914,NW-flex,7,1.0
914,BWA-no-clip,8,1.0
914,BWA-std,8,0.6363636363636364
914,NW-flex,8,1.0
914,BWA-no-clip,9,1.0
914,BWA-std,9,0.6363636363636364
914,NW-flex,9,1.0
914,BWA-no-clip,10,1.0
914,BWA-std,10,0.8181818181818182
914,NW-flex,10,1.0
915,BWA-no-clip,1,0.18181818181818182
915,BWA-std,1,0.09090909090909091
915,NW-flex,1,1.0
915,BWA-no-clip,2,0.6363636363636364
915,BWA-std,2,0.18181818181818182
915,NW-flex,2,1.0
915,BWA-no-clip,3,0.8181818181818182
915,BWA-std,3,0.18181818181818182
915,NW-flex,3,1.0
915,BWA-no-clip,4,0.9090909090909091
915,BWA-std,4,0.36363636363636365
915,NW-flex,4,1.0
915,BWA-no-clip,5,1.0
915,BWA-std,5,0.36363636363636365
915,NW-flex,5,1.0
915,BWA-no-clip,6,1.0
915,BWA-std,6,0.45454545454545453
915,NW-flex,6,1.0
915,BWA-no-clip,7,1.0
915,BWA-std,7,0.45454545454545453
915,NW-flex,7,1.0
915,BWA-no-clip,8,1.0
915,BWA-std,8,0.6363636363636364
915,NW-flex,8,1.0
915,BWA-no-clip,9,1.0
915,BWA-std,9,0.6363636363636364
915,NW-flex,9,1.0
915,BWA-no-clip,10,1.0
915,BWA-std,10,0.8181818181818182
915,NW-flex,10,1.0
916,BWA-no-clip,1,0.5454545454545454
916,BWA-std,1,0.09090909090909091
916,NW-flex,1,1.0
916,BWA-no-clip,2,0.7272727272727273
916,BWA-std,2,0.18181818181818182
916,NW-flex,2,1.0
916,BWA-no-clip,3,0.7272727272727273
916,BWA-std,3,0.18181818181818182
916,NW-flex,3,1.0
916,BWA-no-clip,4,0.9090909090909091
916,BWA-std,4,0.36363636363636365
916,NW-flex,4,1.0
916,BWA-no-clip,5,1.0
916,BWA-std,5,0.36363636363636365
916,NW-flex,5,1.0
916,BWA-no-clip,6,1.0
916,BWA-std,6,0.45454545454545453
916,NW-flex,6,1.0
916,BWA-no-clip,7,1.0
916,BWA-std,7,0.45454545454545453
916,NW-flex,7,1.0
916,BWA-no-clip,8,1.0
916,BWA-std,8,0.6363636363636364
916,NW-flex,8,1.0
916,BWA-no-clip,9,1.0
916,BWA-std,9,0.6363636363636364
916,NW-flex,9,1.0
916,BWA-no-clip,10,1.0
916,BWA-std,10,0.8181818181818182
916,NW-flex,10,1.0
917,BWA-no-clip,1,0.45454545454545453
917,BWA-std,1,0.09090909090909091
917,NW-flex,1,1.0
917,BWA-no-clip,2,0.7272727272727273
917,BWA-std,2,0.18181818181818182
917,NW-flex,2,1.0
917,BWA-no-clip,3,0.7272727272727273
917,BWA-std,3,0.18181818181818182
917,NW-flex,3,1.0
917,BWA-no-clip,4,0.7272727272727273
917,BWA-std,4,0.36363636363636365
917,NW-flex,4,1.0
917,BWA-no-clip,5,0.9090909090909091
917,BWA-std,5,0.36363636363636365
917,NW-flex,5,1.0
917,BWA-no-clip,6,1.0
917,BWA-std,6,0.45454545454545453
917,NW-flex,6,1.0
917,BWA-no-clip,7,1.0
917,BWA-std,7,0.45454545454545453
917,NW-flex,7,1.0
917,BWA-no-clip,8,1.0
917,BWA-std,8,0.6363636363636364
917,NW-flex,8,1.0
917,BWA-no-clip,9,1.0
917,BWA-std,9,0.6363636363636364
917,NW-flex,9,1.0
917,BWA-no-clip,10,1.0
917,BWA-std,10,0.8181818181818182
917,NW-flex,10,1.0
918,BWA-no-clip,1,0.5454545454545454
918,BWA-std,1,0.09090909090909091
918,NW-flex,1,1.0
918,BWA-no-clip,2,0.7272727272727273
918,BWA-std,2,0.18181818181818182
918,NW-flex,2,1.0
918,BWA-no-clip,3,0.9090909090909091
918,BWA-std,3,0.18181818181818182
918,NW-flex,3,1.0
918,BWA-no-clip,4,1.0
918,BWA-std,4,0.36363636363636365
918,NW-flex,4,1.0
918,BWA-no-clip,5,1.0
918,BWA-std,5,0.36363636363636365
918,NW-flex,5,1.0
918,BWA-no-clip,6,1.0
918,BWA-std,6,0.45454545454545453
918,NW-flex,6,1.0
918,BWA-no-clip,7,1.0
918,BWA-std,7,0.45454545454545453
918,NW-flex,7,1.0
918,BWA-no-clip,8,1.0
918,BWA-std,8,0.6363636363636364
918,NW-flex,8,1.0
918,BWA-no-clip,9,1.0
918,BWA-std,9,0.6363636363636364
918,NW-flex,9,1.0
918,BWA-no-clip,10,1.0
918,BWA-std,10,0.8181818181818182
918,NW-flex,10,1.0
919,BWA-no-clip,1,0.5454545454545454
919,BWA-std,1,0.09090909090909091
919,NW-flex,1,1.0
919,BWA-no-clip,2,0.5454545454545454
919,BWA-std,2,0.09090909090909091
919,NW-flex,2,1.0
919,BWA-no-clip,3,0.7272727272727273
919,BWA-std,3,0.18181818181818182
919,NW-flex,3,1.0
919,BWA-no-clip,4,0.7272727272727273
919,BWA-std,4,0.36363636363636365
919,NW-flex,4,1.0
919,BWA-no-clip,5,0.9090909090909091
919,BWA-std,5,0.36363636363636365
919,NW-flex,5,1.0
919,BWA-no-clip,6,1.0
919,BWA-std,6,0.45454545454545453
919,NW-flex,6,1.0
919,BWA-no-clip,7,1.0
919,BWA-std,7,0.45454545454545453
919,NW-flex,7,1.0
919,BWA-no-clip,8,1.0
919,BWA-std,8,0.6363636363636364
919,NW-flex,8,1.0
919,BWA-no-clip,9,1.0
919,BWA-std,9,0.6363636363636364
919,NW-flex,9,1.0
919,BWA-no-clip,10,1.0
919,BWA-std,10,0.8181818181818182
919,NW-flex,10,1.0
920,BWA-no-clip,1,0.5454545454545454
920,BWA-std,1,0.09090909090909091
920,NW-flex,1,1.0
920,BWA-no-clip,2,0.7272727272727273
920,BWA-std,2,0.18181818181818182
920,NW-flex,2,1.0
920,BWA-no-clip,3,0.9090909090909091
920,BWA-std,3,0.18181818181818182
920,NW-flex,3,1.0
920,BWA-no-clip,4,0.9090909090909091
920,BWA-std,4,0.36363636363636365
920,NW-flex,4,1.0
920,BWA-no-clip,5,1.0
920,BWA-std,5,0.36363636363636365
920,NW-flex,5,1.0
920,BWA-no-clip,6,1.0
920,BWA-std,6,0.45454545454545453
920,NW-flex,6,1.0
920,BWA-no-clip,7,1.0
920,BWA-std,7,0.45454545454545453
920,NW-flex,7,1.0
920,BWA-no-clip,8,1.0
920,BWA-std,8,0.6363636363636364
920,NW-flex,8,1.0
920,BWA-no-clip,9,1.0
920,BWA-std,9,0.6363636363636364
920,NW-flex,9,1.0
920,BWA-no-clip,10,1.0
920,BWA-std,10,0.8181818181818182
920,NW-flex,10,1.0
921,BWA-no-clip,1,0.5454545454545454
921,BWA-std,1,0.09090909090909091
921,NW-flex,1,1.0
921,BWA-no-clip,2,0.7272727272727273
921,BWA-std,2,0.18181818181818182
921,NW-flex,2,1.0
921,BWA-no-clip,3,0.9090909090909091
921,BWA-std,3,0.18181818181818182
921,NW-flex,3,1.0
921,BWA-no-clip,4,1.0
921,BWA-std,4,0.36363636363636365
921,NW-flex,4,1.0
921,BWA-no-clip,5,1.0
921,BWA-std,5,0.36363636363636365
921,NW-flex,5,1.0
921,BWA-no-clip,6,1.0
921,BWA-std,6,0.45454545454545453
921,NW-flex,6,1.0
921,BWA-no-clip,7,1.0
921,BWA-std,7,0.45454545454545453
921,NW-flex,7,1.0
921,BWA-no-clip,8,1.0
921,BWA-std,8,0.6363636363636364
921,NW-flex,8,1.0
921,BWA-no-clip,9,1.0
921,BWA-std,9,0.6363636363636364
921,NW-flex,9,1.0
921,BWA-no-clip,10,1.0
921,BWA-std,10,0.8181818181818182
921,NW-flex,10,1.0
922,BWA-no-clip,1,0.5454545454545454
922,BWA-std,1,0.09090909090909091
922,NW-flex,1,1.0
922,BWA-no-clip,2,0.6363636363636364
922,BWA-std,2,0.18181818181818182
922,NW-flex,2,1.0
922,BWA-no-clip,3,0.7272727272727273
922,BWA-std,3,0.18181818181818182
922,NW-flex,3,1.0
922,BWA-no-clip,4,0.8181818181818182
922,BWA-std,4,0.36363636363636365
922,NW-flex,4,1.0
922,BWA-no-clip,5,0.9090909090909091
922,BWA-std,5,0.36363636363636365
922,NW-flex,5,1.0
922,BWA-no-clip,6,0.9090909090909091
922,BWA-std,6,0.45454545454545453
922,NW-flex,6,1.0
922,BWA-no-clip,7,1.0
922,BWA-std,7,0.45454545454545453
922,NW-flex,7,1.0
922,BWA-no-clip,8,1.0
922,BWA-std,8,0.6363636363636364
922,NW-flex,8,1.0
922,BWA-no-clip,9,1.0
922,BWA-std,9,0.6363636363636364
922,NW-flex,9,1.0
922,BWA-no-clip,10,1.0
922,BWA-std,10,0.8181818181818182
922,NW-flex,10,1.0
923,BWA-no-clip,1,0.5454545454545454
923,BWA-std,1,0.09090909090909091
923,NW-flex,1,1.0
923,BWA-no-clip,2,0.6363636363636364
923,BWA-std,2,0.18181818181818182
923,NW-flex,2,1.0
923,BWA-no-clip,3,0.6363636363636364
923,BWA-std,3,0.18181818181818182
923,NW-flex,3,1.0
923,BWA-no-clip,4,0.8181818181818182
923,BWA-std,4,0.36363636363636365
923,NW-flex,4,1.0
923,BWA-no-clip,5,0.8181818181818182
923,BWA-std,5,0.36363636363636365
923,NW-flex,5,1.0
923,BWA-no-clip,6,1.0
923,BWA-std,6,0.45454545454545453
923,NW-flex,6,1.0
923,BWA-no-clip,7,1.0
923,BWA-std,7,0.45454545454545453
923,NW-flex,7,1.0
923,BWA-no-clip,8,1.0
923,BWA-std,8,0.6363636363636364
923,NW-flex,8,1.0
923,BWA-no-clip,9,1.0
923,BWA-std,9,0.6363636363636364
923,NW-flex,9,1.0
923,BWA-no-clip,10,1.0
923,BWA-std,10,0.8181818181818182
923,NW-flex,10,1.0
924,BWA-no-clip,1,0.5454545454545454
924,BWA-std,1,0.09090909090909091
924,NW-flex,1,1.0
924,BWA-no-clip,2,0.6363636363636364
924,BWA-std,2,0.18181818181818182
924,NW-flex,2,1.0
924,BWA-no-clip,3,0.8181818181818182
924,BWA-std,3,0.18181818181818182
924,NW-flex,3,1.0
924,BWA-no-clip,4,0.8181818181818182
924,BWA-std,4,0.36363636363636365
924,NW-flex,4,1.0
924,BWA-no-clip,5,0.8181818181818182
924,BWA-std,5,0.36363636363636365
924,NW-flex,5,1.0
924,BWA-no-clip,6,0.8181818181818182
924,BWA-std,6,0.45454545454545453
924,NW-flex,6,1.0
924,BWA-no-clip,7,1.0
924,BWA-std,7,0.45454545454545453
924,NW-flex,7,1.0
924,BWA-no-clip,8,1.0
924,BWA-std,8,0.6363636363636364
924,NW-flex,8,1.0
924,BWA-no-clip,9,1.0
924,BWA-std,9,0.6363636363636364
924,NW-flex,9,1.0
924,BWA-no-clip,10,1.0
924,BWA-std,10,0.8181818181818182
924,NW-flex,10,1.0
925,BWA-no-clip,1,0.5454545454545454
925,BWA-std,1,0.09090909090909091
925,NW-flex,1,1.0
925,BWA-no-clip,2,0.6363636363636364
925,BWA-std,2,0.18181818181818182
925,NW-flex,2,1.0
925,BWA-no-clip,3,0.6363636363636364
925,BWA-std,3,0.18181818181818182
925,NW-flex,3,1.0
925,BWA-no-clip,4,0.8181818181818182
925,BWA-std,4,0.36363636363636365
925,NW-flex,4,1.0
925,BWA-no-clip,5,1.0
925,BWA-std,5,0.36363636363636365
925,NW-flex,5,1.0
925,BWA-no-clip,6,1.0
925,BWA-std,6,0.45454545454545453
925,NW-flex,6,1.0
925,BWA-no-clip,7,1.0
925,BWA-std,7,0.45454545454545453
925,NW-flex,7,1.0
925,BWA-no-clip,8,1.0
925,BWA-std,8,0.6363636363636364
925,NW-flex,8,1.0
925,BWA-no-clip,9,1.0
925,BWA-std,9,0.6363636363636364
925,NW-flex,9,1.0
925,BWA-no-clip,10,1.0
925,BWA-std,10,0.8181818181818182
925,NW-flex,10,1.0
926,BWA-no-clip,1,0.5454545454545454
926,BWA-std,1,0.09090909090909091
926,NW-flex,1,1.0
926,BWA-no-clip,2,0.7272727272727273
926,BWA-std,2,0.18181818181818182
926,NW-flex,2,1.0
926,BWA-no-clip,3,0.7272727272727273
926,BWA-std,3,0.18181818181818182
926,NW-flex,3,1.0
926,BWA-no-clip,4,0.8181818181818182
926,BWA-std,4,0.36363636363636365
926,NW-flex,4,1.0
926,BWA-no-clip,5,0.9090909090909091
926,BWA-std,5,0.36363636363636365
926,NW-flex,5,1.0
926,BWA-no-clip,6,1.0
926,BWA-std,6,0.45454545454545453
926,NW-flex,6,1.0
926,BWA-no-clip,7,1.0
926,BWA-std,7,0.45454545454545453
926,NW-flex,7,1.0
926,BWA-no-clip,8,1.0
926,BWA-std,8,0.6363636363636364
926,NW-flex,8,1.0
926,BWA-no-clip,9,1.0
926,BWA-std,9,0.6363636363636364
926,NW-flex,9,1.0
926,BWA-no-clip,10,1.0
926,BWA-std,10,0.8181818181818182
926,NW-flex,10,1.0
927,BWA-no-clip,1,0.5454545454545454
927,BWA-std,1,0.09090909090909091
927,NW-flex,1,1.0
927,BWA-no-clip,2,0.7272727272727273
927,BWA-std,2,0.18181818181818182
927,NW-flex,2,1.0
927,BWA-no-clip,3,0.9090909090909091
927,BWA-std,3,0.18181818181818182
927,NW-flex,3,1.0
927,BWA-no-clip,4,0.9090909090909091
927,BWA-std,4,0.36363636363636365
927,NW-flex,4,1.0
927,BWA-no-clip,5,1.0
927,BWA-std,5,0.36363636363636365
927,NW-flex,5,1.0
927,BWA-no-clip,6,1.0
927,BWA-std,6,0.45454545454545453
927,NW-flex,6,1.0
927,BWA-no-clip,7,1.0
927,BWA-std,7,0.45454545454545453
927,NW-flex,7,1.0
927,BWA-no-clip,8,1.0
927,BWA-std,8,0.6363636363636364
927,NW-flex,8,1.0
927,BWA-no-clip,9,1.0
927,BWA-std,9,0.6363636363636364
927,NW-flex,9,1.0
927,BWA-no-clip,10,1.0
927,BWA-std,10,0.8181818181818182
927,NW-flex,10,1.0
928,BWA-no-clip,1,0.45454545454545453
928,BWA-std,1,0.09090909090909091
928,NW-flex,1,1.0
928,BWA-no-clip,2,0.7272727272727273
928,BWA-std,2,0.18181818181818182
928,NW-flex,2,1.0
928,BWA-no-clip,3,0.7272727272727273
928,BWA-std,3,0.18181818181818182
928,NW-flex,3,1.0
928,BWA-no-clip,4,0.9090909090909091
928,BWA-std,4,0.36363636363636365
928,NW-flex,4,1.0
928,BWA-no-clip,5,1.0
928,BWA-std,5,0.36363636363636365
928,NW-flex,5,1.0
928,BWA-no-clip,6,1.0
928,BWA-std,6,0.45454545454545453
928,NW-flex,6,1.0
928,BWA-no-clip,7,1.0
928,BWA-std,7,0.45454545454545453
928,NW-flex,7,1.0
928,BWA-no-clip,8,1.0
928,BWA-std,8,0.6363636363636364
928,NW-flex,8,1.0
928,BWA-no-clip,9,1.0
928,BWA-std,9,0.6363636363636364
928,NW-flex,9,1.0
928,BWA-no-clip,10,1.0
928,BWA-std,10,0.8181818181818182
928,NW-flex,10,1.0
929,BWA-no-clip,1,0.09090909090909091
929,BWA-std,1,0.09090909090909091
929,NW-flex,1,1.0
929,BWA-no-clip,2,0.45454545454545453
929,BWA-std,2,0.09090909090909091
929,NW-flex,2,1.0
929,BWA-no-clip,3,0.6363636363636364
929,BWA-std,3,0.09090909090909091
929,NW-flex,3,1.0
929,BWA-no-clip,4,0.7272727272727273
929,BWA-std,4,0.36363636363636365
929,NW-flex,4,1.0
929,BWA-no-clip,5,0.9090909090909091
929,BWA-std,5,0.36363636363636365
929,NW-flex,5,1.0
929,BWA-no-clip,6,0.9090909090909091
929,BWA-std,6,0.45454545454545453
929,NW-flex,6,1.0
929,BWA-no-clip,7,1.0
929,BWA-std,7,0.45454545454545453
929,NW-flex,7,1.0
929,BWA-no-clip,8,1.0
929,BWA-std,8,0.6363636363636364
929,NW-flex,8,1.0
929,BWA-no-clip,9,1.0
929,BWA-std,9,0.6363636363636364
929,NW-flex,9,1.0
929,BWA-no-clip,10,1.0
929,BWA-std,10,0.8181818181818182
929,NW-flex,10,1.0
930,BWA-no-clip,1,0.5454545454545454
930,BWA-std,1,0.09090909090909091
930,NW-flex,1,1.0
930,BWA-no-clip,2,0.7272727272727273
930,BWA-std,2,0.18181818181818182
930,NW-flex,2,1.0
930,BWA-no-clip,3,0.9090909090909091
930,BWA-std,3,0.18181818181818182
930,NW-flex,3,1.0
930,BWA-no-clip,4,1.0
930,BWA-std,4,0.36363636363636365
930,NW-flex,4,1.0
930,BWA-no-clip,5,1.0
930,BWA-std,5,0.36363636363636365
930,NW-flex,5,1.0
930,BWA-no-clip,6,1.0
930,BWA-std,6,0.45454545454545453
930,NW-flex,6,1.0
930,BWA-no-clip,7,1.0
930,BWA-std,7,0.45454545454545453
930,NW-flex,7,1.0
930,BWA-no-clip,8,1.0
930,BWA-std,8,0.6363636363636364
930,NW-flex,8,1.0
930,BWA-no-clip,9,1.0
930,BWA-std,9,0.6363636363636364
930,NW-flex,9,1.0
930,BWA-no-clip,10,1.0
930,BWA-std,10,0.8181818181818182
930,NW-flex,10,1.0
931,BWA-no-clip,1,0.09090909090909091
931,BWA-std,1,0.09090909090909091
931,NW-flex,1,1.0
931,BWA-no-clip,2,0.09090909090909091
931,BWA-std,2,0.09090909090909091
931,NW-flex,2,1.0
931,BWA-no-clip,3,0.5757575757575758
931,BWA-std,3,0.18181818181818182
931,NW-flex,3,1.0
931,BWA-no-clip,4,0.9090909090909091
931,BWA-std,4,0.36363636363636365
931,NW-flex,4,1.0
931,BWA-no-clip,5,1.0
931,BWA-std,5,0.36363636363636365
931,NW-flex,5,1.0
931,BWA-no-clip,6,1.0
931,BWA-std,6,0.45454545454545453
931,NW-flex,6,1.0
931,BWA-no-clip,7,1.0
931,BWA-std,7,0.45454545454545453
931,NW-flex,7,1.0
931,BWA-no-clip,8,1.0
931,BWA-std,8,0.6363636363636364
931,NW-flex,8,1.0
931,BWA-no-clip,9,1.0
931,BWA-std,9,0.6363636363636364
931,NW-flex,9,1.0
931,BWA-no-clip,10,1.0
931,BWA-std,10,0.8181818181818182
931,NW-flex,10,1.0
932,BWA-no-clip,1,0.5454545454545454
932,BWA-std,1,0.09090909090909091
932,NW-flex,1,1.0
932,BWA-no-clip,2,0.7272727272727273
932,BWA-std,2,0.18181818181818182
932,NW-flex,2,1.0
932,BWA-no-clip,3,0.9090909090909091
932,BWA-std,3,0.18181818181818182
932,NW-flex,3,1.0
932,BWA-no-clip,4,0.9090909090909091
932,BWA-std,4,0.36363636363636365
932,NW-flex,4,1.0
932,BWA-no-clip,5,0.9090909090909091
932,BWA-std,5,0.36363636363636365
932,NW-flex,5,1.0
932,BWA-no-clip,6,1.0
932,BWA-std,6,0.45454545454545453
932,NW-flex,6,1.0
932,BWA-no-clip,7,1.0
932,BWA-std,7,0.45454545454545453
932,NW-flex,7,1.0
932,BWA-no-clip,8,1.0
932,BWA-std,8,0.6363636363636364
932,NW-flex,8,1.0
932,BWA-no-clip,9,1.0
932,BWA-std,9,0.6363636363636364
932,NW-flex,9,1.0
932,BWA-no-clip,10,1.0
932,BWA-std,10,0.8181818181818182
932,NW-flex,10,1.0
933,BWA-no-clip,1,0.5454545454545454
933,BWA-std,1,0.09090909090909091
933,NW-flex,1,1.0
933,BWA-no-clip,2,0.6363636363636364
933,BWA-std,2,0.18181818181818182
933,NW-flex,2,1.0
933,BWA-no-clip,3,0.7272727272727273
933,BWA-std,3,0.18181818181818182
933,NW-flex,3,1.0
933,BWA-no-clip,4,0.7272727272727273
933,BWA-std,4,0.36363636363636365
933,NW-flex,4,1.0
933,BWA-no-clip,5,0.9090909090909091
933,BWA-std,5,0.36363636363636365
933,NW-flex,5,1.0
933,BWA-no-clip,6,1.0
933,BWA-std,6,0.45454545454545453
933,NW-flex,6,1.0
933,BWA-no-clip,7,1.0
933,BWA-std,7,0.45454545454545453
933,NW-flex,7,1.0
933,BWA-no-clip,8,1.0
933,BWA-std,8,0.6363636363636364
933,NW-flex,8,1.0
933,BWA-no-clip,9,1.0
933,BWA-std,9,0.6363636363636364
933,NW-flex,9,1.0
933,BWA-no-clip,10,1.0
933,BWA-std,10,0.8181818181818182
933,NW-flex,10,1.0
934,BWA-no-clip,1,0.09090909090909091
934,BWA-std,1,0.09090909090909091
934,NW-flex,1,1.0
934,BWA-no-clip,2,0.5454545454545454
934,BWA-std,2,0.09090909090909091
934,NW-flex,2,1.0
934,BWA-no-clip,3,0.6363636363636364
934,BWA-std,3,0.09090909090909091
934,NW-flex,3,1.0
934,BWA-no-clip,4,0.7272727272727273
934,BWA-std,4,0.36363636363636365
934,NW-flex,4,1.0
934,BWA-no-clip,5,0.7272727272727273
934,BWA-std,5,0.36363636363636365
934,NW-flex,5,1.0
934,BWA-no-clip,6,0.9090909090909091
934,BWA-std,6,0.45454545454545453
934,NW-flex,6,1.0
934,BWA-no-clip,7,1.0
934,BWA-std,7,0.45454545454545453
934,NW-flex,7,1.0
934,BWA-no-clip,8,1.0
934,BWA-std,8,0.6363636363636364
934,NW-flex,8,1.0
934,BWA-no-clip,9,1.0
934,BWA-std,9,0.6363636363636364
934,NW-flex,9,1.0
934,BWA-no-clip,10,1.0
934,BWA-std,10,0.8181818181818182
934,NW-flex,10,1.0
935,BWA-no-clip,1,0.09090909090909091
935,BWA-std,1,0.09090909090909091
935,NW-flex,1,1.0
935,BWA-no-clip,2,0.5454545454545454
935,BWA-std,2,0.09090909090909091
935,NW-flex,2,1.0
935,BWA-no-clip,3,0.6363636363636364
935,BWA-std,3,0.09090909090909091
935,NW-flex,3,1.0
935,BWA-no-clip,4,0.7272727272727273
935,BWA-std,4,0.36363636363636365
935,NW-flex,4,1.0
935,BWA-no-clip,5,0.9090909090909091
935,BWA-std,5,0.36363636363636365
935,NW-flex,5,1.0
935,BWA-no-clip,6,1.0
935,BWA-std,6,0.45454545454545453
935,NW-flex,6,1.0
935,BWA-no-clip,7,1.0
935,BWA-std,7,0.45454545454545453
935,NW-flex,7,1.0
935,BWA-no-clip,8,1.0
935,BWA-std,8,0.6363636363636364
935,NW-flex,8,1.0
935,BWA-no-clip,9,1.0
935,BWA-std,9,0.6363636363636364
935,NW-flex,9,1.0
935,BWA-no-clip,10,1.0
935,BWA-std,10,0.8181818181818182
935,NW-flex,10,1.0
936,BWA-no-clip,1,0.5454545454545454
936,BWA-std,1,0.09090909090909091
936,NW-flex,1,1.0
936,BWA-no-clip,2,0.7272727272727273
936,BWA-std,2,0.18181818181818182
936,NW-flex,2,1.0
936,BWA-no-clip,3,0.9090909090909091
936,BWA-std,3,0.18181818181818182
936,NW-flex,3,1.0
936,BWA-no-clip,4,1.0
936,BWA-std,4,0.36363636363636365
936,NW-flex,4,1.0
936,BWA-no-clip,5,0.9090909090909091
936,BWA-std,5,0.36363636363636365
936,NW-flex,5,1.0
936,BWA-no-clip,6,1.0
936,BWA-std,6,0.45454545454545453
936,NW-flex,6,1.0
936,BWA-no-clip,7,1.0
936,BWA-std,7,0.45454545454545453
936,NW-flex,7,1.0
936,BWA-no-clip,8,1.0
936,BWA-std,8,0.6363636363636364
936,NW-flex,8,1.0
936,BWA-no-clip,9,1.0
936,BWA-std,9,0.6363636363636364
936,NW-flex,9,1.0
936,BWA-no-clip,10,1.0
936,BWA-std,10,0.8181818181818182
936,NW-flex,10,1.0
937,BWA-no-clip,1,0.5454545454545454
937,BWA-std,1,0.09090909090909091
937,NW-flex,1,1.0
937,BWA-no-clip,2,0.7272727272727273
937,BWA-std,2,0.18181818181818182
937,NW-flex,2,1.0
937,BWA-no-clip,3,0.7272727272727273
937,BWA-std,3,0.18181818181818182
937,NW-flex,3,1.0
937,BWA-no-clip,4,0.9090909090909091
937,BWA-std,4,0.36363636363636365
937,NW-flex,4,1.0
937,BWA-no-clip,5,0.9090909090909091
937,BWA-std,5,0.36363636363636365
937,NW-flex,5,1.0
937,BWA-no-clip,6,1.0
937,BWA-std,6,0.45454545454545453
937,NW-flex,6,1.0
937,BWA-no-clip,7,1.0
937,BWA-std,7,0.45454545454545453
937,NW-flex,7,1.0
937,BWA-no-clip,8,1.0
937,BWA-std,8,0.6363636363636364
937,NW-flex,8,1.0
937,BWA-no-clip,9,1.0
937,BWA-std,9,0.6363636363636364
937,NW-flex,9,1.0
937,BWA-no-clip,10,1.0
937,BWA-std,10,0.8181818181818182
937,NW-flex,10,1.0
938,BWA-no-clip,1,0.18181818181818182
938,BWA-std,1,0.09090909090909091
938,NW-flex,1,1.0
938,BWA-no-clip,2,0.5454545454545454
938,BWA-std,2,0.09090909090909091
938,NW-flex,2,1.0
938,BWA-no-clip,3,0.6363636363636364
938,BWA-std,3,0.09090909090909091
938,NW-flex,3,1.0
938,BWA-no-clip,4,0.7272727272727273
938,BWA-std,4,0.36363636363636365
938,NW-flex,4,1.0
938,BWA-no-clip,5,0.7272727272727273
938,BWA-std,5,0.36363636363636365
938,NW-flex,5,1.0
938,BWA-no-clip,6,0.9090909090909091
938,BWA-std,6,0.45454545454545453
938,NW-flex,6,1.0
938,BWA-no-clip,7,1.0
938,BWA-std,7,0.45454545454545453
938,NW-flex,7,1.0
938,BWA-no-clip,8,1.0
938,BWA-std,8,0.6363636363636364
938,NW-flex,8,1.0
938,BWA-no-clip,9,1.0
938,BWA-std,9,0.6363636363636364
938,NW-flex,9,1.0
938,BWA-no-clip,10,1.0
938,BWA-std,10,0.8181818181818182
938,NW-flex,10,1.0
939,BWA-no-clip,1,0.09090909090909091
939,BWA-std,1,0.09090909090909091
939,NW-flex,1,1.0
939,BWA-no-clip,2,0.5454545454545454
939,BWA-std,2,0.09090909090909091
939,NW-flex,2,1.0
939,BWA-no-clip,3,0.6363636363636364
939,BWA-std,3,0.09090909090909091
939,NW-flex,3,1.0
939,BWA-no-clip,4,0.7272727272727273
939,BWA-std,4,0.36363636363636365
939,NW-flex,4,1.0
939,BWA-no-clip,5,0.8181818181818182
939,BWA-std,5,0.36363636363636365
939,NW-flex,5,1.0
939,BWA-no-clip,6,0.8181818181818182
939,BWA-std,6,0.45454545454545453
939,NW-flex,6,1.0
939,BWA-no-clip,7,1.0
939,BWA-std,7,0.45454545454545453
939,NW-flex,7,1.0
939,BWA-no-clip,8,1.0
939,BWA-std,8,0.6363636363636364
939,NW-flex,8,1.0
939,BWA-no-clip,9,1.0
939,BWA-std,9,0.6363636363636364
939,NW-flex,9,1.0
939,BWA-no-clip,10,1.0
939,BWA-std,10,0.8181818181818182
939,NW-flex,10,1.0
940,BWA-no-clip,1,0.5454545454545454
940,BWA-std,1,0.09090909090909091
940,NW-flex,1,1.0
940,BWA-no-clip,2,0.7272727272727273
940,BWA-std,2,0.18181818181818182
940,NW-flex,2,1.0
940,BWA-no-clip,3,0.9090909090909091
940,BWA-std,3,0.18181818181818182
940,NW-flex,3,1.0
940,BWA-no-clip,4,0.8181818181818182
940,BWA-std,4,0.36363636363636365
940,NW-flex,4,1.0
940,BWA-no-clip,5,0.9090909090909091
940,BWA-std,5,0.36363636363636365
940,NW-flex,5,1.0
940,BWA-no-clip,6,1.0
940,BWA-std,6,0.45454545454545453
940,NW-flex,6,1.0
940,BWA-no-clip,7,1.0
940,BWA-std,7,0.45454545454545453
940,NW-flex,7,1.0
940,BWA-no-clip,8,1.0
940,BWA-std,8,0.6363636363636364
940,NW-flex,8,1.0
940,BWA-no-clip,9,1.0
940,BWA-std,9,0.6363636363636364
940,NW-flex,9,1.0
940,BWA-no-clip,10,1.0
940,BWA-std,10,0.8181818181818182
940,NW-flex,10,1.0
941,BWA-no-clip,1,0.18181818181818182
941,BWA-std,1,0.09090909090909091
941,NW-flex,1,1.0
941,BWA-no-clip,2,0.7272727272727273
941,BWA-std,2,0.18181818181818182
941,NW-flex,2,1.0
941,BWA-no-clip,3,0.8181818181818182
941,BWA-std,3,0.18181818181818182
941,NW-flex,3,1.0
941,BWA-no-clip,4,0.9090909090909091
941,BWA-std,4,0.36363636363636365
941,NW-flex,4,1.0
941,BWA-no-clip,5,1.0
941,BWA-std,5,0.36363636363636365
941,NW-flex,5,1.0
941,BWA-no-clip,6,1.0
941,BWA-std,6,0.45454545454545453
941,NW-flex,6,1.0
941,BWA-no-clip,7,1.0
941,BWA-std,7,0.45454545454545453
941,NW-flex,7,1.0
941,BWA-no-clip,8,1.0
941,BWA-std,8,0.6363636363636364
941,NW-flex,8,1.0
941,BWA-no-clip,9,1.0
941,BWA-std,9,0.6363636363636364
941,NW-flex,9,1.0
941,BWA-no-clip,10,1.0
941,BWA-std,10,0.8181818181818182
941,NW-flex,10,1.0
942,BWA-no-clip,1,0.5454545454545454
942,BWA-std,1,0.09090909090909091
942,NW-flex,1,1.0
942,BWA-no-clip,2,0.5454545454545454
942,BWA-std,2,0.09090909090909091
942,NW-flex,2,1.0
942,BWA-no-clip,3,0.6363636363636364
942,BWA-std,3,0.09090909090909091
942,NW-flex,3,1.0
942,BWA-no-clip,4,0.7272727272727273
942,BWA-std,4,0.36363636363636365
942,NW-flex,4,1.0
942,BWA-no-clip,5,0.7272727272727273
942,BWA-std,5,0.36363636363636365
942,NW-flex,5,1.0
942,BWA-no-clip,6,0.9090909090909091
942,BWA-std,6,0.45454545454545453
942,NW-flex,6,1.0
942,BWA-no-clip,7,1.0
942,BWA-std,7,0.45454545454545453
942,NW-flex,7,1.0
942,BWA-no-clip,8,1.0
942,BWA-std,8,0.6363636363636364
942,NW-flex,8,1.0
942,BWA-no-clip,9,1.0
942,BWA-std,9,0.6363636363636364
942,NW-flex,9,1.0
942,BWA-no-clip,10,1.0
942,BWA-std,10,0.8181818181818182
942,NW-flex,10,1.0
943,BWA-no-clip,1,0.09090909090909091
943,BWA-std,1,0.09090909090909091
943,NW-flex,1,1.0
943,BWA-no-clip,2,0.5454545454545454
943,BWA-std,2,0.09090909090909091
943,NW-flex,2,1.0
943,BWA-no-clip,3,0.6363636363636364
943,BWA-std,3,0.09090909090909091
943,NW-flex,3,1.0
943,BWA-no-clip,4,0.7272727272727273
943,BWA-std,4,0.36363636363636365
943,NW-flex,4,1.0
943,BWA-no-clip,5,0.7272727272727273
943,BWA-std,5,0.36363636363636365
943,NW-flex,5,1.0
943,BWA-no-clip,6,0.9090909090909091
943,BWA-std,6,0.45454545454545453
943,NW-flex,6,1.0
943,BWA-no-clip,7,1.0
943,BWA-std,7,0.45454545454545453
943,NW-flex,7,1.0
943,BWA-no-clip,8,1.0
943,BWA-std,8,0.6363636363636364
943,NW-flex,8,1.0
943,BWA-no-clip,9,1.0
943,BWA-std,9,0.6363636363636364
943,NW-flex,9,1.0
943,BWA-no-clip,10,1.0
943,BWA-std,10,0.8181818181818182
943,NW-flex,10,1.0
944,BWA-no-clip,1,0.09090909090909091
944,BWA-std,1,0.09090909090909091
944,NW-flex,1,1.0
944,BWA-no-clip,2,0.5454545454545454
944,BWA-std,2,0.09090909090909091
944,NW-flex,2,1.0
944,BWA-no-clip,3,0.7272727272727273
944,BWA-std,3,0.18181818181818182
944,NW-flex,3,1.0
944,BWA-no-clip,4,0.7272727272727273
944,BWA-std,4,0.36363636363636365
944,NW-flex,4,1.0
944,BWA-no-clip,5,0.9090909090909091
944,BWA-std,5,0.36363636363636365
944,NW-flex,5,1.0
944,BWA-no-clip,6,1.0
944,BWA-std,6,0.45454545454545453
944,NW-flex,6,1.0
944,BWA-no-clip,7,1.0
944,BWA-std,7,0.45454545454545453
944,NW-flex,7,1.0
944,BWA-no-clip,8,1.0
944,BWA-std,8,0.6363636363636364
944,NW-flex,8,1.0
944,BWA-no-clip,9,1.0
944,BWA-std,9,0.6363636363636364
944,NW-flex,9,1.0
944,BWA-no-clip,10,1.0
944,BWA-std,10,0.8181818181818182
944,NW-flex,10,1.0
945,BWA-no-clip,1,0.36363636363636365
945,BWA-std,1,0.09090909090909091
945,NW-flex,1,1.0
945,BWA-no-clip,2,0.36363636363636365
945,BWA-std,2,0.09090909090909091
945,NW-flex,2,1.0
945,BWA-no-clip,3,0.7272727272727273
945,BWA-std,3,0.18181818181818182
945,NW-flex,3,1.0
945,BWA-no-clip,4,0.8181818181818182
945,BWA-std,4,0.36363636363636365
945,NW-flex,4,1.0
945,BWA-no-clip,5,0.8181818181818182
945,BWA-std,5,0.36363636363636365
945,NW-flex,5,1.0
945,BWA-no-clip,6,1.0
945,BWA-std,6,0.45454545454545453
945,NW-flex,6,1.0
945,BWA-no-clip,7,1.0
945,BWA-std,7,0.45454545454545453
945,NW-flex,7,1.0
945,BWA-no-clip,8,1.0
945,BWA-std,8,0.6363636363636364
945,NW-flex,8,1.0
945,BWA-no-clip,9,1.0
945,BWA-std,9,0.6363636363636364
945,NW-flex,9,1.0
945,BWA-no-clip,10,1.0
945,BWA-std,10,0.8181818181818182
945,NW-flex,10,1.0
946,BWA-no-clip,1,0.5454545454545454
946,BWA-std,1,0.09090909090909091
946,NW-flex,1,1.0
946,BWA-no-clip,2,0.7272727272727273
946,BWA-std,2,0.18181818181818182
946,NW-flex,2,1.0
946,BWA-no-clip,3,0.9090909090909091
946,BWA-std,3,0.18181818181818182
946,NW-flex,3,1.0
946,BWA-no-clip,4,1.0
946,BWA-std,4,0.36363636363636365
946,NW-flex,4,1.0
946,BWA-no-clip,5,0.9090909090909091
946,BWA-std,5,0.36363636363636365
946,NW-flex,5,1.0
946,BWA-no-clip,6,0.9090909090909091
946,BWA-std,6,0.45454545454545453
946,NW-flex,6,1.0
946,BWA-no-clip,7,1.0
946,BWA-std,7,0.45454545454545453
946,NW-flex,7,1.0
946,BWA-no-clip,8,1.0
946,BWA-std,8,0.6363636363636364
946,NW-flex,8,1.0
946,BWA-no-clip,9,1.0
946,BWA-std,9,0.6363636363636364
946,NW-flex,9,1.0
946,BWA-no-clip,10,1.0
946,BWA-std,10,0.8181818181818182
946,NW-flex,10,1.0
947,BWA-no-clip,1,0.18181818181818182
947,BWA-std,1,0.09090909090909091
947,NW-flex,1,1.0
947,BWA-no-clip,2,0.2727272727272727
947,BWA-std,2,0.18181818181818182
947,NW-flex,2,1.0
947,BWA-no-clip,3,0.8181818181818182
947,BWA-std,3,0.18181818181818182
947,NW-flex,3,1.0
947,BWA-no-clip,4,0.9090909090909091
947,BWA-std,4,0.36363636363636365
947,NW-flex,4,1.0
947,BWA-no-clip,5,0.9090909090909091
947,BWA-std,5,0.36363636363636365
947,NW-flex,5,1.0
947,BWA-no-clip,6,1.0
947,BWA-std,6,0.45454545454545453
947,NW-flex,6,1.0
947,BWA-no-clip,7,1.0
947,BWA-std,7,0.45454545454545453
947,NW-flex,7,1.0
947,BWA-no-clip,8,1.0
947,BWA-std,8,0.6363636363636364
947,NW-flex,8,1.0
947,BWA-no-clip,9,1.0
947,BWA-std,9,0.6363636363636364
947,NW-flex,9,1.0
947,BWA-no-clip,10,1.0
947,BWA-std,10,0.8181818181818182
947,NW-flex,10,1.0
948,BWA-no-clip,1,0.18181818181818182
948,BWA-std,1,0.09090909090909091
948,NW-flex,1,1.0
948,BWA-no-clip,2,0.7272727272727273
948,BWA-std,2,0.18181818181818182
948,NW-flex,2,1.0
948,BWA-no-clip,3,0.8181818181818182
948,BWA-std,3,0.18181818181818182
948,NW-flex,3,1.0
948,BWA-no-clip,4,0.9090909090909091
948,BWA-std,4,0.36363636363636365
948,NW-flex,4,1.0
948,BWA-no-clip,5,1.0
948,BWA-std,5,0.36363636363636365
948,NW-flex,5,1.0
948,BWA-no-clip,6,1.0
948,BWA-std,6,0.45454545454545453
948,NW-flex,6,1.0
948,BWA-no-clip,7,1.0
948,BWA-std,7,0.45454545454545453
948,NW-flex,7,1.0
948,BWA-no-clip,8,1.0
948,BWA-std,8,0.6363636363636364
948,NW-flex,8,1.0
948,BWA-no-clip,9,1.0
948,BWA-std,9,0.6363636363636364
948,NW-flex,9,1.0
948,BWA-no-clip,10,1.0
948,BWA-std,10,0.8181818181818182
948,NW-flex,10,1.0
949,BWA-no-clip,1,0.18181818181818182
949,BWA-std,1,0.09090909090909091
949,NW-flex,1,1.0
949,BWA-no-clip,2,0.2727272727272727
949,BWA-std,2,0.18181818181818182
949,NW-flex,2,1.0
949,BWA-no-clip,3,0.8181818181818182
949,BWA-std,3,0.18181818181818182
949,NW-flex,3,1.0
949,BWA-no-clip,4,0.9090909090909091
949,BWA-std,4,0.36363636363636365
949,NW-flex,4,1.0
949,BWA-no-clip,5,0.9090909090909091
949,BWA-std,5,0.36363636363636365
949,NW-flex,5,1.0
949,BWA-no-clip,6,1.0
949,BWA-std,6,0.45454545454545453
949,NW-flex,6,1.0
949,BWA-no-clip,7,1.0
949,BWA-std,7,0.45454545454545453
949,NW-flex,7,1.0
949,BWA-no-clip,8,1.0
949,BWA-std,8,0.6363636363636364
949,NW-flex,8,1.0
949,BWA-no-clip,9,1.0
949,BWA-std,9,0.6363636363636364
949,NW-flex,9,1.0
949,BWA-no-clip,10,1.0
949,BWA-std,10,0.8181818181818182
949,NW-flex,10,1.0
950,BWA-no-clip,1,0.5454545454545454
950,BWA-std,1,0.09090909090909091
950,NW-flex,1,1.0
950,BWA-no-clip,2,0.7272727272727273
950,BWA-std,2,0.18181818181818182
950,NW-flex,2,1.0
950,BWA-no-clip,3,0.7272727272727273
950,BWA-std,3,0.18181818181818182
950,NW-flex,3,1.0
950,BWA-no-clip,4,0.7272727272727273
950,BWA-std,4,0.36363636363636365
950,NW-flex,4,1.0
950,BWA-no-clip,5,0.7272727272727273
950,BWA-std,5,0.36363636363636365
950,NW-flex,5,1.0
950,BWA-no-clip,6,0.9090909090909091
950,BWA-std,6,0.45454545454545453
950,NW-flex,6,1.0
950,BWA-no-clip,7,1.0
950,BWA-std,7,0.45454545454545453
950,NW-flex,7,1.0
950,BWA-no-clip,8,1.0
950,BWA-std,8,0.6363636363636364
950,NW-flex,8,1.0
950,BWA-no-clip,9,1.0
950,BWA-std,9,0.6363636363636364
950,NW-flex,9,1.0
950,BWA-no-clip,10,1.0
950,BWA-std,10,0.8181818181818182
950,NW-flex,10,1.0
951,BWA-no-clip,1,0.5454545454545454
951,BWA-std,1,0.09090909090909091
951,NW-flex,1,1.0
951,BWA-no-clip,2,0.7272727272727273
951,BWA-std,2,0.18181818181818182
951,NW-flex,2,1.0
951,BWA-no-clip,3,0.7272727272727273
951,BWA-std,3,0.18181818181818182
951,NW-flex,3,1.0
951,BWA-no-clip,4,0.8181818181818182
951,BWA-std,4,0.36363636363636365
951,NW-flex,4,1.0
951,BWA-no-clip,5,0.9090909090909091
951,BWA-std,5,0.36363636363636365
951,NW-flex,5,1.0
951,BWA-no-clip,6,1.0
951,BWA-std,6,0.45454545454545453
951,NW-flex,6,1.0
951,BWA-no-clip,7,1.0
951,BWA-std,7,0.45454545454545453
951,NW-flex,7,1.0
951,BWA-no-clip,8,1.0
951,BWA-std,8,0.6363636363636364
951,NW-flex,8,1.0
951,BWA-no-clip,9,1.0
951,BWA-std,9,0.6363636363636364
951,NW-flex,9,1.0
951,BWA-no-clip,10,1.0
951,BWA-std,10,0.8181818181818182
951,NW-flex,10,1.0
952,BWA-no-clip,1,0.18181818181818182
952,BWA-std,1,0.09090909090909091
952,NW-flex,1,1.0
952,BWA-no-clip,2,0.2727272727272727
952,BWA-std,2,0.18181818181818182
952,NW-flex,2,1.0
952,BWA-no-clip,3,0.8181818181818182
952,BWA-std,3,0.18181818181818182
952,NW-flex,3,1.0
952,BWA-no-clip,4,0.9090909090909091
952,BWA-std,4,0.36363636363636365
952,NW-flex,4,1.0
952,BWA-no-clip,5,0.9090909090909091
952,BWA-std,5,0.36363636363636365
952,NW-flex,5,1.0
952,BWA-no-clip,6,1.0
952,BWA-std,6,0.45454545454545453
952,NW-flex,6,1.0
952,BWA-no-clip,7,1.0
952,BWA-std,7,0.45454545454545453
952,NW-flex,7,1.0
952,BWA-no-clip,8,1.0
952,BWA-std,8,0.6363636363636364
952,NW-flex,8,1.0
952,BWA-no-clip,9,1.0
952,BWA-std,9,0.6363636363636364
952,NW-flex,9,1.0
952,BWA-no-clip,10,1.0
952,BWA-std,10,0.8181818181818182
952,NW-flex,10,1.0
953,BWA-no-clip,1,0.5454545454545454
953,BWA-std,1,0.09090909090909091
953,NW-flex,1,1.0
953,BWA-no-clip,2,0.7272727272727273
953,BWA-std,2,0.18181818181818182
953,NW-flex,2,1.0
953,BWA-no-clip,3,0.8181818181818182
953,BWA-std,3,0.18181818181818182
953,NW-flex,3,1.0
953,BWA-no-clip,4,0.8181818181818182
953,BWA-std,4,0.36363636363636365
953,NW-flex,4,1.0
953,BWA-no-clip,5,1.0
953,BWA-std,5,0.36363636363636365
953,NW-flex,5,1.0
953,BWA-no-clip,6,1.0
953,BWA-std,6,0.45454545454545453
953,NW-flex,6,1.0
953,BWA-no-clip,7,1.0
953,BWA-std,7,0.45454545454545453
953,NW-flex,7,1.0
953,BWA-no-clip,8,1.0
953,BWA-std,8,0.6363636363636364
953,NW-flex,8,1.0
953,BWA-no-clip,9,1.0
953,BWA-std,9,0.6363636363636364
953,NW-flex,9,1.0
953,BWA-no-clip,10,1.0
953,BWA-std,10,0.8181818181818182
953,NW-flex,10,1.0
954,BWA-no-clip,1,0.5454545454545454
954,BWA-std,1,0.09090909090909091
954,NW-flex,1,1.0
954,BWA-no-clip,2,0.7272727272727273
954,BWA-std,2,0.18181818181818182
954,NW-flex,2,1.0
954,BWA-no-clip,3,0.7272727272727273
954,BWA-std,3,0.18181818181818182
954,NW-flex,3,1.0
954,BWA-no-clip,4,0.9090909090909091
954,BWA-std,4,0.36363636363636365
954,NW-flex,4,1.0
954,BWA-no-clip,5,1.0
954,BWA-std,5,0.36363636363636365
954,NW-flex,5,1.0
954,BWA-no-clip,6,1.0
954,BWA-std,6,0.45454545454545453
954,NW-flex,6,1.0
954,BWA-no-clip,7,1.0
954,BWA-std,7,0.45454545454545453
954,NW-flex,7,1.0
954,BWA-no-clip,8,1.0
954,BWA-std,8,0.6363636363636364
954,NW-flex,8,1.0
954,BWA-no-clip,9,1.0
954,BWA-std,9,0.6363636363636364
954,NW-flex,9,1.0
954,BWA-no-clip,10,1.0
954,BWA-std,10,0.8181818181818182
954,NW-flex,10,1.0
955,BWA-no-clip,1,0.45454545454545453
955,BWA-std,1,0.09090909090909091
955,NW-flex,1,1.0
955,BWA-no-clip,2,0.5454545454545454
955,BWA-std,2,0.18181818181818182
955,NW-flex,2,1.0
955,BWA-no-clip,3,0.8181818181818182
955,BWA-std,3,0.18181818181818182
955,NW-flex,3,1.0
955,BWA-no-clip,4,0.9090909090909091
955,BWA-std,4,0.36363636363636365
955,NW-flex,4,1.0
955,BWA-no-clip,5,0.9090909090909091
955,BWA-std,5,0.36363636363636365
955,NW-flex,5,1.0
955,BWA-no-clip,6,0.9090909090909091
955,BWA-std,6,0.45454545454545453
955,NW-flex,6,1.0
955,BWA-no-clip,7,0.9090909090909091
955,BWA-std,7,0.45454545454545453
955,NW-flex,7,1.0
955,BWA-no-clip,8,1.0
955,BWA-std,8,0.6363636363636364
955,NW-flex,8,1.0
955,BWA-no-clip,9,1.0
955,BWA-std,9,0.6363636363636364
955,NW-flex,9,1.0
955,BWA-no-clip,10,1.0
955,BWA-std,10,0.8181818181818182
955,NW-flex,10,1.0
956,BWA-no-clip,1,0.45454545454545453
956,BWA-std,1,0.09090909090909091
956,NW-flex,1,1.0
956,BWA-no-clip,2,0.5454545454545454
956,BWA-std,2,0.09090909090909091
956,NW-flex,2,1.0
956,BWA-no-clip,3,0.7272727272727273
956,BWA-std,3,0.18181818181818182
956,NW-flex,3,1.0
956,BWA-no-clip,4,0.7272727272727273
956,BWA-std,4,0.36363636363636365
956,NW-flex,4,1.0
956,BWA-no-clip,5,0.9090909090909091
956,BWA-std,5,0.36363636363636365
956,NW-flex,5,1.0
956,BWA-no-clip,6,1.0
956,BWA-std,6,0.45454545454545453
956,NW-flex,6,1.0
956,BWA-no-clip,7,1.0
956,BWA-std,7,0.45454545454545453
956,NW-flex,7,1.0
956,BWA-no-clip,8,1.0
956,BWA-std,8,0.6363636363636364
956,NW-flex,8,1.0
956,BWA-no-clip,9,1.0
956,BWA-std,9,0.6363636363636364
956,NW-flex,9,1.0
956,BWA-no-clip,10,1.0
956,BWA-std,10,0.8181818181818182
956,NW-flex,10,1.0
957,BWA-no-clip,1,0.5454545454545454
957,BWA-std,1,0.09090909090909091
957,NW-flex,1,1.0
957,BWA-no-clip,2,0.6363636363636364
957,BWA-std,2,0.18181818181818182
957,NW-flex,2,1.0
957,BWA-no-clip,3,0.8181818181818182
957,BWA-std,3,0.18181818181818182
957,NW-flex,3,1.0
957,BWA-no-clip,4,0.8181818181818182
957,BWA-std,4,0.36363636363636365
957,NW-flex,4,1.0
957,BWA-no-clip,5,0.9090909090909091
957,BWA-std,5,0.36363636363636365
957,NW-flex,5,1.0
957,BWA-no-clip,6,1.0
957,BWA-std,6,0.45454545454545453
957,NW-flex,6,1.0
957,BWA-no-clip,7,1.0
957,BWA-std,7,0.45454545454545453
957,NW-flex,7,1.0
957,BWA-no-clip,8,1.0
957,BWA-std,8,0.6363636363636364
957,NW-flex,8,1.0
957,BWA-no-clip,9,1.0
957,BWA-std,9,0.6363636363636364
957,NW-flex,9,1.0
957,BWA-no-clip,10,1.0
957,BWA-std,10,0.8181818181818182
957,NW-flex,10,1.0
958,BWA-no-clip,1,0.5454545454545454
958,BWA-std,1,0.09090909090909091
958,NW-flex,1,1.0
958,BWA-no-clip,2,0.7272727272727273
958,BWA-std,2,0.18181818181818182
958,NW-flex,2,1.0
958,BWA-no-clip,3,0.9090909090909091
958,BWA-std,3,0.18181818181818182
958,NW-flex,3,1.0
958,BWA-no-clip,4,0.8181818181818182
958,BWA-std,4,0.36363636363636365
958,NW-flex,4,1.0
958,BWA-no-clip,5,1.0
958,BWA-std,5,0.36363636363636365
958,NW-flex,5,1.0
958,BWA-no-clip,6,1.0
958,BWA-std,6,0.45454545454545453
958,NW-flex,6,1.0
958,BWA-no-clip,7,1.0
958,BWA-std,7,0.45454545454545453
958,NW-flex,7,1.0
958,BWA-no-clip,8,1.0
958,BWA-std,8,0.6363636363636364
958,NW-flex,8,1.0
958,BWA-no-clip,9,1.0
958,BWA-std,9,0.6363636363636364
958,NW-flex,9,1.0
958,BWA-no-clip,10,1.0
958,BWA-std,10,0.8181818181818182
958,NW-flex,10,1.0
959,BWA-no-clip,1,0.36363636363636365
959,BWA-std,1,0.09090909090909091
959,NW-flex,1,1.0
959,BWA-no-clip,2,0.5454545454545454
959,BWA-std,2,0.09090909090909091
959,NW-flex,2,1.0
959,BWA-no-clip,3,0.7272727272727273
959,BWA-std,3,0.18181818181818182
959,NW-flex,3,1.0
959,BWA-no-clip,4,0.7272727272727273
959,BWA-std,4,0.36363636363636365
959,NW-flex,4,1.0
959,BWA-no-clip,5,0.9090909090909091
959,BWA-std,5,0.36363636363636365
959,NW-flex,5,1.0
959,BWA-no-clip,6,1.0
959,BWA-std,6,0.45454545454545453
959,NW-flex,6,1.0
959,BWA-no-clip,7,1.0
959,BWA-std,7,0.45454545454545453
959,NW-flex,7,1.0
959,BWA-no-clip,8,1.0
959,BWA-std,8,0.6363636363636364
959,NW-flex,8,1.0
959,BWA-no-clip,9,1.0
959,BWA-std,9,0.6363636363636364
959,NW-flex,9,1.0
959,BWA-no-clip,10,1.0
959,BWA-std,10,0.8181818181818182
959,NW-flex,10,1.0
960,BWA-no-clip,1,0.45454545454545453
960,BWA-std,1,0.09090909090909091
960,NW-flex,1,1.0
960,BWA-no-clip,2,0.5454545454545454
960,BWA-std,2,0.18181818181818182
960,NW-flex,2,1.0
960,BWA-no-clip,3,0.6363636363636364
960,BWA-std,3,0.18181818181818182
960,NW-flex,3,1.0
960,BWA-no-clip,4,0.7272727272727273
960,BWA-std,4,0.36363636363636365
960,NW-flex,4,1.0
960,BWA-no-clip,5,0.7272727272727273
960,BWA-std,5,0.36363636363636365
960,NW-flex,5,1.0
960,BWA-no-clip,6,0.9090909090909091
960,BWA-std,6,0.45454545454545453
960,NW-flex,6,1.0
960,BWA-no-clip,7,0.9090909090909091
960,BWA-std,7,0.45454545454545453
960,NW-flex,7,1.0
960,BWA-no-clip,8,1.0
960,BWA-std,8,0.6363636363636364
960,NW-flex,8,1.0
960,BWA-no-clip,9,1.0
960,BWA-std,9,0.6363636363636364
960,NW-flex,9,1.0
960,BWA-no-clip,10,1.0
960,BWA-std,10,0.8181818181818182
960,NW-flex,10,1.0
961,BWA-no-clip,1,0.5454545454545454
961,BWA-std,1,0.09090909090909091
961,NW-flex,1,1.0
961,BWA-no-clip,2,0.7272727272727273
961,BWA-std,2,0.18181818181818182
961,NW-flex,2,1.0
961,BWA-no-clip,3,0.9090909090909091
961,BWA-std,3,0.18181818181818182
961,NW-flex,3,1.0
961,BWA-no-clip,4,1.0
961,BWA-std,4,0.36363636363636365
961,NW-flex,4,1.0
961,BWA-no-clip,5,1.0
961,BWA-std,5,0.36363636363636365
961,NW-flex,5,1.0
961,BWA-no-clip,6,1.0
961,BWA-std,6,0.45454545454545453
961,NW-flex,6,1.0
961,BWA-no-clip,7,1.0
961,BWA-std,7,0.45454545454545453
961,NW-flex,7,1.0
961,BWA-no-clip,8,1.0
961,BWA-std,8,0.6363636363636364
961,NW-flex,8,1.0
961,BWA-no-clip,9,1.0
961,BWA-std,9,0.6363636363636364
961,NW-flex,9,1.0
961,BWA-no-clip,10,1.0
961,BWA-std,10,0.8181818181818182
961,NW-flex,10,1.0
962,BWA-no-clip,1,0.36363636363636365
962,BWA-std,1,0.09090909090909091
962,NW-flex,1,1.0
962,BWA-no-clip,2,0.7272727272727273
962,BWA-std,2,0.18181818181818182
962,NW-flex,2,1.0
962,BWA-no-clip,3,0.8181818181818182
962,BWA-std,3,0.18181818181818182
962,NW-flex,3,1.0
962,BWA-no-clip,4,0.8181818181818182
962,BWA-std,4,0.36363636363636365
962,NW-flex,4,1.0
962,BWA-no-clip,5,0.9090909090909091
962,BWA-std,5,0.36363636363636365
962,NW-flex,5,1.0
962,BWA-no-clip,6,0.9090909090909091
962,BWA-std,6,0.45454545454545453
962,NW-flex,6,1.0
962,BWA-no-clip,7,1.0
962,BWA-std,7,0.45454545454545453
962,NW-flex,7,1.0
962,BWA-no-clip,8,1.0
962,BWA-std,8,0.6363636363636364
962,NW-flex,8,1.0
962,BWA-no-clip,9,1.0
962,BWA-std,9,0.6363636363636364
962,NW-flex,9,1.0
962,BWA-no-clip,10,1.0
962,BWA-std,10,0.8181818181818182
962,NW-flex,10,1.0
963,BWA-no-clip,1,0.5454545454545454
963,BWA-std,1,0.09090909090909091
963,NW-flex,1,1.0
963,BWA-no-clip,2,0.7272727272727273
963,BWA-std,2,0.18181818181818182
963,NW-flex,2,1.0
963,BWA-no-clip,3,0.8181818181818182
963,BWA-std,3,0.18181818181818182
963,NW-flex,3,1.0
963,BWA-no-clip,4,0.9090909090909091
963,BWA-std,4,0.36363636363636365
963,NW-flex,4,1.0
963,BWA-no-clip,5,0.9090909090909091
963,BWA-std,5,0.36363636363636365
963,NW-flex,5,1.0
963,BWA-no-clip,6,1.0
963,BWA-std,6,0.45454545454545453
963,NW-flex,6,1.0
963,BWA-no-clip,7,1.0
963,BWA-std,7,0.45454545454545453
963,NW-flex,7,1.0
963,BWA-no-clip,8,1.0
963,BWA-std,8,0.6363636363636364
963,NW-flex,8,1.0
963,BWA-no-clip,9,1.0
963,BWA-std,9,0.6363636363636364
963,NW-flex,9,1.0
963,BWA-no-clip,10,1.0
963,BWA-std,10,0.8181818181818182
963,NW-flex,10,1.0
964,BWA-no-clip,1,0.18181818181818182
964,BWA-std,1,0.09090909090909091
964,NW-flex,1,1.0
964,BWA-no-clip,2,0.6363636363636364
964,BWA-std,2,0.18181818181818182
964,NW-flex,2,1.0
964,BWA-no-clip,3,0.8181818181818182
964,BWA-std,3,0.18181818181818182
964,NW-flex,3,1.0
964,BWA-no-clip,4,0.9090909090909091
964,BWA-std,4,0.36363636363636365
964,NW-flex,4,1.0
964,BWA-no-clip,5,1.0
964,BWA-std,5,0.36363636363636365
964,NW-flex,5,1.0
964,BWA-no-clip,6,1.0
964,BWA-std,6,0.45454545454545453
964,NW-flex,6,1.0
964,BWA-no-clip,7,1.0
964,BWA-std,7,0.45454545454545453
964,NW-flex,7,1.0
964,BWA-no-clip,8,1.0
964,BWA-std,8,0.6363636363636364
964,NW-flex,8,1.0
964,BWA-no-clip,9,1.0
964,BWA-std,9,0.6363636363636364
964,NW-flex,9,1.0
964,BWA-no-clip,10,1.0
964,BWA-std,10,0.8181818181818182
964,NW-flex,10,1.0
965,BWA-no-clip,1,0.18181818181818182
965,BWA-std,1,0.09090909090909091
965,NW-flex,1,1.0
965,BWA-no-clip,2,0.7272727272727273
965,BWA-std,2,0.18181818181818182
965,NW-flex,2,1.0
965,BWA-no-clip,3,0.8181818181818182
965,BWA-std,3,0.18181818181818182
965,NW-flex,3,1.0
965,BWA-no-clip,4,0.9090909090909091
965,BWA-std,4,0.36363636363636365
965,NW-flex,4,1.0
965,BWA-no-clip,5,0.9090909090909091
965,BWA-std,5,0.36363636363636365
965,NW-flex,5,1.0
965,BWA-no-clip,6,1.0
965,BWA-std,6,0.45454545454545453
965,NW-flex,6,1.0
965,BWA-no-clip,7,1.0
965,BWA-std,7,0.45454545454545453
965,NW-flex,7,1.0
965,BWA-no-clip,8,1.0
965,BWA-std,8,0.6363636363636364
965,NW-flex,8,1.0
965,BWA-no-clip,9,1.0
965,BWA-std,9,0.6363636363636364
965,NW-flex,9,1.0
965,BWA-no-clip,10,1.0
965,BWA-std,10,0.8181818181818182
965,NW-flex,10,1.0
966,BWA-no-clip,1,0.18181818181818182
966,BWA-std,1,0.09090909090909091
966,NW-flex,1,1.0
966,BWA-no-clip,2,0.6363636363636364
966,BWA-std,2,0.18181818181818182
966,NW-flex,2,1.0
966,BWA-no-clip,3,0.7272727272727273
966,BWA-std,3,0.18181818181818182
966,NW-flex,3,1.0
966,BWA-no-clip,4,0.8181818181818182
966,BWA-std,4,0.36363636363636365
966,NW-flex,4,1.0
966,BWA-no-clip,5,0.9090909090909091
966,BWA-std,5,0.36363636363636365
966,NW-flex,5,1.0
966,BWA-no-clip,6,0.9090909090909091
966,BWA-std,6,0.45454545454545453
966,NW-flex,6,1.0
966,BWA-no-clip,7,0.9090909090909091
966,BWA-std,7,0.45454545454545453
966,NW-flex,7,1.0
966,BWA-no-clip,8,0.9090909090909091
966,BWA-std,8,0.6363636363636364
966,NW-flex,8,1.0
966,BWA-no-clip,9,1.0
966,BWA-std,9,0.6363636363636364
966,NW-flex,9,1.0
966,BWA-no-clip,10,1.0
966,BWA-std,10,0.8181818181818182
966,NW-flex,10,1.0
967,BWA-no-clip,1,0.18181818181818182
967,BWA-std,1,0.09090909090909091
967,NW-flex,1,1.0
967,BWA-no-clip,2,0.6363636363636364
967,BWA-std,2,0.18181818181818182
967,NW-flex,2,1.0
967,BWA-no-clip,3,0.8181818181818182
967,BWA-std,3,0.18181818181818182
967,NW-flex,3,1.0
967,BWA-no-clip,4,0.9090909090909091
967,BWA-std,4,0.36363636363636365
967,NW-flex,4,1.0
967,BWA-no-clip,5,1.0
967,BWA-std,5,0.36363636363636365
967,NW-flex,5,1.0
967,BWA-no-clip,6,1.0
967,BWA-std,6,0.45454545454545453
967,NW-flex,6,1.0
967,BWA-no-clip,7,1.0
967,BWA-std,7,0.45454545454545453
967,NW-flex,7,1.0
967,BWA-no-clip,8,1.0
967,BWA-std,8,0.6363636363636364
967,NW-flex,8,1.0
967,BWA-no-clip,9,1.0
967,BWA-std,9,0.6363636363636364
967,NW-flex,9,1.0
967,BWA-no-clip,10,1.0
967,BWA-std,10,0.8181818181818182
967,NW-flex,10,1.0
968,BWA-no-clip,1,0.09090909090909091
968,BWA-std,1,0.09090909090909091
968,NW-flex,1,1.0
968,BWA-no-clip,2,0.09090909090909091
968,BWA-std,2,0.09090909090909091
968,NW-flex,2,1.0
968,BWA-no-clip,3,0.5757575757575758
968,BWA-std,3,0.18181818181818182
968,NW-flex,3,1.0
968,BWA-no-clip,4,0.8181818181818182
968,BWA-std,4,0.36363636363636365
968,NW-flex,4,1.0
968,BWA-no-clip,5,0.8181818181818182
968,BWA-std,5,0.36363636363636365
968,NW-flex,5,1.0
968,BWA-no-clip,6,1.0
968,BWA-std,6,0.45454545454545453
968,NW-flex,6,1.0
968,BWA-no-clip,7,1.0
968,BWA-std,7,0.45454545454545453
968,NW-flex,7,1.0
968,BWA-no-clip,8,1.0
968,BWA-std,8,0.6363636363636364
968,NW-flex,8,1.0
968,BWA-no-clip,9,1.0
968,BWA-std,9,0.6363636363636364
968,NW-flex,9,1.0
968,BWA-no-clip,10,1.0
968,BWA-std,10,0.8181818181818182
968,NW-flex,10,1.0
969,BWA-no-clip,1,0.5454545454545454
969,BWA-std,1,0.09090909090909091
969,NW-flex,1,1.0
969,BWA-no-clip,2,0.6363636363636364
969,BWA-std,2,0.18181818181818182
969,NW-flex,2,1.0
969,BWA-no-clip,3,0.8181818181818182
969,BWA-std,3,0.18181818181818182
969,NW-flex,3,1.0
969,BWA-no-clip,4,1.0
969,BWA-std,4,0.36363636363636365
969,NW-flex,4,1.0
969,BWA-no-clip,5,1.0
969,BWA-std,5,0.36363636363636365
969,NW-flex,5,1.0
969,BWA-no-clip,6,1.0
969,BWA-std,6,0.45454545454545453
969,NW-flex,6,1.0
969,BWA-no-clip,7,1.0
969,BWA-std,7,0.45454545454545453
969,NW-flex,7,1.0
969,BWA-no-clip,8,1.0
969,BWA-std,8,0.6363636363636364
969,NW-flex,8,1.0
969,BWA-no-clip,9,1.0
969,BWA-std,9,0.6363636363636364
969,NW-flex,9,1.0
969,BWA-no-clip,10,1.0
969,BWA-std,10,0.8181818181818182
969,NW-flex,10,1.0
970,BWA-no-clip,1,0.18181818181818182
970,BWA-std,1,0.09090909090909091
970,NW-flex,1,1.0
970,BWA-no-clip,2,0.6363636363636364
970,BWA-std,2,0.18181818181818182
970,NW-flex,2,1.0
970,BWA-no-clip,3,0.7272727272727273
970,BWA-std,3,0.18181818181818182
970,NW-flex,3,1.0
970,BWA-no-clip,4,0.7272727272727273
970,BWA-std,4,0.36363636363636365
970,NW-flex,4,1.0
970,BWA-no-clip,5,0.9090909090909091
970,BWA-std,5,0.36363636363636365
970,NW-flex,5,1.0
970,BWA-no-clip,6,1.0
970,BWA-std,6,0.45454545454545453
970,NW-flex,6,1.0
970,BWA-no-clip,7,1.0
970,BWA-std,7,0.45454545454545453
970,NW-flex,7,1.0
970,BWA-no-clip,8,1.0
970,BWA-std,8,0.6363636363636364
970,NW-flex,8,1.0
970,BWA-no-clip,9,1.0
970,BWA-std,9,0.6363636363636364
970,NW-flex,9,1.0
970,BWA-no-clip,10,1.0
970,BWA-std,10,0.8181818181818182
970,NW-flex,10,1.0
971,BWA-no-clip,1,0.5454545454545454
971,BWA-std,1,0.09090909090909091
971,NW-flex,1,1.0
971,BWA-no-clip,2,0.6363636363636364
971,BWA-std,2,0.18181818181818182
971,NW-flex,2,1.0
971,BWA-no-clip,3,0.8181818181818182
971,BWA-std,3,0.18181818181818182
971,NW-flex,3,1.0
971,BWA-no-clip,4,1.0
971,BWA-std,4,0.36363636363636365
971,NW-flex,4,1.0
971,BWA-no-clip,5,0.9090909090909091
971,BWA-std,5,0.36363636363636365
971,NW-flex,5,1.0
971,BWA-no-clip,6,1.0
971,BWA-std,6,0.45454545454545453
971,NW-flex,6,1.0
971,BWA-no-clip,7,1.0
971,BWA-std,7,0.45454545454545453
971,NW-flex,7,1.0
971,BWA-no-clip,8,1.0
971,BWA-std,8,0.6363636363636364
971,NW-flex,8,1.0
971,BWA-no-clip,9,1.0
971,BWA-std,9,0.6363636363636364
971,NW-flex,9,1.0
971,BWA-no-clip,10,1.0
971,BWA-std,10,0.8181818181818182
971,NW-flex,10,1.0
972,BWA-no-clip,1,0.18181818181818182
972,BWA-std,1,0.09090909090909091
972,NW-flex,1,1.0
972,BWA-no-clip,2,0.5454545454545454
972,BWA-std,2,0.09090909090909091
972,NW-flex,2,1.0
972,BWA-no-clip,3,0.7272727272727273
972,BWA-std,3,0.18181818181818182
972,NW-flex,3,1.0
972,BWA-no-clip,4,0.9090909090909091
972,BWA-std,4,0.36363636363636365
972,NW-flex,4,1.0
972,BWA-no-clip,5,0.9090909090909091
972,BWA-std,5,0.36363636363636365
972,NW-flex,5,1.0
972,BWA-no-clip,6,0.9090909090909091
972,BWA-std,6,0.45454545454545453
972,NW-flex,6,1.0
972,BWA-no-clip,7,1.0
972,BWA-std,7,0.45454545454545453
972,NW-flex,7,1.0
972,BWA-no-clip,8,1.0
972,BWA-std,8,0.6363636363636364
972,NW-flex,8,1.0
972,BWA-no-clip,9,1.0
972,BWA-std,9,0.6363636363636364
972,NW-flex,9,1.0
972,BWA-no-clip,10,1.0
972,BWA-std,10,0.8181818181818182
972,NW-flex,10,1.0
973,BWA-no-clip,1,0.18181818181818182
973,BWA-std,1,0.09090909090909091
973,NW-flex,1,1.0
973,BWA-no-clip,2,0.5454545454545454
973,BWA-std,2,0.09090909090909091
973,NW-flex,2,1.0
973,BWA-no-clip,3,0.7272727272727273
973,BWA-std,3,0.18181818181818182
973,NW-flex,3,1.0
973,BWA-no-clip,4,0.9090909090909091
973,BWA-std,4,0.36363636363636365
973,NW-flex,4,1.0
973,BWA-no-clip,5,1.0
973,BWA-std,5,0.36363636363636365
973,NW-flex,5,1.0
973,BWA-no-clip,6,1.0
973,BWA-std,6,0.45454545454545453
973,NW-flex,6,1.0
973,BWA-no-clip,7,1.0
973,BWA-std,7,0.45454545454545453
973,NW-flex,7,1.0
973,BWA-no-clip,8,1.0
973,BWA-std,8,0.6363636363636364
973,NW-flex,8,1.0
973,BWA-no-clip,9,1.0
973,BWA-std,9,0.6363636363636364
973,NW-flex,9,1.0
973,BWA-no-clip,10,1.0
973,BWA-std,10,0.8181818181818182
973,NW-flex,10,1.0
974,BWA-no-clip,1,0.2727272727272727
974,BWA-std,1,0.09090909090909091
974,NW-flex,1,1.0
974,BWA-no-clip,2,0.36363636363636365
974,BWA-std,2,0.18181818181818182
974,NW-flex,2,1.0
974,BWA-no-clip,3,0.8181818181818182
974,BWA-std,3,0.18181818181818182
974,NW-flex,3,1.0
974,BWA-no-clip,4,0.8181818181818182
974,BWA-std,4,0.36363636363636365
974,NW-flex,4,1.0
974,BWA-no-clip,5,1.0
974,BWA-std,5,0.36363636363636365
974,NW-flex,5,1.0
974,BWA-no-clip,6,1.0
974,BWA-std,6,0.45454545454545453
974,NW-flex,6,1.0
974,BWA-no-clip,7,1.0
974,BWA-std,7,0.45454545454545453
974,NW-flex,7,1.0
974,BWA-no-clip,8,1.0
974,BWA-std,8,0.6363636363636364
974,NW-flex,8,1.0
974,BWA-no-clip,9,1.0
974,BWA-std,9,0.6363636363636364
974,NW-flex,9,1.0
974,BWA-no-clip,10,1.0
974,BWA-std,10,0.8181818181818182
974,NW-flex,10,1.0
975,BWA-no-clip,1,0.09090909090909091
975,BWA-std,1,0.09090909090909091
975,NW-flex,1,1.0
975,BWA-no-clip,2,0.09090909090909091
975,BWA-std,2,0.09090909090909091
975,NW-flex,2,1.0
975,BWA-no-clip,3,0.5757575757575758
975,BWA-std,3,0.18181818181818182
975,NW-flex,3,1.0
975,BWA-no-clip,4,0.8181818181818182
975,BWA-std,4,0.36363636363636365
975,NW-flex,4,1.0
975,BWA-no-clip,5,1.0
975,BWA-std,5,0.36363636363636365
975,NW-flex,5,1.0
975,BWA-no-clip,6,1.0
975,BWA-std,6,0.45454545454545453
975,NW-flex,6,1.0
975,BWA-no-clip,7,1.0
975,BWA-std,7,0.45454545454545453
975,NW-flex,7,1.0
975,BWA-no-clip,8,1.0
975,BWA-std,8,0.6363636363636364
975,NW-flex,8,1.0
975,BWA-no-clip,9,1.0
975,BWA-std,9,0.6363636363636364
975,NW-flex,9,1.0
975,BWA-no-clip,10,1.0
975,BWA-std,10,0.8181818181818182
975,NW-flex,10,1.0
976,BWA-no-clip,1,0.09090909090909091
976,BWA-std,1,0.09090909090909091
976,NW-flex,1,1.0
976,BWA-no-clip,2,0.5454545454545454
976,BWA-std,2,0.09090909090909091
976,NW-flex,2,1.0
976,BWA-no-clip,3,0.7272727272727273
976,BWA-std,3,0.18181818181818182
976,NW-flex,3,1.0
976,BWA-no-clip,4,0.9090909090909091
976,BWA-std,4,0.36363636363636365
976,NW-flex,4,1.0
976,BWA-no-clip,5,0.9090909090909091
976,BWA-std,5,0.36363636363636365
976,NW-flex,5,1.0
976,BWA-no-clip,6,1.0
976,BWA-std,6,0.45454545454545453
976,NW-flex,6,1.0
976,BWA-no-clip,7,1.0
976,BWA-std,7,0.45454545454545453
976,NW-flex,7,1.0
976,BWA-no-clip,8,1.0
976,BWA-std,8,0.6363636363636364
976,NW-flex,8,1.0
976,BWA-no-clip,9,1.0
976,BWA-std,9,0.6363636363636364
976,NW-flex,9,1.0
976,BWA-no-clip,10,1.0
976,BWA-std,10,0.8181818181818182
976,NW-flex,10,1.0
977,BWA-no-clip,1,0.5454545454545454
977,BWA-std,1,0.09090909090909091
977,NW-flex,1,1.0
977,BWA-no-clip,2,0.6363636363636364
977,BWA-std,2,0.18181818181818182
977,NW-flex,2,1.0
977,BWA-no-clip,3,0.7272727272727273
977,BWA-std,3,0.18181818181818182
977,NW-flex,3,1.0
977,BWA-no-clip,4,0.9090909090909091
977,BWA-std,4,0.36363636363636365
977,NW-flex,4,1.0
977,BWA-no-clip,5,0.9090909090909091
977,BWA-std,5,0.36363636363636365
977,NW-flex,5,1.0
977,BWA-no-clip,6,0.9090909090909091
977,BWA-std,6,0.45454545454545453
977,NW-flex,6,1.0
977,BWA-no-clip,7,0.9090909090909091
977,BWA-std,7,0.45454545454545453
977,NW-flex,7,1.0
977,BWA-no-clip,8,1.0
977,BWA-std,8,0.6363636363636364
977,NW-flex,8,1.0
977,BWA-no-clip,9,1.0
977,BWA-std,9,0.6363636363636364
977,NW-flex,9,1.0
977,BWA-no-clip,10,1.0
977,BWA-std,10,0.8181818181818182
977,NW-flex,10,1.0
978,BWA-no-clip,1,0.5454545454545454
978,BWA-std,1,0.09090909090909091
978,NW-flex,1,1.0
978,BWA-no-clip,2,0.7272727272727273
978,BWA-std,2,0.18181818181818182
978,NW-flex,2,1.0
978,BWA-no-clip,3,0.8181818181818182
978,BWA-std,3,0.18181818181818182
978,NW-flex,3,1.0
978,BWA-no-clip,4,0.8181818181818182
978,BWA-std,4,0.36363636363636365
978,NW-flex,4,1.0
978,BWA-no-clip,5,1.0
978,BWA-std,5,0.36363636363636365
978,NW-flex,5,1.0
978,BWA-no-clip,6,1.0
978,BWA-std,6,0.45454545454545453
978,NW-flex,6,1.0
978,BWA-no-clip,7,1.0
978,BWA-std,7,0.45454545454545453
978,NW-flex,7,1.0
978,BWA-no-clip,8,1.0
978,BWA-std,8,0.6363636363636364
978,NW-flex,8,1.0
978,BWA-no-clip,9,1.0
978,BWA-std,9,0.6363636363636364
978,NW-flex,9,1.0
978,BWA-no-clip,10,1.0
978,BWA-std,10,0.8181818181818182
978,NW-flex,10,1.0
979,BWA-no-clip,1,0.5454545454545454
979,BWA-std,1,0.09090909090909091
979,NW-flex,1,1.0
979,BWA-no-clip,2,0.6363636363636364
979,BWA-std,2,0.18181818181818182
979,NW-flex,2,1.0
979,BWA-no-clip,3,0.8181818181818182
979,BWA-std,3,0.18181818181818182
979,NW-flex,3,1.0
979,BWA-no-clip,4,1.0
979,BWA-std,4,0.36363636363636365
979,NW-flex,4,1.0
979,BWA-no-clip,5,1.0
979,BWA-std,5,0.36363636363636365
979,NW-flex,5,1.0
979,BWA-no-clip,6,1.0
979,BWA-std,6,0.45454545454545453
979,NW-flex,6,1.0
979,BWA-no-clip,7,1.0
979,BWA-std,7,0.45454545454545453
979,NW-flex,7,1.0
979,BWA-no-clip,8,1.0
979,BWA-std,8,0.6363636363636364
979,NW-flex,8,1.0
979,BWA-no-clip,9,1.0
979,BWA-std,9,0.6363636363636364
979,NW-flex,9,1.0
979,BWA-no-clip,10,1.0
979,BWA-std,10,0.8181818181818182
979,NW-flex,10,1.0
980,BWA-no-clip,1,0.5454545454545454
980,BWA-std,1,0.09090909090909091
980,NW-flex,1,1.0
980,BWA-no-clip,2,0.6363636363636364
980,BWA-std,2,0.18181818181818182
980,NW-flex,2,1.0
980,BWA-no-clip,3,0.8181818181818182
980,BWA-std,3,0.18181818181818182
980,NW-flex,3,1.0
980,BWA-no-clip,4,0.8181818181818182
980,BWA-std,4,0.36363636363636365
980,NW-flex,4,1.0
980,BWA-no-clip,5,1.0
980,BWA-std,5,0.36363636363636365
980,NW-flex,5,1.0
980,BWA-no-clip,6,1.0
980,BWA-std,6,0.45454545454545453
980,NW-flex,6,1.0
980,BWA-no-clip,7,1.0
980,BWA-std,7,0.45454545454545453
980,NW-flex,7,1.0
980,BWA-no-clip,8,1.0
980,BWA-std,8,0.6363636363636364
980,NW-flex,8,1.0
980,BWA-no-clip,9,1.0
980,BWA-std,9,0.6363636363636364
980,NW-flex,9,1.0
980,BWA-no-clip,10,1.0
980,BWA-std,10,0.8181818181818182
980,NW-flex,10,1.0
981,BWA-no-clip,1,0.5454545454545454
981,BWA-std,1,0.09090909090909091
981,NW-flex,1,1.0
981,BWA-no-clip,2,0.7272727272727273
981,BWA-std,2,0.18181818181818182
981,NW-flex,2,1.0
981,BWA-no-clip,3,0.8181818181818182
981,BWA-std,3,0.18181818181818182
981,NW-flex,3,1.0
981,BWA-no-clip,4,0.9090909090909091
981,BWA-std,4,0.36363636363636365
981,NW-flex,4,1.0
981,BWA-no-clip,5,0.9090909090909091
981,BWA-std,5,0.36363636363636365
981,NW-flex,5,1.0
981,BWA-no-clip,6,0.9090909090909091
981,BWA-std,6,0.45454545454545453
981,NW-flex,6,1.0
981,BWA-no-clip,7,1.0
981,BWA-std,7,0.45454545454545453
981,NW-flex,7,1.0
981,BWA-no-clip,8,1.0
981,BWA-std,8,0.6363636363636364
981,NW-flex,8,1.0
981,BWA-no-clip,9,1.0
981,BWA-std,9,0.6363636363636364
981,NW-flex,9,1.0
981,BWA-no-clip,10,1.0
981,BWA-std,10,0.8181818181818182
981,NW-flex,10,1.0
982,BWA-no-clip,1,0.18181818181818182
982,BWA-std,1,0.09090909090909091
982,NW-flex,1,1.0
982,BWA-no-clip,2,0.5454545454545454
982,BWA-std,2,0.09090909090909091
982,NW-flex,2,1.0
982,BWA-no-clip,3,0.7272727272727273
982,BWA-std,3,0.18181818181818182
982,NW-flex,3,1.0
982,BWA-no-clip,4,0.9090909090909091
982,BWA-std,4,0.36363636363636365
982,NW-flex,4,1.0
982,BWA-no-clip,5,1.0
982,BWA-std,5,0.36363636363636365
982,NW-flex,5,1.0
982,BWA-no-clip,6,1.0
982,BWA-std,6,0.45454545454545453
982,NW-flex,6,1.0
982,BWA-no-clip,7,1.0
982,BWA-std,7,0.45454545454545453
982,NW-flex,7,1.0
982,BWA-no-clip,8,1.0
982,BWA-std,8,0.6363636363636364
982,NW-flex,8,1.0
982,BWA-no-clip,9,1.0
982,BWA-std,9,0.6363636363636364
982,NW-flex,9,1.0
982,BWA-no-clip,10,1.0
982,BWA-std,10,0.8181818181818182
982,NW-flex,10,1.0
983,BWA-no-clip,1,0.36363636363636365
983,BWA-std,1,0.09090909090909091
983,NW-flex,1,1.0
983,BWA-no-clip,2,0.45454545454545453
983,BWA-std,2,0.09090909090909091
983,NW-flex,2,1.0
983,BWA-no-clip,3,0.6363636363636364
983,BWA-std,3,0.18181818181818182
983,NW-flex,3,1.0
983,BWA-no-clip,4,0.9090909090909091
983,BWA-std,4,0.36363636363636365
983,NW-flex,4,1.0
983,BWA-no-clip,5,1.0
983,BWA-std,5,0.36363636363636365
983,NW-flex,5,1.0
983,BWA-no-clip,6,1.0
983,BWA-std,6,0.45454545454545453
983,NW-flex,6,1.0
983,BWA-no-clip,7,1.0
983,BWA-std,7,0.45454545454545453
983,NW-flex,7,1.0
983,BWA-no-clip,8,1.0
983,BWA-std,8,0.6363636363636364
983,NW-flex,8,1.0
983,BWA-no-clip,9,1.0
983,BWA-std,9,0.6363636363636364
983,NW-flex,9,1.0
983,BWA-no-clip,10,1.0
983,BWA-std,10,0.8181818181818182
983,NW-flex,10,1.0
984,BWA-no-clip,1,0.18181818181818182
984,BWA-std,1,0.09090909090909091
984,NW-flex,1,1.0
984,BWA-no-clip,2,0.2727272727272727
984,BWA-std,2,0.18181818181818182
984,NW-flex,2,1.0
984,BWA-no-clip,3,0.8181818181818182
984,BWA-std,3,0.18181818181818182
984,NW-flex,3,1.0
984,BWA-no-clip,4,0.9090909090909091
984,BWA-std,4,0.36363636363636365
984,NW-flex,4,1.0
984,BWA-no-clip,5,0.9090909090909091
984,BWA-std,5,0.36363636363636365
984,NW-flex,5,1.0
984,BWA-no-clip,6,0.9090909090909091
984,BWA-std,6,0.45454545454545453
984,NW-flex,6,1.0
984,BWA-no-clip,7,1.0
984,BWA-std,7,0.45454545454545453
984,NW-flex,7,1.0
984,BWA-no-clip,8,1.0
984,BWA-std,8,0.6363636363636364
984,NW-flex,8,1.0
984,BWA-no-clip,9,1.0
984,BWA-std,9,0.6363636363636364
984,NW-flex,9,1.0
984,BWA-no-clip,10,1.0
984,BWA-std,10,0.8181818181818182
984,NW-flex,10,1.0
985,BWA-no-clip,1,0.5454545454545454
985,BWA-std,1,0.09090909090909091
985,NW-flex,1,1.0
985,BWA-no-clip,2,0.7272727272727273
985,BWA-std,2,0.18181818181818182
985,NW-flex,2,1.0
985,BWA-no-clip,3,0.9090909090909091
985,BWA-std,3,0.18181818181818182
985,NW-flex,3,1.0
985,BWA-no-clip,4,1.0
985,BWA-std,4,0.36363636363636365
985,NW-flex,4,1.0
985,BWA-no-clip,5,1.0
985,BWA-std,5,0.36363636363636365
985,NW-flex,5,1.0
985,BWA-no-clip,6,1.0
985,BWA-std,6,0.45454545454545453
985,NW-flex,6,1.0
985,BWA-no-clip,7,1.0
985,BWA-std,7,0.45454545454545453
985,NW-flex,7,1.0
985,BWA-no-clip,8,1.0
985,BWA-std,8,0.6363636363636364
985,NW-flex,8,1.0
985,BWA-no-clip,9,1.0
985,BWA-std,9,0.6363636363636364
985,NW-flex,9,1.0
985,BWA-no-clip,10,1.0
985,BWA-std,10,0.8181818181818182
985,NW-flex,10,1.0
986,BWA-no-clip,1,0.5454545454545454
986,BWA-std,1,0.09090909090909091
986,NW-flex,1,1.0
986,BWA-no-clip,2,0.7272727272727273
986,BWA-std,2,0.18181818181818182
986,NW-flex,2,1.0
986,BWA-no-clip,3,0.7272727272727273
986,BWA-std,3,0.18181818181818182
986,NW-flex,3,1.0
986,BWA-no-clip,4,0.9090909090909091
986,BWA-std,4,0.36363636363636365
986,NW-flex,4,1.0
986,BWA-no-clip,5,1.0
986,BWA-std,5,0.36363636363636365
986,NW-flex,5,1.0
986,BWA-no-clip,6,1.0
986,BWA-std,6,0.45454545454545453
986,NW-flex,6,1.0
986,BWA-no-clip,7,1.0
986,BWA-std,7,0.45454545454545453
986,NW-flex,7,1.0
986,BWA-no-clip,8,1.0
986,BWA-std,8,0.6363636363636364
986,NW-flex,8,1.0
986,BWA-no-clip,9,1.0
986,BWA-std,9,0.6363636363636364
986,NW-flex,9,1.0
986,BWA-no-clip,10,1.0
986,BWA-std,10,0.8181818181818182
986,NW-flex,10,1.0
987,BWA-no-clip,1,0.09090909090909091
987,BWA-std,1,0.09090909090909091
987,NW-flex,1,1.0
987,BWA-no-clip,2,0.09090909090909091
987,BWA-std,2,0.09090909090909091
987,NW-flex,2,1.0
987,BWA-no-clip,3,0.12121212121212122
987,BWA-std,3,0.18181818181818182
987,NW-flex,3,1.0
987,BWA-no-clip,4,0.5757575757575758
987,BWA-std,4,0.2727272727272727
987,NW-flex,4,1.0
987,BWA-no-clip,5,0.7272727272727273
987,BWA-std,5,0.36363636363636365
987,NW-flex,5,1.0
987,BWA-no-clip,6,0.7272727272727273
987,BWA-std,6,0.45454545454545453
987,NW-flex,6,1.0
987,BWA-no-clip,7,0.9090909090909091
987,BWA-std,7,0.45454545454545453
987,NW-flex,7,1.0
987,BWA-no-clip,8,0.9090909090909091
987,BWA-std,8,0.6363636363636364
987,NW-flex,8,1.0
987,BWA-no-clip,9,1.0
987,BWA-std,9,0.6363636363636364
987,NW-flex,9,1.0
987,BWA-no-clip,10,1.0
987,BWA-std,10,0.8181818181818182
987,NW-flex,10,1.0
988,BWA-no-clip,1,0.09090909090909091
988,BWA-std,1,0.09090909090909091
988,NW-flex,1,1.0
988,BWA-no-clip,2,0.6363636363636364
988,BWA-std,2,0.18181818181818182
988,NW-flex,2,1.0
988,BWA-no-clip,3,0.6363636363636364
988,BWA-std,3,0.18181818181818182
988,NW-flex,3,1.0
988,BWA-no-clip,4,0.8181818181818182
988,BWA-std,4,0.36363636363636365
988,NW-flex,4,1.0
988,BWA-no-clip,5,1.0
988,BWA-std,5,0.36363636363636365
988,NW-flex,5,1.0
988,BWA-no-clip,6,1.0
988,BWA-std,6,0.45454545454545453
988,NW-flex,6,1.0
988,BWA-no-clip,7,1.0
988,BWA-std,7,0.45454545454545453
988,NW-flex,7,1.0
988,BWA-no-clip,8,1.0
988,BWA-std,8,0.6363636363636364
988,NW-flex,8,1.0
988,BWA-no-clip,9,1.0
988,BWA-std,9,0.6363636363636364
988,NW-flex,9,1.0
988,BWA-no-clip,10,1.0
988,BWA-std,10,0.8181818181818182
988,NW-flex,10,1.0
989,BWA-no-clip,1,0.45454545454545453
989,BWA-std,1,0.09090909090909091
989,NW-flex,1,1.0
989,BWA-no-clip,2,0.5454545454545454
989,BWA-std,2,0.09090909090909091
989,NW-flex,2,1.0
989,BWA-no-clip,3,0.7272727272727273
989,BWA-std,3,0.18181818181818182
989,NW-flex,3,1.0
989,BWA-no-clip,4,0.8181818181818182
989,BWA-std,4,0.36363636363636365
989,NW-flex,4,1.0
989,BWA-no-clip,5,0.9090909090909091
989,BWA-std,5,0.36363636363636365
989,NW-flex,5,1.0
989,BWA-no-clip,6,1.0
989,BWA-std,6,0.45454545454545453
989,NW-flex,6,1.0
989,BWA-no-clip,7,1.0
989,BWA-std,7,0.45454545454545453
989,NW-flex,7,1.0
989,BWA-no-clip,8,1.0
989,BWA-std,8,0.6363636363636364
989,NW-flex,8,1.0
989,BWA-no-clip,9,1.0
989,BWA-std,9,0.6363636363636364
989,NW-flex,9,1.0
989,BWA-no-clip,10,1.0
989,BWA-std,10,0.8181818181818182
989,NW-flex,10,1.0
990,BWA-no-clip,1,0.5454545454545454
990,BWA-std,1,0.09090909090909091
990,NW-flex,1,1.0
990,BWA-no-clip,2,0.6363636363636364
990,BWA-std,2,0.18181818181818182
990,NW-flex,2,1.0
990,BWA-no-clip,3,0.7272727272727273
990,BWA-std,3,0.18181818181818182
990,NW-flex,3,1.0
990,BWA-no-clip,4,0.9090909090909091
990,BWA-std,4,0.36363636363636365
990,NW-flex,4,1.0
990,BWA-no-clip,5,1.0
990,BWA-std,5,0.36363636363636365
990,NW-flex,5,1.0
990,BWA-no-clip,6,1.0
990,BWA-std,6,0.45454545454545453
990,NW-flex,6,1.0
990,BWA-no-clip,7,1.0
990,BWA-std,7,0.45454545454545453
990,NW-flex,7,1.0
990,BWA-no-clip,8,1.0
990,BWA-std,8,0.6363636363636364
990,NW-flex,8,1.0
990,BWA-no-clip,9,1.0
990,BWA-std,9,0.6363636363636364
990,NW-flex,9,1.0
990,BWA-no-clip,10,1.0
990,BWA-std,10,0.8181818181818182
990,NW-flex,10,1.0
991,BWA-no-clip,1,0.36363636363636365
991,BWA-std,1,0.09090909090909091
991,NW-flex,1,1.0
991,BWA-no-clip,2,0.45454545454545453
991,BWA-std,2,0.18181818181818182
991,NW-flex,2,1.0
991,BWA-no-clip,3,0.6363636363636364
991,BWA-std,3,0.18181818181818182
991,NW-flex,3,1.0
991,BWA-no-clip,4,0.9090909090909091
991,BWA-std,4,0.36363636363636365
991,NW-flex,4,1.0
991,BWA-no-clip,5,0.8181818181818182
991,BWA-std,5,0.36363636363636365
991,NW-flex,5,1.0
991,BWA-no-clip,6,1.0
991,BWA-std,6,0.45454545454545453
991,NW-flex,6,1.0
991,BWA-no-clip,7,1.0
991,BWA-std,7,0.45454545454545453
991,NW-flex,7,1.0
991,BWA-no-clip,8,1.0
991,BWA-std,8,0.6363636363636364
991,NW-flex,8,1.0
991,BWA-no-clip,9,1.0
991,BWA-std,9,0.6363636363636364
991,NW-flex,9,1.0
991,BWA-no-clip,10,1.0
991,BWA-std,10,0.8181818181818182
991,NW-flex,10,1.0
992,BWA-no-clip,1,0.5454545454545454
992,BWA-std,1,0.09090909090909091
992,NW-flex,1,1.0
992,BWA-no-clip,2,0.7272727272727273
992,BWA-std,2,0.18181818181818182
992,NW-flex,2,1.0
992,BWA-no-clip,3,0.9090909090909091
992,BWA-std,3,0.18181818181818182
992,NW-flex,3,1.0
992,BWA-no-clip,4,0.8181818181818182
992,BWA-std,4,0.36363636363636365
992,NW-flex,4,1.0
992,BWA-no-clip,5,1.0
992,BWA-std,5,0.36363636363636365
992,NW-flex,5,1.0
992,BWA-no-clip,6,1.0
992,BWA-std,6,0.45454545454545453
992,NW-flex,6,1.0
992,BWA-no-clip,7,1.0
992,BWA-std,7,0.45454545454545453
992,NW-flex,7,1.0
992,BWA-no-clip,8,1.0
992,BWA-std,8,0.6363636363636364
992,NW-flex,8,1.0
992,BWA-no-clip,9,1.0
992,BWA-std,9,0.6363636363636364
992,NW-flex,9,1.0
992,BWA-no-clip,10,1.0
992,BWA-std,10,0.8181818181818182
992,NW-flex,10,1.0
993,BWA-no-clip,1,0.45454545454545453
993,BWA-std,1,0.09090909090909091
993,NW-flex,1,1.0
993,BWA-no-clip,2,0.6363636363636364
993,BWA-std,2,0.18181818181818182
993,NW-flex,2,1.0
993,BWA-no-clip,3,0.7272727272727273
993,BWA-std,3,0.18181818181818182
993,NW-flex,3,1.0
993,BWA-no-clip,4,0.8181818181818182
993,BWA-std,4,0.36363636363636365
993,NW-flex,4,1.0
993,BWA-no-clip,5,0.8181818181818182
993,BWA-std,5,0.36363636363636365
993,NW-flex,5,1.0
993,BWA-no-clip,6,1.0
993,BWA-std,6,0.45454545454545453
993,NW-flex,6,1.0
993,BWA-no-clip,7,1.0
993,BWA-std,7,0.45454545454545453
993,NW-flex,7,1.0
993,BWA-no-clip,8,1.0
993,BWA-std,8,0.6363636363636364
993,NW-flex,8,1.0
993,BWA-no-clip,9,1.0
993,BWA-std,9,0.6363636363636364
993,NW-flex,9,1.0
993,BWA-no-clip,10,1.0
993,BWA-std,10,0.8181818181818182
993,NW-flex,10,1.0
994,BWA-no-clip,1,0.09090909090909091
994,BWA-std,1,0.09090909090909091
994,NW-flex,1,1.0
994,BWA-no-clip,2,0.5454545454545454
994,BWA-std,2,0.09090909090909091
994,NW-flex,2,1.0
994,BWA-no-clip,3,0.7272727272727273
994,BWA-std,3,0.18181818181818182
994,NW-flex,3,1.0
994,BWA-no-clip,4,0.9090909090909091
994,BWA-std,4,0.36363636363636365
994,NW-flex,4,1.0
994,BWA-no-clip,5,0.9090909090909091
994,BWA-std,5,0.36363636363636365
994,NW-flex,5,1.0
994,BWA-no-clip,6,1.0
994,BWA-std,6,0.45454545454545453
994,NW-flex,6,1.0
994,BWA-no-clip,7,1.0
994,BWA-std,7,0.45454545454545453
994,NW-flex,7,1.0
994,BWA-no-clip,8,1.0
994,BWA-std,8,0.6363636363636364
994,NW-flex,8,1.0
994,BWA-no-clip,9,1.0
994,BWA-std,9,0.6363636363636364
994,NW-flex,9,1.0
994,BWA-no-clip,10,1.0
994,BWA-std,10,0.8181818181818182
994,NW-flex,10,1.0
995,BWA-no-clip,1,0.5454545454545454
995,BWA-std,1,0.09090909090909091
995,NW-flex,1,1.0
995,BWA-no-clip,2,0.7272727272727273
995,BWA-std,2,0.18181818181818182
995,NW-flex,2,1.0
995,BWA-no-clip,3,0.9090909090909091
995,BWA-std,3,0.18181818181818182
995,NW-flex,3,1.0
995,BWA-no-clip,4,1.0
995,BWA-std,4,0.36363636363636365
995,NW-flex,4,1.0
995,BWA-no-clip,5,0.9090909090909091
995,BWA-std,5,0.36363636363636365
995,NW-flex,5,1.0
995,BWA-no-clip,6,1.0
995,BWA-std,6,0.45454545454545453
995,NW-flex,6,1.0
995,BWA-no-clip,7,1.0
995,BWA-std,7,0.45454545454545453
995,NW-flex,7,1.0
995,BWA-no-clip,8,1.0
995,BWA-std,8,0.6363636363636364
995,NW-flex,8,1.0
995,BWA-no-clip,9,1.0
995,BWA-std,9,0.6363636363636364
995,NW-flex,9,1.0
995,BWA-no-clip,10,1.0
995,BWA-std,10,0.8181818181818182
995,NW-flex,10,1.0
996,BWA-no-clip,1,0.5454545454545454
996,BWA-std,1,0.09090909090909091
996,NW-flex,1,1.0
996,BWA-no-clip,2,0.7272727272727273
996,BWA-std,2,0.18181818181818182
996,NW-flex,2,1.0
996,BWA-no-clip,3,0.9090909090909091
996,BWA-std,3,0.18181818181818182
996,NW-flex,3,1.0
996,BWA-no-clip,4,1.0
996,BWA-std,4,0.36363636363636365
996,NW-flex,4,1.0
996,BWA-no-clip,5,1.0
996,BWA-std,5,0.36363636363636365
996,NW-flex,5,1.0
996,BWA-no-clip,6,1.0
996,BWA-std,6,0.45454545454545453
996,NW-flex,6,1.0
996,BWA-no-clip,7,1.0
996,BWA-std,7,0.45454545454545453
996,NW-flex,7,1.0
996,BWA-no-clip,8,1.0
996,BWA-std,8,0.6363636363636364
996,NW-flex,8,1.0
996,BWA-no-clip,9,1.0
996,BWA-std,9,0.6363636363636364
996,NW-flex,9,1.0
996,BWA-no-clip,10,1.0
996,BWA-std,10,0.8181818181818182
996,NW-flex,10,1.0
997,BWA-no-clip,1,0.5454545454545454
997,BWA-std,1,0.09090909090909091
997,NW-flex,1,1.0
997,BWA-no-clip,2,0.6363636363636364
997,BWA-std,2,0.18181818181818182
997,NW-flex,2,1.0
997,BWA-no-clip,3,0.7272727272727273
997,BWA-std,3,0.18181818181818182
997,NW-flex,3,1.0
997,BWA-no-clip,4,0.8181818181818182
997,BWA-std,4,0.36363636363636365
997,NW-flex,4,1.0
997,BWA-no-clip,5,0.9090909090909091
997,BWA-std,5,0.36363636363636365
997,NW-flex,5,1.0
997,BWA-no-clip,6,1.0
997,BWA-std,6,0.45454545454545453
997,NW-flex,6,1.0
997,BWA-no-clip,7,1.0
997,BWA-std,7,0.45454545454545453
997,NW-flex,7,1.0
997,BWA-no-clip,8,1.0
997,BWA-std,8,0.6363636363636364
997,NW-flex,8,1.0
997,BWA-no-clip,9,1.0
997,BWA-std,9,0.6363636363636364
997,NW-flex,9,1.0
997,BWA-no-clip,10,1.0
997,BWA-std,10,0.8181818181818182
997,NW-flex,10,1.0
998,BWA-no-clip,1,0.5454545454545454
998,BWA-std,1,0.09090909090909091
998,NW-flex,1,1.0
998,BWA-no-clip,2,0.7272727272727273
998,BWA-std,2,0.18181818181818182
998,NW-flex,2,1.0
998,BWA-no-clip,3,0.9090909090909091
998,BWA-std,3,0.18181818181818182
998,NW-flex,3,1.0
998,BWA-no-clip,4,0.9090909090909091
998,BWA-std,4,0.36363636363636365
998,NW-flex,4,1.0
998,BWA-no-clip,5,0.9090909090909091
998,BWA-std,5,0.36363636363636365
998,NW-flex,5,1.0
998,BWA-no-clip,6,1.0
998,BWA-std,6,0.45454545454545453
998,NW-flex,6,1.0
998,BWA-no-clip,7,1.0
998,BWA-std,7,0.45454545454545453
998,NW-flex,7,1.0
998,BWA-no-clip,8,1.0
998,BWA-std,8,0.6363636363636364
998,NW-flex,8,1.0
998,BWA-no-clip,9,1.0
998,BWA-std,9,0.6363636363636364
998,NW-flex,9,1.0
998,BWA-no-clip,10,1.0
998,BWA-std,10,0.8181818181818182
998,NW-flex,10,1.0
999,BWA-no-clip,1,0.5454545454545454
999,BWA-std,1,0.09090909090909091
999,NW-flex,1,1.0
999,BWA-no-clip,2,0.6363636363636364
999,BWA-std,2,0.18181818181818182
999,NW-flex,2,1.0
999,BWA-no-clip,3,0.7272727272727273
999,BWA-std,3,0.18181818181818182
999,NW-flex,3,1.0
999,BWA-no-clip,4,0.9090909090909091
999,BWA-std,4,0.36363636363636365
999,NW-flex,4,1.0
999,BWA-no-clip,5,1.0
999,BWA-std,5,0.36363636363636365
999,NW-flex,5,1.0
999,BWA-no-clip,6,1.0
999,BWA-std,6,0.45454545454545453
999,NW-flex,6,1.0
999,BWA-no-clip,7,1.0
999,BWA-std,7,0.45454545454545453
999,NW-flex,7,1.0
999,BWA-no-clip,8,1.0
999,BWA-std,8,0.6363636363636364
999,NW-flex,8,1.0
999,BWA-no-clip,9,1.0
999,BWA-std,9,0.6363636363636364
999,NW-flex,9,1.0
999,BWA-no-clip,10,1.0
999,BWA-std,10,0.8181818181818182
999,NW-flex,10,1.0
1000,BWA-no-clip,1,0.5454545454545454
1000,BWA-std,1,0.09090909090909091
1000,NW-flex,1,1.0
1000,BWA-no-clip,2,0.6363636363636364
1000,BWA-std,2,0.18181818181818182
1000,NW-flex,2,1.0
1000,BWA-no-clip,3,0.7272727272727273
1000,BWA-std,3,0.18181818181818182
1000,NW-flex,3,1.0
1000,BWA-no-clip,4,0.8181818181818182
1000,BWA-std,4,0.36363636363636365
1000,NW-flex,4,1.0
1000,BWA-no-clip,5,0.9090909090909091
1000,BWA-std,5,0.36363636363636365
1000,NW-flex,5,1.0
1000,BWA-no-clip,6,0.9090909090909091
1000,BWA-std,6,0.45454545454545453
1000,NW-flex,6,1.0
1000,BWA-no-clip,7,1.0
1000,BWA-std,7,0.45454545454545453
1000,NW-flex,7,1.0
1000,BWA-no-clip,8,1.0
1000,BWA-std,8,0.6363636363636364
1000,NW-flex,8,1.0
1000,BWA-no-clip,9,1.0
1000,BWA-std,9,0.6363636363636364
1000,NW-flex,9,1.0
1000,BWA-no-clip,10,1.0
1000,BWA-std,10,0.8181818181818182
1000,NW-flex,10,1.0
1001,BWA-no-clip,1,0.5454545454545454
1001,BWA-std,1,0.09090909090909091
1001,NW-flex,1,1.0
1001,BWA-no-clip,2,0.6363636363636364
1001,BWA-std,2,0.18181818181818182
1001,NW-flex,2,1.0
1001,BWA-no-clip,3,0.8181818181818182
1001,BWA-std,3,0.18181818181818182
1001,NW-flex,3,1.0
1001,BWA-no-clip,4,0.8181818181818182
1001,BWA-std,4,0.36363636363636365
1001,NW-flex,4,1.0
1001,BWA-no-clip,5,0.8181818181818182
1001,BWA-std,5,0.36363636363636365
1001,NW-flex,5,1.0
1001,BWA-no-clip,6,1.0
1001,BWA-std,6,0.45454545454545453
1001,NW-flex,6,1.0
1001,BWA-no-clip,7,1.0
1001,BWA-std,7,0.45454545454545453
1001,NW-flex,7,1.0
1001,BWA-no-clip,8,1.0
1001,BWA-std,8,0.6363636363636364
1001,NW-flex,8,1.0
1001,BWA-no-clip,9,1.0
1001,BWA-std,9,0.6363636363636364
1001,NW-flex,9,1.0
1001,BWA-no-clip,10,1.0
1001,BWA-std,10,0.8181818181818182
1001,NW-flex,10,1.0
1002,BWA-no-clip,1,0.5454545454545454
1002,BWA-std,1,0.09090909090909091
1002,NW-flex,1,1.0
1002,BWA-no-clip,2,0.7272727272727273
1002,BWA-std,2,0.18181818181818182
1002,NW-flex,2,1.0
1002,BWA-no-clip,3,0.9090909090909091
1002,BWA-std,3,0.18181818181818182
1002,NW-flex,3,1.0
1002,BWA-no-clip,4,1.0
1002,BWA-std,4,0.36363636363636365
1002,NW-flex,4,1.0
1002,BWA-no-clip,5,1.0
1002,BWA-std,5,0.36363636363636365
1002,NW-flex,5,1.0
1002,BWA-no-clip,6,1.0
1002,BWA-std,6,0.45454545454545453
1002,NW-flex,6,1.0
1002,BWA-no-clip,7,1.0
1002,BWA-std,7,0.45454545454545453
1002,NW-flex,7,1.0
1002,BWA-no-clip,8,1.0
1002,BWA-std,8,0.6363636363636364
1002,NW-flex,8,1.0
1002,BWA-no-clip,9,1.0
1002,BWA-std,9,0.6363636363636364
1002,NW-flex,9,1.0
1002,BWA-no-clip,10,1.0
1002,BWA-std,10,0.8181818181818182
1002,NW-flex,10,1.0
1003,BWA-no-clip,1,0.18181818181818182
1003,BWA-std,1,0.09090909090909091
1003,NW-flex,1,1.0
1003,BWA-no-clip,2,0.7272727272727273
1003,BWA-std,2,0.18181818181818182
1003,NW-flex,2,1.0
1003,BWA-no-clip,3,0.8181818181818182
1003,BWA-std,3,0.18181818181818182
1003,NW-flex,3,1.0
1003,BWA-no-clip,4,0.9090909090909091
1003,BWA-std,4,0.36363636363636365
1003,NW-flex,4,1.0
1003,BWA-no-clip,5,1.0
1003,BWA-std,5,0.36363636363636365
1003,NW-flex,5,1.0
1003,BWA-no-clip,6,1.0
1003,BWA-std,6,0.45454545454545453
1003,NW-flex,6,1.0
1003,BWA-no-clip,7,1.0
1003,BWA-std,7,0.45454545454545453
1003,NW-flex,7,1.0
1003,BWA-no-clip,8,1.0
1003,BWA-std,8,0.6363636363636364
1003,NW-flex,8,1.0
1003,BWA-no-clip,9,1.0
1003,BWA-std,9,0.6363636363636364
1003,NW-flex,9,1.0
1003,BWA-no-clip,10,1.0
1003,BWA-std,10,0.8181818181818182
1003,NW-flex,10,1.0
1004,BWA-no-clip,1,0.5454545454545454
1004,BWA-std,1,0.09090909090909091
1004,NW-flex,1,1.0
1004,BWA-no-clip,2,0.7272727272727273
1004,BWA-std,2,0.18181818181818182
1004,NW-flex,2,1.0
1004,BWA-no-clip,3,0.9090909090909091
1004,BWA-std,3,0.18181818181818182
1004,NW-flex,3,1.0
1004,BWA-no-clip,4,0.8181818181818182
1004,BWA-std,4,0.36363636363636365
1004,NW-flex,4,1.0
1004,BWA-no-clip,5,1.0
1004,BWA-std,5,0.36363636363636365
1004,NW-flex,5,1.0
1004,BWA-no-clip,6,1.0
1004,BWA-std,6,0.45454545454545453
1004,NW-flex,6,1.0
1004,BWA-no-clip,7,1.0
1004,BWA-std,7,0.45454545454545453
1004,NW-flex,7,1.0
1004,BWA-no-clip,8,1.0
1004,BWA-std,8,0.6363636363636364
1004,NW-flex,8,1.0
1004,BWA-no-clip,9,1.0
1004,BWA-std,9,0.6363636363636364
1004,NW-flex,9,1.0
1004,BWA-no-clip,10,1.0
1004,BWA-std,10,0.8181818181818182
1004,NW-flex,10,1.0
1005,BWA-no-clip,1,0.5454545454545454
1005,BWA-std,1,0.09090909090909091
1005,NW-flex,1,1.0
1005,BWA-no-clip,2,0.7272727272727273
1005,BWA-std,2,0.18181818181818182
1005,NW-flex,2,1.0
1005,BWA-no-clip,3,0.9090909090909091
1005,BWA-std,3,0.18181818181818182
1005,NW-flex,3,1.0
1005,BWA-no-clip,4,0.9090909090909091
1005,BWA-std,4,0.36363636363636365
1005,NW-flex,4,1.0
1005,BWA-no-clip,5,0.9090909090909091
1005,BWA-std,5,0.36363636363636365
1005,NW-flex,5,1.0
1005,BWA-no-clip,6,1.0
1005,BWA-std,6,0.45454545454545453
1005,NW-flex,6,1.0
1005,BWA-no-clip,7,1.0
1005,BWA-std,7,0.45454545454545453
1005,NW-flex,7,1.0
1005,BWA-no-clip,8,1.0
1005,BWA-std,8,0.6363636363636364
1005,NW-flex,8,1.0
1005,BWA-no-clip,9,1.0
1005,BWA-std,9,0.6363636363636364
1005,NW-flex,9,1.0
1005,BWA-no-clip,10,1.0
1005,BWA-std,10,0.8181818181818182
1005,NW-flex,10,1.0
1006,BWA-no-clip,1,0.5454545454545454
1006,BWA-std,1,0.09090909090909091
1006,NW-flex,1,1.0
1006,BWA-no-clip,2,0.7272727272727273
1006,BWA-std,2,0.18181818181818182
1006,NW-flex,2,1.0
1006,BWA-no-clip,3,0.7272727272727273
1006,BWA-std,3,0.18181818181818182
1006,NW-flex,3,1.0
1006,BWA-no-clip,4,0.9090909090909091
1006,BWA-std,4,0.36363636363636365
1006,NW-flex,4,1.0
1006,BWA-no-clip,5,1.0
1006,BWA-std,5,0.36363636363636365
1006,NW-flex,5,1.0
1006,BWA-no-clip,6,1.0
1006,BWA-std,6,0.45454545454545453
1006,NW-flex,6,1.0
1006,BWA-no-clip,7,1.0
1006,BWA-std,7,0.45454545454545453
1006,NW-flex,7,1.0
1006,BWA-no-clip,8,1.0
1006,BWA-std,8,0.6363636363636364
1006,NW-flex,8,1.0
1006,BWA-no-clip,9,1.0
1006,BWA-std,9,0.6363636363636364
1006,NW-flex,9,1.0
1006,BWA-no-clip,10,1.0
1006,BWA-std,10,0.8181818181818182
1006,NW-flex,10,1.0
1007,BWA-no-clip,1,0.5454545454545454
1007,BWA-std,1,0.09090909090909091
1007,NW-flex,1,1.0
1007,BWA-no-clip,2,0.6363636363636364
1007,BWA-std,2,0.18181818181818182
1007,NW-flex,2,1.0
1007,BWA-no-clip,3,0.7272727272727273
1007,BWA-std,3,0.18181818181818182
1007,NW-flex,3,1.0
1007,BWA-no-clip,4,0.7272727272727273
1007,BWA-std,4,0.36363636363636365
1007,NW-flex,4,1.0
1007,BWA-no-clip,5,0.9090909090909091
1007,BWA-std,5,0.36363636363636365
1007,NW-flex,5,1.0
1007,BWA-no-clip,6,1.0
1007,BWA-std,6,0.45454545454545453
1007,NW-flex,6,1.0
1007,BWA-no-clip,7,1.0
1007,BWA-std,7,0.45454545454545453
1007,NW-flex,7,1.0
1007,BWA-no-clip,8,1.0
1007,BWA-std,8,0.6363636363636364
1007,NW-flex,8,1.0
1007,BWA-no-clip,9,1.0
1007,BWA-std,9,0.6363636363636364
1007,NW-flex,9,1.0
1007,BWA-no-clip,10,1.0
1007,BWA-std,10,0.8181818181818182
1007,NW-flex,10,1.0
1008,BWA-no-clip,1,0.5454545454545454
1008,BWA-std,1,0.09090909090909091
1008,NW-flex,1,1.0
1008,BWA-no-clip,2,0.7272727272727273
1008,BWA-std,2,0.18181818181818182
1008,NW-flex,2,1.0
1008,BWA-no-clip,3,0.9090909090909091
1008,BWA-std,3,0.18181818181818182
1008,NW-flex,3,1.0
1008,BWA-no-clip,4,0.8181818181818182
1008,BWA-std,4,0.36363636363636365
1008,NW-flex,4,1.0
1008,BWA-no-clip,5,1.0
1008,BWA-std,5,0.36363636363636365
1008,NW-flex,5,1.0
1008,BWA-no-clip,6,1.0
1008,BWA-std,6,0.45454545454545453
1008,NW-flex,6,1.0
1008,BWA-no-clip,7,1.0
1008,BWA-std,7,0.45454545454545453
1008,NW-flex,7,1.0
1008,BWA-no-clip,8,1.0
1008,BWA-std,8,0.6363636363636364
1008,NW-flex,8,1.0
1008,BWA-no-clip,9,1.0
1008,BWA-std,9,0.6363636363636364
1008,NW-flex,9,1.0
1008,BWA-no-clip,10,1.0
1008,BWA-std,10,0.8181818181818182
1008,NW-flex,10,1.0
1009,BWA-no-clip,1,0.18181818181818182
1009,BWA-std,1,0.09090909090909091
1009,NW-flex,1,1.0
1009,BWA-no-clip,2,0.36363636363636365
1009,BWA-std,2,0.18181818181818182
1009,NW-flex,2,1.0
1009,BWA-no-clip,3,0.8181818181818182
1009,BWA-std,3,0.18181818181818182
1009,NW-flex,3,1.0
1009,BWA-no-clip,4,0.9090909090909091
1009,BWA-std,4,0.36363636363636365
1009,NW-flex,4,1.0
1009,BWA-no-clip,5,1.0
1009,BWA-std,5,0.36363636363636365
1009,NW-flex,5,1.0
1009,BWA-no-clip,6,1.0
1009,BWA-std,6,0.45454545454545453
1009,NW-flex,6,1.0
1009,BWA-no-clip,7,1.0
1009,BWA-std,7,0.45454545454545453
1009,NW-flex,7,1.0
1009,BWA-no-clip,8,1.0
1009,BWA-std,8,0.6363636363636364
1009,NW-flex,8,1.0
1009,BWA-no-clip,9,1.0
1009,BWA-std,9,0.6363636363636364
1009,NW-flex,9,1.0
1009,BWA-no-clip,10,1.0
1009,BWA-std,10,0.8181818181818182
1009,NW-flex,10,1.0
1010,BWA-no-clip,1,0.5454545454545454
1010,BWA-std,1,0.09090909090909091
1010,NW-flex,1,1.0
1010,BWA-no-clip,2,0.7272727272727273
1010,BWA-std,2,0.18181818181818182
1010,NW-flex,2,1.0
1010,BWA-no-clip,3,0.9090909090909091
1010,BWA-std,3,0.18181818181818182
1010,NW-flex,3,1.0
1010,BWA-no-clip,4,1.0
1010,BWA-std,4,0.36363636363636365
1010,NW-flex,4,1.0
1010,BWA-no-clip,5,1.0
1010,BWA-std,5,0.36363636363636365
1010,NW-flex,5,1.0
1010,BWA-no-clip,6,1.0
1010,BWA-std,6,0.45454545454545453
1010,NW-flex,6,1.0
1010,BWA-no-clip,7,1.0
1010,BWA-std,7,0.45454545454545453
1010,NW-flex,7,1.0
1010,BWA-no-clip,8,1.0
1010,BWA-std,8,0.6363636363636364
1010,NW-flex,8,1.0
1010,BWA-no-clip,9,1.0
1010,BWA-std,9,0.6363636363636364
1010,NW-flex,9,1.0
1010,BWA-no-clip,10,1.0
1010,BWA-std,10,0.8181818181818182
1010,NW-flex,10,1.0
1011,BWA-no-clip,1,0.5454545454545454
1011,BWA-std,1,0.09090909090909091
1011,NW-flex,1,1.0
1011,BWA-no-clip,2,0.7272727272727273
1011,BWA-std,2,0.18181818181818182
1011,NW-flex,2,1.0
1011,BWA-no-clip,3,0.8181818181818182
1011,BWA-std,3,0.18181818181818182
1011,NW-flex,3,1.0
1011,BWA-no-clip,4,1.0
1011,BWA-std,4,0.36363636363636365
1011,NW-flex,4,1.0
1011,BWA-no-clip,5,0.9090909090909091
1011,BWA-std,5,0.36363636363636365
1011,NW-flex,5,1.0
1011,BWA-no-clip,6,1.0
1011,BWA-std,6,0.45454545454545453
1011,NW-flex,6,1.0
1011,BWA-no-clip,7,1.0
1011,BWA-std,7,0.45454545454545453
1011,NW-flex,7,1.0
1011,BWA-no-clip,8,1.0
1011,BWA-std,8,0.6363636363636364
1011,NW-flex,8,1.0
1011,BWA-no-clip,9,1.0
1011,BWA-std,9,0.6363636363636364
1011,NW-flex,9,1.0
1011,BWA-no-clip,10,1.0
1011,BWA-std,10,0.8181818181818182
1011,NW-flex,10,1.0
1012,BWA-no-clip,1,0.5454545454545454
1012,BWA-std,1,0.09090909090909091
1012,NW-flex,1,1.0
1012,BWA-no-clip,2,0.7272727272727273
1012,BWA-std,2,0.18181818181818182
1012,NW-flex,2,1.0
1012,BWA-no-clip,3,0.8181818181818182
1012,BWA-std,3,0.18181818181818182
1012,NW-flex,3,1.0
1012,BWA-no-clip,4,1.0
1012,BWA-std,4,0.36363636363636365
1012,NW-flex,4,1.0
1012,BWA-no-clip,5,1.0
1012,BWA-std,5,0.36363636363636365
1012,NW-flex,5,1.0
1012,BWA-no-clip,6,1.0
1012,BWA-std,6,0.45454545454545453
1012,NW-flex,6,1.0
1012,BWA-no-clip,7,1.0
1012,BWA-std,7,0.45454545454545453
1012,NW-flex,7,1.0
1012,BWA-no-clip,8,1.0
1012,BWA-std,8,0.6363636363636364
1012,NW-flex,8,1.0
1012,BWA-no-clip,9,1.0
1012,BWA-std,9,0.6363636363636364
1012,NW-flex,9,1.0
1012,BWA-no-clip,10,1.0
1012,BWA-std,10,0.8181818181818182
1012,NW-flex,10,1.0
1013,BWA-no-clip,1,0.5454545454545454
1013,BWA-std,1,0.09090909090909091
1013,NW-flex,1,1.0
1013,BWA-no-clip,2,0.7272727272727273
1013,BWA-std,2,0.18181818181818182
1013,NW-flex,2,1.0
1013,BWA-no-clip,3,0.8181818181818182
1013,BWA-std,3,0.18181818181818182
1013,NW-flex,3,1.0
1013,BWA-no-clip,4,1.0
1013,BWA-std,4,0.36363636363636365
1013,NW-flex,4,1.0
1013,BWA-no-clip,5,1.0
1013,BWA-std,5,0.36363636363636365
1013,NW-flex,5,1.0
1013,BWA-no-clip,6,1.0
1013,BWA-std,6,0.45454545454545453
1013,NW-flex,6,1.0
1013,BWA-no-clip,7,1.0
1013,BWA-std,7,0.45454545454545453
1013,NW-flex,7,1.0
1013,BWA-no-clip,8,1.0
1013,BWA-std,8,0.6363636363636364
1013,NW-flex,8,1.0
1013,BWA-no-clip,9,1.0
1013,BWA-std,9,0.6363636363636364
1013,NW-flex,9,1.0
1013,BWA-no-clip,10,1.0
1013,BWA-std,10,0.8181818181818182
1013,NW-flex,10,1.0
1014,BWA-no-clip,1,0.5454545454545454
1014,BWA-std,1,0.09090909090909091
1014,NW-flex,1,1.0
1014,BWA-no-clip,2,0.7272727272727273
1014,BWA-std,2,0.18181818181818182
1014,NW-flex,2,1.0
1014,BWA-no-clip,3,0.7272727272727273
1014,BWA-std,3,0.18181818181818182
1014,NW-flex,3,1.0
1014,BWA-no-clip,4,0.9090909090909091
1014,BWA-std,4,0.36363636363636365
1014,NW-flex,4,1.0
1014,BWA-no-clip,5,1.0
1014,BWA-std,5,0.36363636363636365
1014,NW-flex,5,1.0
1014,BWA-no-clip,6,1.0
1014,BWA-std,6,0.45454545454545453
1014,NW-flex,6,1.0
1014,BWA-no-clip,7,1.0
1014,BWA-std,7,0.45454545454545453
1014,NW-flex,7,1.0
1014,BWA-no-clip,8,1.0
1014,BWA-std,8,0.6363636363636364
1014,NW-flex,8,1.0
1014,BWA-no-clip,9,1.0
1014,BWA-std,9,0.6363636363636364
1014,NW-flex,9,1.0
1014,BWA-no-clip,10,1.0
1014,BWA-std,10,0.8181818181818182
1014,NW-flex,10,1.0
1015,BWA-no-clip,1,0.5454545454545454
1015,BWA-std,1,0.09090909090909091
1015,NW-flex,1,1.0
1015,BWA-no-clip,2,0.5454545454545454
1015,BWA-std,2,0.09090909090909091
1015,NW-flex,2,1.0
1015,BWA-no-clip,3,0.6363636363636364
1015,BWA-std,3,0.09090909090909091
1015,NW-flex,3,1.0
1015,BWA-no-clip,4,0.7272727272727273
1015,BWA-std,4,0.36363636363636365
1015,NW-flex,4,1.0
1015,BWA-no-clip,5,0.8181818181818182
1015,BWA-std,5,0.36363636363636365
1015,NW-flex,5,1.0
1015,BWA-no-clip,6,0.9090909090909091
1015,BWA-std,6,0.45454545454545453
1015,NW-flex,6,1.0
1015,BWA-no-clip,7,0.9090909090909091
1015,BWA-std,7,0.45454545454545453
1015,NW-flex,7,1.0
1015,BWA-no-clip,8,1.0
1015,BWA-std,8,0.6363636363636364
1015,NW-flex,8,1.0
1015,BWA-no-clip,9,1.0
1015,BWA-std,9,0.6363636363636364
1015,NW-flex,9,1.0
1015,BWA-no-clip,10,1.0
1015,BWA-std,10,0.8181818181818182
1015,NW-flex,10,1.0
1016,BWA-no-clip,1,0.09090909090909091
1016,BWA-std,1,0.09090909090909091
1016,NW-flex,1,1.0
1016,BWA-no-clip,2,0.09090909090909091
1016,BWA-std,2,0.09090909090909091
1016,NW-flex,2,1.0
1016,BWA-no-clip,3,0.5757575757575758
1016,BWA-std,3,0.18181818181818182
1016,NW-flex,3,1.0
1016,BWA-no-clip,4,0.8181818181818182
1016,BWA-std,4,0.36363636363636365
1016,NW-flex,4,1.0
1016,BWA-no-clip,5,1.0
1016,BWA-std,5,0.36363636363636365
1016,NW-flex,5,1.0
1016,BWA-no-clip,6,1.0
1016,BWA-std,6,0.45454545454545453
1016,NW-flex,6,1.0
1016,BWA-no-clip,7,1.0
1016,BWA-std,7,0.45454545454545453
1016,NW-flex,7,1.0
1016,BWA-no-clip,8,1.0
1016,BWA-std,8,0.6363636363636364
1016,NW-flex,8,1.0
1016,BWA-no-clip,9,1.0
1016,BWA-std,9,0.6363636363636364
1016,NW-flex,9,1.0
1016,BWA-no-clip,10,1.0
1016,BWA-std,10,0.8181818181818182
1016,NW-flex,10,1.0
1017,BWA-no-clip,1,0.5454545454545454
1017,BWA-std,1,0.09090909090909091
1017,NW-flex,1,1.0
1017,BWA-no-clip,2,0.7272727272727273
1017,BWA-std,2,0.18181818181818182
1017,NW-flex,2,1.0
1017,BWA-no-clip,3,0.9090909090909091
1017,BWA-std,3,0.18181818181818182
1017,NW-flex,3,1.0
1017,BWA-no-clip,4,0.9090909090909091
1017,BWA-std,4,0.36363636363636365
1017,NW-flex,4,1.0
1017,BWA-no-clip,5,1.0
1017,BWA-std,5,0.36363636363636365
1017,NW-flex,5,1.0
1017,BWA-no-clip,6,1.0
1017,BWA-std,6,0.45454545454545453
1017,NW-flex,6,1.0
1017,BWA-no-clip,7,1.0
1017,BWA-std,7,0.45454545454545453
1017,NW-flex,7,1.0
1017,BWA-no-clip,8,1.0
1017,BWA-std,8,0.6363636363636364
1017,NW-flex,8,1.0
1017,BWA-no-clip,9,1.0
1017,BWA-std,9,0.6363636363636364
1017,NW-flex,9,1.0
1017,BWA-no-clip,10,1.0
1017,BWA-std,10,0.8181818181818182
1017,NW-flex,10,1.0
1018,BWA-no-clip,1,0.5454545454545454
1018,BWA-std,1,0.09090909090909091
1018,NW-flex,1,1.0
1018,BWA-no-clip,2,0.7272727272727273
1018,BWA-std,2,0.18181818181818182
1018,NW-flex,2,1.0
1018,BWA-no-clip,3,0.8181818181818182
1018,BWA-std,3,0.18181818181818182
1018,NW-flex,3,1.0
1018,BWA-no-clip,4,1.0
1018,BWA-std,4,0.36363636363636365
1018,NW-flex,4,1.0
1018,BWA-no-clip,5,1.0
1018,BWA-std,5,0.36363636363636365
1018,NW-flex,5,1.0
1018,BWA-no-clip,6,1.0
1018,BWA-std,6,0.45454545454545453
1018,NW-flex,6,1.0
1018,BWA-no-clip,7,1.0
1018,BWA-std,7,0.45454545454545453
1018,NW-flex,7,1.0
1018,BWA-no-clip,8,1.0
1018,BWA-std,8,0.6363636363636364
1018,NW-flex,8,1.0
1018,BWA-no-clip,9,1.0
1018,BWA-std,9,0.6363636363636364
1018,NW-flex,9,1.0
1018,BWA-no-clip,10,1.0
1018,BWA-std,10,0.8181818181818182
1018,NW-flex,10,1.0
1019,BWA-no-clip,1,0.5454545454545454
1019,BWA-std,1,0.09090909090909091
1019,NW-flex,1,1.0
1019,BWA-no-clip,2,0.7272727272727273
1019,BWA-std,2,0.18181818181818182
1019,NW-flex,2,1.0
1019,BWA-no-clip,3,0.9090909090909091
1019,BWA-std,3,0.18181818181818182
1019,NW-flex,3,1.0
1019,BWA-no-clip,4,0.8181818181818182
1019,BWA-std,4,0.36363636363636365
1019,NW-flex,4,1.0
1019,BWA-no-clip,5,1.0
1019,BWA-std,5,0.36363636363636365
1019,NW-flex,5,1.0
1019,BWA-no-clip,6,1.0
1019,BWA-std,6,0.45454545454545453
1019,NW-flex,6,1.0
1019,BWA-no-clip,7,1.0
1019,BWA-std,7,0.45454545454545453
1019,NW-flex,7,1.0
1019,BWA-no-clip,8,1.0
1019,BWA-std,8,0.6363636363636364
1019,NW-flex,8,1.0
1019,BWA-no-clip,9,1.0
1019,BWA-std,9,0.6363636363636364
1019,NW-flex,9,1.0
1019,BWA-no-clip,10,1.0
1019,BWA-std,10,0.8181818181818182
1019,NW-flex,10,1.0
1020,BWA-no-clip,1,0.5454545454545454
1020,BWA-std,1,0.09090909090909091
1020,NW-flex,1,1.0
1020,BWA-no-clip,2,0.7272727272727273
1020,BWA-std,2,0.18181818181818182
1020,NW-flex,2,1.0
1020,BWA-no-clip,3,0.9090909090909091
1020,BWA-std,3,0.18181818181818182
1020,NW-flex,3,1.0
1020,BWA-no-clip,4,0.9090909090909091
1020,BWA-std,4,0.36363636363636365
1020,NW-flex,4,1.0
1020,BWA-no-clip,5,1.0
1020,BWA-std,5,0.36363636363636365
1020,NW-flex,5,1.0
1020,BWA-no-clip,6,1.0
1020,BWA-std,6,0.45454545454545453
1020,NW-flex,6,1.0
1020,BWA-no-clip,7,1.0
1020,BWA-std,7,0.45454545454545453
1020,NW-flex,7,1.0
1020,BWA-no-clip,8,1.0
1020,BWA-std,8,0.6363636363636364
1020,NW-flex,8,1.0
1020,BWA-no-clip,9,1.0
1020,BWA-std,9,0.6363636363636364
1020,NW-flex,9,1.0
1020,BWA-no-clip,10,1.0
1020,BWA-std,10,0.8181818181818182
1020,NW-flex,10,1.0
1021,BWA-no-clip,1,0.5454545454545454
1021,BWA-std,1,0.09090909090909091
1021,NW-flex,1,1.0
1021,BWA-no-clip,2,0.6363636363636364
1021,BWA-std,2,0.18181818181818182
1021,NW-flex,2,1.0
1021,BWA-no-clip,3,0.7272727272727273
1021,BWA-std,3,0.18181818181818182
1021,NW-flex,3,1.0
1021,BWA-no-clip,4,0.9090909090909091
1021,BWA-std,4,0.36363636363636365
1021,NW-flex,4,1.0
1021,BWA-no-clip,5,1.0
1021,BWA-std,5,0.36363636363636365
1021,NW-flex,5,1.0
1021,BWA-no-clip,6,1.0
1021,BWA-std,6,0.45454545454545453
1021,NW-flex,6,1.0
1021,BWA-no-clip,7,1.0
1021,BWA-std,7,0.45454545454545453
1021,NW-flex,7,1.0
1021,BWA-no-clip,8,1.0
1021,BWA-std,8,0.6363636363636364
1021,NW-flex,8,1.0
1021,BWA-no-clip,9,1.0
1021,BWA-std,9,0.6363636363636364
1021,NW-flex,9,1.0
1021,BWA-no-clip,10,1.0
1021,BWA-std,10,0.8181818181818182
1021,NW-flex,10,1.0
1022,BWA-no-clip,1,0.18181818181818182
1022,BWA-std,1,0.09090909090909091
1022,NW-flex,1,1.0
1022,BWA-no-clip,2,0.6363636363636364
1022,BWA-std,2,0.18181818181818182
1022,NW-flex,2,1.0
1022,BWA-no-clip,3,0.8181818181818182
1022,BWA-std,3,0.18181818181818182
1022,NW-flex,3,1.0
1022,BWA-no-clip,4,0.9090909090909091
1022,BWA-std,4,0.36363636363636365
1022,NW-flex,4,1.0
1022,BWA-no-clip,5,1.0
1022,BWA-std,5,0.36363636363636365
1022,NW-flex,5,1.0
1022,BWA-no-clip,6,1.0
1022,BWA-std,6,0.45454545454545453
1022,NW-flex,6,1.0
1022,BWA-no-clip,7,1.0
1022,BWA-std,7,0.45454545454545453
1022,NW-flex,7,1.0
1022,BWA-no-clip,8,1.0
1022,BWA-std,8,0.6363636363636364
1022,NW-flex,8,1.0
1022,BWA-no-clip,9,1.0
1022,BWA-std,9,0.6363636363636364
1022,NW-flex,9,1.0
1022,BWA-no-clip,10,1.0
1022,BWA-std,10,0.8181818181818182
1022,NW-flex,10,1.0
1023,BWA-no-clip,1,0.18181818181818182
1023,BWA-std,1,0.09090909090909091
1023,NW-flex,1,1.0
1023,BWA-no-clip,2,0.7272727272727273
1023,BWA-std,2,0.18181818181818182
1023,NW-flex,2,1.0
1023,BWA-no-clip,3,0.8181818181818182
1023,BWA-std,3,0.18181818181818182
1023,NW-flex,3,1.0
1023,BWA-no-clip,4,0.9090909090909091
1023,BWA-std,4,0.36363636363636365
1023,NW-flex,4,1.0
1023,BWA-no-clip,5,1.0
1023,BWA-std,5,0.36363636363636365
1023,NW-flex,5,1.0
1023,BWA-no-clip,6,1.0
1023,BWA-std,6,0.45454545454545453
1023,NW-flex,6,1.0
1023,BWA-no-clip,7,1.0
1023,BWA-std,7,0.45454545454545453
1023,NW-flex,7,1.0
1023,BWA-no-clip,8,1.0
1023,BWA-std,8,0.6363636363636364
1023,NW-flex,8,1.0
1023,BWA-no-clip,9,1.0
1023,BWA-std,9,0.6363636363636364
1023,NW-flex,9,1.0
1023,BWA-no-clip,10,1.0
1023,BWA-std,10,0.8181818181818182
1023,NW-flex,10,1.0
1024,BWA-no-clip,1,0.45454545454545453
1024,BWA-std,1,0.09090909090909091
1024,NW-flex,1,1.0
1024,BWA-no-clip,2,0.6363636363636364
1024,BWA-std,2,0.18181818181818182
1024,NW-flex,2,1.0
1024,BWA-no-clip,3,0.7272727272727273
1024,BWA-std,3,0.18181818181818182
1024,NW-flex,3,1.0
1024,BWA-no-clip,4,0.7272727272727273
1024,BWA-std,4,0.36363636363636365
1024,NW-flex,4,1.0
1024,BWA-no-clip,5,0.9090909090909091
1024,BWA-std,5,0.36363636363636365
1024,NW-flex,5,1.0
1024,BWA-no-clip,6,1.0
1024,BWA-std,6,0.45454545454545453
1024,NW-flex,6,1.0
1024,BWA-no-clip,7,1.0
1024,BWA-std,7,0.45454545454545453
1024,NW-flex,7,1.0
1024,BWA-no-clip,8,1.0
1024,BWA-std,8,0.6363636363636364
1024,NW-flex,8,1.0
1024,BWA-no-clip,9,1.0
1024,BWA-std,9,0.6363636363636364
1024,NW-flex,9,1.0
1024,BWA-no-clip,10,1.0
1024,BWA-std,10,0.8181818181818182
1024,NW-flex,10,1.0
1025,BWA-no-clip,1,0.5454545454545454
1025,BWA-std,1,0.09090909090909091
1025,NW-flex,1,1.0
1025,BWA-no-clip,2,0.7272727272727273
1025,BWA-std,2,0.18181818181818182
1025,NW-flex,2,1.0
1025,BWA-no-clip,3,0.8181818181818182
1025,BWA-std,3,0.18181818181818182
1025,NW-flex,3,1.0
1025,BWA-no-clip,4,0.8181818181818182
1025,BWA-std,4,0.36363636363636365
1025,NW-flex,4,1.0
1025,BWA-no-clip,5,0.8181818181818182
1025,BWA-std,5,0.36363636363636365
1025,NW-flex,5,1.0
1025,BWA-no-clip,6,1.0
1025,BWA-std,6,0.45454545454545453
1025,NW-flex,6,1.0
1025,BWA-no-clip,7,1.0
1025,BWA-std,7,0.45454545454545453
1025,NW-flex,7,1.0
1025,BWA-no-clip,8,1.0
1025,BWA-std,8,0.6363636363636364
1025,NW-flex,8,1.0
1025,BWA-no-clip,9,1.0
1025,BWA-std,9,0.6363636363636364
1025,NW-flex,9,1.0
1025,BWA-no-clip,10,1.0
1025,BWA-std,10,0.8181818181818182
1025,NW-flex,10,1.0
1026,BWA-no-clip,1,0.18181818181818182
1026,BWA-std,1,0.09090909090909091
1026,NW-flex,1,1.0
1026,BWA-no-clip,2,0.6363636363636364
1026,BWA-std,2,0.18181818181818182
1026,NW-flex,2,1.0
1026,BWA-no-clip,3,0.8181818181818182
1026,BWA-std,3,0.18181818181818182
1026,NW-flex,3,1.0
1026,BWA-no-clip,4,0.9090909090909091
1026,BWA-std,4,0.36363636363636365
1026,NW-flex,4,1.0
1026,BWA-no-clip,5,1.0
1026,BWA-std,5,0.36363636363636365
1026,NW-flex,5,1.0
1026,BWA-no-clip,6,1.0
1026,BWA-std,6,0.45454545454545453
1026,NW-flex,6,1.0
1026,BWA-no-clip,7,1.0
1026,BWA-std,7,0.45454545454545453
1026,NW-flex,7,1.0
1026,BWA-no-clip,8,1.0
1026,BWA-std,8,0.6363636363636364
1026,NW-flex,8,1.0
1026,BWA-no-clip,9,1.0
1026,BWA-std,9,0.6363636363636364
1026,NW-flex,9,1.0
1026,BWA-no-clip,10,1.0
1026,BWA-std,10,0.8181818181818182
1026,NW-flex,10,1.0
1027,BWA-no-clip,1,0.5454545454545454
1027,BWA-std,1,0.09090909090909091
1027,NW-flex,1,1.0
1027,BWA-no-clip,2,0.7272727272727273
1027,BWA-std,2,0.18181818181818182
1027,NW-flex,2,1.0
1027,BWA-no-clip,3,0.9090909090909091
1027,BWA-std,3,0.18181818181818182
1027,NW-flex,3,1.0
1027,BWA-no-clip,4,1.0
1027,BWA-std,4,0.36363636363636365
1027,NW-flex,4,1.0
1027,BWA-no-clip,5,1.0
1027,BWA-std,5,0.36363636363636365
1027,NW-flex,5,1.0
1027,BWA-no-clip,6,1.0
1027,BWA-std,6,0.45454545454545453
1027,NW-flex,6,1.0
1027,BWA-no-clip,7,1.0
1027,BWA-std,7,0.45454545454545453
1027,NW-flex,7,1.0
1027,BWA-no-clip,8,1.0
1027,BWA-std,8,0.6363636363636364
1027,NW-flex,8,1.0
1027,BWA-no-clip,9,1.0
1027,BWA-std,9,0.6363636363636364
1027,NW-flex,9,1.0
1027,BWA-no-clip,10,1.0
1027,BWA-std,10,0.8181818181818182
1027,NW-flex,10,1.0
1028,BWA-no-clip,1,0.5454545454545454
1028,BWA-std,1,0.09090909090909091
1028,NW-flex,1,1.0
1028,BWA-no-clip,2,0.7272727272727273
1028,BWA-std,2,0.18181818181818182
1028,NW-flex,2,1.0
1028,BWA-no-clip,3,0.7272727272727273
1028,BWA-std,3,0.18181818181818182
1028,NW-flex,3,1.0
1028,BWA-no-clip,4,0.8181818181818182
1028,BWA-std,4,0.36363636363636365
1028,NW-flex,4,1.0
1028,BWA-no-clip,5,0.8181818181818182
1028,BWA-std,5,0.36363636363636365
1028,NW-flex,5,1.0
1028,BWA-no-clip,6,1.0
1028,BWA-std,6,0.45454545454545453
1028,NW-flex,6,1.0
1028,BWA-no-clip,7,1.0
1028,BWA-std,7,0.45454545454545453
1028,NW-flex,7,1.0
1028,BWA-no-clip,8,1.0
1028,BWA-std,8,0.6363636363636364
1028,NW-flex,8,1.0
1028,BWA-no-clip,9,1.0
1028,BWA-std,9,0.6363636363636364
1028,NW-flex,9,1.0
1028,BWA-no-clip,10,1.0
1028,BWA-std,10,0.8181818181818182
1028,NW-flex,10,1.0
1029,BWA-no-clip,1,0.45454545454545453
1029,BWA-std,1,0.09090909090909091
1029,NW-flex,1,1.0
1029,BWA-no-clip,2,0.5454545454545454
1029,BWA-std,2,0.09090909090909091
1029,NW-flex,2,1.0
1029,BWA-no-clip,3,0.6363636363636364
1029,BWA-std,3,0.18181818181818182
1029,NW-flex,3,1.0
1029,BWA-no-clip,4,0.9090909090909091
1029,BWA-std,4,0.36363636363636365
1029,NW-flex,4,1.0
1029,BWA-no-clip,5,1.0
1029,BWA-std,5,0.36363636363636365
1029,NW-flex,5,1.0
1029,BWA-no-clip,6,1.0
1029,BWA-std,6,0.45454545454545453
1029,NW-flex,6,1.0
1029,BWA-no-clip,7,1.0
1029,BWA-std,7,0.45454545454545453
1029,NW-flex,7,1.0
1029,BWA-no-clip,8,1.0
1029,BWA-std,8,0.6363636363636364
1029,NW-flex,8,1.0
1029,BWA-no-clip,9,1.0
1029,BWA-std,9,0.6363636363636364
1029,NW-flex,9,1.0
1029,BWA-no-clip,10,1.0
1029,BWA-std,10,0.8181818181818182
1029,NW-flex,10,1.0
1030,BWA-no-clip,1,0.09090909090909091
1030,BWA-std,1,0.09090909090909091
1030,NW-flex,1,1.0
1030,BWA-no-clip,2,0.09090909090909091
1030,BWA-std,2,0.09090909090909091
1030,NW-flex,2,1.0
1030,BWA-no-clip,3,0.48484848484848486
1030,BWA-std,3,0.18181818181818182
1030,NW-flex,3,1.0
1030,BWA-no-clip,4,0.9090909090909091
1030,BWA-std,4,0.36363636363636365
1030,NW-flex,4,1.0
1030,BWA-no-clip,5,0.9090909090909091
1030,BWA-std,5,0.36363636363636365
1030,NW-flex,5,1.0
1030,BWA-no-clip,6,0.9090909090909091
1030,BWA-std,6,0.45454545454545453
1030,NW-flex,6,1.0
1030,BWA-no-clip,7,1.0
1030,BWA-std,7,0.45454545454545453
1030,NW-flex,7,1.0
1030,BWA-no-clip,8,1.0
1030,BWA-std,8,0.6363636363636364
1030,NW-flex,8,1.0
1030,BWA-no-clip,9,1.0
1030,BWA-std,9,0.6363636363636364
1030,NW-flex,9,1.0
1030,BWA-no-clip,10,1.0
1030,BWA-std,10,0.8181818181818182
1030,NW-flex,10,1.0
1031,BWA-no-clip,1,0.45454545454545453
1031,BWA-std,1,0.09090909090909091
1031,NW-flex,1,1.0
1031,BWA-no-clip,2,0.5454545454545454
1031,BWA-std,2,0.18181818181818182
1031,NW-flex,2,1.0
1031,BWA-no-clip,3,0.6363636363636364
1031,BWA-std,3,0.18181818181818182
1031,NW-flex,3,1.0
1031,BWA-no-clip,4,0.8181818181818182
1031,BWA-std,4,0.36363636363636365
1031,NW-flex,4,1.0
1031,BWA-no-clip,5,0.8181818181818182
1031,BWA-std,5,0.36363636363636365
1031,NW-flex,5,1.0
1031,BWA-no-clip,6,1.0
1031,BWA-std,6,0.45454545454545453
1031,NW-flex,6,1.0
1031,BWA-no-clip,7,1.0
1031,BWA-std,7,0.45454545454545453
1031,NW-flex,7,1.0
1031,BWA-no-clip,8,1.0
1031,BWA-std,8,0.6363636363636364
1031,NW-flex,8,1.0
1031,BWA-no-clip,9,1.0
1031,BWA-std,9,0.6363636363636364
1031,NW-flex,9,1.0
1031,BWA-no-clip,10,1.0
1031,BWA-std,10,0.8181818181818182
1031,NW-flex,10,1.0
1032,BWA-no-clip,1,0.5454545454545454
1032,BWA-std,1,0.09090909090909091
1032,NW-flex,1,1.0
1032,BWA-no-clip,2,0.7272727272727273
1032,BWA-std,2,0.18181818181818182
1032,NW-flex,2,1.0
1032,BWA-no-clip,3,0.8181818181818182
1032,BWA-std,3,0.18181818181818182
1032,NW-flex,3,1.0
1032,BWA-no-clip,4,1.0
1032,BWA-std,4,0.36363636363636365
1032,NW-flex,4,1.0
1032,BWA-no-clip,5,1.0
1032,BWA-std,5,0.36363636363636365
1032,NW-flex,5,1.0
1032,BWA-no-clip,6,1.0
1032,BWA-std,6,0.45454545454545453
1032,NW-flex,6,1.0
1032,BWA-no-clip,7,1.0
1032,BWA-std,7,0.45454545454545453
1032,NW-flex,7,1.0
1032,BWA-no-clip,8,1.0
1032,BWA-std,8,0.6363636363636364
1032,NW-flex,8,1.0
1032,BWA-no-clip,9,1.0
1032,BWA-std,9,0.6363636363636364
1032,NW-flex,9,1.0
1032,BWA-no-clip,10,1.0
1032,BWA-std,10,0.8181818181818182
1032,NW-flex,10,1.0
1033,BWA-no-clip,1,0.5454545454545454
1033,BWA-std,1,0.09090909090909091
1033,NW-flex,1,1.0
1033,BWA-no-clip,2,0.7272727272727273
1033,BWA-std,2,0.18181818181818182
1033,NW-flex,2,1.0
1033,BWA-no-clip,3,0.7272727272727273
1033,BWA-std,3,0.18181818181818182
1033,NW-flex,3,1.0
1033,BWA-no-clip,4,0.8181818181818182
1033,BWA-std,4,0.36363636363636365
1033,NW-flex,4,1.0
1033,BWA-no-clip,5,0.8181818181818182
1033,BWA-std,5,0.36363636363636365
1033,NW-flex,5,1.0
1033,BWA-no-clip,6,1.0
1033,BWA-std,6,0.45454545454545453
1033,NW-flex,6,1.0
1033,BWA-no-clip,7,1.0
1033,BWA-std,7,0.45454545454545453
1033,NW-flex,7,1.0
1033,BWA-no-clip,8,1.0
1033,BWA-std,8,0.6363636363636364
1033,NW-flex,8,1.0
1033,BWA-no-clip,9,1.0
1033,BWA-std,9,0.6363636363636364
1033,NW-flex,9,1.0
1033,BWA-no-clip,10,1.0
1033,BWA-std,10,0.8181818181818182
1033,NW-flex,10,1.0
1034,BWA-no-clip,1,0.18181818181818182
1034,BWA-std,1,0.09090909090909091
1034,NW-flex,1,1.0
1034,BWA-no-clip,2,0.7272727272727273
1034,BWA-std,2,0.18181818181818182
1034,NW-flex,2,1.0
1034,BWA-no-clip,3,0.8181818181818182
1034,BWA-std,3,0.18181818181818182
1034,NW-flex,3,1.0
1034,BWA-no-clip,4,0.9090909090909091
1034,BWA-std,4,0.36363636363636365
1034,NW-flex,4,1.0
1034,BWA-no-clip,5,0.9090909090909091
1034,BWA-std,5,0.36363636363636365
1034,NW-flex,5,1.0
1034,BWA-no-clip,6,0.9090909090909091
1034,BWA-std,6,0.45454545454545453
1034,NW-flex,6,1.0
1034,BWA-no-clip,7,1.0
1034,BWA-std,7,0.45454545454545453
1034,NW-flex,7,1.0
1034,BWA-no-clip,8,1.0
1034,BWA-std,8,0.6363636363636364
1034,NW-flex,8,1.0
1034,BWA-no-clip,9,1.0
1034,BWA-std,9,0.6363636363636364
1034,NW-flex,9,1.0
1034,BWA-no-clip,10,1.0
1034,BWA-std,10,0.8181818181818182
1034,NW-flex,10,1.0
1035,BWA-no-clip,1,0.09090909090909091
1035,BWA-std,1,0.09090909090909091
1035,NW-flex,1,1.0
1035,BWA-no-clip,2,0.09090909090909091
1035,BWA-std,2,0.09090909090909091
1035,NW-flex,2,1.0
1035,BWA-no-clip,3,0.12121212121212122
1035,BWA-std,3,0.18181818181818182
1035,NW-flex,3,1.0
1035,BWA-no-clip,4,0.5757575757575758
1035,BWA-std,4,0.2727272727272727
1035,NW-flex,4,1.0
1035,BWA-no-clip,5,0.9090909090909091
1035,BWA-std,5,0.36363636363636365
1035,NW-flex,5,1.0
1035,BWA-no-clip,6,0.9090909090909091
1035,BWA-std,6,0.45454545454545453
1035,NW-flex,6,1.0
1035,BWA-no-clip,7,1.0
1035,BWA-std,7,0.45454545454545453
1035,NW-flex,7,1.0
1035,BWA-no-clip,8,1.0
1035,BWA-std,8,0.6363636363636364
1035,NW-flex,8,1.0
1035,BWA-no-clip,9,1.0
1035,BWA-std,9,0.6363636363636364
1035,NW-flex,9,1.0
1035,BWA-no-clip,10,1.0
1035,BWA-std,10,0.8181818181818182
1035,NW-flex,10,1.0
1036,BWA-no-clip,1,0.45454545454545453
1036,BWA-std,1,0.09090909090909091
1036,NW-flex,1,1.0
1036,BWA-no-clip,2,0.5454545454545454
1036,BWA-std,2,0.09090909090909091
1036,NW-flex,2,1.0
1036,BWA-no-clip,3,0.7272727272727273
1036,BWA-std,3,0.18181818181818182
1036,NW-flex,3,1.0
1036,BWA-no-clip,4,0.7272727272727273
1036,BWA-std,4,0.36363636363636365
1036,NW-flex,4,1.0
1036,BWA-no-clip,5,0.7272727272727273
1036,BWA-std,5,0.36363636363636365
1036,NW-flex,5,1.0
1036,BWA-no-clip,6,0.9090909090909091
1036,BWA-std,6,0.45454545454545453
1036,NW-flex,6,1.0
1036,BWA-no-clip,7,0.9090909090909091
1036,BWA-std,7,0.45454545454545453
1036,NW-flex,7,1.0
1036,BWA-no-clip,8,0.9090909090909091
1036,BWA-std,8,0.6363636363636364
1036,NW-flex,8,1.0
1036,BWA-no-clip,9,1.0
1036,BWA-std,9,0.6363636363636364
1036,NW-flex,9,1.0
1036,BWA-no-clip,10,1.0
1036,BWA-std,10,0.8181818181818182
1036,NW-flex,10,1.0
1037,BWA-no-clip,1,0.09090909090909091
1037,BWA-std,1,0.09090909090909091
1037,NW-flex,1,1.0
1037,BWA-no-clip,2,0.09090909090909091
1037,BWA-std,2,0.09090909090909091
1037,NW-flex,2,1.0
1037,BWA-no-clip,3,0.5757575757575758
1037,BWA-std,3,0.18181818181818182
1037,NW-flex,3,1.0
1037,BWA-no-clip,4,0.9090909090909091
1037,BWA-std,4,0.36363636363636365
1037,NW-flex,4,1.0
1037,BWA-no-clip,5,1.0
1037,BWA-std,5,0.36363636363636365
1037,NW-flex,5,1.0
1037,BWA-no-clip,6,1.0
1037,BWA-std,6,0.45454545454545453
1037,NW-flex,6,1.0
1037,BWA-no-clip,7,1.0
1037,BWA-std,7,0.45454545454545453
1037,NW-flex,7,1.0
1037,BWA-no-clip,8,1.0
1037,BWA-std,8,0.6363636363636364
1037,NW-flex,8,1.0
1037,BWA-no-clip,9,1.0
1037,BWA-std,9,0.6363636363636364
1037,NW-flex,9,1.0
1037,BWA-no-clip,10,1.0
1037,BWA-std,10,0.8181818181818182
1037,NW-flex,10,1.0
1038,BWA-no-clip,1,0.45454545454545453
1038,BWA-std,1,0.09090909090909091
1038,NW-flex,1,1.0
1038,BWA-no-clip,2,0.45454545454545453
1038,BWA-std,2,0.09090909090909091
1038,NW-flex,2,1.0
1038,BWA-no-clip,3,0.7272727272727273
1038,BWA-std,3,0.18181818181818182
1038,NW-flex,3,1.0
1038,BWA-no-clip,4,0.7272727272727273
1038,BWA-std,4,0.36363636363636365
1038,NW-flex,4,1.0
1038,BWA-no-clip,5,0.9090909090909091
1038,BWA-std,5,0.36363636363636365
1038,NW-flex,5,1.0
1038,BWA-no-clip,6,0.9090909090909091
1038,BWA-std,6,0.45454545454545453
1038,NW-flex,6,1.0
1038,BWA-no-clip,7,0.9090909090909091
1038,BWA-std,7,0.45454545454545453
1038,NW-flex,7,1.0
1038,BWA-no-clip,8,1.0
1038,BWA-std,8,0.6363636363636364
1038,NW-flex,8,1.0
1038,BWA-no-clip,9,1.0
1038,BWA-std,9,0.6363636363636364
1038,NW-flex,9,1.0
1038,BWA-no-clip,10,1.0
1038,BWA-std,10,0.8181818181818182
1038,NW-flex,10,1.0
1039,BWA-no-clip,1,0.45454545454545453
1039,BWA-std,1,0.09090909090909091
1039,NW-flex,1,1.0
1039,BWA-no-clip,2,0.5454545454545454
1039,BWA-std,2,0.09090909090909091
1039,NW-flex,2,1.0
1039,BWA-no-clip,3,0.6363636363636364
1039,BWA-std,3,0.18181818181818182
1039,NW-flex,3,1.0
1039,BWA-no-clip,4,0.8181818181818182
1039,BWA-std,4,0.36363636363636365
1039,NW-flex,4,1.0
1039,BWA-no-clip,5,0.9090909090909091
1039,BWA-std,5,0.36363636363636365
1039,NW-flex,5,1.0
1039,BWA-no-clip,6,1.0
1039,BWA-std,6,0.45454545454545453
1039,NW-flex,6,1.0
1039,BWA-no-clip,7,1.0
1039,BWA-std,7,0.45454545454545453
1039,NW-flex,7,1.0
1039,BWA-no-clip,8,1.0
1039,BWA-std,8,0.6363636363636364
1039,NW-flex,8,1.0
1039,BWA-no-clip,9,1.0
1039,BWA-std,9,0.6363636363636364
1039,NW-flex,9,1.0
1039,BWA-no-clip,10,1.0
1039,BWA-std,10,0.8181818181818182
1039,NW-flex,10,1.0
1040,BWA-no-clip,1,0.45454545454545453
1040,BWA-std,1,0.09090909090909091
1040,NW-flex,1,1.0
1040,BWA-no-clip,2,0.6363636363636364
1040,BWA-std,2,0.18181818181818182
1040,NW-flex,2,1.0
1040,BWA-no-clip,3,0.8181818181818182
1040,BWA-std,3,0.18181818181818182
1040,NW-flex,3,1.0
1040,BWA-no-clip,4,0.9090909090909091
1040,BWA-std,4,0.36363636363636365
1040,NW-flex,4,1.0
1040,BWA-no-clip,5,0.9090909090909091
1040,BWA-std,5,0.36363636363636365
1040,NW-flex,5,1.0
1040,BWA-no-clip,6,0.9090909090909091
1040,BWA-std,6,0.45454545454545453
1040,NW-flex,6,1.0
1040,BWA-no-clip,7,1.0
1040,BWA-std,7,0.45454545454545453
1040,NW-flex,7,1.0
1040,BWA-no-clip,8,1.0
1040,BWA-std,8,0.6363636363636364
1040,NW-flex,8,1.0
1040,BWA-no-clip,9,1.0
1040,BWA-std,9,0.6363636363636364
1040,NW-flex,9,1.0
1040,BWA-no-clip,10,1.0
1040,BWA-std,10,0.8181818181818182
1040,NW-flex,10,1.0
1041,BWA-no-clip,1,0.2727272727272727
1041,BWA-std,1,0.09090909090909091
1041,NW-flex,1,1.0
1041,BWA-no-clip,2,0.45454545454545453
1041,BWA-std,2,0.09090909090909091
1041,NW-flex,2,1.0
1041,BWA-no-clip,3,0.6363636363636364
1041,BWA-std,3,0.09090909090909091
1041,NW-flex,3,1.0
1041,BWA-no-clip,4,0.7272727272727273
1041,BWA-std,4,0.36363636363636365
1041,NW-flex,4,1.0
1041,BWA-no-clip,5,0.7272727272727273
1041,BWA-std,5,0.36363636363636365
1041,NW-flex,5,1.0
1041,BWA-no-clip,6,0.7272727272727273
1041,BWA-std,6,0.45454545454545453
1041,NW-flex,6,1.0
1041,BWA-no-clip,7,0.8181818181818182
1041,BWA-std,7,0.45454545454545453
1041,NW-flex,7,1.0
1041,BWA-no-clip,8,1.0
1041,BWA-std,8,0.6363636363636364
1041,NW-flex,8,1.0
1041,BWA-no-clip,9,1.0
1041,BWA-std,9,0.6363636363636364
1041,NW-flex,9,1.0
1041,BWA-no-clip,10,1.0
1041,BWA-std,10,0.8181818181818182
1041,NW-flex,10,1.0
1042,BWA-no-clip,1,0.36363636363636365
1042,BWA-std,1,0.09090909090909091
1042,NW-flex,1,1.0
1042,BWA-no-clip,2,0.45454545454545453
1042,BWA-std,2,0.09090909090909091
1042,NW-flex,2,1.0
1042,BWA-no-clip,3,0.5454545454545454
1042,BWA-std,3,0.18181818181818182
1042,NW-flex,3,1.0
1042,BWA-no-clip,4,0.6363636363636364
1042,BWA-std,4,0.2727272727272727
1042,NW-flex,4,1.0
1042,BWA-no-clip,5,0.8181818181818182
1042,BWA-std,5,0.2727272727272727
1042,NW-flex,5,1.0
1042,BWA-no-clip,6,1.0
1042,BWA-std,6,0.45454545454545453
1042,NW-flex,6,1.0
1042,BWA-no-clip,7,1.0
1042,BWA-std,7,0.45454545454545453
1042,NW-flex,7,1.0
1042,BWA-no-clip,8,1.0
1042,BWA-std,8,0.6363636363636364
1042,NW-flex,8,1.0
1042,BWA-no-clip,9,1.0
1042,BWA-std,9,0.6363636363636364
1042,NW-flex,9,1.0
1042,BWA-no-clip,10,1.0
1042,BWA-std,10,0.8181818181818182
1042,NW-flex,10,1.0
1043,BWA-no-clip,1,0.5454545454545454
1043,BWA-std,1,0.09090909090909091
1043,NW-flex,1,1.0
1043,BWA-no-clip,2,0.6363636363636364
1043,BWA-std,2,0.18181818181818182
1043,NW-flex,2,1.0
1043,BWA-no-clip,3,0.7272727272727273
1043,BWA-std,3,0.18181818181818182
1043,NW-flex,3,1.0
1043,BWA-no-clip,4,0.9090909090909091
1043,BWA-std,4,0.36363636363636365
1043,NW-flex,4,1.0
1043,BWA-no-clip,5,1.0
1043,BWA-std,5,0.36363636363636365
1043,NW-flex,5,1.0
1043,BWA-no-clip,6,1.0
1043,BWA-std,6,0.45454545454545453
1043,NW-flex,6,1.0
1043,BWA-no-clip,7,1.0
1043,BWA-std,7,0.45454545454545453
1043,NW-flex,7,1.0
1043,BWA-no-clip,8,1.0
1043,BWA-std,8,0.6363636363636364
1043,NW-flex,8,1.0
1043,BWA-no-clip,9,1.0
1043,BWA-std,9,0.6363636363636364
1043,NW-flex,9,1.0
1043,BWA-no-clip,10,1.0
1043,BWA-std,10,0.8181818181818182
1043,NW-flex,10,1.0
1044,BWA-no-clip,1,0.5454545454545454
1044,BWA-std,1,0.09090909090909091
1044,NW-flex,1,1.0
1044,BWA-no-clip,2,0.5454545454545454
1044,BWA-std,2,0.09090909090909091
1044,NW-flex,2,1.0
1044,BWA-no-clip,3,0.7272727272727273
1044,BWA-std,3,0.18181818181818182
1044,NW-flex,3,1.0
1044,BWA-no-clip,4,0.9090909090909091
1044,BWA-std,4,0.36363636363636365
1044,NW-flex,4,1.0
1044,BWA-no-clip,5,0.9090909090909091
1044,BWA-std,5,0.36363636363636365
1044,NW-flex,5,1.0
1044,BWA-no-clip,6,1.0
1044,BWA-std,6,0.45454545454545453
1044,NW-flex,6,1.0
1044,BWA-no-clip,7,1.0
1044,BWA-std,7,0.45454545454545453
1044,NW-flex,7,1.0
1044,BWA-no-clip,8,1.0
1044,BWA-std,8,0.6363636363636364
1044,NW-flex,8,1.0
1044,BWA-no-clip,9,1.0
1044,BWA-std,9,0.6363636363636364
1044,NW-flex,9,1.0
1044,BWA-no-clip,10,1.0
1044,BWA-std,10,0.8181818181818182
1044,NW-flex,10,1.0
1045,BWA-no-clip,1,0.5454545454545454
1045,BWA-std,1,0.09090909090909091
1045,NW-flex,1,1.0
1045,BWA-no-clip,2,0.6363636363636364
1045,BWA-std,2,0.18181818181818182
1045,NW-flex,2,1.0
1045,BWA-no-clip,3,0.8181818181818182
1045,BWA-std,3,0.18181818181818182
1045,NW-flex,3,1.0
1045,BWA-no-clip,4,0.9090909090909091
1045,BWA-std,4,0.36363636363636365
1045,NW-flex,4,1.0
1045,BWA-no-clip,5,1.0
1045,BWA-std,5,0.36363636363636365
1045,NW-flex,5,1.0
1045,BWA-no-clip,6,1.0
1045,BWA-std,6,0.45454545454545453
1045,NW-flex,6,1.0
1045,BWA-no-clip,7,1.0
1045,BWA-std,7,0.45454545454545453
1045,NW-flex,7,1.0
1045,BWA-no-clip,8,1.0
1045,BWA-std,8,0.6363636363636364
1045,NW-flex,8,1.0
1045,BWA-no-clip,9,1.0
1045,BWA-std,9,0.6363636363636364
1045,NW-flex,9,1.0
1045,BWA-no-clip,10,1.0
1045,BWA-std,10,0.8181818181818182
1045,NW-flex,10,1.0
1046,BWA-no-clip,1,0.5454545454545454
1046,BWA-std,1,0.09090909090909091
1046,NW-flex,1,1.0
1046,BWA-no-clip,2,0.6363636363636364
1046,BWA-std,2,0.18181818181818182
1046,NW-flex,2,1.0
1046,BWA-no-clip,3,0.7272727272727273
1046,BWA-std,3,0.18181818181818182
1046,NW-flex,3,1.0
1046,BWA-no-clip,4,0.9090909090909091
1046,BWA-std,4,0.36363636363636365
1046,NW-flex,4,1.0
1046,BWA-no-clip,5,1.0
1046,BWA-std,5,0.36363636363636365
1046,NW-flex,5,1.0
1046,BWA-no-clip,6,1.0
1046,BWA-std,6,0.45454545454545453
1046,NW-flex,6,1.0
1046,BWA-no-clip,7,1.0
1046,BWA-std,7,0.45454545454545453
1046,NW-flex,7,1.0
1046,BWA-no-clip,8,1.0
1046,BWA-std,8,0.6363636363636364
1046,NW-flex,8,1.0
1046,BWA-no-clip,9,1.0
1046,BWA-std,9,0.6363636363636364
1046,NW-flex,9,1.0
1046,BWA-no-clip,10,1.0
1046,BWA-std,10,0.8181818181818182
1046,NW-flex,10,1.0
1047,BWA-no-clip,1,0.5454545454545454
1047,BWA-std,1,0.09090909090909091
1047,NW-flex,1,1.0
1047,BWA-no-clip,2,0.5454545454545454
1047,BWA-std,2,0.09090909090909091
1047,NW-flex,2,1.0
1047,BWA-no-clip,3,0.7272727272727273
1047,BWA-std,3,0.18181818181818182
1047,NW-flex,3,1.0
1047,BWA-no-clip,4,0.8181818181818182
1047,BWA-std,4,0.36363636363636365
1047,NW-flex,4,1.0
1047,BWA-no-clip,5,0.9090909090909091
1047,BWA-std,5,0.36363636363636365
1047,NW-flex,5,1.0
1047,BWA-no-clip,6,1.0
1047,BWA-std,6,0.45454545454545453
1047,NW-flex,6,1.0
1047,BWA-no-clip,7,1.0
1047,BWA-std,7,0.45454545454545453
1047,NW-flex,7,1.0
1047,BWA-no-clip,8,1.0
1047,BWA-std,8,0.6363636363636364
1047,NW-flex,8,1.0
1047,BWA-no-clip,9,1.0
1047,BWA-std,9,0.6363636363636364
1047,NW-flex,9,1.0
1047,BWA-no-clip,10,1.0
1047,BWA-std,10,0.8181818181818182
1047,NW-flex,10,1.0
1048,BWA-no-clip,1,0.5454545454545454
1048,BWA-std,1,0.09090909090909091
1048,NW-flex,1,1.0
1048,BWA-no-clip,2,0.5454545454545454
1048,BWA-std,2,0.09090909090909091
1048,NW-flex,2,1.0
1048,BWA-no-clip,3,0.7272727272727273
1048,BWA-std,3,0.18181818181818182
1048,NW-flex,3,1.0
1048,BWA-no-clip,4,0.7272727272727273
1048,BWA-std,4,0.36363636363636365
1048,NW-flex,4,1.0
1048,BWA-no-clip,5,0.9090909090909091
1048,BWA-std,5,0.36363636363636365
1048,NW-flex,5,1.0
1048,BWA-no-clip,6,1.0
1048,BWA-std,6,0.45454545454545453
1048,NW-flex,6,1.0
1048,BWA-no-clip,7,1.0
1048,BWA-std,7,0.45454545454545453
1048,NW-flex,7,1.0
1048,BWA-no-clip,8,1.0
1048,BWA-std,8,0.6363636363636364
1048,NW-flex,8,1.0
1048,BWA-no-clip,9,1.0
1048,BWA-std,9,0.6363636363636364
1048,NW-flex,9,1.0
1048,BWA-no-clip,10,1.0
1048,BWA-std,10,0.8181818181818182
1048,NW-flex,10,1.0
1049,BWA-no-clip,1,0.5454545454545454
1049,BWA-std,1,0.09090909090909091
1049,NW-flex,1,1.0
1049,BWA-no-clip,2,0.7272727272727273
1049,BWA-std,2,0.18181818181818182
1049,NW-flex,2,1.0
1049,BWA-no-clip,3,0.7272727272727273
1049,BWA-std,3,0.18181818181818182
1049,NW-flex,3,1.0
1049,BWA-no-clip,4,0.9090909090909091
1049,BWA-std,4,0.36363636363636365
1049,NW-flex,4,1.0
1049,BWA-no-clip,5,0.9090909090909091
1049,BWA-std,5,0.36363636363636365
1049,NW-flex,5,1.0
1049,BWA-no-clip,6,1.0
1049,BWA-std,6,0.45454545454545453
1049,NW-flex,6,1.0
1049,BWA-no-clip,7,1.0
1049,BWA-std,7,0.45454545454545453
1049,NW-flex,7,1.0
1049,BWA-no-clip,8,1.0
1049,BWA-std,8,0.6363636363636364
1049,NW-flex,8,1.0
1049,BWA-no-clip,9,1.0
1049,BWA-std,9,0.6363636363636364
1049,NW-flex,9,1.0
1049,BWA-no-clip,10,1.0
1049,BWA-std,10,0.8181818181818182
1049,NW-flex,10,1.0
1050,BWA-no-clip,1,0.18181818181818182
1050,BWA-std,1,0.09090909090909091
1050,NW-flex,1,1.0
1050,BWA-no-clip,2,0.18181818181818182
1050,BWA-std,2,0.09090909090909091
1050,NW-flex,2,1.0
1050,BWA-no-clip,3,0.7272727272727273
1050,BWA-std,3,0.18181818181818182
1050,NW-flex,3,1.0
1050,BWA-no-clip,4,0.9090909090909091
1050,BWA-std,4,0.36363636363636365
1050,NW-flex,4,1.0
1050,BWA-no-clip,5,1.0
1050,BWA-std,5,0.36363636363636365
1050,NW-flex,5,1.0
1050,BWA-no-clip,6,1.0
1050,BWA-std,6,0.45454545454545453
1050,NW-flex,6,1.0
1050,BWA-no-clip,7,1.0
1050,BWA-std,7,0.45454545454545453
1050,NW-flex,7,1.0
1050,BWA-no-clip,8,1.0
1050,BWA-std,8,0.6363636363636364
1050,NW-flex,8,1.0
1050,BWA-no-clip,9,1.0
1050,BWA-std,9,0.6363636363636364
1050,NW-flex,9,1.0
1050,BWA-no-clip,10,1.0
1050,BWA-std,10,0.8181818181818182
1050,NW-flex,10,1.0
1051,BWA-no-clip,1,0.09090909090909091
1051,BWA-std,1,0.09090909090909091
1051,NW-flex,1,1.0
1051,BWA-no-clip,2,0.5454545454545454
1051,BWA-std,2,0.09090909090909091
1051,NW-flex,2,1.0
1051,BWA-no-clip,3,0.7272727272727273
1051,BWA-std,3,0.18181818181818182
1051,NW-flex,3,1.0
1051,BWA-no-clip,4,0.9090909090909091
1051,BWA-std,4,0.36363636363636365
1051,NW-flex,4,1.0
1051,BWA-no-clip,5,1.0
1051,BWA-std,5,0.36363636363636365
1051,NW-flex,5,1.0
1051,BWA-no-clip,6,1.0
1051,BWA-std,6,0.45454545454545453
1051,NW-flex,6,1.0
1051,BWA-no-clip,7,1.0
1051,BWA-std,7,0.45454545454545453
1051,NW-flex,7,1.0
1051,BWA-no-clip,8,1.0
1051,BWA-std,8,0.6363636363636364
1051,NW-flex,8,1.0
1051,BWA-no-clip,9,1.0
1051,BWA-std,9,0.6363636363636364
1051,NW-flex,9,1.0
1051,BWA-no-clip,10,1.0
1051,BWA-std,10,0.8181818181818182
1051,NW-flex,10,1.0
1052,BWA-no-clip,1,0.09090909090909091
1052,BWA-std,1,0.09090909090909091
1052,NW-flex,1,1.0
1052,BWA-no-clip,2,0.45454545454545453
1052,BWA-std,2,0.09090909090909091
1052,NW-flex,2,1.0
1052,BWA-no-clip,3,0.7272727272727273
1052,BWA-std,3,0.18181818181818182
1052,NW-flex,3,1.0
1052,BWA-no-clip,4,0.9090909090909091
1052,BWA-std,4,0.36363636363636365
1052,NW-flex,4,1.0
1052,BWA-no-clip,5,0.9090909090909091
1052,BWA-std,5,0.36363636363636365
1052,NW-flex,5,1.0
1052,BWA-no-clip,6,0.9090909090909091
1052,BWA-std,6,0.45454545454545453
1052,NW-flex,6,1.0
1052,BWA-no-clip,7,1.0
1052,BWA-std,7,0.45454545454545453
1052,NW-flex,7,1.0
1052,BWA-no-clip,8,1.0
1052,BWA-std,8,0.6363636363636364
1052,NW-flex,8,1.0
1052,BWA-no-clip,9,1.0
1052,BWA-std,9,0.6363636363636364
1052,NW-flex,9,1.0
1052,BWA-no-clip,10,1.0
1052,BWA-std,10,0.8181818181818182
1052,NW-flex,10,1.0
1053,BWA-no-clip,1,0.5454545454545454
1053,BWA-std,1,0.09090909090909091
1053,NW-flex,1,1.0
1053,BWA-no-clip,2,0.7272727272727273
1053,BWA-std,2,0.18181818181818182
1053,NW-flex,2,1.0
1053,BWA-no-clip,3,0.8181818181818182
1053,BWA-std,3,0.18181818181818182
1053,NW-flex,3,1.0
1053,BWA-no-clip,4,0.9090909090909091
1053,BWA-std,4,0.36363636363636365
1053,NW-flex,4,1.0
1053,BWA-no-clip,5,1.0
1053,BWA-std,5,0.36363636363636365
1053,NW-flex,5,1.0
1053,BWA-no-clip,6,1.0
1053,BWA-std,6,0.45454545454545453
1053,NW-flex,6,1.0
1053,BWA-no-clip,7,1.0
1053,BWA-std,7,0.45454545454545453
1053,NW-flex,7,1.0
1053,BWA-no-clip,8,1.0
1053,BWA-std,8,0.6363636363636364
1053,NW-flex,8,1.0
1053,BWA-no-clip,9,1.0
1053,BWA-std,9,0.6363636363636364
1053,NW-flex,9,1.0
1053,BWA-no-clip,10,1.0
1053,BWA-std,10,0.8181818181818182
1053,NW-flex,10,1.0
1054,BWA-no-clip,1,0.5454545454545454
1054,BWA-std,1,0.09090909090909091
1054,NW-flex,1,1.0
1054,BWA-no-clip,2,0.7272727272727273
1054,BWA-std,2,0.18181818181818182
1054,NW-flex,2,1.0
1054,BWA-no-clip,3,0.7272727272727273
1054,BWA-std,3,0.18181818181818182
1054,NW-flex,3,1.0
1054,BWA-no-clip,4,0.7272727272727273
1054,BWA-std,4,0.36363636363636365
1054,NW-flex,4,1.0
1054,BWA-no-clip,5,0.9090909090909091
1054,BWA-std,5,0.36363636363636365
1054,NW-flex,5,1.0
1054,BWA-no-clip,6,0.9090909090909091
1054,BWA-std,6,0.45454545454545453
1054,NW-flex,6,1.0
1054,BWA-no-clip,7,1.0
1054,BWA-std,7,0.45454545454545453
1054,NW-flex,7,1.0
1054,BWA-no-clip,8,1.0
1054,BWA-std,8,0.6363636363636364
1054,NW-flex,8,1.0
1054,BWA-no-clip,9,1.0
1054,BWA-std,9,0.6363636363636364
1054,NW-flex,9,1.0
1054,BWA-no-clip,10,1.0
1054,BWA-std,10,0.8181818181818182
1054,NW-flex,10,1.0
1055,BWA-no-clip,1,0.09090909090909091
1055,BWA-std,1,0.09090909090909091
1055,NW-flex,1,1.0
1055,BWA-no-clip,2,0.5454545454545454
1055,BWA-std,2,0.09090909090909091
1055,NW-flex,2,1.0
1055,BWA-no-clip,3,0.6363636363636364
1055,BWA-std,3,0.09090909090909091
1055,NW-flex,3,1.0
1055,BWA-no-clip,4,0.7272727272727273
1055,BWA-std,4,0.36363636363636365
1055,NW-flex,4,1.0
1055,BWA-no-clip,5,0.9090909090909091
1055,BWA-std,5,0.36363636363636365
1055,NW-flex,5,1.0
1055,BWA-no-clip,6,0.9090909090909091
1055,BWA-std,6,0.45454545454545453
1055,NW-flex,6,1.0
1055,BWA-no-clip,7,0.9090909090909091
1055,BWA-std,7,0.45454545454545453
1055,NW-flex,7,1.0
1055,BWA-no-clip,8,1.0
1055,BWA-std,8,0.6363636363636364
1055,NW-flex,8,1.0
1055,BWA-no-clip,9,1.0
1055,BWA-std,9,0.6363636363636364
1055,NW-flex,9,1.0
1055,BWA-no-clip,10,1.0
1055,BWA-std,10,0.8181818181818182
1055,NW-flex,10,1.0
1056,BWA-no-clip,1,0.5454545454545454
1056,BWA-std,1,0.09090909090909091
1056,NW-flex,1,1.0
1056,BWA-no-clip,2,0.6363636363636364
1056,BWA-std,2,0.18181818181818182
1056,NW-flex,2,1.0
1056,BWA-no-clip,3,0.7272727272727273
1056,BWA-std,3,0.18181818181818182
1056,NW-flex,3,1.0
1056,BWA-no-clip,4,0.8181818181818182
1056,BWA-std,4,0.36363636363636365
1056,NW-flex,4,1.0
1056,BWA-no-clip,5,1.0
1056,BWA-std,5,0.36363636363636365
1056,NW-flex,5,1.0
1056,BWA-no-clip,6,1.0
1056,BWA-std,6,0.45454545454545453
1056,NW-flex,6,1.0
1056,BWA-no-clip,7,1.0
1056,BWA-std,7,0.45454545454545453
1056,NW-flex,7,1.0
1056,BWA-no-clip,8,1.0
1056,BWA-std,8,0.6363636363636364
1056,NW-flex,8,1.0
1056,BWA-no-clip,9,1.0
1056,BWA-std,9,0.6363636363636364
1056,NW-flex,9,1.0
1056,BWA-no-clip,10,1.0
1056,BWA-std,10,0.8181818181818182
1056,NW-flex,10,1.0
1057,BWA-no-clip,1,0.09090909090909091
1057,BWA-std,1,0.09090909090909091
1057,NW-flex,1,1.0
1057,BWA-no-clip,2,0.5454545454545454
1057,BWA-std,2,0.09090909090909091
1057,NW-flex,2,1.0
1057,BWA-no-clip,3,0.7272727272727273
1057,BWA-std,3,0.18181818181818182
1057,NW-flex,3,1.0
1057,BWA-no-clip,4,0.8181818181818182
1057,BWA-std,4,0.36363636363636365
1057,NW-flex,4,1.0
1057,BWA-no-clip,5,0.8181818181818182
1057,BWA-std,5,0.36363636363636365
1057,NW-flex,5,1.0
1057,BWA-no-clip,6,1.0
1057,BWA-std,6,0.45454545454545453
1057,NW-flex,6,1.0
1057,BWA-no-clip,7,1.0
1057,BWA-std,7,0.45454545454545453
1057,NW-flex,7,1.0
1057,BWA-no-clip,8,1.0
1057,BWA-std,8,0.6363636363636364
1057,NW-flex,8,1.0
1057,BWA-no-clip,9,1.0
1057,BWA-std,9,0.6363636363636364
1057,NW-flex,9,1.0
1057,BWA-no-clip,10,1.0
1057,BWA-std,10,0.8181818181818182
1057,NW-flex,10,1.0
1058,BWA-no-clip,1,0.2727272727272727
1058,BWA-std,1,0.09090909090909091
1058,NW-flex,1,1.0
1058,BWA-no-clip,2,0.2727272727272727
1058,BWA-std,2,0.09090909090909091
1058,NW-flex,2,1.0
1058,BWA-no-clip,3,0.45454545454545453
1058,BWA-std,3,0.18181818181818182
1058,NW-flex,3,1.0
1058,BWA-no-clip,4,0.45454545454545453
1058,BWA-std,4,0.18181818181818182
1058,NW-flex,4,1.0
1058,BWA-no-clip,5,0.7272727272727273
1058,BWA-std,5,0.18181818181818182
1058,NW-flex,5,1.0
1058,BWA-no-clip,6,0.7272727272727273
1058,BWA-std,6,0.2727272727272727
1058,NW-flex,6,1.0
1058,BWA-no-clip,7,0.9090909090909091
1058,BWA-std,7,0.36363636363636365
1058,NW-flex,7,1.0
1058,BWA-no-clip,8,0.9090909090909091
1058,BWA-std,8,0.5454545454545454
1058,NW-flex,8,1.0
1058,BWA-no-clip,9,1.0
1058,BWA-std,9,0.6363636363636364
1058,NW-flex,9,1.0
1058,BWA-no-clip,10,1.0
1058,BWA-std,10,0.8181818181818182
1058,NW-flex,10,1.0
1059,BWA-no-clip,1,0.5454545454545454
1059,BWA-std,1,0.09090909090909091
1059,NW-flex,1,1.0
1059,BWA-no-clip,2,0.6363636363636364
1059,BWA-std,2,0.18181818181818182
1059,NW-flex,2,1.0
1059,BWA-no-clip,3,0.7272727272727273
1059,BWA-std,3,0.18181818181818182
1059,NW-flex,3,1.0
1059,BWA-no-clip,4,0.9090909090909091
1059,BWA-std,4,0.36363636363636365
1059,NW-flex,4,1.0
1059,BWA-no-clip,5,1.0
1059,BWA-std,5,0.36363636363636365
1059,NW-flex,5,1.0
1059,BWA-no-clip,6,1.0
1059,BWA-std,6,0.45454545454545453
1059,NW-flex,6,1.0
1059,BWA-no-clip,7,1.0
1059,BWA-std,7,0.45454545454545453
1059,NW-flex,7,1.0
1059,BWA-no-clip,8,1.0
1059,BWA-std,8,0.6363636363636364
1059,NW-flex,8,1.0
1059,BWA-no-clip,9,1.0
1059,BWA-std,9,0.6363636363636364
1059,NW-flex,9,1.0
1059,BWA-no-clip,10,1.0
1059,BWA-std,10,0.8181818181818182
1059,NW-flex,10,1.0
1060,BWA-no-clip,1,0.45454545454545453
1060,BWA-std,1,0.09090909090909091
1060,NW-flex,1,1.0
1060,BWA-no-clip,2,0.5454545454545454
1060,BWA-std,2,0.18181818181818182
1060,NW-flex,2,1.0
1060,BWA-no-clip,3,0.5454545454545454
1060,BWA-std,3,0.18181818181818182
1060,NW-flex,3,1.0
1060,BWA-no-clip,4,0.9090909090909091
1060,BWA-std,4,0.36363636363636365
1060,NW-flex,4,1.0
1060,BWA-no-clip,5,1.0
1060,BWA-std,5,0.36363636363636365
1060,NW-flex,5,1.0
1060,BWA-no-clip,6,1.0
1060,BWA-std,6,0.45454545454545453
1060,NW-flex,6,1.0
1060,BWA-no-clip,7,1.0
1060,BWA-std,7,0.45454545454545453
1060,NW-flex,7,1.0
1060,BWA-no-clip,8,1.0
1060,BWA-std,8,0.6363636363636364
1060,NW-flex,8,1.0
1060,BWA-no-clip,9,1.0
1060,BWA-std,9,0.6363636363636364
1060,NW-flex,9,1.0
1060,BWA-no-clip,10,1.0
1060,BWA-std,10,0.8181818181818182
1060,NW-flex,10,1.0
1061,BWA-no-clip,1,0.5454545454545454
1061,BWA-std,1,0.09090909090909091
1061,NW-flex,1,1.0
1061,BWA-no-clip,2,0.7272727272727273
1061,BWA-std,2,0.18181818181818182
1061,NW-flex,2,1.0
1061,BWA-no-clip,3,0.7272727272727273
1061,BWA-std,3,0.18181818181818182
1061,NW-flex,3,1.0
1061,BWA-no-clip,4,0.9090909090909091
1061,BWA-std,4,0.36363636363636365
1061,NW-flex,4,1.0
1061,BWA-no-clip,5,1.0
1061,BWA-std,5,0.36363636363636365
1061,NW-flex,5,1.0
1061,BWA-no-clip,6,1.0
1061,BWA-std,6,0.45454545454545453
1061,NW-flex,6,1.0
1061,BWA-no-clip,7,1.0
1061,BWA-std,7,0.45454545454545453
1061,NW-flex,7,1.0
1061,BWA-no-clip,8,1.0
1061,BWA-std,8,0.6363636363636364
1061,NW-flex,8,1.0
1061,BWA-no-clip,9,1.0
1061,BWA-std,9,0.6363636363636364
1061,NW-flex,9,1.0
1061,BWA-no-clip,10,1.0
1061,BWA-std,10,0.8181818181818182
1061,NW-flex,10,1.0
1062,BWA-no-clip,1,0.5454545454545454
1062,BWA-std,1,0.09090909090909091
1062,NW-flex,1,1.0
1062,BWA-no-clip,2,0.7272727272727273
1062,BWA-std,2,0.18181818181818182
1062,NW-flex,2,1.0
1062,BWA-no-clip,3,0.8181818181818182
1062,BWA-std,3,0.18181818181818182
1062,NW-flex,3,1.0
1062,BWA-no-clip,4,0.9090909090909091
1062,BWA-std,4,0.36363636363636365
1062,NW-flex,4,1.0
1062,BWA-no-clip,5,1.0
1062,BWA-std,5,0.36363636363636365
1062,NW-flex,5,1.0
1062,BWA-no-clip,6,1.0
1062,BWA-std,6,0.45454545454545453
1062,NW-flex,6,1.0
1062,BWA-no-clip,7,1.0
1062,BWA-std,7,0.45454545454545453
1062,NW-flex,7,1.0
1062,BWA-no-clip,8,1.0
1062,BWA-std,8,0.6363636363636364
1062,NW-flex,8,1.0
1062,BWA-no-clip,9,1.0
1062,BWA-std,9,0.6363636363636364
1062,NW-flex,9,1.0
1062,BWA-no-clip,10,1.0
1062,BWA-std,10,0.8181818181818182
1062,NW-flex,10,1.0
1063,BWA-no-clip,1,0.5454545454545454
1063,BWA-std,1,0.09090909090909091
1063,NW-flex,1,1.0
1063,BWA-no-clip,2,0.7272727272727273
1063,BWA-std,2,0.18181818181818182
1063,NW-flex,2,1.0
1063,BWA-no-clip,3,0.9090909090909091
1063,BWA-std,3,0.18181818181818182
1063,NW-flex,3,1.0
1063,BWA-no-clip,4,1.0
1063,BWA-std,4,0.36363636363636365
1063,NW-flex,4,1.0
1063,BWA-no-clip,5,0.9090909090909091
1063,BWA-std,5,0.36363636363636365
1063,NW-flex,5,1.0
1063,BWA-no-clip,6,1.0
1063,BWA-std,6,0.45454545454545453
1063,NW-flex,6,1.0
1063,BWA-no-clip,7,1.0
1063,BWA-std,7,0.45454545454545453
1063,NW-flex,7,1.0
1063,BWA-no-clip,8,1.0
1063,BWA-std,8,0.6363636363636364
1063,NW-flex,8,1.0
1063,BWA-no-clip,9,1.0
1063,BWA-std,9,0.6363636363636364
1063,NW-flex,9,1.0
1063,BWA-no-clip,10,1.0
1063,BWA-std,10,0.8181818181818182
1063,NW-flex,10,1.0
1064,BWA-no-clip,1,0.45454545454545453
1064,BWA-std,1,0.09090909090909091
1064,NW-flex,1,1.0
1064,BWA-no-clip,2,0.5454545454545454
1064,BWA-std,2,0.18181818181818182
1064,NW-flex,2,1.0
1064,BWA-no-clip,3,0.5454545454545454
1064,BWA-std,3,0.18181818181818182
1064,NW-flex,3,1.0
1064,BWA-no-clip,4,0.9090909090909091
1064,BWA-std,4,0.36363636363636365
1064,NW-flex,4,1.0
1064,BWA-no-clip,5,1.0
1064,BWA-std,5,0.36363636363636365
1064,NW-flex,5,1.0
1064,BWA-no-clip,6,1.0
1064,BWA-std,6,0.45454545454545453
1064,NW-flex,6,1.0
1064,BWA-no-clip,7,1.0
1064,BWA-std,7,0.45454545454545453
1064,NW-flex,7,1.0
1064,BWA-no-clip,8,1.0
1064,BWA-std,8,0.6363636363636364
1064,NW-flex,8,1.0
1064,BWA-no-clip,9,1.0
1064,BWA-std,9,0.6363636363636364
1064,NW-flex,9,1.0
1064,BWA-no-clip,10,1.0
1064,BWA-std,10,0.8181818181818182
1064,NW-flex,10,1.0
1065,BWA-no-clip,1,0.45454545454545453
1065,BWA-std,1,0.09090909090909091
1065,NW-flex,1,1.0
1065,BWA-no-clip,2,0.5454545454545454
1065,BWA-std,2,0.18181818181818182
1065,NW-flex,2,1.0
1065,BWA-no-clip,3,0.5454545454545454
1065,BWA-std,3,0.18181818181818182
1065,NW-flex,3,1.0
1065,BWA-no-clip,4,0.9090909090909091
1065,BWA-std,4,0.36363636363636365
1065,NW-flex,4,1.0
1065,BWA-no-clip,5,1.0
1065,BWA-std,5,0.36363636363636365
1065,NW-flex,5,1.0
1065,BWA-no-clip,6,1.0
1065,BWA-std,6,0.45454545454545453
1065,NW-flex,6,1.0
1065,BWA-no-clip,7,1.0
1065,BWA-std,7,0.45454545454545453
1065,NW-flex,7,1.0
1065,BWA-no-clip,8,1.0
1065,BWA-std,8,0.6363636363636364
1065,NW-flex,8,1.0
1065,BWA-no-clip,9,1.0
1065,BWA-std,9,0.6363636363636364
1065,NW-flex,9,1.0
1065,BWA-no-clip,10,1.0
1065,BWA-std,10,0.8181818181818182
1065,NW-flex,10,1.0
1066,BWA-no-clip,1,0.09090909090909091
1066,BWA-std,1,0.09090909090909091
1066,NW-flex,1,1.0
1066,BWA-no-clip,2,0.5454545454545454
1066,BWA-std,2,0.09090909090909091
1066,NW-flex,2,1.0
1066,BWA-no-clip,3,0.7272727272727273
1066,BWA-std,3,0.18181818181818182
1066,NW-flex,3,1.0
1066,BWA-no-clip,4,0.7272727272727273
1066,BWA-std,4,0.36363636363636365
1066,NW-flex,4,1.0
1066,BWA-no-clip,5,0.9090909090909091
1066,BWA-std,5,0.36363636363636365
1066,NW-flex,5,1.0
1066,BWA-no-clip,6,1.0
1066,BWA-std,6,0.45454545454545453
1066,NW-flex,6,1.0
1066,BWA-no-clip,7,1.0
1066,BWA-std,7,0.45454545454545453
1066,NW-flex,7,1.0
1066,BWA-no-clip,8,1.0
1066,BWA-std,8,0.6363636363636364
1066,NW-flex,8,1.0
1066,BWA-no-clip,9,1.0
1066,BWA-std,9,0.6363636363636364
1066,NW-flex,9,1.0
1066,BWA-no-clip,10,1.0
1066,BWA-std,10,0.8181818181818182
1066,NW-flex,10,1.0
1067,BWA-no-clip,1,0.18181818181818182
1067,BWA-std,1,0.09090909090909091
1067,NW-flex,1,1.0
1067,BWA-no-clip,2,0.36363636363636365
1067,BWA-std,2,0.18181818181818182
1067,NW-flex,2,1.0
1067,BWA-no-clip,3,0.45454545454545453
1067,BWA-std,3,0.18181818181818182
1067,NW-flex,3,1.0
1067,BWA-no-clip,4,0.5454545454545454
1067,BWA-std,4,0.36363636363636365
1067,NW-flex,4,1.0
1067,BWA-no-clip,5,1.0
1067,BWA-std,5,0.36363636363636365
1067,NW-flex,5,1.0
1067,BWA-no-clip,6,1.0
1067,BWA-std,6,0.45454545454545453
1067,NW-flex,6,1.0
1067,BWA-no-clip,7,1.0
1067,BWA-std,7,0.45454545454545453
1067,NW-flex,7,1.0
1067,BWA-no-clip,8,1.0
1067,BWA-std,8,0.6363636363636364
1067,NW-flex,8,1.0
1067,BWA-no-clip,9,1.0
1067,BWA-std,9,0.6363636363636364
1067,NW-flex,9,1.0
1067,BWA-no-clip,10,1.0
1067,BWA-std,10,0.8181818181818182
1067,NW-flex,10,1.0
1068,BWA-no-clip,1,0.5454545454545454
1068,BWA-std,1,0.09090909090909091
1068,NW-flex,1,1.0
1068,BWA-no-clip,2,0.7272727272727273
1068,BWA-std,2,0.18181818181818182
1068,NW-flex,2,1.0
1068,BWA-no-clip,3,0.9090909090909091
1068,BWA-std,3,0.18181818181818182
1068,NW-flex,3,1.0
1068,BWA-no-clip,4,0.9090909090909091
1068,BWA-std,4,0.36363636363636365
1068,NW-flex,4,1.0
1068,BWA-no-clip,5,0.9090909090909091
1068,BWA-std,5,0.36363636363636365
1068,NW-flex,5,1.0
1068,BWA-no-clip,6,1.0
1068,BWA-std,6,0.45454545454545453
1068,NW-flex,6,1.0
1068,BWA-no-clip,7,1.0
1068,BWA-std,7,0.45454545454545453
1068,NW-flex,7,1.0
1068,BWA-no-clip,8,1.0
1068,BWA-std,8,0.6363636363636364
1068,NW-flex,8,1.0
1068,BWA-no-clip,9,1.0
1068,BWA-std,9,0.6363636363636364
1068,NW-flex,9,1.0
1068,BWA-no-clip,10,1.0
1068,BWA-std,10,0.8181818181818182
1068,NW-flex,10,1.0
1069,BWA-no-clip,1,0.5454545454545454
1069,BWA-std,1,0.09090909090909091
1069,NW-flex,1,1.0
1069,BWA-no-clip,2,0.6363636363636364
1069,BWA-std,2,0.18181818181818182
1069,NW-flex,2,1.0
1069,BWA-no-clip,3,0.7272727272727273
1069,BWA-std,3,0.18181818181818182
1069,NW-flex,3,1.0
1069,BWA-no-clip,4,0.8181818181818182
1069,BWA-std,4,0.36363636363636365
1069,NW-flex,4,1.0
1069,BWA-no-clip,5,0.8181818181818182
1069,BWA-std,5,0.36363636363636365
1069,NW-flex,5,1.0
1069,BWA-no-clip,6,0.8181818181818182
1069,BWA-std,6,0.45454545454545453
1069,NW-flex,6,1.0
1069,BWA-no-clip,7,1.0
1069,BWA-std,7,0.45454545454545453
1069,NW-flex,7,1.0
1069,BWA-no-clip,8,1.0
1069,BWA-std,8,0.6363636363636364
1069,NW-flex,8,1.0
1069,BWA-no-clip,9,1.0
1069,BWA-std,9,0.6363636363636364
1069,NW-flex,9,1.0
1069,BWA-no-clip,10,1.0
1069,BWA-std,10,0.8181818181818182
1069,NW-flex,10,1.0
1070,BWA-no-clip,1,0.5454545454545454
1070,BWA-std,1,0.09090909090909091
1070,NW-flex,1,1.0
1070,BWA-no-clip,2,0.7272727272727273
1070,BWA-std,2,0.18181818181818182
1070,NW-flex,2,1.0
1070,BWA-no-clip,3,0.7272727272727273
1070,BWA-std,3,0.18181818181818182
1070,NW-flex,3,1.0
1070,BWA-no-clip,4,0.9090909090909091
1070,BWA-std,4,0.36363636363636365
1070,NW-flex,4,1.0
1070,BWA-no-clip,5,0.9090909090909091
1070,BWA-std,5,0.36363636363636365
1070,NW-flex,5,1.0
1070,BWA-no-clip,6,1.0
1070,BWA-std,6,0.45454545454545453
1070,NW-flex,6,1.0
1070,BWA-no-clip,7,1.0
1070,BWA-std,7,0.45454545454545453
1070,NW-flex,7,1.0
1070,BWA-no-clip,8,1.0
1070,BWA-std,8,0.6363636363636364
1070,NW-flex,8,1.0
1070,BWA-no-clip,9,1.0
1070,BWA-std,9,0.6363636363636364
1070,NW-flex,9,1.0
1070,BWA-no-clip,10,1.0
1070,BWA-std,10,0.8181818181818182
1070,NW-flex,10,1.0
1071,BWA-no-clip,1,0.36363636363636365
1071,BWA-std,1,0.09090909090909091
1071,NW-flex,1,1.0
1071,BWA-no-clip,2,0.45454545454545453
1071,BWA-std,2,0.09090909090909091
1071,NW-flex,2,1.0
1071,BWA-no-clip,3,0.6363636363636364
1071,BWA-std,3,0.09090909090909091
1071,NW-flex,3,1.0
1071,BWA-no-clip,4,0.7272727272727273
1071,BWA-std,4,0.36363636363636365
1071,NW-flex,4,1.0
1071,BWA-no-clip,5,0.7272727272727273
1071,BWA-std,5,0.36363636363636365
1071,NW-flex,5,1.0
1071,BWA-no-clip,6,0.9090909090909091
1071,BWA-std,6,0.45454545454545453
1071,NW-flex,6,1.0
1071,BWA-no-clip,7,1.0
1071,BWA-std,7,0.45454545454545453
1071,NW-flex,7,1.0
1071,BWA-no-clip,8,1.0
1071,BWA-std,8,0.6363636363636364
1071,NW-flex,8,1.0
1071,BWA-no-clip,9,1.0
1071,BWA-std,9,0.6363636363636364
1071,NW-flex,9,1.0
1071,BWA-no-clip,10,1.0
1071,BWA-std,10,0.8181818181818182
1071,NW-flex,10,1.0
1072,BWA-no-clip,1,0.5454545454545454
1072,BWA-std,1,0.09090909090909091
1072,NW-flex,1,1.0
1072,BWA-no-clip,2,0.6363636363636364
1072,BWA-std,2,0.18181818181818182
1072,NW-flex,2,1.0
1072,BWA-no-clip,3,0.8181818181818182
1072,BWA-std,3,0.18181818181818182
1072,NW-flex,3,1.0
1072,BWA-no-clip,4,1.0
1072,BWA-std,4,0.36363636363636365
1072,NW-flex,4,1.0
1072,BWA-no-clip,5,1.0
1072,BWA-std,5,0.36363636363636365
1072,NW-flex,5,1.0
1072,BWA-no-clip,6,1.0
1072,BWA-std,6,0.45454545454545453
1072,NW-flex,6,1.0
1072,BWA-no-clip,7,1.0
1072,BWA-std,7,0.45454545454545453
1072,NW-flex,7,1.0
1072,BWA-no-clip,8,1.0
1072,BWA-std,8,0.6363636363636364
1072,NW-flex,8,1.0
1072,BWA-no-clip,9,1.0
1072,BWA-std,9,0.6363636363636364
1072,NW-flex,9,1.0
1072,BWA-no-clip,10,1.0
1072,BWA-std,10,0.8181818181818182
1072,NW-flex,10,1.0
1073,BWA-no-clip,1,0.5454545454545454
1073,BWA-std,1,0.09090909090909091
1073,NW-flex,1,1.0
1073,BWA-no-clip,2,0.7272727272727273
1073,BWA-std,2,0.18181818181818182
1073,NW-flex,2,1.0
1073,BWA-no-clip,3,0.8181818181818182
1073,BWA-std,3,0.18181818181818182
1073,NW-flex,3,1.0
1073,BWA-no-clip,4,1.0
1073,BWA-std,4,0.36363636363636365
1073,NW-flex,4,1.0
1073,BWA-no-clip,5,1.0
1073,BWA-std,5,0.36363636363636365
1073,NW-flex,5,1.0
1073,BWA-no-clip,6,1.0
1073,BWA-std,6,0.45454545454545453
1073,NW-flex,6,1.0
1073,BWA-no-clip,7,1.0
1073,BWA-std,7,0.45454545454545453
1073,NW-flex,7,1.0
1073,BWA-no-clip,8,1.0
1073,BWA-std,8,0.6363636363636364
1073,NW-flex,8,1.0
1073,BWA-no-clip,9,1.0
1073,BWA-std,9,0.6363636363636364
1073,NW-flex,9,1.0
1073,BWA-no-clip,10,1.0
1073,BWA-std,10,0.8181818181818182
1073,NW-flex,10,1.0
1074,BWA-no-clip,1,0.18181818181818182
1074,BWA-std,1,0.09090909090909091
1074,NW-flex,1,1.0
1074,BWA-no-clip,2,0.36363636363636365
1074,BWA-std,2,0.18181818181818182
1074,NW-flex,2,1.0
1074,BWA-no-clip,3,0.8181818181818182
1074,BWA-std,3,0.18181818181818182
1074,NW-flex,3,1.0
1074,BWA-no-clip,4,0.9090909090909091
1074,BWA-std,4,0.36363636363636365
1074,NW-flex,4,1.0
1074,BWA-no-clip,5,1.0
1074,BWA-std,5,0.36363636363636365
1074,NW-flex,5,1.0
1074,BWA-no-clip,6,1.0
1074,BWA-std,6,0.45454545454545453
1074,NW-flex,6,1.0
1074,BWA-no-clip,7,1.0
1074,BWA-std,7,0.45454545454545453
1074,NW-flex,7,1.0
1074,BWA-no-clip,8,1.0
1074,BWA-std,8,0.6363636363636364
1074,NW-flex,8,1.0
1074,BWA-no-clip,9,1.0
1074,BWA-std,9,0.6363636363636364
1074,NW-flex,9,1.0
1074,BWA-no-clip,10,1.0
1074,BWA-std,10,0.8181818181818182
1074,NW-flex,10,1.0
1075,BWA-no-clip,1,0.18181818181818182
1075,BWA-std,1,0.09090909090909091
1075,NW-flex,1,1.0
1075,BWA-no-clip,2,0.2727272727272727
1075,BWA-std,2,0.09090909090909091
1075,NW-flex,2,1.0
1075,BWA-no-clip,3,0.45454545454545453
1075,BWA-std,3,0.18181818181818182
1075,NW-flex,3,1.0
1075,BWA-no-clip,4,0.6363636363636364
1075,BWA-std,4,0.2727272727272727
1075,NW-flex,4,1.0
1075,BWA-no-clip,5,0.8181818181818182
1075,BWA-std,5,0.2727272727272727
1075,NW-flex,5,1.0
1075,BWA-no-clip,6,1.0
1075,BWA-std,6,0.45454545454545453
1075,NW-flex,6,1.0
1075,BWA-no-clip,7,1.0
1075,BWA-std,7,0.45454545454545453
1075,NW-flex,7,1.0
1075,BWA-no-clip,8,1.0
1075,BWA-std,8,0.6363636363636364
1075,NW-flex,8,1.0
1075,BWA-no-clip,9,1.0
1075,BWA-std,9,0.6363636363636364
1075,NW-flex,9,1.0
1075,BWA-no-clip,10,1.0
1075,BWA-std,10,0.8181818181818182
1075,NW-flex,10,1.0
1076,BWA-no-clip,1,0.18181818181818182
1076,BWA-std,1,0.09090909090909091
1076,NW-flex,1,1.0
1076,BWA-no-clip,2,0.5454545454545454
1076,BWA-std,2,0.09090909090909091
1076,NW-flex,2,1.0
1076,BWA-no-clip,3,0.7272727272727273
1076,BWA-std,3,0.18181818181818182
1076,NW-flex,3,1.0
1076,BWA-no-clip,4,0.9090909090909091
1076,BWA-std,4,0.36363636363636365
1076,NW-flex,4,1.0
1076,BWA-no-clip,5,1.0
1076,BWA-std,5,0.36363636363636365
1076,NW-flex,5,1.0
1076,BWA-no-clip,6,1.0
1076,BWA-std,6,0.45454545454545453
1076,NW-flex,6,1.0
1076,BWA-no-clip,7,1.0
1076,BWA-std,7,0.45454545454545453
1076,NW-flex,7,1.0
1076,BWA-no-clip,8,1.0
1076,BWA-std,8,0.6363636363636364
1076,NW-flex,8,1.0
1076,BWA-no-clip,9,1.0
1076,BWA-std,9,0.6363636363636364
1076,NW-flex,9,1.0
1076,BWA-no-clip,10,1.0
1076,BWA-std,10,0.8181818181818182
1076,NW-flex,10,1.0
1077,BWA-no-clip,1,0.45454545454545453
1077,BWA-std,1,0.09090909090909091
1077,NW-flex,1,1.0
1077,BWA-no-clip,2,0.5454545454545454
1077,BWA-std,2,0.09090909090909091
1077,NW-flex,2,1.0
1077,BWA-no-clip,3,0.6363636363636364
1077,BWA-std,3,0.09090909090909091
1077,NW-flex,3,1.0
1077,BWA-no-clip,4,0.7272727272727273
1077,BWA-std,4,0.36363636363636365
1077,NW-flex,4,1.0
1077,BWA-no-clip,5,0.9090909090909091
1077,BWA-std,5,0.36363636363636365
1077,NW-flex,5,1.0
1077,BWA-no-clip,6,1.0
1077,BWA-std,6,0.45454545454545453
1077,NW-flex,6,1.0
1077,BWA-no-clip,7,1.0
1077,BWA-std,7,0.45454545454545453
1077,NW-flex,7,1.0
1077,BWA-no-clip,8,1.0
1077,BWA-std,8,0.6363636363636364
1077,NW-flex,8,1.0
1077,BWA-no-clip,9,1.0
1077,BWA-std,9,0.6363636363636364
1077,NW-flex,9,1.0
1077,BWA-no-clip,10,1.0
1077,BWA-std,10,0.8181818181818182
1077,NW-flex,10,1.0
1078,BWA-no-clip,1,0.09090909090909091
1078,BWA-std,1,0.09090909090909091
1078,NW-flex,1,1.0
1078,BWA-no-clip,2,0.09090909090909091
1078,BWA-std,2,0.09090909090909091
1078,NW-flex,2,1.0
1078,BWA-no-clip,3,0.30303030303030304
1078,BWA-std,3,0.18181818181818182
1078,NW-flex,3,1.0
1078,BWA-no-clip,4,0.6363636363636364
1078,BWA-std,4,0.36363636363636365
1078,NW-flex,4,1.0
1078,BWA-no-clip,5,0.9090909090909091
1078,BWA-std,5,0.36363636363636365
1078,NW-flex,5,1.0
1078,BWA-no-clip,6,0.9090909090909091
1078,BWA-std,6,0.45454545454545453
1078,NW-flex,6,1.0
1078,BWA-no-clip,7,1.0
1078,BWA-std,7,0.45454545454545453
1078,NW-flex,7,1.0
1078,BWA-no-clip,8,1.0
1078,BWA-std,8,0.6363636363636364
1078,NW-flex,8,1.0
1078,BWA-no-clip,9,1.0
1078,BWA-std,9,0.6363636363636364
1078,NW-flex,9,1.0
1078,BWA-no-clip,10,1.0
1078,BWA-std,10,0.8181818181818182
1078,NW-flex,10,1.0
1079,BWA-no-clip,1,0.18181818181818182
1079,BWA-std,1,0.09090909090909091
1079,NW-flex,1,1.0
1079,BWA-no-clip,2,0.36363636363636365
1079,BWA-std,2,0.18181818181818182
1079,NW-flex,2,1.0
1079,BWA-no-clip,3,0.8181818181818182
1079,BWA-std,3,0.18181818181818182
1079,NW-flex,3,1.0
1079,BWA-no-clip,4,0.9090909090909091
1079,BWA-std,4,0.36363636363636365
1079,NW-flex,4,1.0
1079,BWA-no-clip,5,1.0
1079,BWA-std,5,0.36363636363636365
1079,NW-flex,5,1.0
1079,BWA-no-clip,6,1.0
1079,BWA-std,6,0.45454545454545453
1079,NW-flex,6,1.0
1079,BWA-no-clip,7,1.0
1079,BWA-std,7,0.45454545454545453
1079,NW-flex,7,1.0
1079,BWA-no-clip,8,1.0
1079,BWA-std,8,0.6363636363636364
1079,NW-flex,8,1.0
1079,BWA-no-clip,9,1.0
1079,BWA-std,9,0.6363636363636364
1079,NW-flex,9,1.0
1079,BWA-no-clip,10,1.0
1079,BWA-std,10,0.8181818181818182
1079,NW-flex,10,1.0
1080,BWA-no-clip,1,0.5454545454545454
1080,BWA-std,1,0.09090909090909091
1080,NW-flex,1,1.0
1080,BWA-no-clip,2,0.6363636363636364
1080,BWA-std,2,0.18181818181818182
1080,NW-flex,2,1.0
1080,BWA-no-clip,3,0.7272727272727273
1080,BWA-std,3,0.18181818181818182
1080,NW-flex,3,1.0
1080,BWA-no-clip,4,0.7272727272727273
1080,BWA-std,4,0.36363636363636365
1080,NW-flex,4,1.0
1080,BWA-no-clip,5,0.7272727272727273
1080,BWA-std,5,0.36363636363636365
1080,NW-flex,5,1.0
1080,BWA-no-clip,6,0.9090909090909091
1080,BWA-std,6,0.45454545454545453
1080,NW-flex,6,1.0
1080,BWA-no-clip,7,1.0
1080,BWA-std,7,0.45454545454545453
1080,NW-flex,7,1.0
1080,BWA-no-clip,8,1.0
1080,BWA-std,8,0.6363636363636364
1080,NW-flex,8,1.0
1080,BWA-no-clip,9,1.0
1080,BWA-std,9,0.6363636363636364
1080,NW-flex,9,1.0
1080,BWA-no-clip,10,1.0
1080,BWA-std,10,0.8181818181818182
1080,NW-flex,10,1.0
1081,BWA-no-clip,1,0.5454545454545454
1081,BWA-std,1,0.09090909090909091
1081,NW-flex,1,1.0
1081,BWA-no-clip,2,0.6363636363636364
1081,BWA-std,2,0.18181818181818182
1081,NW-flex,2,1.0
1081,BWA-no-clip,3,0.7272727272727273
1081,BWA-std,3,0.18181818181818182
1081,NW-flex,3,1.0
1081,BWA-no-clip,4,0.7272727272727273
1081,BWA-std,4,0.36363636363636365
1081,NW-flex,4,1.0
1081,BWA-no-clip,5,0.7272727272727273
1081,BWA-std,5,0.36363636363636365
1081,NW-flex,5,1.0
1081,BWA-no-clip,6,0.9090909090909091
1081,BWA-std,6,0.45454545454545453
1081,NW-flex,6,1.0
1081,BWA-no-clip,7,1.0
1081,BWA-std,7,0.45454545454545453
1081,NW-flex,7,1.0
1081,BWA-no-clip,8,1.0
1081,BWA-std,8,0.6363636363636364
1081,NW-flex,8,1.0
1081,BWA-no-clip,9,1.0
1081,BWA-std,9,0.6363636363636364
1081,NW-flex,9,1.0
1081,BWA-no-clip,10,1.0
1081,BWA-std,10,0.8181818181818182
1081,NW-flex,10,1.0
1082,BWA-no-clip,1,0.5454545454545454
1082,BWA-std,1,0.09090909090909091
1082,NW-flex,1,1.0
1082,BWA-no-clip,2,0.7272727272727273
1082,BWA-std,2,0.18181818181818182
1082,NW-flex,2,1.0
1082,BWA-no-clip,3,0.9090909090909091
1082,BWA-std,3,0.18181818181818182
1082,NW-flex,3,1.0
1082,BWA-no-clip,4,0.9090909090909091
1082,BWA-std,4,0.36363636363636365
1082,NW-flex,4,1.0
1082,BWA-no-clip,5,1.0
1082,BWA-std,5,0.36363636363636365
1082,NW-flex,5,1.0
1082,BWA-no-clip,6,1.0
1082,BWA-std,6,0.45454545454545453
1082,NW-flex,6,1.0
1082,BWA-no-clip,7,1.0
1082,BWA-std,7,0.45454545454545453
1082,NW-flex,7,1.0
1082,BWA-no-clip,8,1.0
1082,BWA-std,8,0.6363636363636364
1082,NW-flex,8,1.0
1082,BWA-no-clip,9,1.0
1082,BWA-std,9,0.6363636363636364
1082,NW-flex,9,1.0
1082,BWA-no-clip,10,1.0
1082,BWA-std,10,0.8181818181818182
1082,NW-flex,10,1.0
1083,BWA-no-clip,1,0.5454545454545454
1083,BWA-std,1,0.09090909090909091
1083,NW-flex,1,1.0
1083,BWA-no-clip,2,0.6363636363636364
1083,BWA-std,2,0.18181818181818182
1083,NW-flex,2,1.0
1083,BWA-no-clip,3,0.8181818181818182
1083,BWA-std,3,0.18181818181818182
1083,NW-flex,3,1.0
1083,BWA-no-clip,4,1.0
1083,BWA-std,4,0.36363636363636365
1083,NW-flex,4,1.0
1083,BWA-no-clip,5,1.0
1083,BWA-std,5,0.36363636363636365
1083,NW-flex,5,1.0
1083,BWA-no-clip,6,1.0
1083,BWA-std,6,0.45454545454545453
1083,NW-flex,6,1.0
1083,BWA-no-clip,7,1.0
1083,BWA-std,7,0.45454545454545453
1083,NW-flex,7,1.0
1083,BWA-no-clip,8,1.0
1083,BWA-std,8,0.6363636363636364
1083,NW-flex,8,1.0
1083,BWA-no-clip,9,1.0
1083,BWA-std,9,0.6363636363636364
1083,NW-flex,9,1.0
1083,BWA-no-clip,10,1.0
1083,BWA-std,10,0.8181818181818182
1083,NW-flex,10,1.0
1084,BWA-no-clip,1,0.5454545454545454
1084,BWA-std,1,0.09090909090909091
1084,NW-flex,1,1.0
1084,BWA-no-clip,2,0.7272727272727273
1084,BWA-std,2,0.18181818181818182
1084,NW-flex,2,1.0
1084,BWA-no-clip,3,0.9090909090909091
1084,BWA-std,3,0.18181818181818182
1084,NW-flex,3,1.0
1084,BWA-no-clip,4,0.9090909090909091
1084,BWA-std,4,0.36363636363636365
1084,NW-flex,4,1.0
1084,BWA-no-clip,5,1.0
1084,BWA-std,5,0.36363636363636365
1084,NW-flex,5,1.0
1084,BWA-no-clip,6,1.0
1084,BWA-std,6,0.45454545454545453
1084,NW-flex,6,1.0
1084,BWA-no-clip,7,1.0
1084,BWA-std,7,0.45454545454545453
1084,NW-flex,7,1.0
1084,BWA-no-clip,8,1.0
1084,BWA-std,8,0.6363636363636364
1084,NW-flex,8,1.0
1084,BWA-no-clip,9,1.0
1084,BWA-std,9,0.6363636363636364
1084,NW-flex,9,1.0
1084,BWA-no-clip,10,1.0
1084,BWA-std,10,0.8181818181818182
1084,NW-flex,10,1.0
1085,BWA-no-clip,1,0.5454545454545454
1085,BWA-std,1,0.09090909090909091
1085,NW-flex,1,1.0
1085,BWA-no-clip,2,0.6363636363636364
1085,BWA-std,2,0.18181818181818182
1085,NW-flex,2,1.0
1085,BWA-no-clip,3,0.8181818181818182
1085,BWA-std,3,0.18181818181818182
1085,NW-flex,3,1.0
1085,BWA-no-clip,4,1.0
1085,BWA-std,4,0.36363636363636365
1085,NW-flex,4,1.0
1085,BWA-no-clip,5,1.0
1085,BWA-std,5,0.36363636363636365
1085,NW-flex,5,1.0
1085,BWA-no-clip,6,1.0
1085,BWA-std,6,0.45454545454545453
1085,NW-flex,6,1.0
1085,BWA-no-clip,7,1.0
1085,BWA-std,7,0.45454545454545453
1085,NW-flex,7,1.0
1085,BWA-no-clip,8,1.0
1085,BWA-std,8,0.6363636363636364
1085,NW-flex,8,1.0
1085,BWA-no-clip,9,1.0
1085,BWA-std,9,0.6363636363636364
1085,NW-flex,9,1.0
1085,BWA-no-clip,10,1.0
1085,BWA-std,10,0.8181818181818182
1085,NW-flex,10,1.0
1086,BWA-no-clip,1,0.5454545454545454
1086,BWA-std,1,0.09090909090909091
1086,NW-flex,1,1.0
1086,BWA-no-clip,2,0.7272727272727273
1086,BWA-std,2,0.18181818181818182
1086,NW-flex,2,1.0
1086,BWA-no-clip,3,0.9090909090909091
1086,BWA-std,3,0.18181818181818182
1086,NW-flex,3,1.0
1086,BWA-no-clip,4,0.9090909090909091
1086,BWA-std,4,0.36363636363636365
1086,NW-flex,4,1.0
1086,BWA-no-clip,5,0.9090909090909091
1086,BWA-std,5,0.36363636363636365
1086,NW-flex,5,1.0
1086,BWA-no-clip,6,1.0
1086,BWA-std,6,0.45454545454545453
1086,NW-flex,6,1.0
1086,BWA-no-clip,7,1.0
1086,BWA-std,7,0.45454545454545453
1086,NW-flex,7,1.0
1086,BWA-no-clip,8,1.0
1086,BWA-std,8,0.6363636363636364
1086,NW-flex,8,1.0
1086,BWA-no-clip,9,1.0
1086,BWA-std,9,0.6363636363636364
1086,NW-flex,9,1.0
1086,BWA-no-clip,10,1.0
1086,BWA-std,10,0.8181818181818182
1086,NW-flex,10,1.0
1087,BWA-no-clip,1,0.5454545454545454
1087,BWA-std,1,0.09090909090909091
1087,NW-flex,1,1.0
1087,BWA-no-clip,2,0.7272727272727273
1087,BWA-std,2,0.18181818181818182
1087,NW-flex,2,1.0
1087,BWA-no-clip,3,0.8181818181818182
1087,BWA-std,3,0.18181818181818182
1087,NW-flex,3,1.0
1087,BWA-no-clip,4,0.9090909090909091
1087,BWA-std,4,0.36363636363636365
1087,NW-flex,4,1.0
1087,BWA-no-clip,5,1.0
1087,BWA-std,5,0.36363636363636365
1087,NW-flex,5,1.0
1087,BWA-no-clip,6,1.0
1087,BWA-std,6,0.45454545454545453
1087,NW-flex,6,1.0
1087,BWA-no-clip,7,1.0
1087,BWA-std,7,0.45454545454545453
1087,NW-flex,7,1.0
1087,BWA-no-clip,8,1.0
1087,BWA-std,8,0.6363636363636364
1087,NW-flex,8,1.0
1087,BWA-no-clip,9,1.0
1087,BWA-std,9,0.6363636363636364
1087,NW-flex,9,1.0
1087,BWA-no-clip,10,1.0
1087,BWA-std,10,0.8181818181818182
1087,NW-flex,10,1.0
1088,BWA-no-clip,1,0.09090909090909091
1088,BWA-std,1,0.09090909090909091
1088,NW-flex,1,1.0
1088,BWA-no-clip,2,0.09090909090909091
1088,BWA-std,2,0.09090909090909091
1088,NW-flex,2,1.0
1088,BWA-no-clip,3,0.5757575757575758
1088,BWA-std,3,0.18181818181818182
1088,NW-flex,3,1.0
1088,BWA-no-clip,4,0.9090909090909091
1088,BWA-std,4,0.36363636363636365
1088,NW-flex,4,1.0
1088,BWA-no-clip,5,1.0
1088,BWA-std,5,0.36363636363636365
1088,NW-flex,5,1.0
1088,BWA-no-clip,6,1.0
1088,BWA-std,6,0.45454545454545453
1088,NW-flex,6,1.0
1088,BWA-no-clip,7,1.0
1088,BWA-std,7,0.45454545454545453
1088,NW-flex,7,1.0
1088,BWA-no-clip,8,1.0
1088,BWA-std,8,0.6363636363636364
1088,NW-flex,8,1.0
1088,BWA-no-clip,9,1.0
1088,BWA-std,9,0.6363636363636364
1088,NW-flex,9,1.0
1088,BWA-no-clip,10,1.0
1088,BWA-std,10,0.8181818181818182
1088,NW-flex,10,1.0
1089,BWA-no-clip,1,0.36363636363636365
1089,BWA-std,1,0.09090909090909091
1089,NW-flex,1,1.0
1089,BWA-no-clip,2,0.6363636363636364
1089,BWA-std,2,0.18181818181818182
1089,NW-flex,2,1.0
1089,BWA-no-clip,3,0.8181818181818182
1089,BWA-std,3,0.18181818181818182
1089,NW-flex,3,1.0
1089,BWA-no-clip,4,0.9090909090909091
1089,BWA-std,4,0.36363636363636365
1089,NW-flex,4,1.0
1089,BWA-no-clip,5,0.9090909090909091
1089,BWA-std,5,0.36363636363636365
1089,NW-flex,5,1.0
1089,BWA-no-clip,6,0.9090909090909091
1089,BWA-std,6,0.45454545454545453
1089,NW-flex,6,1.0
1089,BWA-no-clip,7,0.9090909090909091
1089,BWA-std,7,0.45454545454545453
1089,NW-flex,7,1.0
1089,BWA-no-clip,8,0.9090909090909091
1089,BWA-std,8,0.6363636363636364
1089,NW-flex,8,1.0
1089,BWA-no-clip,9,0.9090909090909091
1089,BWA-std,9,0.6363636363636364
1089,NW-flex,9,1.0
1089,BWA-no-clip,10,1.0
1089,BWA-std,10,0.8181818181818182
1089,NW-flex,10,1.0
1090,BWA-no-clip,1,0.09090909090909091
1090,BWA-std,1,0.09090909090909091
1090,NW-flex,1,1.0
1090,BWA-no-clip,2,0.5454545454545454
1090,BWA-std,2,0.09090909090909091
1090,NW-flex,2,1.0
1090,BWA-no-clip,3,0.7272727272727273
1090,BWA-std,3,0.18181818181818182
1090,NW-flex,3,1.0
1090,BWA-no-clip,4,0.9090909090909091
1090,BWA-std,4,0.36363636363636365
1090,NW-flex,4,1.0
1090,BWA-no-clip,5,1.0
1090,BWA-std,5,0.36363636363636365
1090,NW-flex,5,1.0
1090,BWA-no-clip,6,1.0
1090,BWA-std,6,0.45454545454545453
1090,NW-flex,6,1.0
1090,BWA-no-clip,7,1.0
1090,BWA-std,7,0.45454545454545453
1090,NW-flex,7,1.0
1090,BWA-no-clip,8,1.0
1090,BWA-std,8,0.6363636363636364
1090,NW-flex,8,1.0
1090,BWA-no-clip,9,1.0
1090,BWA-std,9,0.6363636363636364
1090,NW-flex,9,1.0
1090,BWA-no-clip,10,1.0
1090,BWA-std,10,0.8181818181818182
1090,NW-flex,10,1.0
1091,BWA-no-clip,1,0.09090909090909091
1091,BWA-std,1,0.09090909090909091
1091,NW-flex,1,1.0
1091,BWA-no-clip,2,0.5454545454545454
1091,BWA-std,2,0.09090909090909091
1091,NW-flex,2,1.0
1091,BWA-no-clip,3,0.7272727272727273
1091,BWA-std,3,0.18181818181818182
1091,NW-flex,3,1.0
1091,BWA-no-clip,4,0.9090909090909091
1091,BWA-std,4,0.36363636363636365
1091,NW-flex,4,1.0
1091,BWA-no-clip,5,1.0
1091,BWA-std,5,0.36363636363636365
1091,NW-flex,5,1.0
1091,BWA-no-clip,6,1.0
1091,BWA-std,6,0.45454545454545453
1091,NW-flex,6,1.0
1091,BWA-no-clip,7,1.0
1091,BWA-std,7,0.45454545454545453
1091,NW-flex,7,1.0
1091,BWA-no-clip,8,1.0
1091,BWA-std,8,0.6363636363636364
1091,NW-flex,8,1.0
1091,BWA-no-clip,9,1.0
1091,BWA-std,9,0.6363636363636364
1091,NW-flex,9,1.0
1091,BWA-no-clip,10,1.0
1091,BWA-std,10,0.8181818181818182
1091,NW-flex,10,1.0
1092,BWA-no-clip,1,0.5454545454545454
1092,BWA-std,1,0.09090909090909091
1092,NW-flex,1,1.0
1092,BWA-no-clip,2,0.7272727272727273
1092,BWA-std,2,0.18181818181818182
1092,NW-flex,2,1.0
1092,BWA-no-clip,3,0.9090909090909091
1092,BWA-std,3,0.18181818181818182
1092,NW-flex,3,1.0
1092,BWA-no-clip,4,0.9090909090909091
1092,BWA-std,4,0.36363636363636365
1092,NW-flex,4,1.0
1092,BWA-no-clip,5,0.9090909090909091
1092,BWA-std,5,0.36363636363636365
1092,NW-flex,5,1.0
1092,BWA-no-clip,6,1.0
1092,BWA-std,6,0.45454545454545453
1092,NW-flex,6,1.0
1092,BWA-no-clip,7,1.0
1092,BWA-std,7,0.45454545454545453
1092,NW-flex,7,1.0
1092,BWA-no-clip,8,1.0
1092,BWA-std,8,0.6363636363636364
1092,NW-flex,8,1.0
1092,BWA-no-clip,9,1.0
1092,BWA-std,9,0.6363636363636364
1092,NW-flex,9,1.0
1092,BWA-no-clip,10,1.0
1092,BWA-std,10,0.8181818181818182
1092,NW-flex,10,1.0
1093,BWA-no-clip,1,0.5454545454545454
1093,BWA-std,1,0.09090909090909091
1093,NW-flex,1,1.0
1093,BWA-no-clip,2,0.7272727272727273
1093,BWA-std,2,0.18181818181818182
1093,NW-flex,2,1.0
1093,BWA-no-clip,3,0.8181818181818182
1093,BWA-std,3,0.18181818181818182
1093,NW-flex,3,1.0
1093,BWA-no-clip,4,0.9090909090909091
1093,BWA-std,4,0.36363636363636365
1093,NW-flex,4,1.0
1093,BWA-no-clip,5,0.9090909090909091
1093,BWA-std,5,0.36363636363636365
1093,NW-flex,5,1.0
1093,BWA-no-clip,6,0.9090909090909091
1093,BWA-std,6,0.45454545454545453
1093,NW-flex,6,1.0
1093,BWA-no-clip,7,0.9090909090909091
1093,BWA-std,7,0.45454545454545453
1093,NW-flex,7,1.0
1093,BWA-no-clip,8,1.0
1093,BWA-std,8,0.6363636363636364
1093,NW-flex,8,1.0
1093,BWA-no-clip,9,1.0
1093,BWA-std,9,0.6363636363636364
1093,NW-flex,9,1.0
1093,BWA-no-clip,10,1.0
1093,BWA-std,10,0.8181818181818182
1093,NW-flex,10,1.0
1094,BWA-no-clip,1,0.09090909090909091
1094,BWA-std,1,0.09090909090909091
1094,NW-flex,1,1.0
1094,BWA-no-clip,2,0.09090909090909091
1094,BWA-std,2,0.09090909090909091
1094,NW-flex,2,1.0
1094,BWA-no-clip,3,0.5757575757575758
1094,BWA-std,3,0.18181818181818182
1094,NW-flex,3,1.0
1094,BWA-no-clip,4,0.9090909090909091
1094,BWA-std,4,0.36363636363636365
1094,NW-flex,4,1.0
1094,BWA-no-clip,5,1.0
1094,BWA-std,5,0.36363636363636365
1094,NW-flex,5,1.0
1094,BWA-no-clip,6,1.0
1094,BWA-std,6,0.45454545454545453
1094,NW-flex,6,1.0
1094,BWA-no-clip,7,1.0
1094,BWA-std,7,0.45454545454545453
1094,NW-flex,7,1.0
1094,BWA-no-clip,8,1.0
1094,BWA-std,8,0.6363636363636364
1094,NW-flex,8,1.0
1094,BWA-no-clip,9,1.0
1094,BWA-std,9,0.6363636363636364
1094,NW-flex,9,1.0
1094,BWA-no-clip,10,1.0
1094,BWA-std,10,0.8181818181818182
1094,NW-flex,10,1.0
1095,BWA-no-clip,1,0.5454545454545454
1095,BWA-std,1,0.09090909090909091
1095,NW-flex,1,1.0
1095,BWA-no-clip,2,0.7272727272727273
1095,BWA-std,2,0.18181818181818182
1095,NW-flex,2,1.0
1095,BWA-no-clip,3,0.8181818181818182
1095,BWA-std,3,0.18181818181818182
1095,NW-flex,3,1.0
1095,BWA-no-clip,4,0.8181818181818182
1095,BWA-std,4,0.36363636363636365
1095,NW-flex,4,1.0
1095,BWA-no-clip,5,1.0
1095,BWA-std,5,0.36363636363636365
1095,NW-flex,5,1.0
1095,BWA-no-clip,6,1.0
1095,BWA-std,6,0.45454545454545453
1095,NW-flex,6,1.0
1095,BWA-no-clip,7,1.0
1095,BWA-std,7,0.45454545454545453
1095,NW-flex,7,1.0
1095,BWA-no-clip,8,1.0
1095,BWA-std,8,0.6363636363636364
1095,NW-flex,8,1.0
1095,BWA-no-clip,9,1.0
1095,BWA-std,9,0.6363636363636364
1095,NW-flex,9,1.0
1095,BWA-no-clip,10,1.0
1095,BWA-std,10,0.8181818181818182
1095,NW-flex,10,1.0
1096,BWA-no-clip,1,0.5454545454545454
1096,BWA-std,1,0.09090909090909091
1096,NW-flex,1,1.0
1096,BWA-no-clip,2,0.7272727272727273
1096,BWA-std,2,0.18181818181818182
1096,NW-flex,2,1.0
1096,BWA-no-clip,3,0.9090909090909091
1096,BWA-std,3,0.18181818181818182
1096,NW-flex,3,1.0
1096,BWA-no-clip,4,0.9090909090909091
1096,BWA-std,4,0.36363636363636365
1096,NW-flex,4,1.0
1096,BWA-no-clip,5,0.9090909090909091
1096,BWA-std,5,0.36363636363636365
1096,NW-flex,5,1.0
1096,BWA-no-clip,6,1.0
1096,BWA-std,6,0.45454545454545453
1096,NW-flex,6,1.0
1096,BWA-no-clip,7,1.0
1096,BWA-std,7,0.45454545454545453
1096,NW-flex,7,1.0
1096,BWA-no-clip,8,1.0
1096,BWA-std,8,0.6363636363636364
1096,NW-flex,8,1.0
1096,BWA-no-clip,9,1.0
1096,BWA-std,9,0.6363636363636364
1096,NW-flex,9,1.0
1096,BWA-no-clip,10,1.0
1096,BWA-std,10,0.8181818181818182
1096,NW-flex,10,1.0
1097,BWA-no-clip,1,0.5454545454545454
1097,BWA-std,1,0.09090909090909091
1097,NW-flex,1,1.0
1097,BWA-no-clip,2,0.7272727272727273
1097,BWA-std,2,0.18181818181818182
1097,NW-flex,2,1.0
1097,BWA-no-clip,3,0.9090909090909091
1097,BWA-std,3,0.18181818181818182
1097,NW-flex,3,1.0
1097,BWA-no-clip,4,0.9090909090909091
1097,BWA-std,4,0.36363636363636365
1097,NW-flex,4,1.0
1097,BWA-no-clip,5,1.0
1097,BWA-std,5,0.36363636363636365
1097,NW-flex,5,1.0
1097,BWA-no-clip,6,1.0
1097,BWA-std,6,0.45454545454545453
1097,NW-flex,6,1.0
1097,BWA-no-clip,7,1.0
1097,BWA-std,7,0.45454545454545453
1097,NW-flex,7,1.0
1097,BWA-no-clip,8,1.0
1097,BWA-std,8,0.6363636363636364
1097,NW-flex,8,1.0
1097,BWA-no-clip,9,1.0
1097,BWA-std,9,0.6363636363636364
1097,NW-flex,9,1.0
1097,BWA-no-clip,10,1.0
1097,BWA-std,10,0.8181818181818182
1097,NW-flex,10,1.0
1098,BWA-no-clip,1,0.5454545454545454
1098,BWA-std,1,0.09090909090909091
1098,NW-flex,1,1.0
1098,BWA-no-clip,2,0.7272727272727273
1098,BWA-std,2,0.18181818181818182
1098,NW-flex,2,1.0
1098,BWA-no-clip,3,0.9090909090909091
1098,BWA-std,3,0.18181818181818182
1098,NW-flex,3,1.0
1098,BWA-no-clip,4,1.0
1098,BWA-std,4,0.36363636363636365
1098,NW-flex,4,1.0
1098,BWA-no-clip,5,1.0
1098,BWA-std,5,0.36363636363636365
1098,NW-flex,5,1.0
1098,BWA-no-clip,6,1.0
1098,BWA-std,6,0.45454545454545453
1098,NW-flex,6,1.0
1098,BWA-no-clip,7,1.0
1098,BWA-std,7,0.45454545454545453
1098,NW-flex,7,1.0
1098,BWA-no-clip,8,1.0
1098,BWA-std,8,0.6363636363636364
1098,NW-flex,8,1.0
1098,BWA-no-clip,9,1.0
1098,BWA-std,9,0.6363636363636364
1098,NW-flex,9,1.0
1098,BWA-no-clip,10,1.0
1098,BWA-std,10,0.8181818181818182
1098,NW-flex,10,1.0
1099,BWA-no-clip,1,0.18181818181818182
1099,BWA-std,1,0.09090909090909091
1099,NW-flex,1,1.0
1099,BWA-no-clip,2,0.7272727272727273
1099,BWA-std,2,0.18181818181818182
1099,NW-flex,2,1.0
1099,BWA-no-clip,3,0.8181818181818182
1099,BWA-std,3,0.18181818181818182
1099,NW-flex,3,1.0
1099,BWA-no-clip,4,0.9090909090909091
1099,BWA-std,4,0.36363636363636365
1099,NW-flex,4,1.0
1099,BWA-no-clip,5,0.9090909090909091
1099,BWA-std,5,0.36363636363636365
1099,NW-flex,5,1.0
1099,BWA-no-clip,6,1.0
1099,BWA-std,6,0.45454545454545453
1099,NW-flex,6,1.0
1099,BWA-no-clip,7,1.0
1099,BWA-std,7,0.45454545454545453
1099,NW-flex,7,1.0
1099,BWA-no-clip,8,1.0
1099,BWA-std,8,0.6363636363636364
1099,NW-flex,8,1.0
1099,BWA-no-clip,9,1.0
1099,BWA-std,9,0.6363636363636364
1099,NW-flex,9,1.0
1099,BWA-no-clip,10,1.0
1099,BWA-std,10,0.8181818181818182
1099,NW-flex,10,1.0
1100,BWA-no-clip,1,0.5454545454545454
1100,BWA-std,1,0.09090909090909091
1100,NW-flex,1,1.0
1100,BWA-no-clip,2,0.7272727272727273
1100,BWA-std,2,0.18181818181818182
1100,NW-flex,2,1.0
1100,BWA-no-clip,3,0.9090909090909091
1100,BWA-std,3,0.18181818181818182
1100,NW-flex,3,1.0
1100,BWA-no-clip,4,1.0
1100,BWA-std,4,0.36363636363636365
1100,NW-flex,4,1.0
1100,BWA-no-clip,5,1.0
1100,BWA-std,5,0.36363636363636365
1100,NW-flex,5,1.0
1100,BWA-no-clip,6,1.0
1100,BWA-std,6,0.45454545454545453
1100,NW-flex,6,1.0
1100,BWA-no-clip,7,1.0
1100,BWA-std,7,0.45454545454545453
1100,NW-flex,7,1.0
1100,BWA-no-clip,8,1.0
1100,BWA-std,8,0.6363636363636364
1100,NW-flex,8,1.0
1100,BWA-no-clip,9,1.0
1100,BWA-std,9,0.6363636363636364
1100,NW-flex,9,1.0
1100,BWA-no-clip,10,1.0
1100,BWA-std,10,0.8181818181818182
1100,NW-flex,10,1.0
1101,BWA-no-clip,1,0.5454545454545454
1101,BWA-std,1,0.09090909090909091
1101,NW-flex,1,1.0
1101,BWA-no-clip,2,0.7272727272727273
1101,BWA-std,2,0.18181818181818182
1101,NW-flex,2,1.0
1101,BWA-no-clip,3,0.9090909090909091
1101,BWA-std,3,0.18181818181818182
1101,NW-flex,3,1.0
1101,BWA-no-clip,4,1.0
1101,BWA-std,4,0.36363636363636365
1101,NW-flex,4,1.0
1101,BWA-no-clip,5,1.0
1101,BWA-std,5,0.36363636363636365
1101,NW-flex,5,1.0
1101,BWA-no-clip,6,1.0
1101,BWA-std,6,0.45454545454545453
1101,NW-flex,6,1.0
1101,BWA-no-clip,7,1.0
1101,BWA-std,7,0.45454545454545453
1101,NW-flex,7,1.0
1101,BWA-no-clip,8,1.0
1101,BWA-std,8,0.6363636363636364
1101,NW-flex,8,1.0
1101,BWA-no-clip,9,1.0
1101,BWA-std,9,0.6363636363636364
1101,NW-flex,9,1.0
1101,BWA-no-clip,10,1.0
1101,BWA-std,10,0.8181818181818182
1101,NW-flex,10,1.0
1102,BWA-no-clip,1,0.5454545454545454
1102,BWA-std,1,0.09090909090909091
1102,NW-flex,1,1.0
1102,BWA-no-clip,2,0.7272727272727273
1102,BWA-std,2,0.18181818181818182
1102,NW-flex,2,1.0
1102,BWA-no-clip,3,0.7272727272727273
1102,BWA-std,3,0.18181818181818182
1102,NW-flex,3,1.0
1102,BWA-no-clip,4,0.9090909090909091
1102,BWA-std,4,0.36363636363636365
1102,NW-flex,4,1.0
1102,BWA-no-clip,5,1.0
1102,BWA-std,5,0.36363636363636365
1102,NW-flex,5,1.0
1102,BWA-no-clip,6,1.0
1102,BWA-std,6,0.45454545454545453
1102,NW-flex,6,1.0
1102,BWA-no-clip,7,1.0
1102,BWA-std,7,0.45454545454545453
1102,NW-flex,7,1.0
1102,BWA-no-clip,8,1.0
1102,BWA-std,8,0.6363636363636364
1102,NW-flex,8,1.0
1102,BWA-no-clip,9,1.0
1102,BWA-std,9,0.6363636363636364
1102,NW-flex,9,1.0
1102,BWA-no-clip,10,1.0
1102,BWA-std,10,0.8181818181818182
1102,NW-flex,10,1.0
1103,BWA-no-clip,1,0.5454545454545454
1103,BWA-std,1,0.09090909090909091
1103,NW-flex,1,1.0
1103,BWA-no-clip,2,0.6363636363636364
1103,BWA-std,2,0.18181818181818182
1103,NW-flex,2,1.0
1103,BWA-no-clip,3,0.7272727272727273
1103,BWA-std,3,0.18181818181818182
1103,NW-flex,3,1.0
1103,BWA-no-clip,4,0.9090909090909091
1103,BWA-std,4,0.36363636363636365
1103,NW-flex,4,1.0
1103,BWA-no-clip,5,1.0
1103,BWA-std,5,0.36363636363636365
1103,NW-flex,5,1.0
1103,BWA-no-clip,6,1.0
1103,BWA-std,6,0.45454545454545453
1103,NW-flex,6,1.0
1103,BWA-no-clip,7,1.0
1103,BWA-std,7,0.45454545454545453
1103,NW-flex,7,1.0
1103,BWA-no-clip,8,1.0
1103,BWA-std,8,0.6363636363636364
1103,NW-flex,8,1.0
1103,BWA-no-clip,9,1.0
1103,BWA-std,9,0.6363636363636364
1103,NW-flex,9,1.0
1103,BWA-no-clip,10,1.0
1103,BWA-std,10,0.8181818181818182
1103,NW-flex,10,1.0
1104,BWA-no-clip,1,0.5454545454545454
1104,BWA-std,1,0.09090909090909091
1104,NW-flex,1,1.0
1104,BWA-no-clip,2,0.7272727272727273
1104,BWA-std,2,0.18181818181818182
1104,NW-flex,2,1.0
1104,BWA-no-clip,3,0.9090909090909091
1104,BWA-std,3,0.18181818181818182
1104,NW-flex,3,1.0
1104,BWA-no-clip,4,1.0
1104,BWA-std,4,0.36363636363636365
1104,NW-flex,4,1.0
1104,BWA-no-clip,5,1.0
1104,BWA-std,5,0.36363636363636365
1104,NW-flex,5,1.0
1104,BWA-no-clip,6,1.0
1104,BWA-std,6,0.45454545454545453
1104,NW-flex,6,1.0
1104,BWA-no-clip,7,1.0
1104,BWA-std,7,0.45454545454545453
1104,NW-flex,7,1.0
1104,BWA-no-clip,8,1.0
1104,BWA-std,8,0.6363636363636364
1104,NW-flex,8,1.0
1104,BWA-no-clip,9,1.0
1104,BWA-std,9,0.6363636363636364
1104,NW-flex,9,1.0
1104,BWA-no-clip,10,1.0
1104,BWA-std,10,0.8181818181818182
1104,NW-flex,10,1.0
1105,BWA-no-clip,1,0.5454545454545454
1105,BWA-std,1,0.09090909090909091
1105,NW-flex,1,1.0
1105,BWA-no-clip,2,0.6363636363636364
1105,BWA-std,2,0.18181818181818182
1105,NW-flex,2,1.0
1105,BWA-no-clip,3,0.6363636363636364
1105,BWA-std,3,0.18181818181818182
1105,NW-flex,3,1.0
1105,BWA-no-clip,4,0.8181818181818182
1105,BWA-std,4,0.36363636363636365
1105,NW-flex,4,1.0
1105,BWA-no-clip,5,1.0
1105,BWA-std,5,0.36363636363636365
1105,NW-flex,5,1.0
1105,BWA-no-clip,6,1.0
1105,BWA-std,6,0.45454545454545453
1105,NW-flex,6,1.0
1105,BWA-no-clip,7,1.0
1105,BWA-std,7,0.45454545454545453
1105,NW-flex,7,1.0
1105,BWA-no-clip,8,1.0
1105,BWA-std,8,0.6363636363636364
1105,NW-flex,8,1.0
1105,BWA-no-clip,9,1.0
1105,BWA-std,9,0.6363636363636364
1105,NW-flex,9,1.0
1105,BWA-no-clip,10,1.0
1105,BWA-std,10,0.8181818181818182
1105,NW-flex,10,1.0
1106,BWA-no-clip,1,0.5454545454545454
1106,BWA-std,1,0.09090909090909091
1106,NW-flex,1,1.0
1106,BWA-no-clip,2,0.7272727272727273
1106,BWA-std,2,0.18181818181818182
1106,NW-flex,2,1.0
1106,BWA-no-clip,3,0.9090909090909091
1106,BWA-std,3,0.18181818181818182
1106,NW-flex,3,1.0
1106,BWA-no-clip,4,1.0
1106,BWA-std,4,0.36363636363636365
1106,NW-flex,4,1.0
1106,BWA-no-clip,5,1.0
1106,BWA-std,5,0.36363636363636365
1106,NW-flex,5,1.0
1106,BWA-no-clip,6,1.0
1106,BWA-std,6,0.45454545454545453
1106,NW-flex,6,1.0
1106,BWA-no-clip,7,1.0
1106,BWA-std,7,0.45454545454545453
1106,NW-flex,7,1.0
1106,BWA-no-clip,8,1.0
1106,BWA-std,8,0.6363636363636364
1106,NW-flex,8,1.0
1106,BWA-no-clip,9,1.0
1106,BWA-std,9,0.6363636363636364
1106,NW-flex,9,1.0
1106,BWA-no-clip,10,1.0
1106,BWA-std,10,0.8181818181818182
1106,NW-flex,10,1.0
1107,BWA-no-clip,1,0.5454545454545454
1107,BWA-std,1,0.09090909090909091
1107,NW-flex,1,1.0
1107,BWA-no-clip,2,0.7272727272727273
1107,BWA-std,2,0.18181818181818182
1107,NW-flex,2,1.0
1107,BWA-no-clip,3,0.8181818181818182
1107,BWA-std,3,0.18181818181818182
1107,NW-flex,3,1.0
1107,BWA-no-clip,4,0.9090909090909091
1107,BWA-std,4,0.36363636363636365
1107,NW-flex,4,1.0
1107,BWA-no-clip,5,1.0
1107,BWA-std,5,0.36363636363636365
1107,NW-flex,5,1.0
1107,BWA-no-clip,6,1.0
1107,BWA-std,6,0.45454545454545453
1107,NW-flex,6,1.0
1107,BWA-no-clip,7,1.0
1107,BWA-std,7,0.45454545454545453
1107,NW-flex,7,1.0
1107,BWA-no-clip,8,1.0
1107,BWA-std,8,0.6363636363636364
1107,NW-flex,8,1.0
1107,BWA-no-clip,9,1.0
1107,BWA-std,9,0.6363636363636364
1107,NW-flex,9,1.0
1107,BWA-no-clip,10,1.0
1107,BWA-std,10,0.8181818181818182
1107,NW-flex,10,1.0
1108,BWA-no-clip,1,0.5454545454545454
1108,BWA-std,1,0.09090909090909091
1108,NW-flex,1,1.0
1108,BWA-no-clip,2,0.7272727272727273
1108,BWA-std,2,0.18181818181818182
1108,NW-flex,2,1.0
1108,BWA-no-clip,3,0.9090909090909091
1108,BWA-std,3,0.18181818181818182
1108,NW-flex,3,1.0
1108,BWA-no-clip,4,1.0
1108,BWA-std,4,0.36363636363636365
1108,NW-flex,4,1.0
1108,BWA-no-clip,5,0.9090909090909091
1108,BWA-std,5,0.36363636363636365
1108,NW-flex,5,1.0
1108,BWA-no-clip,6,1.0
1108,BWA-std,6,0.45454545454545453
1108,NW-flex,6,1.0
1108,BWA-no-clip,7,1.0
1108,BWA-std,7,0.45454545454545453
1108,NW-flex,7,1.0
1108,BWA-no-clip,8,1.0
1108,BWA-std,8,0.6363636363636364
1108,NW-flex,8,1.0
1108,BWA-no-clip,9,1.0
1108,BWA-std,9,0.6363636363636364
1108,NW-flex,9,1.0
1108,BWA-no-clip,10,1.0
1108,BWA-std,10,0.8181818181818182
1108,NW-flex,10,1.0
1109,BWA-no-clip,1,0.5454545454545454
1109,BWA-std,1,0.09090909090909091
1109,NW-flex,1,1.0
1109,BWA-no-clip,2,0.5454545454545454
1109,BWA-std,2,0.09090909090909091
1109,NW-flex,2,1.0
1109,BWA-no-clip,3,0.7272727272727273
1109,BWA-std,3,0.18181818181818182
1109,NW-flex,3,1.0
1109,BWA-no-clip,4,0.9090909090909091
1109,BWA-std,4,0.36363636363636365
1109,NW-flex,4,1.0
1109,BWA-no-clip,5,1.0
1109,BWA-std,5,0.36363636363636365
1109,NW-flex,5,1.0
1109,BWA-no-clip,6,1.0
1109,BWA-std,6,0.45454545454545453
1109,NW-flex,6,1.0
1109,BWA-no-clip,7,1.0
1109,BWA-std,7,0.45454545454545453
1109,NW-flex,7,1.0
1109,BWA-no-clip,8,1.0
1109,BWA-std,8,0.6363636363636364
1109,NW-flex,8,1.0
1109,BWA-no-clip,9,1.0
1109,BWA-std,9,0.6363636363636364
1109,NW-flex,9,1.0
1109,BWA-no-clip,10,1.0
1109,BWA-std,10,0.8181818181818182
1109,NW-flex,10,1.0
1110,BWA-no-clip,1,0.09090909090909091
1110,BWA-std,1,0.09090909090909091
1110,NW-flex,1,1.0
1110,BWA-no-clip,2,0.5454545454545454
1110,BWA-std,2,0.09090909090909091
1110,NW-flex,2,1.0
1110,BWA-no-clip,3,0.7272727272727273
1110,BWA-std,3,0.18181818181818182
1110,NW-flex,3,1.0
1110,BWA-no-clip,4,0.8181818181818182
1110,BWA-std,4,0.36363636363636365
1110,NW-flex,4,1.0
1110,BWA-no-clip,5,0.9090909090909091
1110,BWA-std,5,0.36363636363636365
1110,NW-flex,5,1.0
1110,BWA-no-clip,6,1.0
1110,BWA-std,6,0.45454545454545453
1110,NW-flex,6,1.0
1110,BWA-no-clip,7,1.0
1110,BWA-std,7,0.45454545454545453
1110,NW-flex,7,1.0
1110,BWA-no-clip,8,1.0
1110,BWA-std,8,0.6363636363636364
1110,NW-flex,8,1.0
1110,BWA-no-clip,9,1.0
1110,BWA-std,9,0.6363636363636364
1110,NW-flex,9,1.0
1110,BWA-no-clip,10,1.0
1110,BWA-std,10,0.8181818181818182
1110,NW-flex,10,1.0
1111,BWA-no-clip,1,0.5454545454545454
1111,BWA-std,1,0.09090909090909091
1111,NW-flex,1,1.0
1111,BWA-no-clip,2,0.6363636363636364
1111,BWA-std,2,0.18181818181818182
1111,NW-flex,2,1.0
1111,BWA-no-clip,3,0.8181818181818182
1111,BWA-std,3,0.18181818181818182
1111,NW-flex,3,1.0
1111,BWA-no-clip,4,1.0
1111,BWA-std,4,0.36363636363636365
1111,NW-flex,4,1.0
1111,BWA-no-clip,5,1.0
1111,BWA-std,5,0.36363636363636365
1111,NW-flex,5,1.0
1111,BWA-no-clip,6,1.0
1111,BWA-std,6,0.45454545454545453
1111,NW-flex,6,1.0
1111,BWA-no-clip,7,1.0
1111,BWA-std,7,0.45454545454545453
1111,NW-flex,7,1.0
1111,BWA-no-clip,8,1.0
1111,BWA-std,8,0.6363636363636364
1111,NW-flex,8,1.0
1111,BWA-no-clip,9,1.0
1111,BWA-std,9,0.6363636363636364
1111,NW-flex,9,1.0
1111,BWA-no-clip,10,1.0
1111,BWA-std,10,0.8181818181818182
1111,NW-flex,10,1.0
1112,BWA-no-clip,1,0.36363636363636365
1112,BWA-std,1,0.09090909090909091
1112,NW-flex,1,1.0
1112,BWA-no-clip,2,0.5454545454545454
1112,BWA-std,2,0.18181818181818182
1112,NW-flex,2,1.0
1112,BWA-no-clip,3,0.9090909090909091
1112,BWA-std,3,0.18181818181818182
1112,NW-flex,3,1.0
1112,BWA-no-clip,4,0.9090909090909091
1112,BWA-std,4,0.36363636363636365
1112,NW-flex,4,1.0
1112,BWA-no-clip,5,0.9090909090909091
1112,BWA-std,5,0.36363636363636365
1112,NW-flex,5,1.0
1112,BWA-no-clip,6,0.9090909090909091
1112,BWA-std,6,0.45454545454545453
1112,NW-flex,6,1.0
1112,BWA-no-clip,7,0.9090909090909091
1112,BWA-std,7,0.45454545454545453
1112,NW-flex,7,1.0
1112,BWA-no-clip,8,0.9090909090909091
1112,BWA-std,8,0.6363636363636364
1112,NW-flex,8,1.0
1112,BWA-no-clip,9,0.9090909090909091
1112,BWA-std,9,0.6363636363636364
1112,NW-flex,9,1.0
1112,BWA-no-clip,10,1.0
1112,BWA-std,10,0.8181818181818182
1112,NW-flex,10,1.0
1113,BWA-no-clip,1,0.5454545454545454
1113,BWA-std,1,0.09090909090909091
1113,NW-flex,1,1.0
1113,BWA-no-clip,2,0.7272727272727273
1113,BWA-std,2,0.18181818181818182
1113,NW-flex,2,1.0
1113,BWA-no-clip,3,0.9090909090909091
1113,BWA-std,3,0.18181818181818182
1113,NW-flex,3,1.0
1113,BWA-no-clip,4,1.0
1113,BWA-std,4,0.36363636363636365
1113,NW-flex,4,1.0
1113,BWA-no-clip,5,1.0
1113,BWA-std,5,0.36363636363636365
1113,NW-flex,5,1.0
1113,BWA-no-clip,6,1.0
1113,BWA-std,6,0.45454545454545453
1113,NW-flex,6,1.0
1113,BWA-no-clip,7,1.0
1113,BWA-std,7,0.45454545454545453
1113,NW-flex,7,1.0
1113,BWA-no-clip,8,1.0
1113,BWA-std,8,0.6363636363636364
1113,NW-flex,8,1.0
1113,BWA-no-clip,9,1.0
1113,BWA-std,9,0.6363636363636364
1113,NW-flex,9,1.0
1113,BWA-no-clip,10,1.0
1113,BWA-std,10,0.8181818181818182
1113,NW-flex,10,1.0
1114,BWA-no-clip,1,0.5454545454545454
1114,BWA-std,1,0.09090909090909091
1114,NW-flex,1,1.0
1114,BWA-no-clip,2,0.7272727272727273
1114,BWA-std,2,0.18181818181818182
1114,NW-flex,2,1.0
1114,BWA-no-clip,3,0.9090909090909091
1114,BWA-std,3,0.18181818181818182
1114,NW-flex,3,1.0
1114,BWA-no-clip,4,1.0
1114,BWA-std,4,0.36363636363636365
1114,NW-flex,4,1.0
1114,BWA-no-clip,5,1.0
1114,BWA-std,5,0.36363636363636365
1114,NW-flex,5,1.0
1114,BWA-no-clip,6,1.0
1114,BWA-std,6,0.45454545454545453
1114,NW-flex,6,1.0
1114,BWA-no-clip,7,1.0
1114,BWA-std,7,0.45454545454545453
1114,NW-flex,7,1.0
1114,BWA-no-clip,8,1.0
1114,BWA-std,8,0.6363636363636364
1114,NW-flex,8,1.0
1114,BWA-no-clip,9,1.0
1114,BWA-std,9,0.6363636363636364
1114,NW-flex,9,1.0
1114,BWA-no-clip,10,1.0
1114,BWA-std,10,0.8181818181818182
1114,NW-flex,10,1.0
1115,BWA-no-clip,1,0.09090909090909091
1115,BWA-std,1,0.09090909090909091
1115,NW-flex,1,1.0
1115,BWA-no-clip,2,0.09090909090909091
1115,BWA-std,2,0.09090909090909091
1115,NW-flex,2,1.0
1115,BWA-no-clip,3,0.5757575757575758
1115,BWA-std,3,0.18181818181818182
1115,NW-flex,3,1.0
1115,BWA-no-clip,4,0.8181818181818182
1115,BWA-std,4,0.36363636363636365
1115,NW-flex,4,1.0
1115,BWA-no-clip,5,0.9090909090909091
1115,BWA-std,5,0.36363636363636365
1115,NW-flex,5,1.0
1115,BWA-no-clip,6,1.0
1115,BWA-std,6,0.45454545454545453
1115,NW-flex,6,1.0
1115,BWA-no-clip,7,1.0
1115,BWA-std,7,0.45454545454545453
1115,NW-flex,7,1.0
1115,BWA-no-clip,8,1.0
1115,BWA-std,8,0.6363636363636364
1115,NW-flex,8,1.0
1115,BWA-no-clip,9,1.0
1115,BWA-std,9,0.6363636363636364
1115,NW-flex,9,1.0
1115,BWA-no-clip,10,1.0
1115,BWA-std,10,0.8181818181818182
1115,NW-flex,10,1.0
1116,BWA-no-clip,1,0.18181818181818182
1116,BWA-std,1,0.09090909090909091
1116,NW-flex,1,1.0
1116,BWA-no-clip,2,0.5454545454545454
1116,BWA-std,2,0.09090909090909091
1116,NW-flex,2,1.0
1116,BWA-no-clip,3,0.6363636363636364
1116,BWA-std,3,0.09090909090909091
1116,NW-flex,3,1.0
1116,BWA-no-clip,4,0.7272727272727273
1116,BWA-std,4,0.36363636363636365
1116,NW-flex,4,1.0
1116,BWA-no-clip,5,0.9090909090909091
1116,BWA-std,5,0.36363636363636365
1116,NW-flex,5,1.0
1116,BWA-no-clip,6,1.0
1116,BWA-std,6,0.45454545454545453
1116,NW-flex,6,1.0
1116,BWA-no-clip,7,1.0
1116,BWA-std,7,0.45454545454545453
1116,NW-flex,7,1.0
1116,BWA-no-clip,8,1.0
1116,BWA-std,8,0.6363636363636364
1116,NW-flex,8,1.0
1116,BWA-no-clip,9,1.0
1116,BWA-std,9,0.6363636363636364
1116,NW-flex,9,1.0
1116,BWA-no-clip,10,1.0
1116,BWA-std,10,0.8181818181818182
1116,NW-flex,10,1.0
1117,BWA-no-clip,1,0.5454545454545454
1117,BWA-std,1,0.09090909090909091
1117,NW-flex,1,1.0
1117,BWA-no-clip,2,0.7272727272727273
1117,BWA-std,2,0.18181818181818182
1117,NW-flex,2,1.0
1117,BWA-no-clip,3,0.9090909090909091
1117,BWA-std,3,0.18181818181818182
1117,NW-flex,3,1.0
1117,BWA-no-clip,4,1.0
1117,BWA-std,4,0.36363636363636365
1117,NW-flex,4,1.0
1117,BWA-no-clip,5,1.0
1117,BWA-std,5,0.36363636363636365
1117,NW-flex,5,1.0
1117,BWA-no-clip,6,1.0
1117,BWA-std,6,0.45454545454545453
1117,NW-flex,6,1.0
1117,BWA-no-clip,7,1.0
1117,BWA-std,7,0.45454545454545453
1117,NW-flex,7,1.0
1117,BWA-no-clip,8,1.0
1117,BWA-std,8,0.6363636363636364
1117,NW-flex,8,1.0
1117,BWA-no-clip,9,1.0
1117,BWA-std,9,0.6363636363636364
1117,NW-flex,9,1.0
1117,BWA-no-clip,10,1.0
1117,BWA-std,10,0.8181818181818182
1117,NW-flex,10,1.0
1118,BWA-no-clip,1,0.45454545454545453
1118,BWA-std,1,0.09090909090909091
1118,NW-flex,1,1.0
1118,BWA-no-clip,2,0.5454545454545454
1118,BWA-std,2,0.09090909090909091
1118,NW-flex,2,1.0
1118,BWA-no-clip,3,0.6363636363636364
1118,BWA-std,3,0.09090909090909091
1118,NW-flex,3,1.0
1118,BWA-no-clip,4,0.7272727272727273
1118,BWA-std,4,0.36363636363636365
1118,NW-flex,4,1.0
1118,BWA-no-clip,5,0.8181818181818182
1118,BWA-std,5,0.36363636363636365
1118,NW-flex,5,1.0
1118,BWA-no-clip,6,0.8181818181818182
1118,BWA-std,6,0.45454545454545453
1118,NW-flex,6,1.0
1118,BWA-no-clip,7,1.0
1118,BWA-std,7,0.45454545454545453
1118,NW-flex,7,1.0
1118,BWA-no-clip,8,1.0
1118,BWA-std,8,0.6363636363636364
1118,NW-flex,8,1.0
1118,BWA-no-clip,9,1.0
1118,BWA-std,9,0.6363636363636364
1118,NW-flex,9,1.0
1118,BWA-no-clip,10,1.0
1118,BWA-std,10,0.8181818181818182
1118,NW-flex,10,1.0
1119,BWA-no-clip,1,0.09090909090909091
1119,BWA-std,1,0.09090909090909091
1119,NW-flex,1,1.0
1119,BWA-no-clip,2,0.09090909090909091
1119,BWA-std,2,0.09090909090909091
1119,NW-flex,2,1.0
1119,BWA-no-clip,3,0.5757575757575758
1119,BWA-std,3,0.18181818181818182
1119,NW-flex,3,1.0
1119,BWA-no-clip,4,0.9090909090909091
1119,BWA-std,4,0.36363636363636365
1119,NW-flex,4,1.0
1119,BWA-no-clip,5,1.0
1119,BWA-std,5,0.36363636363636365
1119,NW-flex,5,1.0
1119,BWA-no-clip,6,1.0
1119,BWA-std,6,0.45454545454545453
1119,NW-flex,6,1.0
1119,BWA-no-clip,7,1.0
1119,BWA-std,7,0.45454545454545453
1119,NW-flex,7,1.0
1119,BWA-no-clip,8,1.0
1119,BWA-std,8,0.6363636363636364
1119,NW-flex,8,1.0
1119,BWA-no-clip,9,1.0
1119,BWA-std,9,0.6363636363636364
1119,NW-flex,9,1.0
1119,BWA-no-clip,10,1.0
1119,BWA-std,10,0.8181818181818182
1119,NW-flex,10,1.0
1120,BWA-no-clip,1,0.5454545454545454
1120,BWA-std,1,0.09090909090909091
1120,NW-flex,1,1.0
1120,BWA-no-clip,2,0.7272727272727273
1120,BWA-std,2,0.18181818181818182
1120,NW-flex,2,1.0
1120,BWA-no-clip,3,0.9090909090909091
1120,BWA-std,3,0.18181818181818182
1120,NW-flex,3,1.0
1120,BWA-no-clip,4,0.8181818181818182
1120,BWA-std,4,0.36363636363636365
1120,NW-flex,4,1.0
1120,BWA-no-clip,5,0.9090909090909091
1120,BWA-std,5,0.36363636363636365
1120,NW-flex,5,1.0
1120,BWA-no-clip,6,0.9090909090909091
1120,BWA-std,6,0.45454545454545453
1120,NW-flex,6,1.0
1120,BWA-no-clip,7,0.9090909090909091
1120,BWA-std,7,0.45454545454545453
1120,NW-flex,7,1.0
1120,BWA-no-clip,8,1.0
1120,BWA-std,8,0.6363636363636364
1120,NW-flex,8,1.0
1120,BWA-no-clip,9,1.0
1120,BWA-std,9,0.6363636363636364
1120,NW-flex,9,1.0
1120,BWA-no-clip,10,1.0
1120,BWA-std,10,0.8181818181818182
1120,NW-flex,10,1.0
1121,BWA-no-clip,1,0.5454545454545454
1121,BWA-std,1,0.09090909090909091
1121,NW-flex,1,1.0
1121,BWA-no-clip,2,0.7272727272727273
1121,BWA-std,2,0.18181818181818182
1121,NW-flex,2,1.0
1121,BWA-no-clip,3,0.9090909090909091
1121,BWA-std,3,0.18181818181818182
1121,NW-flex,3,1.0
1121,BWA-no-clip,4,0.9090909090909091
1121,BWA-std,4,0.36363636363636365
1121,NW-flex,4,1.0
1121,BWA-no-clip,5,1.0
1121,BWA-std,5,0.36363636363636365
1121,NW-flex,5,1.0
1121,BWA-no-clip,6,1.0
1121,BWA-std,6,0.45454545454545453
1121,NW-flex,6,1.0
1121,BWA-no-clip,7,1.0
1121,BWA-std,7,0.45454545454545453
1121,NW-flex,7,1.0
1121,BWA-no-clip,8,1.0
1121,BWA-std,8,0.6363636363636364
1121,NW-flex,8,1.0
1121,BWA-no-clip,9,1.0
1121,BWA-std,9,0.6363636363636364
1121,NW-flex,9,1.0
1121,BWA-no-clip,10,1.0
1121,BWA-std,10,0.8181818181818182
1121,NW-flex,10,1.0
1122,BWA-no-clip,1,0.09090909090909091
1122,BWA-std,1,0.09090909090909091
1122,NW-flex,1,1.0
1122,BWA-no-clip,2,0.5454545454545454
1122,BWA-std,2,0.09090909090909091
1122,NW-flex,2,1.0
1122,BWA-no-clip,3,0.7272727272727273
1122,BWA-std,3,0.18181818181818182
1122,NW-flex,3,1.0
1122,BWA-no-clip,4,0.8181818181818182
1122,BWA-std,4,0.36363636363636365
1122,NW-flex,4,1.0
1122,BWA-no-clip,5,1.0
1122,BWA-std,5,0.36363636363636365
1122,NW-flex,5,1.0
1122,BWA-no-clip,6,1.0
1122,BWA-std,6,0.45454545454545453
1122,NW-flex,6,1.0
1122,BWA-no-clip,7,1.0
1122,BWA-std,7,0.45454545454545453
1122,NW-flex,7,1.0
1122,BWA-no-clip,8,1.0
1122,BWA-std,8,0.6363636363636364
1122,NW-flex,8,1.0
1122,BWA-no-clip,9,1.0
1122,BWA-std,9,0.6363636363636364
1122,NW-flex,9,1.0
1122,BWA-no-clip,10,1.0
1122,BWA-std,10,0.8181818181818182
1122,NW-flex,10,1.0
1123,BWA-no-clip,1,0.5454545454545454
1123,BWA-std,1,0.09090909090909091
1123,NW-flex,1,1.0
1123,BWA-no-clip,2,0.7272727272727273
1123,BWA-std,2,0.18181818181818182
1123,NW-flex,2,1.0
1123,BWA-no-clip,3,0.8181818181818182
1123,BWA-std,3,0.18181818181818182
1123,NW-flex,3,1.0
1123,BWA-no-clip,4,0.8181818181818182
1123,BWA-std,4,0.36363636363636365
1123,NW-flex,4,1.0
1123,BWA-no-clip,5,0.9090909090909091
1123,BWA-std,5,0.36363636363636365
1123,NW-flex,5,1.0
1123,BWA-no-clip,6,1.0
1123,BWA-std,6,0.45454545454545453
1123,NW-flex,6,1.0
1123,BWA-no-clip,7,1.0
1123,BWA-std,7,0.45454545454545453
1123,NW-flex,7,1.0
1123,BWA-no-clip,8,1.0
1123,BWA-std,8,0.6363636363636364
1123,NW-flex,8,1.0
1123,BWA-no-clip,9,1.0
1123,BWA-std,9,0.6363636363636364
1123,NW-flex,9,1.0
1123,BWA-no-clip,10,1.0
1123,BWA-std,10,0.8181818181818182
1123,NW-flex,10,1.0
1124,BWA-no-clip,1,0.5454545454545454
1124,BWA-std,1,0.09090909090909091
1124,NW-flex,1,1.0
1124,BWA-no-clip,2,0.7272727272727273
1124,BWA-std,2,0.18181818181818182
1124,NW-flex,2,1.0
1124,BWA-no-clip,3,0.7272727272727273
1124,BWA-std,3,0.18181818181818182
1124,NW-flex,3,1.0
1124,BWA-no-clip,4,0.9090909090909091
1124,BWA-std,4,0.36363636363636365
1124,NW-flex,4,1.0
1124,BWA-no-clip,5,1.0
1124,BWA-std,5,0.36363636363636365
1124,NW-flex,5,1.0
1124,BWA-no-clip,6,1.0
1124,BWA-std,6,0.45454545454545453
1124,NW-flex,6,1.0
1124,BWA-no-clip,7,1.0
1124,BWA-std,7,0.45454545454545453
1124,NW-flex,7,1.0
1124,BWA-no-clip,8,1.0
1124,BWA-std,8,0.6363636363636364
1124,NW-flex,8,1.0
1124,BWA-no-clip,9,1.0
1124,BWA-std,9,0.6363636363636364
1124,NW-flex,9,1.0
1124,BWA-no-clip,10,1.0
1124,BWA-std,10,0.8181818181818182
1124,NW-flex,10,1.0
1125,BWA-no-clip,1,0.5454545454545454
1125,BWA-std,1,0.09090909090909091
1125,NW-flex,1,1.0
1125,BWA-no-clip,2,0.7272727272727273
1125,BWA-std,2,0.18181818181818182
1125,NW-flex,2,1.0
1125,BWA-no-clip,3,0.7272727272727273
1125,BWA-std,3,0.18181818181818182
1125,NW-flex,3,1.0
1125,BWA-no-clip,4,0.9090909090909091
1125,BWA-std,4,0.36363636363636365
1125,NW-flex,4,1.0
1125,BWA-no-clip,5,1.0
1125,BWA-std,5,0.36363636363636365
1125,NW-flex,5,1.0
1125,BWA-no-clip,6,1.0
1125,BWA-std,6,0.45454545454545453
1125,NW-flex,6,1.0
1125,BWA-no-clip,7,1.0
1125,BWA-std,7,0.45454545454545453
1125,NW-flex,7,1.0
1125,BWA-no-clip,8,1.0
1125,BWA-std,8,0.6363636363636364
1125,NW-flex,8,1.0
1125,BWA-no-clip,9,1.0
1125,BWA-std,9,0.6363636363636364
1125,NW-flex,9,1.0
1125,BWA-no-clip,10,1.0
1125,BWA-std,10,0.8181818181818182
1125,NW-flex,10,1.0
1126,BWA-no-clip,1,0.36363636363636365
1126,BWA-std,1,0.09090909090909091
1126,NW-flex,1,1.0
1126,BWA-no-clip,2,0.7272727272727273
1126,BWA-std,2,0.18181818181818182
1126,NW-flex,2,1.0
1126,BWA-no-clip,3,0.8181818181818182
1126,BWA-std,3,0.18181818181818182
1126,NW-flex,3,1.0
1126,BWA-no-clip,4,0.8181818181818182
1126,BWA-std,4,0.36363636363636365
1126,NW-flex,4,1.0
1126,BWA-no-clip,5,0.8181818181818182
1126,BWA-std,5,0.36363636363636365
1126,NW-flex,5,1.0
1126,BWA-no-clip,6,1.0
1126,BWA-std,6,0.45454545454545453
1126,NW-flex,6,1.0
1126,BWA-no-clip,7,1.0
1126,BWA-std,7,0.45454545454545453
1126,NW-flex,7,1.0
1126,BWA-no-clip,8,1.0
1126,BWA-std,8,0.6363636363636364
1126,NW-flex,8,1.0
1126,BWA-no-clip,9,1.0
1126,BWA-std,9,0.6363636363636364
1126,NW-flex,9,1.0
1126,BWA-no-clip,10,1.0
1126,BWA-std,10,0.8181818181818182
1126,NW-flex,10,1.0
1127,BWA-no-clip,1,0.5454545454545454
1127,BWA-std,1,0.09090909090909091
1127,NW-flex,1,1.0
1127,BWA-no-clip,2,0.7272727272727273
1127,BWA-std,2,0.18181818181818182
1127,NW-flex,2,1.0
1127,BWA-no-clip,3,0.7272727272727273
1127,BWA-std,3,0.18181818181818182
1127,NW-flex,3,1.0
1127,BWA-no-clip,4,0.9090909090909091
1127,BWA-std,4,0.36363636363636365
1127,NW-flex,4,1.0
1127,BWA-no-clip,5,1.0
1127,BWA-std,5,0.36363636363636365
1127,NW-flex,5,1.0
1127,BWA-no-clip,6,1.0
1127,BWA-std,6,0.45454545454545453
1127,NW-flex,6,1.0
1127,BWA-no-clip,7,1.0
1127,BWA-std,7,0.45454545454545453
1127,NW-flex,7,1.0
1127,BWA-no-clip,8,1.0
1127,BWA-std,8,0.6363636363636364
1127,NW-flex,8,1.0
1127,BWA-no-clip,9,1.0
1127,BWA-std,9,0.6363636363636364
1127,NW-flex,9,1.0
1127,BWA-no-clip,10,1.0
1127,BWA-std,10,0.8181818181818182
1127,NW-flex,10,1.0
1128,BWA-no-clip,1,0.5454545454545454
1128,BWA-std,1,0.09090909090909091
1128,NW-flex,1,1.0
1128,BWA-no-clip,2,0.7272727272727273
1128,BWA-std,2,0.18181818181818182
1128,NW-flex,2,1.0
1128,BWA-no-clip,3,0.9090909090909091
1128,BWA-std,3,0.18181818181818182
1128,NW-flex,3,1.0
1128,BWA-no-clip,4,1.0
1128,BWA-std,4,0.36363636363636365
1128,NW-flex,4,1.0
1128,BWA-no-clip,5,1.0
1128,BWA-std,5,0.36363636363636365
1128,NW-flex,5,1.0
1128,BWA-no-clip,6,1.0
1128,BWA-std,6,0.45454545454545453
1128,NW-flex,6,1.0
1128,BWA-no-clip,7,1.0
1128,BWA-std,7,0.45454545454545453
1128,NW-flex,7,1.0
1128,BWA-no-clip,8,1.0
1128,BWA-std,8,0.6363636363636364
1128,NW-flex,8,1.0
1128,BWA-no-clip,9,1.0
1128,BWA-std,9,0.6363636363636364
1128,NW-flex,9,1.0
1128,BWA-no-clip,10,1.0
1128,BWA-std,10,0.8181818181818182
1128,NW-flex,10,1.0
1129,BWA-no-clip,1,0.5454545454545454
1129,BWA-std,1,0.09090909090909091
1129,NW-flex,1,1.0
1129,BWA-no-clip,2,0.5454545454545454
1129,BWA-std,2,0.09090909090909091
1129,NW-flex,2,1.0
1129,BWA-no-clip,3,0.7272727272727273
1129,BWA-std,3,0.18181818181818182
1129,NW-flex,3,1.0
1129,BWA-no-clip,4,0.7272727272727273
1129,BWA-std,4,0.36363636363636365
1129,NW-flex,4,1.0
1129,BWA-no-clip,5,0.9090909090909091
1129,BWA-std,5,0.36363636363636365
1129,NW-flex,5,1.0
1129,BWA-no-clip,6,1.0
1129,BWA-std,6,0.45454545454545453
1129,NW-flex,6,1.0
1129,BWA-no-clip,7,1.0
1129,BWA-std,7,0.45454545454545453
1129,NW-flex,7,1.0
1129,BWA-no-clip,8,1.0
1129,BWA-std,8,0.6363636363636364
1129,NW-flex,8,1.0
1129,BWA-no-clip,9,1.0
1129,BWA-std,9,0.6363636363636364
1129,NW-flex,9,1.0
1129,BWA-no-clip,10,1.0
1129,BWA-std,10,0.8181818181818182
1129,NW-flex,10,1.0
1130,BWA-no-clip,1,0.45454545454545453
1130,BWA-std,1,0.09090909090909091
1130,NW-flex,1,1.0
1130,BWA-no-clip,2,0.45454545454545453
1130,BWA-std,2,0.09090909090909091
1130,NW-flex,2,1.0
1130,BWA-no-clip,3,0.6363636363636364
1130,BWA-std,3,0.09090909090909091
1130,NW-flex,3,1.0
1130,BWA-no-clip,4,0.7272727272727273
1130,BWA-std,4,0.36363636363636365
1130,NW-flex,4,1.0
1130,BWA-no-clip,5,0.9090909090909091
1130,BWA-std,5,0.36363636363636365
1130,NW-flex,5,1.0
1130,BWA-no-clip,6,0.9090909090909091
1130,BWA-std,6,0.45454545454545453
1130,NW-flex,6,1.0
1130,BWA-no-clip,7,1.0
1130,BWA-std,7,0.45454545454545453
1130,NW-flex,7,1.0
1130,BWA-no-clip,8,1.0
1130,BWA-std,8,0.6363636363636364
1130,NW-flex,8,1.0
1130,BWA-no-clip,9,1.0
1130,BWA-std,9,0.6363636363636364
1130,NW-flex,9,1.0
1130,BWA-no-clip,10,1.0
1130,BWA-std,10,0.8181818181818182
1130,NW-flex,10,1.0
1131,BWA-no-clip,1,0.5454545454545454
1131,BWA-std,1,0.09090909090909091
1131,NW-flex,1,1.0
1131,BWA-no-clip,2,0.7272727272727273
1131,BWA-std,2,0.18181818181818182
1131,NW-flex,2,1.0
1131,BWA-no-clip,3,0.9090909090909091
1131,BWA-std,3,0.18181818181818182
1131,NW-flex,3,1.0
1131,BWA-no-clip,4,1.0
1131,BWA-std,4,0.36363636363636365
1131,NW-flex,4,1.0
1131,BWA-no-clip,5,1.0
1131,BWA-std,5,0.36363636363636365
1131,NW-flex,5,1.0
1131,BWA-no-clip,6,1.0
1131,BWA-std,6,0.45454545454545453
1131,NW-flex,6,1.0
1131,BWA-no-clip,7,1.0
1131,BWA-std,7,0.45454545454545453
1131,NW-flex,7,1.0
1131,BWA-no-clip,8,1.0
1131,BWA-std,8,0.6363636363636364
1131,NW-flex,8,1.0
1131,BWA-no-clip,9,1.0
1131,BWA-std,9,0.6363636363636364
1131,NW-flex,9,1.0
1131,BWA-no-clip,10,1.0
1131,BWA-std,10,0.8181818181818182
1131,NW-flex,10,1.0
1132,BWA-no-clip,1,0.09090909090909091
1132,BWA-std,1,0.09090909090909091
1132,NW-flex,1,1.0
1132,BWA-no-clip,2,0.09090909090909091
1132,BWA-std,2,0.09090909090909091
1132,NW-flex,2,1.0
1132,BWA-no-clip,3,0.12121212121212122
1132,BWA-std,3,0.18181818181818182
1132,NW-flex,3,1.0
1132,BWA-no-clip,4,0.5757575757575758
1132,BWA-std,4,0.2727272727272727
1132,NW-flex,4,1.0
1132,BWA-no-clip,5,0.9090909090909091
1132,BWA-std,5,0.36363636363636365
1132,NW-flex,5,1.0
1132,BWA-no-clip,6,1.0
1132,BWA-std,6,0.45454545454545453
1132,NW-flex,6,1.0
1132,BWA-no-clip,7,1.0
1132,BWA-std,7,0.45454545454545453
1132,NW-flex,7,1.0
1132,BWA-no-clip,8,1.0
1132,BWA-std,8,0.6363636363636364
1132,NW-flex,8,1.0
1132,BWA-no-clip,9,1.0
1132,BWA-std,9,0.6363636363636364
1132,NW-flex,9,1.0
1132,BWA-no-clip,10,1.0
1132,BWA-std,10,0.8181818181818182
1132,NW-flex,10,1.0
1133,BWA-no-clip,1,0.09090909090909091
1133,BWA-std,1,0.09090909090909091
1133,NW-flex,1,1.0
1133,BWA-no-clip,2,0.09090909090909091
1133,BWA-std,2,0.09090909090909091
1133,NW-flex,2,1.0
1133,BWA-no-clip,3,0.5757575757575758
1133,BWA-std,3,0.18181818181818182
1133,NW-flex,3,1.0
1133,BWA-no-clip,4,0.8181818181818182
1133,BWA-std,4,0.36363636363636365
1133,NW-flex,4,1.0
1133,BWA-no-clip,5,0.8181818181818182
1133,BWA-std,5,0.36363636363636365
1133,NW-flex,5,1.0
1133,BWA-no-clip,6,1.0
1133,BWA-std,6,0.45454545454545453
1133,NW-flex,6,1.0
1133,BWA-no-clip,7,1.0
1133,BWA-std,7,0.45454545454545453
1133,NW-flex,7,1.0
1133,BWA-no-clip,8,1.0
1133,BWA-std,8,0.6363636363636364
1133,NW-flex,8,1.0
1133,BWA-no-clip,9,1.0
1133,BWA-std,9,0.6363636363636364
1133,NW-flex,9,1.0
1133,BWA-no-clip,10,1.0
1133,BWA-std,10,0.8181818181818182
1133,NW-flex,10,1.0
1134,BWA-no-clip,1,0.5454545454545454
1134,BWA-std,1,0.09090909090909091
1134,NW-flex,1,1.0
1134,BWA-no-clip,2,0.7272727272727273
1134,BWA-std,2,0.18181818181818182
1134,NW-flex,2,1.0
1134,BWA-no-clip,3,0.8181818181818182
1134,BWA-std,3,0.18181818181818182
1134,NW-flex,3,1.0
1134,BWA-no-clip,4,1.0
1134,BWA-std,4,0.36363636363636365
1134,NW-flex,4,1.0
1134,BWA-no-clip,5,1.0
1134,BWA-std,5,0.36363636363636365
1134,NW-flex,5,1.0
1134,BWA-no-clip,6,1.0
1134,BWA-std,6,0.45454545454545453
1134,NW-flex,6,1.0
1134,BWA-no-clip,7,1.0
1134,BWA-std,7,0.45454545454545453
1134,NW-flex,7,1.0
1134,BWA-no-clip,8,1.0
1134,BWA-std,8,0.6363636363636364
1134,NW-flex,8,1.0
1134,BWA-no-clip,9,1.0
1134,BWA-std,9,0.6363636363636364
1134,NW-flex,9,1.0
1134,BWA-no-clip,10,1.0
1134,BWA-std,10,0.8181818181818182
1134,NW-flex,10,1.0
1135,BWA-no-clip,1,0.5454545454545454
1135,BWA-std,1,0.09090909090909091
1135,NW-flex,1,1.0
1135,BWA-no-clip,2,0.7272727272727273
1135,BWA-std,2,0.18181818181818182
1135,NW-flex,2,1.0
1135,BWA-no-clip,3,0.9090909090909091
1135,BWA-std,3,0.18181818181818182
1135,NW-flex,3,1.0
1135,BWA-no-clip,4,1.0
1135,BWA-std,4,0.36363636363636365
1135,NW-flex,4,1.0
1135,BWA-no-clip,5,1.0
1135,BWA-std,5,0.36363636363636365
1135,NW-flex,5,1.0
1135,BWA-no-clip,6,1.0
1135,BWA-std,6,0.45454545454545453
1135,NW-flex,6,1.0
1135,BWA-no-clip,7,1.0
1135,BWA-std,7,0.45454545454545453
1135,NW-flex,7,1.0
1135,BWA-no-clip,8,1.0
1135,BWA-std,8,0.6363636363636364
1135,NW-flex,8,1.0
1135,BWA-no-clip,9,1.0
1135,BWA-std,9,0.6363636363636364
1135,NW-flex,9,1.0
1135,BWA-no-clip,10,1.0
1135,BWA-std,10,0.8181818181818182
1135,NW-flex,10,1.0
1136,BWA-no-clip,1,0.5454545454545454
1136,BWA-std,1,0.09090909090909091
1136,NW-flex,1,1.0
1136,BWA-no-clip,2,0.7272727272727273
1136,BWA-std,2,0.18181818181818182
1136,NW-flex,2,1.0
1136,BWA-no-clip,3,0.9090909090909091
1136,BWA-std,3,0.18181818181818182
1136,NW-flex,3,1.0
1136,BWA-no-clip,4,0.8181818181818182
1136,BWA-std,4,0.36363636363636365
1136,NW-flex,4,1.0
1136,BWA-no-clip,5,1.0
1136,BWA-std,5,0.36363636363636365
1136,NW-flex,5,1.0
1136,BWA-no-clip,6,1.0
1136,BWA-std,6,0.45454545454545453
1136,NW-flex,6,1.0
1136,BWA-no-clip,7,1.0
1136,BWA-std,7,0.45454545454545453
1136,NW-flex,7,1.0
1136,BWA-no-clip,8,1.0
1136,BWA-std,8,0.6363636363636364
1136,NW-flex,8,1.0
1136,BWA-no-clip,9,1.0
1136,BWA-std,9,0.6363636363636364
1136,NW-flex,9,1.0
1136,BWA-no-clip,10,1.0
1136,BWA-std,10,0.8181818181818182
1136,NW-flex,10,1.0
1137,BWA-no-clip,1,0.5454545454545454
1137,BWA-std,1,0.09090909090909091
1137,NW-flex,1,1.0
1137,BWA-no-clip,2,0.7272727272727273
1137,BWA-std,2,0.18181818181818182
1137,NW-flex,2,1.0
1137,BWA-no-clip,3,0.8181818181818182
1137,BWA-std,3,0.18181818181818182
1137,NW-flex,3,1.0
1137,BWA-no-clip,4,0.8181818181818182
1137,BWA-std,4,0.36363636363636365
1137,NW-flex,4,1.0
1137,BWA-no-clip,5,1.0
1137,BWA-std,5,0.36363636363636365
1137,NW-flex,5,1.0
1137,BWA-no-clip,6,1.0
1137,BWA-std,6,0.45454545454545453
1137,NW-flex,6,1.0
1137,BWA-no-clip,7,1.0
1137,BWA-std,7,0.45454545454545453
1137,NW-flex,7,1.0
1137,BWA-no-clip,8,1.0
1137,BWA-std,8,0.6363636363636364
1137,NW-flex,8,1.0
1137,BWA-no-clip,9,1.0
1137,BWA-std,9,0.6363636363636364
1137,NW-flex,9,1.0
1137,BWA-no-clip,10,1.0
1137,BWA-std,10,0.8181818181818182
1137,NW-flex,10,1.0
1138,BWA-no-clip,1,0.5454545454545454
1138,BWA-std,1,0.09090909090909091
1138,NW-flex,1,1.0
1138,BWA-no-clip,2,0.7272727272727273
1138,BWA-std,2,0.18181818181818182
1138,NW-flex,2,1.0
1138,BWA-no-clip,3,0.7272727272727273
1138,BWA-std,3,0.18181818181818182
1138,NW-flex,3,1.0
1138,BWA-no-clip,4,0.9090909090909091
1138,BWA-std,4,0.36363636363636365
1138,NW-flex,4,1.0
1138,BWA-no-clip,5,1.0
1138,BWA-std,5,0.36363636363636365
1138,NW-flex,5,1.0
1138,BWA-no-clip,6,1.0
1138,BWA-std,6,0.45454545454545453
1138,NW-flex,6,1.0
1138,BWA-no-clip,7,1.0
1138,BWA-std,7,0.45454545454545453
1138,NW-flex,7,1.0
1138,BWA-no-clip,8,1.0
1138,BWA-std,8,0.6363636363636364
1138,NW-flex,8,1.0
1138,BWA-no-clip,9,1.0
1138,BWA-std,9,0.6363636363636364
1138,NW-flex,9,1.0
1138,BWA-no-clip,10,1.0
1138,BWA-std,10,0.8181818181818182
1138,NW-flex,10,1.0
1139,BWA-no-clip,1,0.09090909090909091
1139,BWA-std,1,0.09090909090909091
1139,NW-flex,1,1.0
1139,BWA-no-clip,2,0.45454545454545453
1139,BWA-std,2,0.09090909090909091
1139,NW-flex,2,1.0
1139,BWA-no-clip,3,0.5454545454545454
1139,BWA-std,3,0.09090909090909091
1139,NW-flex,3,1.0
1139,BWA-no-clip,4,0.7272727272727273
1139,BWA-std,4,0.36363636363636365
1139,NW-flex,4,1.0
1139,BWA-no-clip,5,0.7272727272727273
1139,BWA-std,5,0.36363636363636365
1139,NW-flex,5,1.0
1139,BWA-no-clip,6,0.9090909090909091
1139,BWA-std,6,0.45454545454545453
1139,NW-flex,6,1.0
1139,BWA-no-clip,7,1.0
1139,BWA-std,7,0.45454545454545453
1139,NW-flex,7,1.0
1139,BWA-no-clip,8,1.0
1139,BWA-std,8,0.6363636363636364
1139,NW-flex,8,1.0
1139,BWA-no-clip,9,1.0
1139,BWA-std,9,0.6363636363636364
1139,NW-flex,9,1.0
1139,BWA-no-clip,10,1.0
1139,BWA-std,10,0.8181818181818182
1139,NW-flex,10,1.0
1140,BWA-no-clip,1,0.09090909090909091
1140,BWA-std,1,0.09090909090909091
1140,NW-flex,1,1.0
1140,BWA-no-clip,2,0.5454545454545454
1140,BWA-std,2,0.09090909090909091
1140,NW-flex,2,1.0
1140,BWA-no-clip,3,0.7272727272727273
1140,BWA-std,3,0.18181818181818182
1140,NW-flex,3,1.0
1140,BWA-no-clip,4,0.9090909090909091
1140,BWA-std,4,0.36363636363636365
1140,NW-flex,4,1.0
1140,BWA-no-clip,5,1.0
1140,BWA-std,5,0.36363636363636365
1140,NW-flex,5,1.0
1140,BWA-no-clip,6,1.0
1140,BWA-std,6,0.45454545454545453
1140,NW-flex,6,1.0
1140,BWA-no-clip,7,1.0
1140,BWA-std,7,0.45454545454545453
1140,NW-flex,7,1.0
1140,BWA-no-clip,8,1.0
1140,BWA-std,8,0.6363636363636364
1140,NW-flex,8,1.0
1140,BWA-no-clip,9,1.0
1140,BWA-std,9,0.6363636363636364
1140,NW-flex,9,1.0
1140,BWA-no-clip,10,1.0
1140,BWA-std,10,0.8181818181818182
1140,NW-flex,10,1.0
1141,BWA-no-clip,1,0.5454545454545454
1141,BWA-std,1,0.09090909090909091
1141,NW-flex,1,1.0
1141,BWA-no-clip,2,0.7272727272727273
1141,BWA-std,2,0.18181818181818182
1141,NW-flex,2,1.0
1141,BWA-no-clip,3,0.9090909090909091
1141,BWA-std,3,0.18181818181818182
1141,NW-flex,3,1.0
1141,BWA-no-clip,4,1.0
1141,BWA-std,4,0.36363636363636365
1141,NW-flex,4,1.0
1141,BWA-no-clip,5,1.0
1141,BWA-std,5,0.36363636363636365
1141,NW-flex,5,1.0
1141,BWA-no-clip,6,1.0
1141,BWA-std,6,0.45454545454545453
1141,NW-flex,6,1.0
1141,BWA-no-clip,7,1.0
1141,BWA-std,7,0.45454545454545453
1141,NW-flex,7,1.0
1141,BWA-no-clip,8,1.0
1141,BWA-std,8,0.6363636363636364
1141,NW-flex,8,1.0
1141,BWA-no-clip,9,1.0
1141,BWA-std,9,0.6363636363636364
1141,NW-flex,9,1.0
1141,BWA-no-clip,10,1.0
1141,BWA-std,10,0.8181818181818182
1141,NW-flex,10,1.0
1142,BWA-no-clip,1,0.09090909090909091
1142,BWA-std,1,0.09090909090909091
1142,NW-flex,1,1.0
1142,BWA-no-clip,2,0.5454545454545454
1142,BWA-std,2,0.09090909090909091
1142,NW-flex,2,1.0
1142,BWA-no-clip,3,0.6363636363636364
1142,BWA-std,3,0.09090909090909091
1142,NW-flex,3,1.0
1142,BWA-no-clip,4,0.7272727272727273
1142,BWA-std,4,0.36363636363636365
1142,NW-flex,4,1.0
1142,BWA-no-clip,5,0.8181818181818182
1142,BWA-std,5,0.36363636363636365
1142,NW-flex,5,1.0
1142,BWA-no-clip,6,1.0
1142,BWA-std,6,0.45454545454545453
1142,NW-flex,6,1.0
1142,BWA-no-clip,7,1.0
1142,BWA-std,7,0.45454545454545453
1142,NW-flex,7,1.0
1142,BWA-no-clip,8,1.0
1142,BWA-std,8,0.6363636363636364
1142,NW-flex,8,1.0
1142,BWA-no-clip,9,1.0
1142,BWA-std,9,0.6363636363636364
1142,NW-flex,9,1.0
1142,BWA-no-clip,10,1.0
1142,BWA-std,10,0.8181818181818182
1142,NW-flex,10,1.0
1143,BWA-no-clip,1,0.09090909090909091
1143,BWA-std,1,0.09090909090909091
1143,NW-flex,1,1.0
1143,BWA-no-clip,2,0.5454545454545454
1143,BWA-std,2,0.09090909090909091
1143,NW-flex,2,1.0
1143,BWA-no-clip,3,0.6363636363636364
1143,BWA-std,3,0.09090909090909091
1143,NW-flex,3,1.0
1143,BWA-no-clip,4,0.7272727272727273
1143,BWA-std,4,0.36363636363636365
1143,NW-flex,4,1.0
1143,BWA-no-clip,5,0.9090909090909091
1143,BWA-std,5,0.36363636363636365
1143,NW-flex,5,1.0
1143,BWA-no-clip,6,1.0
1143,BWA-std,6,0.45454545454545453
1143,NW-flex,6,1.0
1143,BWA-no-clip,7,1.0
1143,BWA-std,7,0.45454545454545453
1143,NW-flex,7,1.0
1143,BWA-no-clip,8,1.0
1143,BWA-std,8,0.6363636363636364
1143,NW-flex,8,1.0
1143,BWA-no-clip,9,1.0
1143,BWA-std,9,0.6363636363636364
1143,NW-flex,9,1.0
1143,BWA-no-clip,10,1.0
1143,BWA-std,10,0.8181818181818182
1143,NW-flex,10,1.0
1144,BWA-no-clip,1,0.5454545454545454
1144,BWA-std,1,0.09090909090909091
1144,NW-flex,1,1.0
1144,BWA-no-clip,2,0.7272727272727273
1144,BWA-std,2,0.18181818181818182
1144,NW-flex,2,1.0
1144,BWA-no-clip,3,0.9090909090909091
1144,BWA-std,3,0.18181818181818182
1144,NW-flex,3,1.0
1144,BWA-no-clip,4,1.0
1144,BWA-std,4,0.36363636363636365
1144,NW-flex,4,1.0
1144,BWA-no-clip,5,1.0
1144,BWA-std,5,0.36363636363636365
1144,NW-flex,5,1.0
1144,BWA-no-clip,6,1.0
1144,BWA-std,6,0.45454545454545453
1144,NW-flex,6,1.0
1144,BWA-no-clip,7,1.0
1144,BWA-std,7,0.45454545454545453
1144,NW-flex,7,1.0
1144,BWA-no-clip,8,1.0
1144,BWA-std,8,0.6363636363636364
1144,NW-flex,8,1.0
1144,BWA-no-clip,9,1.0
1144,BWA-std,9,0.6363636363636364
1144,NW-flex,9,1.0
1144,BWA-no-clip,10,1.0
1144,BWA-std,10,0.8181818181818182
1144,NW-flex,10,1.0
1145,BWA-no-clip,1,0.5454545454545454
1145,BWA-std,1,0.09090909090909091
1145,NW-flex,1,1.0
1145,BWA-no-clip,2,0.7272727272727273
1145,BWA-std,2,0.18181818181818182
1145,NW-flex,2,1.0
1145,BWA-no-clip,3,0.7272727272727273
1145,BWA-std,3,0.18181818181818182
1145,NW-flex,3,1.0
1145,BWA-no-clip,4,0.9090909090909091
1145,BWA-std,4,0.36363636363636365
1145,NW-flex,4,1.0
1145,BWA-no-clip,5,0.9090909090909091
1145,BWA-std,5,0.36363636363636365
1145,NW-flex,5,1.0
1145,BWA-no-clip,6,1.0
1145,BWA-std,6,0.45454545454545453
1145,NW-flex,6,1.0
1145,BWA-no-clip,7,1.0
1145,BWA-std,7,0.45454545454545453
1145,NW-flex,7,1.0
1145,BWA-no-clip,8,1.0
1145,BWA-std,8,0.6363636363636364
1145,NW-flex,8,1.0
1145,BWA-no-clip,9,1.0
1145,BWA-std,9,0.6363636363636364
1145,NW-flex,9,1.0
1145,BWA-no-clip,10,1.0
1145,BWA-std,10,0.8181818181818182
1145,NW-flex,10,1.0
1146,BWA-no-clip,1,0.45454545454545453
1146,BWA-std,1,0.09090909090909091
1146,NW-flex,1,1.0
1146,BWA-no-clip,2,0.5454545454545454
1146,BWA-std,2,0.09090909090909091
1146,NW-flex,2,1.0
1146,BWA-no-clip,3,0.6363636363636364
1146,BWA-std,3,0.18181818181818182
1146,NW-flex,3,1.0
1146,BWA-no-clip,4,0.9090909090909091
1146,BWA-std,4,0.36363636363636365
1146,NW-flex,4,1.0
1146,BWA-no-clip,5,1.0
1146,BWA-std,5,0.36363636363636365
1146,NW-flex,5,1.0
1146,BWA-no-clip,6,1.0
1146,BWA-std,6,0.45454545454545453
1146,NW-flex,6,1.0
1146,BWA-no-clip,7,1.0
1146,BWA-std,7,0.45454545454545453
1146,NW-flex,7,1.0
1146,BWA-no-clip,8,1.0
1146,BWA-std,8,0.6363636363636364
1146,NW-flex,8,1.0
1146,BWA-no-clip,9,1.0
1146,BWA-std,9,0.6363636363636364
1146,NW-flex,9,1.0
1146,BWA-no-clip,10,1.0
1146,BWA-std,10,0.8181818181818182
1146,NW-flex,10,1.0
1147,BWA-no-clip,1,0.5454545454545454
1147,BWA-std,1,0.09090909090909091
1147,NW-flex,1,1.0
1147,BWA-no-clip,2,0.5454545454545454
1147,BWA-std,2,0.09090909090909091
1147,NW-flex,2,1.0
1147,BWA-no-clip,3,0.7272727272727273
1147,BWA-std,3,0.18181818181818182
1147,NW-flex,3,1.0
1147,BWA-no-clip,4,0.7272727272727273
1147,BWA-std,4,0.36363636363636365
1147,NW-flex,4,1.0
1147,BWA-no-clip,5,0.9090909090909091
1147,BWA-std,5,0.36363636363636365
1147,NW-flex,5,1.0
1147,BWA-no-clip,6,1.0
1147,BWA-std,6,0.45454545454545453
1147,NW-flex,6,1.0
1147,BWA-no-clip,7,1.0
1147,BWA-std,7,0.45454545454545453
1147,NW-flex,7,1.0
1147,BWA-no-clip,8,1.0
1147,BWA-std,8,0.6363636363636364
1147,NW-flex,8,1.0
1147,BWA-no-clip,9,1.0
1147,BWA-std,9,0.6363636363636364
1147,NW-flex,9,1.0
1147,BWA-no-clip,10,1.0
1147,BWA-std,10,0.8181818181818182
1147,NW-flex,10,1.0
1148,BWA-no-clip,1,0.5454545454545454
1148,BWA-std,1,0.09090909090909091
1148,NW-flex,1,1.0
1148,BWA-no-clip,2,0.6363636363636364
1148,BWA-std,2,0.18181818181818182
1148,NW-flex,2,1.0
1148,BWA-no-clip,3,0.8181818181818182
1148,BWA-std,3,0.18181818181818182
1148,NW-flex,3,1.0
1148,BWA-no-clip,4,1.0
1148,BWA-std,4,0.36363636363636365
1148,NW-flex,4,1.0
1148,BWA-no-clip,5,0.9090909090909091
1148,BWA-std,5,0.36363636363636365
1148,NW-flex,5,1.0
1148,BWA-no-clip,6,1.0
1148,BWA-std,6,0.45454545454545453
1148,NW-flex,6,1.0
1148,BWA-no-clip,7,1.0
1148,BWA-std,7,0.45454545454545453
1148,NW-flex,7,1.0
1148,BWA-no-clip,8,1.0
1148,BWA-std,8,0.6363636363636364
1148,NW-flex,8,1.0
1148,BWA-no-clip,9,1.0
1148,BWA-std,9,0.6363636363636364
1148,NW-flex,9,1.0
1148,BWA-no-clip,10,1.0
1148,BWA-std,10,0.8181818181818182
1148,NW-flex,10,1.0
1149,BWA-no-clip,1,0.5454545454545454
1149,BWA-std,1,0.09090909090909091
1149,NW-flex,1,1.0
1149,BWA-no-clip,2,0.7272727272727273
1149,BWA-std,2,0.18181818181818182
1149,NW-flex,2,1.0
1149,BWA-no-clip,3,0.9090909090909091
1149,BWA-std,3,0.18181818181818182
1149,NW-flex,3,1.0
1149,BWA-no-clip,4,0.8181818181818182
1149,BWA-std,4,0.36363636363636365
1149,NW-flex,4,1.0
1149,BWA-no-clip,5,1.0
1149,BWA-std,5,0.36363636363636365
1149,NW-flex,5,1.0
1149,BWA-no-clip,6,1.0
1149,BWA-std,6,0.45454545454545453
1149,NW-flex,6,1.0
1149,BWA-no-clip,7,1.0
1149,BWA-std,7,0.45454545454545453
1149,NW-flex,7,1.0
1149,BWA-no-clip,8,1.0
1149,BWA-std,8,0.6363636363636364
1149,NW-flex,8,1.0
1149,BWA-no-clip,9,1.0
1149,BWA-std,9,0.6363636363636364
1149,NW-flex,9,1.0
1149,BWA-no-clip,10,1.0
1149,BWA-std,10,0.8181818181818182
1149,NW-flex,10,1.0
1150,BWA-no-clip,1,0.5454545454545454
1150,BWA-std,1,0.09090909090909091
1150,NW-flex,1,1.0
1150,BWA-no-clip,2,0.7272727272727273
1150,BWA-std,2,0.18181818181818182
1150,NW-flex,2,1.0
1150,BWA-no-clip,3,0.8181818181818182
1150,BWA-std,3,0.18181818181818182
1150,NW-flex,3,1.0
1150,BWA-no-clip,4,0.8181818181818182
1150,BWA-std,4,0.36363636363636365
1150,NW-flex,4,1.0
1150,BWA-no-clip,5,1.0
1150,BWA-std,5,0.36363636363636365
1150,NW-flex,5,1.0
1150,BWA-no-clip,6,1.0
1150,BWA-std,6,0.45454545454545453
1150,NW-flex,6,1.0
1150,BWA-no-clip,7,1.0
1150,BWA-std,7,0.45454545454545453
1150,NW-flex,7,1.0
1150,BWA-no-clip,8,1.0
1150,BWA-std,8,0.6363636363636364
1150,NW-flex,8,1.0
1150,BWA-no-clip,9,1.0
1150,BWA-std,9,0.6363636363636364
1150,NW-flex,9,1.0
1150,BWA-no-clip,10,1.0
1150,BWA-std,10,0.8181818181818182
1150,NW-flex,10,1.0
1151,BWA-no-clip,1,0.45454545454545453
1151,BWA-std,1,0.09090909090909091
1151,NW-flex,1,1.0
1151,BWA-no-clip,2,0.5454545454545454
1151,BWA-std,2,0.09090909090909091
1151,NW-flex,2,1.0
1151,BWA-no-clip,3,0.6363636363636364
1151,BWA-std,3,0.18181818181818182
1151,NW-flex,3,1.0
1151,BWA-no-clip,4,0.9090909090909091
1151,BWA-std,4,0.36363636363636365
1151,NW-flex,4,1.0
1151,BWA-no-clip,5,1.0
1151,BWA-std,5,0.36363636363636365
1151,NW-flex,5,1.0
1151,BWA-no-clip,6,1.0
1151,BWA-std,6,0.45454545454545453
1151,NW-flex,6,1.0
1151,BWA-no-clip,7,1.0
1151,BWA-std,7,0.45454545454545453
1151,NW-flex,7,1.0
1151,BWA-no-clip,8,1.0
1151,BWA-std,8,0.6363636363636364
1151,NW-flex,8,1.0
1151,BWA-no-clip,9,1.0
1151,BWA-std,9,0.6363636363636364
1151,NW-flex,9,1.0
1151,BWA-no-clip,10,1.0
1151,BWA-std,10,0.8181818181818182
1151,NW-flex,10,1.0
1152,BWA-no-clip,1,0.09090909090909091
1152,BWA-std,1,0.09090909090909091
1152,NW-flex,1,1.0
1152,BWA-no-clip,2,0.5454545454545454
1152,BWA-std,2,0.09090909090909091
1152,NW-flex,2,1.0
1152,BWA-no-clip,3,0.7272727272727273
1152,BWA-std,3,0.18181818181818182
1152,NW-flex,3,1.0
1152,BWA-no-clip,4,0.9090909090909091
1152,BWA-std,4,0.36363636363636365
1152,NW-flex,4,1.0
1152,BWA-no-clip,5,1.0
1152,BWA-std,5,0.36363636363636365
1152,NW-flex,5,1.0
1152,BWA-no-clip,6,1.0
1152,BWA-std,6,0.45454545454545453
1152,NW-flex,6,1.0
1152,BWA-no-clip,7,1.0
1152,BWA-std,7,0.45454545454545453
1152,NW-flex,7,1.0
1152,BWA-no-clip,8,1.0
1152,BWA-std,8,0.6363636363636364
1152,NW-flex,8,1.0
1152,BWA-no-clip,9,1.0
1152,BWA-std,9,0.6363636363636364
1152,NW-flex,9,1.0
1152,BWA-no-clip,10,1.0
1152,BWA-std,10,0.8181818181818182
1152,NW-flex,10,1.0
1153,BWA-no-clip,1,0.5454545454545454
1153,BWA-std,1,0.09090909090909091
1153,NW-flex,1,1.0
1153,BWA-no-clip,2,0.5454545454545454
1153,BWA-std,2,0.09090909090909091
1153,NW-flex,2,1.0
1153,BWA-no-clip,3,0.6363636363636364
1153,BWA-std,3,0.09090909090909091
1153,NW-flex,3,1.0
1153,BWA-no-clip,4,0.7272727272727273
1153,BWA-std,4,0.36363636363636365
1153,NW-flex,4,1.0
1153,BWA-no-clip,5,0.7272727272727273
1153,BWA-std,5,0.36363636363636365
1153,NW-flex,5,1.0
1153,BWA-no-clip,6,0.9090909090909091
1153,BWA-std,6,0.45454545454545453
1153,NW-flex,6,1.0
1153,BWA-no-clip,7,1.0
1153,BWA-std,7,0.45454545454545453
1153,NW-flex,7,1.0
1153,BWA-no-clip,8,1.0
1153,BWA-std,8,0.6363636363636364
1153,NW-flex,8,1.0
1153,BWA-no-clip,9,1.0
1153,BWA-std,9,0.6363636363636364
1153,NW-flex,9,1.0
1153,BWA-no-clip,10,1.0
1153,BWA-std,10,0.8181818181818182
1153,NW-flex,10,1.0
1154,BWA-no-clip,1,0.5454545454545454
1154,BWA-std,1,0.09090909090909091
1154,NW-flex,1,1.0
1154,BWA-no-clip,2,0.7272727272727273
1154,BWA-std,2,0.18181818181818182
1154,NW-flex,2,1.0
1154,BWA-no-clip,3,0.9090909090909091
1154,BWA-std,3,0.18181818181818182
1154,NW-flex,3,1.0
1154,BWA-no-clip,4,1.0
1154,BWA-std,4,0.36363636363636365
1154,NW-flex,4,1.0
1154,BWA-no-clip,5,1.0
1154,BWA-std,5,0.36363636363636365
1154,NW-flex,5,1.0
1154,BWA-no-clip,6,1.0
1154,BWA-std,6,0.45454545454545453
1154,NW-flex,6,1.0
1154,BWA-no-clip,7,1.0
1154,BWA-std,7,0.45454545454545453
1154,NW-flex,7,1.0
1154,BWA-no-clip,8,1.0
1154,BWA-std,8,0.6363636363636364
1154,NW-flex,8,1.0
1154,BWA-no-clip,9,1.0
1154,BWA-std,9,0.6363636363636364
1154,NW-flex,9,1.0
1154,BWA-no-clip,10,1.0
1154,BWA-std,10,0.8181818181818182
1154,NW-flex,10,1.0
1155,BWA-no-clip,1,0.5454545454545454
1155,BWA-std,1,0.09090909090909091
1155,NW-flex,1,1.0
1155,BWA-no-clip,2,0.7272727272727273
1155,BWA-std,2,0.18181818181818182
1155,NW-flex,2,1.0
1155,BWA-no-clip,3,0.9090909090909091
1155,BWA-std,3,0.18181818181818182
1155,NW-flex,3,1.0
1155,BWA-no-clip,4,1.0
1155,BWA-std,4,0.36363636363636365
1155,NW-flex,4,1.0
1155,BWA-no-clip,5,1.0
1155,BWA-std,5,0.36363636363636365
1155,NW-flex,5,1.0
1155,BWA-no-clip,6,1.0
1155,BWA-std,6,0.45454545454545453
1155,NW-flex,6,1.0
1155,BWA-no-clip,7,1.0
1155,BWA-std,7,0.45454545454545453
1155,NW-flex,7,1.0
1155,BWA-no-clip,8,1.0
1155,BWA-std,8,0.6363636363636364
1155,NW-flex,8,1.0
1155,BWA-no-clip,9,1.0
1155,BWA-std,9,0.6363636363636364
1155,NW-flex,9,1.0
1155,BWA-no-clip,10,1.0
1155,BWA-std,10,0.8181818181818182
1155,NW-flex,10,1.0
1156,BWA-no-clip,1,0.18181818181818182
1156,BWA-std,1,0.09090909090909091
1156,NW-flex,1,1.0
1156,BWA-no-clip,2,0.36363636363636365
1156,BWA-std,2,0.09090909090909091
1156,NW-flex,2,1.0
1156,BWA-no-clip,3,0.5454545454545454
1156,BWA-std,3,0.09090909090909091
1156,NW-flex,3,1.0
1156,BWA-no-clip,4,0.6363636363636364
1156,BWA-std,4,0.36363636363636365
1156,NW-flex,4,1.0
1156,BWA-no-clip,5,0.7272727272727273
1156,BWA-std,5,0.36363636363636365
1156,NW-flex,5,1.0
1156,BWA-no-clip,6,0.7272727272727273
1156,BWA-std,6,0.45454545454545453
1156,NW-flex,6,1.0
1156,BWA-no-clip,7,0.8181818181818182
1156,BWA-std,7,0.45454545454545453
1156,NW-flex,7,1.0
1156,BWA-no-clip,8,0.9090909090909091
1156,BWA-std,8,0.6363636363636364
1156,NW-flex,8,1.0
1156,BWA-no-clip,9,0.9090909090909091
1156,BWA-std,9,0.6363636363636364
1156,NW-flex,9,1.0
1156,BWA-no-clip,10,0.9090909090909091
1156,BWA-std,10,0.8181818181818182
1156,NW-flex,10,1.0
1157,BWA-no-clip,1,0.5454545454545454
1157,BWA-std,1,0.09090909090909091
1157,NW-flex,1,1.0
1157,BWA-no-clip,2,0.6363636363636364
1157,BWA-std,2,0.18181818181818182
1157,NW-flex,2,1.0
1157,BWA-no-clip,3,0.8181818181818182
1157,BWA-std,3,0.18181818181818182
1157,NW-flex,3,1.0
1157,BWA-no-clip,4,0.8181818181818182
1157,BWA-std,4,0.36363636363636365
1157,NW-flex,4,1.0
1157,BWA-no-clip,5,0.9090909090909091
1157,BWA-std,5,0.36363636363636365
1157,NW-flex,5,1.0
1157,BWA-no-clip,6,1.0
1157,BWA-std,6,0.45454545454545453
1157,NW-flex,6,1.0
1157,BWA-no-clip,7,1.0
1157,BWA-std,7,0.45454545454545453
1157,NW-flex,7,1.0
1157,BWA-no-clip,8,1.0
1157,BWA-std,8,0.6363636363636364
1157,NW-flex,8,1.0
1157,BWA-no-clip,9,1.0
1157,BWA-std,9,0.6363636363636364
1157,NW-flex,9,1.0
1157,BWA-no-clip,10,1.0
1157,BWA-std,10,0.8181818181818182
1157,NW-flex,10,1.0
1158,BWA-no-clip,1,0.36363636363636365
1158,BWA-std,1,0.09090909090909091
1158,NW-flex,1,1.0
1158,BWA-no-clip,2,0.5454545454545454
1158,BWA-std,2,0.09090909090909091
1158,NW-flex,2,1.0
1158,BWA-no-clip,3,0.7272727272727273
1158,BWA-std,3,0.18181818181818182
1158,NW-flex,3,1.0
1158,BWA-no-clip,4,0.9090909090909091
1158,BWA-std,4,0.36363636363636365
1158,NW-flex,4,1.0
1158,BWA-no-clip,5,1.0
1158,BWA-std,5,0.36363636363636365
1158,NW-flex,5,1.0
1158,BWA-no-clip,6,1.0
1158,BWA-std,6,0.45454545454545453
1158,NW-flex,6,1.0
1158,BWA-no-clip,7,1.0
1158,BWA-std,7,0.45454545454545453
1158,NW-flex,7,1.0
1158,BWA-no-clip,8,1.0
1158,BWA-std,8,0.6363636363636364
1158,NW-flex,8,1.0
1158,BWA-no-clip,9,1.0
1158,BWA-std,9,0.6363636363636364
1158,NW-flex,9,1.0
1158,BWA-no-clip,10,1.0
1158,BWA-std,10,0.8181818181818182
1158,NW-flex,10,1.0
1159,BWA-no-clip,1,0.5454545454545454
1159,BWA-std,1,0.09090909090909091
1159,NW-flex,1,1.0
1159,BWA-no-clip,2,0.7272727272727273
1159,BWA-std,2,0.18181818181818182
1159,NW-flex,2,1.0
1159,BWA-no-clip,3,0.9090909090909091
1159,BWA-std,3,0.18181818181818182
1159,NW-flex,3,1.0
1159,BWA-no-clip,4,0.9090909090909091
1159,BWA-std,4,0.36363636363636365
1159,NW-flex,4,1.0
1159,BWA-no-clip,5,0.9090909090909091
1159,BWA-std,5,0.36363636363636365
1159,NW-flex,5,1.0
1159,BWA-no-clip,6,1.0
1159,BWA-std,6,0.45454545454545453
1159,NW-flex,6,1.0
1159,BWA-no-clip,7,1.0
1159,BWA-std,7,0.45454545454545453
1159,NW-flex,7,1.0
1159,BWA-no-clip,8,1.0
1159,BWA-std,8,0.6363636363636364
1159,NW-flex,8,1.0
1159,BWA-no-clip,9,1.0
1159,BWA-std,9,0.6363636363636364
1159,NW-flex,9,1.0
1159,BWA-no-clip,10,1.0
1159,BWA-std,10,0.8181818181818182
1159,NW-flex,10,1.0
1160,BWA-no-clip,1,0.09090909090909091
1160,BWA-std,1,0.09090909090909091
1160,NW-flex,1,1.0
1160,BWA-no-clip,2,0.09090909090909091
1160,BWA-std,2,0.09090909090909091
1160,NW-flex,2,1.0
1160,BWA-no-clip,3,0.5757575757575758
1160,BWA-std,3,0.18181818181818182
1160,NW-flex,3,1.0
1160,BWA-no-clip,4,0.9090909090909091
1160,BWA-std,4,0.36363636363636365
1160,NW-flex,4,1.0
1160,BWA-no-clip,5,1.0
1160,BWA-std,5,0.36363636363636365
1160,NW-flex,5,1.0
1160,BWA-no-clip,6,1.0
1160,BWA-std,6,0.45454545454545453
1160,NW-flex,6,1.0
1160,BWA-no-clip,7,1.0
1160,BWA-std,7,0.45454545454545453
1160,NW-flex,7,1.0
1160,BWA-no-clip,8,1.0
1160,BWA-std,8,0.6363636363636364
1160,NW-flex,8,1.0
1160,BWA-no-clip,9,1.0
1160,BWA-std,9,0.6363636363636364
1160,NW-flex,9,1.0
1160,BWA-no-clip,10,1.0
1160,BWA-std,10,0.8181818181818182
1160,NW-flex,10,1.0
1161,BWA-no-clip,1,0.5454545454545454
1161,BWA-std,1,0.09090909090909091
1161,NW-flex,1,1.0
1161,BWA-no-clip,2,0.6363636363636364
1161,BWA-std,2,0.18181818181818182
1161,NW-flex,2,1.0
1161,BWA-no-clip,3,0.7272727272727273
1161,BWA-std,3,0.18181818181818182
1161,NW-flex,3,1.0
1161,BWA-no-clip,4,0.9090909090909091
1161,BWA-std,4,0.36363636363636365
1161,NW-flex,4,1.0
1161,BWA-no-clip,5,0.9090909090909091
1161,BWA-std,5,0.36363636363636365
1161,NW-flex,5,1.0
1161,BWA-no-clip,6,1.0
1161,BWA-std,6,0.45454545454545453
1161,NW-flex,6,1.0
1161,BWA-no-clip,7,1.0
1161,BWA-std,7,0.45454545454545453
1161,NW-flex,7,1.0
1161,BWA-no-clip,8,1.0
1161,BWA-std,8,0.6363636363636364
1161,NW-flex,8,1.0
1161,BWA-no-clip,9,1.0
1161,BWA-std,9,0.6363636363636364
1161,NW-flex,9,1.0
1161,BWA-no-clip,10,1.0
1161,BWA-std,10,0.8181818181818182
1161,NW-flex,10,1.0
1162,BWA-no-clip,1,0.5454545454545454
1162,BWA-std,1,0.09090909090909091
1162,NW-flex,1,1.0
1162,BWA-no-clip,2,0.7272727272727273
1162,BWA-std,2,0.18181818181818182
1162,NW-flex,2,1.0
1162,BWA-no-clip,3,0.7272727272727273
1162,BWA-std,3,0.18181818181818182
1162,NW-flex,3,1.0
1162,BWA-no-clip,4,0.8181818181818182
1162,BWA-std,4,0.36363636363636365
1162,NW-flex,4,1.0
1162,BWA-no-clip,5,0.9090909090909091
1162,BWA-std,5,0.36363636363636365
1162,NW-flex,5,1.0
1162,BWA-no-clip,6,1.0
1162,BWA-std,6,0.45454545454545453
1162,NW-flex,6,1.0
1162,BWA-no-clip,7,1.0
1162,BWA-std,7,0.45454545454545453
1162,NW-flex,7,1.0
1162,BWA-no-clip,8,1.0
1162,BWA-std,8,0.6363636363636364
1162,NW-flex,8,1.0
1162,BWA-no-clip,9,1.0
1162,BWA-std,9,0.6363636363636364
1162,NW-flex,9,1.0
1162,BWA-no-clip,10,1.0
1162,BWA-std,10,0.8181818181818182
1162,NW-flex,10,1.0
1163,BWA-no-clip,1,0.5454545454545454
1163,BWA-std,1,0.09090909090909091
1163,NW-flex,1,1.0
1163,BWA-no-clip,2,0.7272727272727273
1163,BWA-std,2,0.18181818181818182
1163,NW-flex,2,1.0
1163,BWA-no-clip,3,0.8181818181818182
1163,BWA-std,3,0.18181818181818182
1163,NW-flex,3,1.0
1163,BWA-no-clip,4,0.8181818181818182
1163,BWA-std,4,0.36363636363636365
1163,NW-flex,4,1.0
1163,BWA-no-clip,5,0.9090909090909091
1163,BWA-std,5,0.36363636363636365
1163,NW-flex,5,1.0
1163,BWA-no-clip,6,0.9090909090909091
1163,BWA-std,6,0.45454545454545453
1163,NW-flex,6,1.0
1163,BWA-no-clip,7,1.0
1163,BWA-std,7,0.45454545454545453
1163,NW-flex,7,1.0
1163,BWA-no-clip,8,1.0
1163,BWA-std,8,0.6363636363636364
1163,NW-flex,8,1.0
1163,BWA-no-clip,9,1.0
1163,BWA-std,9,0.6363636363636364
1163,NW-flex,9,1.0
1163,BWA-no-clip,10,1.0
1163,BWA-std,10,0.8181818181818182
1163,NW-flex,10,1.0
1164,BWA-no-clip,1,0.5454545454545454
1164,BWA-std,1,0.09090909090909091
1164,NW-flex,1,1.0
1164,BWA-no-clip,2,0.7272727272727273
1164,BWA-std,2,0.18181818181818182
1164,NW-flex,2,1.0
1164,BWA-no-clip,3,0.9090909090909091
1164,BWA-std,3,0.18181818181818182
1164,NW-flex,3,1.0
1164,BWA-no-clip,4,1.0
1164,BWA-std,4,0.36363636363636365
1164,NW-flex,4,1.0
1164,BWA-no-clip,5,1.0
1164,BWA-std,5,0.36363636363636365
1164,NW-flex,5,1.0
1164,BWA-no-clip,6,1.0
1164,BWA-std,6,0.45454545454545453
1164,NW-flex,6,1.0
1164,BWA-no-clip,7,1.0
1164,BWA-std,7,0.45454545454545453
1164,NW-flex,7,1.0
1164,BWA-no-clip,8,1.0
1164,BWA-std,8,0.6363636363636364
1164,NW-flex,8,1.0
1164,BWA-no-clip,9,1.0
1164,BWA-std,9,0.6363636363636364
1164,NW-flex,9,1.0
1164,BWA-no-clip,10,1.0
1164,BWA-std,10,0.8181818181818182
1164,NW-flex,10,1.0
1165,BWA-no-clip,1,0.5454545454545454
1165,BWA-std,1,0.09090909090909091
1165,NW-flex,1,1.0
1165,BWA-no-clip,2,0.7272727272727273
1165,BWA-std,2,0.18181818181818182
1165,NW-flex,2,1.0
1165,BWA-no-clip,3,0.9090909090909091
1165,BWA-std,3,0.18181818181818182
1165,NW-flex,3,1.0
1165,BWA-no-clip,4,1.0
1165,BWA-std,4,0.36363636363636365
1165,NW-flex,4,1.0
1165,BWA-no-clip,5,0.9090909090909091
1165,BWA-std,5,0.36363636363636365
1165,NW-flex,5,1.0
1165,BWA-no-clip,6,1.0
1165,BWA-std,6,0.45454545454545453
1165,NW-flex,6,1.0
1165,BWA-no-clip,7,1.0
1165,BWA-std,7,0.45454545454545453
1165,NW-flex,7,1.0
1165,BWA-no-clip,8,1.0
1165,BWA-std,8,0.6363636363636364
1165,NW-flex,8,1.0
1165,BWA-no-clip,9,1.0
1165,BWA-std,9,0.6363636363636364
1165,NW-flex,9,1.0
1165,BWA-no-clip,10,1.0
1165,BWA-std,10,0.8181818181818182
1165,NW-flex,10,1.0
1166,BWA-no-clip,1,0.09090909090909091
1166,BWA-std,1,0.09090909090909091
1166,NW-flex,1,1.0
1166,BWA-no-clip,2,0.5454545454545454
1166,BWA-std,2,0.09090909090909091
1166,NW-flex,2,1.0
1166,BWA-no-clip,3,0.7272727272727273
1166,BWA-std,3,0.18181818181818182
1166,NW-flex,3,1.0
1166,BWA-no-clip,4,0.8181818181818182
1166,BWA-std,4,0.36363636363636365
1166,NW-flex,4,1.0
1166,BWA-no-clip,5,1.0
1166,BWA-std,5,0.36363636363636365
1166,NW-flex,5,1.0
1166,BWA-no-clip,6,1.0
1166,BWA-std,6,0.45454545454545453
1166,NW-flex,6,1.0
1166,BWA-no-clip,7,1.0
1166,BWA-std,7,0.45454545454545453
1166,NW-flex,7,1.0
1166,BWA-no-clip,8,1.0
1166,BWA-std,8,0.6363636363636364
1166,NW-flex,8,1.0
1166,BWA-no-clip,9,1.0
1166,BWA-std,9,0.6363636363636364
1166,NW-flex,9,1.0
1166,BWA-no-clip,10,1.0
1166,BWA-std,10,0.8181818181818182
1166,NW-flex,10,1.0
1167,BWA-no-clip,1,0.5454545454545454
1167,BWA-std,1,0.09090909090909091
1167,NW-flex,1,1.0
1167,BWA-no-clip,2,0.5454545454545454
1167,BWA-std,2,0.09090909090909091
1167,NW-flex,2,1.0
1167,BWA-no-clip,3,0.7272727272727273
1167,BWA-std,3,0.18181818181818182
1167,NW-flex,3,1.0
1167,BWA-no-clip,4,0.7272727272727273
1167,BWA-std,4,0.36363636363636365
1167,NW-flex,4,1.0
1167,BWA-no-clip,5,0.9090909090909091
1167,BWA-std,5,0.36363636363636365
1167,NW-flex,5,1.0
1167,BWA-no-clip,6,1.0
1167,BWA-std,6,0.45454545454545453
1167,NW-flex,6,1.0
1167,BWA-no-clip,7,1.0
1167,BWA-std,7,0.45454545454545453
1167,NW-flex,7,1.0
1167,BWA-no-clip,8,1.0
1167,BWA-std,8,0.6363636363636364
1167,NW-flex,8,1.0
1167,BWA-no-clip,9,1.0
1167,BWA-std,9,0.6363636363636364
1167,NW-flex,9,1.0
1167,BWA-no-clip,10,1.0
1167,BWA-std,10,0.8181818181818182
1167,NW-flex,10,1.0
1168,BWA-no-clip,1,0.5454545454545454
1168,BWA-std,1,0.09090909090909091
1168,NW-flex,1,1.0
1168,BWA-no-clip,2,0.7272727272727273
1168,BWA-std,2,0.18181818181818182
1168,NW-flex,2,1.0
1168,BWA-no-clip,3,0.9090909090909091
1168,BWA-std,3,0.18181818181818182
1168,NW-flex,3,1.0
1168,BWA-no-clip,4,1.0
1168,BWA-std,4,0.36363636363636365
1168,NW-flex,4,1.0
1168,BWA-no-clip,5,0.9090909090909091
1168,BWA-std,5,0.36363636363636365
1168,NW-flex,5,1.0
1168,BWA-no-clip,6,0.9090909090909091
1168,BWA-std,6,0.45454545454545453
1168,NW-flex,6,1.0
1168,BWA-no-clip,7,1.0
1168,BWA-std,7,0.45454545454545453
1168,NW-flex,7,1.0
1168,BWA-no-clip,8,1.0
1168,BWA-std,8,0.6363636363636364
1168,NW-flex,8,1.0
1168,BWA-no-clip,9,1.0
1168,BWA-std,9,0.6363636363636364
1168,NW-flex,9,1.0
1168,BWA-no-clip,10,1.0
1168,BWA-std,10,0.8181818181818182
1168,NW-flex,10,1.0
1169,BWA-no-clip,1,0.5454545454545454
1169,BWA-std,1,0.09090909090909091
1169,NW-flex,1,1.0
1169,BWA-no-clip,2,0.7272727272727273
1169,BWA-std,2,0.18181818181818182
1169,NW-flex,2,1.0
1169,BWA-no-clip,3,0.8181818181818182
1169,BWA-std,3,0.18181818181818182
1169,NW-flex,3,1.0
1169,BWA-no-clip,4,1.0
1169,BWA-std,4,0.36363636363636365
1169,NW-flex,4,1.0
1169,BWA-no-clip,5,0.9090909090909091
1169,BWA-std,5,0.36363636363636365
1169,NW-flex,5,1.0
1169,BWA-no-clip,6,1.0
1169,BWA-std,6,0.45454545454545453
1169,NW-flex,6,1.0
1169,BWA-no-clip,7,1.0
1169,BWA-std,7,0.45454545454545453
1169,NW-flex,7,1.0
1169,BWA-no-clip,8,1.0
1169,BWA-std,8,0.6363636363636364
1169,NW-flex,8,1.0
1169,BWA-no-clip,9,1.0
1169,BWA-std,9,0.6363636363636364
1169,NW-flex,9,1.0
1169,BWA-no-clip,10,1.0
1169,BWA-std,10,0.8181818181818182
1169,NW-flex,10,1.0
1170,BWA-no-clip,1,0.36363636363636365
1170,BWA-std,1,0.09090909090909091
1170,NW-flex,1,1.0
1170,BWA-no-clip,2,0.45454545454545453
1170,BWA-std,2,0.09090909090909091
1170,NW-flex,2,1.0
1170,BWA-no-clip,3,0.5454545454545454
1170,BWA-std,3,0.18181818181818182
1170,NW-flex,3,1.0
1170,BWA-no-clip,4,0.6363636363636364
1170,BWA-std,4,0.2727272727272727
1170,NW-flex,4,1.0
1170,BWA-no-clip,5,0.8181818181818182
1170,BWA-std,5,0.2727272727272727
1170,NW-flex,5,1.0
1170,BWA-no-clip,6,1.0
1170,BWA-std,6,0.45454545454545453
1170,NW-flex,6,1.0
1170,BWA-no-clip,7,1.0
1170,BWA-std,7,0.45454545454545453
1170,NW-flex,7,1.0
1170,BWA-no-clip,8,1.0
1170,BWA-std,8,0.6363636363636364
1170,NW-flex,8,1.0
1170,BWA-no-clip,9,1.0
1170,BWA-std,9,0.6363636363636364
1170,NW-flex,9,1.0
1170,BWA-no-clip,10,1.0
1170,BWA-std,10,0.8181818181818182
1170,NW-flex,10,1.0
1171,BWA-no-clip,1,0.09090909090909091
1171,BWA-std,1,0.09090909090909091
1171,NW-flex,1,1.0
1171,BWA-no-clip,2,0.5454545454545454
1171,BWA-std,2,0.09090909090909091
1171,NW-flex,2,1.0
1171,BWA-no-clip,3,0.6363636363636364
1171,BWA-std,3,0.09090909090909091
1171,NW-flex,3,1.0
1171,BWA-no-clip,4,0.7272727272727273
1171,BWA-std,4,0.36363636363636365
1171,NW-flex,4,1.0
1171,BWA-no-clip,5,0.7272727272727273
1171,BWA-std,5,0.36363636363636365
1171,NW-flex,5,1.0
1171,BWA-no-clip,6,0.9090909090909091
1171,BWA-std,6,0.45454545454545453
1171,NW-flex,6,1.0
1171,BWA-no-clip,7,1.0
1171,BWA-std,7,0.45454545454545453
1171,NW-flex,7,1.0
1171,BWA-no-clip,8,1.0
1171,BWA-std,8,0.6363636363636364
1171,NW-flex,8,1.0
1171,BWA-no-clip,9,1.0
1171,BWA-std,9,0.6363636363636364
1171,NW-flex,9,1.0
1171,BWA-no-clip,10,1.0
1171,BWA-std,10,0.8181818181818182
1171,NW-flex,10,1.0
1172,BWA-no-clip,1,0.5454545454545454
1172,BWA-std,1,0.09090909090909091
1172,NW-flex,1,1.0
1172,BWA-no-clip,2,0.7272727272727273
1172,BWA-std,2,0.18181818181818182
1172,NW-flex,2,1.0
1172,BWA-no-clip,3,0.8181818181818182
1172,BWA-std,3,0.18181818181818182
1172,NW-flex,3,1.0
1172,BWA-no-clip,4,1.0
1172,BWA-std,4,0.36363636363636365
1172,NW-flex,4,1.0
1172,BWA-no-clip,5,1.0
1172,BWA-std,5,0.36363636363636365
1172,NW-flex,5,1.0
1172,BWA-no-clip,6,1.0
1172,BWA-std,6,0.45454545454545453
1172,NW-flex,6,1.0
1172,BWA-no-clip,7,1.0
1172,BWA-std,7,0.45454545454545453
1172,NW-flex,7,1.0
1172,BWA-no-clip,8,1.0
1172,BWA-std,8,0.6363636363636364
1172,NW-flex,8,1.0
1172,BWA-no-clip,9,1.0
1172,BWA-std,9,0.6363636363636364
1172,NW-flex,9,1.0
1172,BWA-no-clip,10,1.0
1172,BWA-std,10,0.8181818181818182
1172,NW-flex,10,1.0
1173,BWA-no-clip,1,0.45454545454545453
1173,BWA-std,1,0.09090909090909091
1173,NW-flex,1,1.0
1173,BWA-no-clip,2,0.7272727272727273
1173,BWA-std,2,0.18181818181818182
1173,NW-flex,2,1.0
1173,BWA-no-clip,3,0.9090909090909091
1173,BWA-std,3,0.18181818181818182
1173,NW-flex,3,1.0
1173,BWA-no-clip,4,0.9090909090909091
1173,BWA-std,4,0.36363636363636365
1173,NW-flex,4,1.0
1173,BWA-no-clip,5,0.9090909090909091
1173,BWA-std,5,0.36363636363636365
1173,NW-flex,5,1.0
1173,BWA-no-clip,6,0.9090909090909091
1173,BWA-std,6,0.45454545454545453
1173,NW-flex,6,1.0
1173,BWA-no-clip,7,1.0
1173,BWA-std,7,0.45454545454545453
1173,NW-flex,7,1.0
1173,BWA-no-clip,8,1.0
1173,BWA-std,8,0.6363636363636364
1173,NW-flex,8,1.0
1173,BWA-no-clip,9,1.0
1173,BWA-std,9,0.6363636363636364
1173,NW-flex,9,1.0
1173,BWA-no-clip,10,1.0
1173,BWA-std,10,0.8181818181818182
1173,NW-flex,10,1.0
1174,BWA-no-clip,1,0.5454545454545454
1174,BWA-std,1,0.09090909090909091
1174,NW-flex,1,1.0
1174,BWA-no-clip,2,0.6363636363636364
1174,BWA-std,2,0.18181818181818182
1174,NW-flex,2,1.0
1174,BWA-no-clip,3,0.8181818181818182
1174,BWA-std,3,0.18181818181818182
1174,NW-flex,3,1.0
1174,BWA-no-clip,4,1.0
1174,BWA-std,4,0.36363636363636365
1174,NW-flex,4,1.0
1174,BWA-no-clip,5,1.0
1174,BWA-std,5,0.36363636363636365
1174,NW-flex,5,1.0
1174,BWA-no-clip,6,1.0
1174,BWA-std,6,0.45454545454545453
1174,NW-flex,6,1.0
1174,BWA-no-clip,7,1.0
1174,BWA-std,7,0.45454545454545453
1174,NW-flex,7,1.0
1174,BWA-no-clip,8,1.0
1174,BWA-std,8,0.6363636363636364
1174,NW-flex,8,1.0
1174,BWA-no-clip,9,1.0
1174,BWA-std,9,0.6363636363636364
1174,NW-flex,9,1.0
1174,BWA-no-clip,10,1.0
1174,BWA-std,10,0.8181818181818182
1174,NW-flex,10,1.0
1175,BWA-no-clip,1,0.5454545454545454
1175,BWA-std,1,0.09090909090909091
1175,NW-flex,1,1.0
1175,BWA-no-clip,2,0.7272727272727273
1175,BWA-std,2,0.18181818181818182
1175,NW-flex,2,1.0
1175,BWA-no-clip,3,0.7272727272727273
1175,BWA-std,3,0.18181818181818182
1175,NW-flex,3,1.0
1175,BWA-no-clip,4,0.9090909090909091
1175,BWA-std,4,0.36363636363636365
1175,NW-flex,4,1.0
1175,BWA-no-clip,5,1.0
1175,BWA-std,5,0.36363636363636365
1175,NW-flex,5,1.0
1175,BWA-no-clip,6,1.0
1175,BWA-std,6,0.45454545454545453
1175,NW-flex,6,1.0
1175,BWA-no-clip,7,1.0
1175,BWA-std,7,0.45454545454545453
1175,NW-flex,7,1.0
1175,BWA-no-clip,8,1.0
1175,BWA-std,8,0.6363636363636364
1175,NW-flex,8,1.0
1175,BWA-no-clip,9,1.0
1175,BWA-std,9,0.6363636363636364
1175,NW-flex,9,1.0
1175,BWA-no-clip,10,1.0
1175,BWA-std,10,0.8181818181818182
1175,NW-flex,10,1.0
1176,BWA-no-clip,1,0.36363636363636365
1176,BWA-std,1,0.09090909090909091
1176,NW-flex,1,1.0
1176,BWA-no-clip,2,0.36363636363636365
1176,BWA-std,2,0.09090909090909091
1176,NW-flex,2,1.0
1176,BWA-no-clip,3,0.6363636363636364
1176,BWA-std,3,0.18181818181818182
1176,NW-flex,3,1.0
1176,BWA-no-clip,4,0.6363636363636364
1176,BWA-std,4,0.2727272727272727
1176,NW-flex,4,1.0
1176,BWA-no-clip,5,0.9090909090909091
1176,BWA-std,5,0.36363636363636365
1176,NW-flex,5,1.0
1176,BWA-no-clip,6,0.9090909090909091
1176,BWA-std,6,0.45454545454545453
1176,NW-flex,6,1.0
1176,BWA-no-clip,7,1.0
1176,BWA-std,7,0.45454545454545453
1176,NW-flex,7,1.0
1176,BWA-no-clip,8,1.0
1176,BWA-std,8,0.6363636363636364
1176,NW-flex,8,1.0
1176,BWA-no-clip,9,1.0
1176,BWA-std,9,0.6363636363636364
1176,NW-flex,9,1.0
1176,BWA-no-clip,10,1.0
1176,BWA-std,10,0.8181818181818182
1176,NW-flex,10,1.0
1177,BWA-no-clip,1,0.5454545454545454
1177,BWA-std,1,0.09090909090909091
1177,NW-flex,1,1.0
1177,BWA-no-clip,2,0.7272727272727273
1177,BWA-std,2,0.18181818181818182
1177,NW-flex,2,1.0
1177,BWA-no-clip,3,0.9090909090909091
1177,BWA-std,3,0.18181818181818182
1177,NW-flex,3,1.0
1177,BWA-no-clip,4,0.9090909090909091
1177,BWA-std,4,0.36363636363636365
1177,NW-flex,4,1.0
1177,BWA-no-clip,5,1.0
1177,BWA-std,5,0.36363636363636365
1177,NW-flex,5,1.0
1177,BWA-no-clip,6,1.0
1177,BWA-std,6,0.45454545454545453
1177,NW-flex,6,1.0
1177,BWA-no-clip,7,1.0
1177,BWA-std,7,0.45454545454545453
1177,NW-flex,7,1.0
1177,BWA-no-clip,8,1.0
1177,BWA-std,8,0.6363636363636364
1177,NW-flex,8,1.0
1177,BWA-no-clip,9,1.0
1177,BWA-std,9,0.6363636363636364
1177,NW-flex,9,1.0
1177,BWA-no-clip,10,1.0
1177,BWA-std,10,0.8181818181818182
1177,NW-flex,10,1.0
1178,BWA-no-clip,1,0.5454545454545454
1178,BWA-std,1,0.09090909090909091
1178,NW-flex,1,1.0
1178,BWA-no-clip,2,0.5454545454545454
1178,BWA-std,2,0.09090909090909091
1178,NW-flex,2,1.0
1178,BWA-no-clip,3,0.7272727272727273
1178,BWA-std,3,0.18181818181818182
1178,NW-flex,3,1.0
1178,BWA-no-clip,4,0.8181818181818182
1178,BWA-std,4,0.36363636363636365
1178,NW-flex,4,1.0
1178,BWA-no-clip,5,0.8181818181818182
1178,BWA-std,5,0.36363636363636365
1178,NW-flex,5,1.0
1178,BWA-no-clip,6,0.8181818181818182
1178,BWA-std,6,0.45454545454545453
1178,NW-flex,6,1.0
1178,BWA-no-clip,7,1.0
1178,BWA-std,7,0.45454545454545453
1178,NW-flex,7,1.0
1178,BWA-no-clip,8,1.0
1178,BWA-std,8,0.6363636363636364
1178,NW-flex,8,1.0
1178,BWA-no-clip,9,1.0
1178,BWA-std,9,0.6363636363636364
1178,NW-flex,9,1.0
1178,BWA-no-clip,10,1.0
1178,BWA-std,10,0.8181818181818182
1178,NW-flex,10,1.0
1179,BWA-no-clip,1,0.5454545454545454
1179,BWA-std,1,0.09090909090909091
1179,NW-flex,1,1.0
1179,BWA-no-clip,2,0.7272727272727273
1179,BWA-std,2,0.18181818181818182
1179,NW-flex,2,1.0
1179,BWA-no-clip,3,0.9090909090909091
1179,BWA-std,3,0.18181818181818182
1179,NW-flex,3,1.0
1179,BWA-no-clip,4,1.0
1179,BWA-std,4,0.36363636363636365
1179,NW-flex,4,1.0
1179,BWA-no-clip,5,1.0
1179,BWA-std,5,0.36363636363636365
1179,NW-flex,5,1.0
1179,BWA-no-clip,6,1.0
1179,BWA-std,6,0.45454545454545453
1179,NW-flex,6,1.0
1179,BWA-no-clip,7,1.0
1179,BWA-std,7,0.45454545454545453
1179,NW-flex,7,1.0
1179,BWA-no-clip,8,1.0
1179,BWA-std,8,0.6363636363636364
1179,NW-flex,8,1.0
1179,BWA-no-clip,9,1.0
1179,BWA-std,9,0.6363636363636364
1179,NW-flex,9,1.0
1179,BWA-no-clip,10,1.0
1179,BWA-std,10,0.8181818181818182
1179,NW-flex,10,1.0
1180,BWA-no-clip,1,0.2727272727272727
1180,BWA-std,1,0.09090909090909091
1180,NW-flex,1,1.0
1180,BWA-no-clip,2,0.45454545454545453
1180,BWA-std,2,0.09090909090909091
1180,NW-flex,2,1.0
1180,BWA-no-clip,3,0.6363636363636364
1180,BWA-std,3,0.18181818181818182
1180,NW-flex,3,1.0
1180,BWA-no-clip,4,0.6363636363636364
1180,BWA-std,4,0.2727272727272727
1180,NW-flex,4,1.0
1180,BWA-no-clip,5,0.7272727272727273
1180,BWA-std,5,0.36363636363636365
1180,NW-flex,5,1.0
1180,BWA-no-clip,6,0.9090909090909091
1180,BWA-std,6,0.45454545454545453
1180,NW-flex,6,1.0
1180,BWA-no-clip,7,0.9090909090909091
1180,BWA-std,7,0.45454545454545453
1180,NW-flex,7,1.0
1180,BWA-no-clip,8,0.9090909090909091
1180,BWA-std,8,0.6363636363636364
1180,NW-flex,8,1.0
1180,BWA-no-clip,9,0.9090909090909091
1180,BWA-std,9,0.6363636363636364
1180,NW-flex,9,1.0
1180,BWA-no-clip,10,1.0
1180,BWA-std,10,0.8181818181818182
1180,NW-flex,10,1.0
1181,BWA-no-clip,1,0.45454545454545453
1181,BWA-std,1,0.09090909090909091
1181,NW-flex,1,1.0
1181,BWA-no-clip,2,0.45454545454545453
1181,BWA-std,2,0.09090909090909091
1181,NW-flex,2,1.0
1181,BWA-no-clip,3,0.6363636363636364
1181,BWA-std,3,0.18181818181818182
1181,NW-flex,3,1.0
1181,BWA-no-clip,4,0.8181818181818182
1181,BWA-std,4,0.36363636363636365
1181,NW-flex,4,1.0
1181,BWA-no-clip,5,0.8181818181818182
1181,BWA-std,5,0.36363636363636365
1181,NW-flex,5,1.0
1181,BWA-no-clip,6,1.0
1181,BWA-std,6,0.45454545454545453
1181,NW-flex,6,1.0
1181,BWA-no-clip,7,1.0
1181,BWA-std,7,0.45454545454545453
1181,NW-flex,7,1.0
1181,BWA-no-clip,8,1.0
1181,BWA-std,8,0.6363636363636364
1181,NW-flex,8,1.0
1181,BWA-no-clip,9,1.0
1181,BWA-std,9,0.6363636363636364
1181,NW-flex,9,1.0
1181,BWA-no-clip,10,1.0
1181,BWA-std,10,0.8181818181818182
1181,NW-flex,10,1.0
1182,BWA-no-clip,1,0.2727272727272727
1182,BWA-std,1,0.09090909090909091
1182,NW-flex,1,1.0
1182,BWA-no-clip,2,0.6363636363636364
1182,BWA-std,2,0.18181818181818182
1182,NW-flex,2,1.0
1182,BWA-no-clip,3,0.7272727272727273
1182,BWA-std,3,0.18181818181818182
1182,NW-flex,3,1.0
1182,BWA-no-clip,4,0.8181818181818182
1182,BWA-std,4,0.36363636363636365
1182,NW-flex,4,1.0
1182,BWA-no-clip,5,0.9090909090909091
1182,BWA-std,5,0.36363636363636365
1182,NW-flex,5,1.0
1182,BWA-no-clip,6,1.0
1182,BWA-std,6,0.45454545454545453
1182,NW-flex,6,1.0
1182,BWA-no-clip,7,1.0
1182,BWA-std,7,0.45454545454545453
1182,NW-flex,7,1.0
1182,BWA-no-clip,8,1.0
1182,BWA-std,8,0.6363636363636364
1182,NW-flex,8,1.0
1182,BWA-no-clip,9,1.0
1182,BWA-std,9,0.6363636363636364
1182,NW-flex,9,1.0
1182,BWA-no-clip,10,1.0
1182,BWA-std,10,0.8181818181818182
1182,NW-flex,10,1.0
1183,BWA-no-clip,1,0.09090909090909091
1183,BWA-std,1,0.09090909090909091
1183,NW-flex,1,1.0
1183,BWA-no-clip,2,0.5454545454545454
1183,BWA-std,2,0.09090909090909091
1183,NW-flex,2,1.0
1183,BWA-no-clip,3,0.6363636363636364
1183,BWA-std,3,0.09090909090909091
1183,NW-flex,3,1.0
1183,BWA-no-clip,4,0.7272727272727273
1183,BWA-std,4,0.36363636363636365
1183,NW-flex,4,1.0
1183,BWA-no-clip,5,0.9090909090909091
1183,BWA-std,5,0.36363636363636365
1183,NW-flex,5,1.0
1183,BWA-no-clip,6,1.0
1183,BWA-std,6,0.45454545454545453
1183,NW-flex,6,1.0
1183,BWA-no-clip,7,1.0
1183,BWA-std,7,0.45454545454545453
1183,NW-flex,7,1.0
1183,BWA-no-clip,8,1.0
1183,BWA-std,8,0.6363636363636364
1183,NW-flex,8,1.0
1183,BWA-no-clip,9,1.0
1183,BWA-std,9,0.6363636363636364
1183,NW-flex,9,1.0
1183,BWA-no-clip,10,1.0
1183,BWA-std,10,0.8181818181818182
1183,NW-flex,10,1.0
1184,BWA-no-clip,1,0.5454545454545454
1184,BWA-std,1,0.09090909090909091
1184,NW-flex,1,1.0
1184,BWA-no-clip,2,0.6363636363636364
1184,BWA-std,2,0.18181818181818182
1184,NW-flex,2,1.0
1184,BWA-no-clip,3,0.7272727272727273
1184,BWA-std,3,0.18181818181818182
1184,NW-flex,3,1.0
1184,BWA-no-clip,4,0.8181818181818182
1184,BWA-std,4,0.36363636363636365
1184,NW-flex,4,1.0
1184,BWA-no-clip,5,0.9090909090909091
1184,BWA-std,5,0.36363636363636365
1184,NW-flex,5,1.0
1184,BWA-no-clip,6,1.0
1184,BWA-std,6,0.45454545454545453
1184,NW-flex,6,1.0
1184,BWA-no-clip,7,1.0
1184,BWA-std,7,0.45454545454545453
1184,NW-flex,7,1.0
1184,BWA-no-clip,8,1.0
1184,BWA-std,8,0.6363636363636364
1184,NW-flex,8,1.0
1184,BWA-no-clip,9,1.0
1184,BWA-std,9,0.6363636363636364
1184,NW-flex,9,1.0
1184,BWA-no-clip,10,1.0
1184,BWA-std,10,0.8181818181818182
1184,NW-flex,10,1.0
1185,BWA-no-clip,1,0.45454545454545453
1185,BWA-std,1,0.09090909090909091
1185,NW-flex,1,1.0
1185,BWA-no-clip,2,0.5454545454545454
1185,BWA-std,2,0.09090909090909091
1185,NW-flex,2,1.0
1185,BWA-no-clip,3,0.7272727272727273
1185,BWA-std,3,0.18181818181818182
1185,NW-flex,3,1.0
1185,BWA-no-clip,4,0.7272727272727273
1185,BWA-std,4,0.36363636363636365
1185,NW-flex,4,1.0
1185,BWA-no-clip,5,0.9090909090909091
1185,BWA-std,5,0.36363636363636365
1185,NW-flex,5,1.0
1185,BWA-no-clip,6,1.0
1185,BWA-std,6,0.45454545454545453
1185,NW-flex,6,1.0
1185,BWA-no-clip,7,1.0
1185,BWA-std,7,0.45454545454545453
1185,NW-flex,7,1.0
1185,BWA-no-clip,8,1.0
1185,BWA-std,8,0.6363636363636364
1185,NW-flex,8,1.0
1185,BWA-no-clip,9,1.0
1185,BWA-std,9,0.6363636363636364
1185,NW-flex,9,1.0
1185,BWA-no-clip,10,1.0
1185,BWA-std,10,0.8181818181818182
1185,NW-flex,10,1.0
1186,BWA-no-clip,1,0.18181818181818182
1186,BWA-std,1,0.09090909090909091
1186,NW-flex,1,1.0
1186,BWA-no-clip,2,0.7272727272727273
1186,BWA-std,2,0.18181818181818182
1186,NW-flex,2,1.0
1186,BWA-no-clip,3,0.8181818181818182
1186,BWA-std,3,0.18181818181818182
1186,NW-flex,3,1.0
1186,BWA-no-clip,4,0.9090909090909091
1186,BWA-std,4,0.36363636363636365
1186,NW-flex,4,1.0
1186,BWA-no-clip,5,1.0
1186,BWA-std,5,0.36363636363636365
1186,NW-flex,5,1.0
1186,BWA-no-clip,6,1.0
1186,BWA-std,6,0.45454545454545453
1186,NW-flex,6,1.0
1186,BWA-no-clip,7,1.0
1186,BWA-std,7,0.45454545454545453
1186,NW-flex,7,1.0
1186,BWA-no-clip,8,1.0
1186,BWA-std,8,0.6363636363636364
1186,NW-flex,8,1.0
1186,BWA-no-clip,9,1.0
1186,BWA-std,9,0.6363636363636364
1186,NW-flex,9,1.0
1186,BWA-no-clip,10,1.0
1186,BWA-std,10,0.8181818181818182
1186,NW-flex,10,1.0
1187,BWA-no-clip,1,0.5454545454545454
1187,BWA-std,1,0.09090909090909091
1187,NW-flex,1,1.0
1187,BWA-no-clip,2,0.7272727272727273
1187,BWA-std,2,0.18181818181818182
1187,NW-flex,2,1.0
1187,BWA-no-clip,3,0.8181818181818182
1187,BWA-std,3,0.18181818181818182
1187,NW-flex,3,1.0
1187,BWA-no-clip,4,0.8181818181818182
1187,BWA-std,4,0.36363636363636365
1187,NW-flex,4,1.0
1187,BWA-no-clip,5,1.0
1187,BWA-std,5,0.36363636363636365
1187,NW-flex,5,1.0
1187,BWA-no-clip,6,1.0
1187,BWA-std,6,0.45454545454545453
1187,NW-flex,6,1.0
1187,BWA-no-clip,7,1.0
1187,BWA-std,7,0.45454545454545453
1187,NW-flex,7,1.0
1187,BWA-no-clip,8,1.0
1187,BWA-std,8,0.6363636363636364
1187,NW-flex,8,1.0
1187,BWA-no-clip,9,1.0
1187,BWA-std,9,0.6363636363636364
1187,NW-flex,9,1.0
1187,BWA-no-clip,10,1.0
1187,BWA-std,10,0.8181818181818182
1187,NW-flex,10,1.0
1188,BWA-no-clip,1,0.5454545454545454
1188,BWA-std,1,0.09090909090909091
1188,NW-flex,1,1.0
1188,BWA-no-clip,2,0.6363636363636364
1188,BWA-std,2,0.18181818181818182
1188,NW-flex,2,1.0
1188,BWA-no-clip,3,0.6363636363636364
1188,BWA-std,3,0.18181818181818182
1188,NW-flex,3,1.0
1188,BWA-no-clip,4,0.8181818181818182
1188,BWA-std,4,0.36363636363636365
1188,NW-flex,4,1.0
1188,BWA-no-clip,5,0.9090909090909091
1188,BWA-std,5,0.36363636363636365
1188,NW-flex,5,1.0
1188,BWA-no-clip,6,1.0
1188,BWA-std,6,0.45454545454545453
1188,NW-flex,6,1.0
1188,BWA-no-clip,7,1.0
1188,BWA-std,7,0.45454545454545453
1188,NW-flex,7,1.0
1188,BWA-no-clip,8,1.0
1188,BWA-std,8,0.6363636363636364
1188,NW-flex,8,1.0
1188,BWA-no-clip,9,1.0
1188,BWA-std,9,0.6363636363636364
1188,NW-flex,9,1.0
1188,BWA-no-clip,10,1.0
1188,BWA-std,10,0.8181818181818182
1188,NW-flex,10,1.0
1189,BWA-no-clip,1,0.09090909090909091
1189,BWA-std,1,0.09090909090909091
1189,NW-flex,1,1.0
1189,BWA-no-clip,2,0.09090909090909091
1189,BWA-std,2,0.09090909090909091
1189,NW-flex,2,1.0
1189,BWA-no-clip,3,0.5757575757575758
1189,BWA-std,3,0.18181818181818182
1189,NW-flex,3,1.0
1189,BWA-no-clip,4,0.9090909090909091
1189,BWA-std,4,0.36363636363636365
1189,NW-flex,4,1.0
1189,BWA-no-clip,5,1.0
1189,BWA-std,5,0.36363636363636365
1189,NW-flex,5,1.0
1189,BWA-no-clip,6,1.0
1189,BWA-std,6,0.45454545454545453
1189,NW-flex,6,1.0
1189,BWA-no-clip,7,1.0
1189,BWA-std,7,0.45454545454545453
1189,NW-flex,7,1.0
1189,BWA-no-clip,8,1.0
1189,BWA-std,8,0.6363636363636364
1189,NW-flex,8,1.0
1189,BWA-no-clip,9,1.0
1189,BWA-std,9,0.6363636363636364
1189,NW-flex,9,1.0
1189,BWA-no-clip,10,1.0
1189,BWA-std,10,0.8181818181818182
1189,NW-flex,10,1.0
1190,BWA-no-clip,1,0.5454545454545454
1190,BWA-std,1,0.09090909090909091
1190,NW-flex,1,1.0
1190,BWA-no-clip,2,0.6363636363636364
1190,BWA-std,2,0.18181818181818182
1190,NW-flex,2,1.0
1190,BWA-no-clip,3,0.8181818181818182
1190,BWA-std,3,0.18181818181818182
1190,NW-flex,3,1.0
1190,BWA-no-clip,4,0.9090909090909091
1190,BWA-std,4,0.36363636363636365
1190,NW-flex,4,1.0
1190,BWA-no-clip,5,1.0
1190,BWA-std,5,0.36363636363636365
1190,NW-flex,5,1.0
1190,BWA-no-clip,6,1.0
1190,BWA-std,6,0.45454545454545453
1190,NW-flex,6,1.0
1190,BWA-no-clip,7,1.0
1190,BWA-std,7,0.45454545454545453
1190,NW-flex,7,1.0
1190,BWA-no-clip,8,1.0
1190,BWA-std,8,0.6363636363636364
1190,NW-flex,8,1.0
1190,BWA-no-clip,9,1.0
1190,BWA-std,9,0.6363636363636364
1190,NW-flex,9,1.0
1190,BWA-no-clip,10,1.0
1190,BWA-std,10,0.8181818181818182
1190,NW-flex,10,1.0
1191,BWA-no-clip,1,0.09090909090909091
1191,BWA-std,1,0.09090909090909091
1191,NW-flex,1,1.0
1191,BWA-no-clip,2,0.09090909090909091
1191,BWA-std,2,0.09090909090909091
1191,NW-flex,2,1.0
1191,BWA-no-clip,3,0.5757575757575758
1191,BWA-std,3,0.18181818181818182
1191,NW-flex,3,1.0
1191,BWA-no-clip,4,0.8181818181818182
1191,BWA-std,4,0.36363636363636365
1191,NW-flex,4,1.0
1191,BWA-no-clip,5,0.8181818181818182
1191,BWA-std,5,0.36363636363636365
1191,NW-flex,5,1.0
1191,BWA-no-clip,6,1.0
1191,BWA-std,6,0.45454545454545453
1191,NW-flex,6,1.0
1191,BWA-no-clip,7,1.0
1191,BWA-std,7,0.45454545454545453
1191,NW-flex,7,1.0
1191,BWA-no-clip,8,1.0
1191,BWA-std,8,0.6363636363636364
1191,NW-flex,8,1.0
1191,BWA-no-clip,9,1.0
1191,BWA-std,9,0.6363636363636364
1191,NW-flex,9,1.0
1191,BWA-no-clip,10,1.0
1191,BWA-std,10,0.8181818181818182
1191,NW-flex,10,1.0
1192,BWA-no-clip,1,0.5454545454545454
1192,BWA-std,1,0.09090909090909091
1192,NW-flex,1,1.0
1192,BWA-no-clip,2,0.6363636363636364
1192,BWA-std,2,0.18181818181818182
1192,NW-flex,2,1.0
1192,BWA-no-clip,3,0.8181818181818182
1192,BWA-std,3,0.18181818181818182
1192,NW-flex,3,1.0
1192,BWA-no-clip,4,1.0
1192,BWA-std,4,0.36363636363636365
1192,NW-flex,4,1.0
1192,BWA-no-clip,5,0.9090909090909091
1192,BWA-std,5,0.36363636363636365
1192,NW-flex,5,1.0
1192,BWA-no-clip,6,0.9090909090909091
1192,BWA-std,6,0.45454545454545453
1192,NW-flex,6,1.0
1192,BWA-no-clip,7,0.9090909090909091
1192,BWA-std,7,0.45454545454545453
1192,NW-flex,7,1.0
1192,BWA-no-clip,8,1.0
1192,BWA-std,8,0.6363636363636364
1192,NW-flex,8,1.0
1192,BWA-no-clip,9,1.0
1192,BWA-std,9,0.6363636363636364
1192,NW-flex,9,1.0
1192,BWA-no-clip,10,1.0
1192,BWA-std,10,0.8181818181818182
1192,NW-flex,10,1.0
1193,BWA-no-clip,1,0.18181818181818182
1193,BWA-std,1,0.09090909090909091
1193,NW-flex,1,1.0
1193,BWA-no-clip,2,0.18181818181818182
1193,BWA-std,2,0.09090909090909091
1193,NW-flex,2,1.0
1193,BWA-no-clip,3,0.6363636363636364
1193,BWA-std,3,0.09090909090909091
1193,NW-flex,3,1.0
1193,BWA-no-clip,4,0.7272727272727273
1193,BWA-std,4,0.36363636363636365
1193,NW-flex,4,1.0
1193,BWA-no-clip,5,0.8181818181818182
1193,BWA-std,5,0.36363636363636365
1193,NW-flex,5,1.0
1193,BWA-no-clip,6,1.0
1193,BWA-std,6,0.45454545454545453
1193,NW-flex,6,1.0
1193,BWA-no-clip,7,1.0
1193,BWA-std,7,0.45454545454545453
1193,NW-flex,7,1.0
1193,BWA-no-clip,8,1.0
1193,BWA-std,8,0.6363636363636364
1193,NW-flex,8,1.0
1193,BWA-no-clip,9,1.0
1193,BWA-std,9,0.6363636363636364
1193,NW-flex,9,1.0
1193,BWA-no-clip,10,1.0
1193,BWA-std,10,0.8181818181818182
1193,NW-flex,10,1.0
1194,BWA-no-clip,1,0.09090909090909091
1194,BWA-std,1,0.09090909090909091
1194,NW-flex,1,1.0
1194,BWA-no-clip,2,0.09090909090909091
1194,BWA-std,2,0.09090909090909091
1194,NW-flex,2,1.0
1194,BWA-no-clip,3,0.12121212121212122
1194,BWA-std,3,0.18181818181818182
1194,NW-flex,3,1.0
1194,BWA-no-clip,4,0.5757575757575758
1194,BWA-std,4,0.2727272727272727
1194,NW-flex,4,1.0
1194,BWA-no-clip,5,0.7272727272727273
1194,BWA-std,5,0.36363636363636365
1194,NW-flex,5,1.0
1194,BWA-no-clip,6,0.9090909090909091
1194,BWA-std,6,0.45454545454545453
1194,NW-flex,6,1.0
1194,BWA-no-clip,7,1.0
1194,BWA-std,7,0.45454545454545453
1194,NW-flex,7,1.0
1194,BWA-no-clip,8,1.0
1194,BWA-std,8,0.6363636363636364
1194,NW-flex,8,1.0
1194,BWA-no-clip,9,1.0
1194,BWA-std,9,0.6363636363636364
1194,NW-flex,9,1.0
1194,BWA-no-clip,10,1.0
1194,BWA-std,10,0.8181818181818182
1194,NW-flex,10,1.0
1195,BWA-no-clip,1,0.5454545454545454
1195,BWA-std,1,0.09090909090909091
1195,NW-flex,1,1.0
1195,BWA-no-clip,2,0.7272727272727273
1195,BWA-std,2,0.18181818181818182
1195,NW-flex,2,1.0
1195,BWA-no-clip,3,0.8181818181818182
1195,BWA-std,3,0.18181818181818182
1195,NW-flex,3,1.0
1195,BWA-no-clip,4,0.8181818181818182
1195,BWA-std,4,0.36363636363636365
1195,NW-flex,4,1.0
1195,BWA-no-clip,5,1.0
1195,BWA-std,5,0.36363636363636365
1195,NW-flex,5,1.0
1195,BWA-no-clip,6,1.0
1195,BWA-std,6,0.45454545454545453
1195,NW-flex,6,1.0
1195,BWA-no-clip,7,1.0
1195,BWA-std,7,0.45454545454545453
1195,NW-flex,7,1.0
1195,BWA-no-clip,8,1.0
1195,BWA-std,8,0.6363636363636364
1195,NW-flex,8,1.0
1195,BWA-no-clip,9,1.0
1195,BWA-std,9,0.6363636363636364
1195,NW-flex,9,1.0
1195,BWA-no-clip,10,1.0
1195,BWA-std,10,0.8181818181818182
1195,NW-flex,10,1.0
1196,BWA-no-clip,1,0.5454545454545454
1196,BWA-std,1,0.09090909090909091
1196,NW-flex,1,1.0
1196,BWA-no-clip,2,0.7272727272727273
1196,BWA-std,2,0.18181818181818182
1196,NW-flex,2,1.0
1196,BWA-no-clip,3,0.9090909090909091
1196,BWA-std,3,0.18181818181818182
1196,NW-flex,3,1.0
1196,BWA-no-clip,4,0.8181818181818182
1196,BWA-std,4,0.36363636363636365
1196,NW-flex,4,1.0
1196,BWA-no-clip,5,0.8181818181818182
1196,BWA-std,5,0.36363636363636365
1196,NW-flex,5,1.0
1196,BWA-no-clip,6,1.0
1196,BWA-std,6,0.45454545454545453
1196,NW-flex,6,1.0
1196,BWA-no-clip,7,1.0
1196,BWA-std,7,0.45454545454545453
1196,NW-flex,7,1.0
1196,BWA-no-clip,8,1.0
1196,BWA-std,8,0.6363636363636364
1196,NW-flex,8,1.0
1196,BWA-no-clip,9,1.0
1196,BWA-std,9,0.6363636363636364
1196,NW-flex,9,1.0
1196,BWA-no-clip,10,1.0
1196,BWA-std,10,0.8181818181818182
1196,NW-flex,10,1.0
1197,BWA-no-clip,1,0.2727272727272727
1197,BWA-std,1,0.09090909090909091
1197,NW-flex,1,1.0
1197,BWA-no-clip,2,0.6363636363636364
1197,BWA-std,2,0.18181818181818182
1197,NW-flex,2,1.0
1197,BWA-no-clip,3,0.8181818181818182
1197,BWA-std,3,0.18181818181818182
1197,NW-flex,3,1.0
1197,BWA-no-clip,4,1.0
1197,BWA-std,4,0.36363636363636365
1197,NW-flex,4,1.0
1197,BWA-no-clip,5,1.0
1197,BWA-std,5,0.36363636363636365
1197,NW-flex,5,1.0
1197,BWA-no-clip,6,1.0
1197,BWA-std,6,0.45454545454545453
1197,NW-flex,6,1.0
1197,BWA-no-clip,7,1.0
1197,BWA-std,7,0.45454545454545453
1197,NW-flex,7,1.0
1197,BWA-no-clip,8,1.0
1197,BWA-std,8,0.6363636363636364
1197,NW-flex,8,1.0
1197,BWA-no-clip,9,1.0
1197,BWA-std,9,0.6363636363636364
1197,NW-flex,9,1.0
1197,BWA-no-clip,10,1.0
1197,BWA-std,10,0.8181818181818182
1197,NW-flex,10,1.0
1198,BWA-no-clip,1,0.5454545454545454
1198,BWA-std,1,0.09090909090909091
1198,NW-flex,1,1.0
1198,BWA-no-clip,2,0.6363636363636364
1198,BWA-std,2,0.18181818181818182
1198,NW-flex,2,1.0
1198,BWA-no-clip,3,0.7272727272727273
1198,BWA-std,3,0.18181818181818182
1198,NW-flex,3,1.0
1198,BWA-no-clip,4,0.8181818181818182
1198,BWA-std,4,0.36363636363636365
1198,NW-flex,4,1.0
1198,BWA-no-clip,5,0.8181818181818182
1198,BWA-std,5,0.36363636363636365
1198,NW-flex,5,1.0
1198,BWA-no-clip,6,1.0
1198,BWA-std,6,0.45454545454545453
1198,NW-flex,6,1.0
1198,BWA-no-clip,7,1.0
1198,BWA-std,7,0.45454545454545453
1198,NW-flex,7,1.0
1198,BWA-no-clip,8,1.0
1198,BWA-std,8,0.6363636363636364
1198,NW-flex,8,1.0
1198,BWA-no-clip,9,1.0
1198,BWA-std,9,0.6363636363636364
1198,NW-flex,9,1.0
1198,BWA-no-clip,10,1.0
1198,BWA-std,10,0.8181818181818182
1198,NW-flex,10,1.0
1199,BWA-no-clip,1,0.5454545454545454
1199,BWA-std,1,0.09090909090909091
1199,NW-flex,1,1.0
1199,BWA-no-clip,2,0.7272727272727273
1199,BWA-std,2,0.18181818181818182
1199,NW-flex,2,1.0
1199,BWA-no-clip,3,0.9090909090909091
1199,BWA-std,3,0.18181818181818182
1199,NW-flex,3,1.0
1199,BWA-no-clip,4,0.8181818181818182
1199,BWA-std,4,0.36363636363636365
1199,NW-flex,4,1.0
1199,BWA-no-clip,5,1.0
1199,BWA-std,5,0.36363636363636365
1199,NW-flex,5,1.0
1199,BWA-no-clip,6,1.0
1199,BWA-std,6,0.45454545454545453
1199,NW-flex,6,1.0
1199,BWA-no-clip,7,1.0
1199,BWA-std,7,0.45454545454545453
1199,NW-flex,7,1.0
1199,BWA-no-clip,8,1.0
1199,BWA-std,8,0.6363636363636364
1199,NW-flex,8,1.0
1199,BWA-no-clip,9,1.0
1199,BWA-std,9,0.6363636363636364
1199,NW-flex,9,1.0
1199,BWA-no-clip,10,1.0
1199,BWA-std,10,0.8181818181818182
1199,NW-flex,10,1.0
1200,BWA-no-clip,1,0.5454545454545454
1200,BWA-std,1,0.09090909090909091
1200,NW-flex,1,1.0
1200,BWA-no-clip,2,0.7272727272727273
1200,BWA-std,2,0.18181818181818182
1200,NW-flex,2,1.0
1200,BWA-no-clip,3,0.8181818181818182
1200,BWA-std,3,0.18181818181818182
1200,NW-flex,3,1.0
1200,BWA-no-clip,4,0.8181818181818182
1200,BWA-std,4,0.36363636363636365
1200,NW-flex,4,1.0
1200,BWA-no-clip,5,1.0
1200,BWA-std,5,0.36363636363636365
1200,NW-flex,5,1.0
1200,BWA-no-clip,6,1.0
1200,BWA-std,6,0.45454545454545453
1200,NW-flex,6,1.0
1200,BWA-no-clip,7,1.0
1200,BWA-std,7,0.45454545454545453
1200,NW-flex,7,1.0
1200,BWA-no-clip,8,1.0
1200,BWA-std,8,0.6363636363636364
1200,NW-flex,8,1.0
1200,BWA-no-clip,9,1.0
1200,BWA-std,9,0.6363636363636364
1200,NW-flex,9,1.0
1200,BWA-no-clip,10,1.0
1200,BWA-std,10,0.8181818181818182
1200,NW-flex,10,1.0
1201,BWA-no-clip,1,0.09090909090909091
1201,BWA-std,1,0.09090909090909091
1201,NW-flex,1,1.0
1201,BWA-no-clip,2,0.09090909090909091
1201,BWA-std,2,0.09090909090909091
1201,NW-flex,2,1.0
1201,BWA-no-clip,3,0.5757575757575758
1201,BWA-std,3,0.18181818181818182
1201,NW-flex,3,1.0
1201,BWA-no-clip,4,0.9090909090909091
1201,BWA-std,4,0.36363636363636365
1201,NW-flex,4,1.0
1201,BWA-no-clip,5,1.0
1201,BWA-std,5,0.36363636363636365
1201,NW-flex,5,1.0
1201,BWA-no-clip,6,1.0
1201,BWA-std,6,0.45454545454545453
1201,NW-flex,6,1.0
1201,BWA-no-clip,7,1.0
1201,BWA-std,7,0.45454545454545453
1201,NW-flex,7,1.0
1201,BWA-no-clip,8,1.0
1201,BWA-std,8,0.6363636363636364
1201,NW-flex,8,1.0
1201,BWA-no-clip,9,1.0
1201,BWA-std,9,0.6363636363636364
1201,NW-flex,9,1.0
1201,BWA-no-clip,10,1.0
1201,BWA-std,10,0.8181818181818182
1201,NW-flex,10,1.0
1202,BWA-no-clip,1,0.09090909090909091
1202,BWA-std,1,0.09090909090909091
1202,NW-flex,1,1.0
1202,BWA-no-clip,2,0.09090909090909091
1202,BWA-std,2,0.09090909090909091
1202,NW-flex,2,1.0
1202,BWA-no-clip,3,0.5757575757575758
1202,BWA-std,3,0.18181818181818182
1202,NW-flex,3,1.0
1202,BWA-no-clip,4,0.9090909090909091
1202,BWA-std,4,0.36363636363636365
1202,NW-flex,4,1.0
1202,BWA-no-clip,5,0.9090909090909091
1202,BWA-std,5,0.36363636363636365
1202,NW-flex,5,1.0
1202,BWA-no-clip,6,1.0
1202,BWA-std,6,0.45454545454545453
1202,NW-flex,6,1.0
1202,BWA-no-clip,7,1.0
1202,BWA-std,7,0.45454545454545453
1202,NW-flex,7,1.0
1202,BWA-no-clip,8,1.0
1202,BWA-std,8,0.6363636363636364
1202,NW-flex,8,1.0
1202,BWA-no-clip,9,1.0
1202,BWA-std,9,0.6363636363636364
1202,NW-flex,9,1.0
1202,BWA-no-clip,10,1.0
1202,BWA-std,10,0.8181818181818182
1202,NW-flex,10,1.0
1203,BWA-no-clip,1,0.5454545454545454
1203,BWA-std,1,0.09090909090909091
1203,NW-flex,1,1.0
1203,BWA-no-clip,2,0.7272727272727273
1203,BWA-std,2,0.18181818181818182
1203,NW-flex,2,1.0
1203,BWA-no-clip,3,0.9090909090909091
1203,BWA-std,3,0.18181818181818182
1203,NW-flex,3,1.0
1203,BWA-no-clip,4,1.0
1203,BWA-std,4,0.36363636363636365
1203,NW-flex,4,1.0
1203,BWA-no-clip,5,1.0
1203,BWA-std,5,0.36363636363636365
1203,NW-flex,5,1.0
1203,BWA-no-clip,6,1.0
1203,BWA-std,6,0.45454545454545453
1203,NW-flex,6,1.0
1203,BWA-no-clip,7,1.0
1203,BWA-std,7,0.45454545454545453
1203,NW-flex,7,1.0
1203,BWA-no-clip,8,1.0
1203,BWA-std,8,0.6363636363636364
1203,NW-flex,8,1.0
1203,BWA-no-clip,9,1.0
1203,BWA-std,9,0.6363636363636364
1203,NW-flex,9,1.0
1203,BWA-no-clip,10,1.0
1203,BWA-std,10,0.8181818181818182
1203,NW-flex,10,1.0
1204,BWA-no-clip,1,0.5454545454545454
1204,BWA-std,1,0.09090909090909091
1204,NW-flex,1,1.0
1204,BWA-no-clip,2,0.6363636363636364
1204,BWA-std,2,0.18181818181818182
1204,NW-flex,2,1.0
1204,BWA-no-clip,3,0.6363636363636364
1204,BWA-std,3,0.18181818181818182
1204,NW-flex,3,1.0
1204,BWA-no-clip,4,0.8181818181818182
1204,BWA-std,4,0.36363636363636365
1204,NW-flex,4,1.0
1204,BWA-no-clip,5,0.9090909090909091
1204,BWA-std,5,0.36363636363636365
1204,NW-flex,5,1.0
1204,BWA-no-clip,6,1.0
1204,BWA-std,6,0.45454545454545453
1204,NW-flex,6,1.0
1204,BWA-no-clip,7,1.0
1204,BWA-std,7,0.45454545454545453
1204,NW-flex,7,1.0
1204,BWA-no-clip,8,1.0
1204,BWA-std,8,0.6363636363636364
1204,NW-flex,8,1.0
1204,BWA-no-clip,9,1.0
1204,BWA-std,9,0.6363636363636364
1204,NW-flex,9,1.0
1204,BWA-no-clip,10,1.0
1204,BWA-std,10,0.8181818181818182
1204,NW-flex,10,1.0
1205,BWA-no-clip,1,0.45454545454545453
1205,BWA-std,1,0.09090909090909091
1205,NW-flex,1,1.0
1205,BWA-no-clip,2,0.45454545454545453
1205,BWA-std,2,0.09090909090909091
1205,NW-flex,2,1.0
1205,BWA-no-clip,3,0.6363636363636364
1205,BWA-std,3,0.09090909090909091
1205,NW-flex,3,1.0
1205,BWA-no-clip,4,0.7272727272727273
1205,BWA-std,4,0.36363636363636365
1205,NW-flex,4,1.0
1205,BWA-no-clip,5,0.9090909090909091
1205,BWA-std,5,0.36363636363636365
1205,NW-flex,5,1.0
1205,BWA-no-clip,6,0.9090909090909091
1205,BWA-std,6,0.45454545454545453
1205,NW-flex,6,1.0
1205,BWA-no-clip,7,0.9090909090909091
1205,BWA-std,7,0.45454545454545453
1205,NW-flex,7,1.0
1205,BWA-no-clip,8,1.0
1205,BWA-std,8,0.6363636363636364
1205,NW-flex,8,1.0
1205,BWA-no-clip,9,1.0
1205,BWA-std,9,0.6363636363636364
1205,NW-flex,9,1.0
1205,BWA-no-clip,10,1.0
1205,BWA-std,10,0.8181818181818182
1205,NW-flex,10,1.0
1206,BWA-no-clip,1,0.5454545454545454
1206,BWA-std,1,0.09090909090909091
1206,NW-flex,1,1.0
1206,BWA-no-clip,2,0.7272727272727273
1206,BWA-std,2,0.18181818181818182
1206,NW-flex,2,1.0
1206,BWA-no-clip,3,0.9090909090909091
1206,BWA-std,3,0.18181818181818182
1206,NW-flex,3,1.0
1206,BWA-no-clip,4,0.8181818181818182
1206,BWA-std,4,0.36363636363636365
1206,NW-flex,4,1.0
1206,BWA-no-clip,5,0.9090909090909091
1206,BWA-std,5,0.36363636363636365
1206,NW-flex,5,1.0
1206,BWA-no-clip,6,0.9090909090909091
1206,BWA-std,6,0.45454545454545453
1206,NW-flex,6,1.0
1206,BWA-no-clip,7,1.0
1206,BWA-std,7,0.45454545454545453
1206,NW-flex,7,1.0
1206,BWA-no-clip,8,1.0
1206,BWA-std,8,0.6363636363636364
1206,NW-flex,8,1.0
1206,BWA-no-clip,9,1.0
1206,BWA-std,9,0.6363636363636364
1206,NW-flex,9,1.0
1206,BWA-no-clip,10,1.0
1206,BWA-std,10,0.8181818181818182
1206,NW-flex,10,1.0
1207,BWA-no-clip,1,0.09090909090909091
1207,BWA-std,1,0.09090909090909091
1207,NW-flex,1,1.0
1207,BWA-no-clip,2,0.09090909090909091
1207,BWA-std,2,0.09090909090909091
1207,NW-flex,2,1.0
1207,BWA-no-clip,3,0.12121212121212122
1207,BWA-std,3,0.18181818181818182
1207,NW-flex,3,1.0
1207,BWA-no-clip,4,0.5757575757575758
1207,BWA-std,4,0.2727272727272727
1207,NW-flex,4,1.0
1207,BWA-no-clip,5,0.9090909090909091
1207,BWA-std,5,0.36363636363636365
1207,NW-flex,5,1.0
1207,BWA-no-clip,6,1.0
1207,BWA-std,6,0.45454545454545453
1207,NW-flex,6,1.0
1207,BWA-no-clip,7,1.0
1207,BWA-std,7,0.45454545454545453
1207,NW-flex,7,1.0
1207,BWA-no-clip,8,1.0
1207,BWA-std,8,0.6363636363636364
1207,NW-flex,8,1.0
1207,BWA-no-clip,9,1.0
1207,BWA-std,9,0.6363636363636364
1207,NW-flex,9,1.0
1207,BWA-no-clip,10,1.0
1207,BWA-std,10,0.8181818181818182
1207,NW-flex,10,1.0
1208,BWA-no-clip,1,0.45454545454545453
1208,BWA-std,1,0.09090909090909091
1208,NW-flex,1,1.0
1208,BWA-no-clip,2,0.45454545454545453
1208,BWA-std,2,0.09090909090909091
1208,NW-flex,2,1.0
1208,BWA-no-clip,3,0.7272727272727273
1208,BWA-std,3,0.18181818181818182
1208,NW-flex,3,1.0
1208,BWA-no-clip,4,0.8181818181818182
1208,BWA-std,4,0.36363636363636365
1208,NW-flex,4,1.0
1208,BWA-no-clip,5,0.9090909090909091
1208,BWA-std,5,0.36363636363636365
1208,NW-flex,5,1.0
1208,BWA-no-clip,6,0.9090909090909091
1208,BWA-std,6,0.45454545454545453
1208,NW-flex,6,1.0
1208,BWA-no-clip,7,1.0
1208,BWA-std,7,0.45454545454545453
1208,NW-flex,7,1.0
1208,BWA-no-clip,8,1.0
1208,BWA-std,8,0.6363636363636364
1208,NW-flex,8,1.0
1208,BWA-no-clip,9,1.0
1208,BWA-std,9,0.6363636363636364
1208,NW-flex,9,1.0
1208,BWA-no-clip,10,1.0
1208,BWA-std,10,0.8181818181818182
1208,NW-flex,10,1.0
1209,BWA-no-clip,1,0.45454545454545453
1209,BWA-std,1,0.09090909090909091
1209,NW-flex,1,1.0
1209,BWA-no-clip,2,0.5454545454545454
1209,BWA-std,2,0.09090909090909091
1209,NW-flex,2,1.0
1209,BWA-no-clip,3,0.6363636363636364
1209,BWA-std,3,0.18181818181818182
1209,NW-flex,3,1.0
1209,BWA-no-clip,4,0.9090909090909091
1209,BWA-std,4,0.36363636363636365
1209,NW-flex,4,1.0
1209,BWA-no-clip,5,1.0
1209,BWA-std,5,0.36363636363636365
1209,NW-flex,5,1.0
1209,BWA-no-clip,6,1.0
1209,BWA-std,6,0.45454545454545453
1209,NW-flex,6,1.0
1209,BWA-no-clip,7,1.0
1209,BWA-std,7,0.45454545454545453
1209,NW-flex,7,1.0
1209,BWA-no-clip,8,1.0
1209,BWA-std,8,0.6363636363636364
1209,NW-flex,8,1.0
1209,BWA-no-clip,9,1.0
1209,BWA-std,9,0.6363636363636364
1209,NW-flex,9,1.0
1209,BWA-no-clip,10,1.0
1209,BWA-std,10,0.8181818181818182
1209,NW-flex,10,1.0
1210,BWA-no-clip,1,0.09090909090909091
1210,BWA-std,1,0.09090909090909091
1210,NW-flex,1,1.0
1210,BWA-no-clip,2,0.5454545454545454
1210,BWA-std,2,0.09090909090909091
1210,NW-flex,2,1.0
1210,BWA-no-clip,3,0.7272727272727273
1210,BWA-std,3,0.18181818181818182
1210,NW-flex,3,1.0
1210,BWA-no-clip,4,0.9090909090909091
1210,BWA-std,4,0.36363636363636365
1210,NW-flex,4,1.0
1210,BWA-no-clip,5,1.0
1210,BWA-std,5,0.36363636363636365
1210,NW-flex,5,1.0
1210,BWA-no-clip,6,1.0
1210,BWA-std,6,0.45454545454545453
1210,NW-flex,6,1.0
1210,BWA-no-clip,7,1.0
1210,BWA-std,7,0.45454545454545453
1210,NW-flex,7,1.0
1210,BWA-no-clip,8,1.0
1210,BWA-std,8,0.6363636363636364
1210,NW-flex,8,1.0
1210,BWA-no-clip,9,1.0
1210,BWA-std,9,0.6363636363636364
1210,NW-flex,9,1.0
1210,BWA-no-clip,10,1.0
1210,BWA-std,10,0.8181818181818182
1210,NW-flex,10,1.0
1211,BWA-no-clip,1,0.5454545454545454
1211,BWA-std,1,0.09090909090909091
1211,NW-flex,1,1.0
1211,BWA-no-clip,2,0.6363636363636364
1211,BWA-std,2,0.18181818181818182
1211,NW-flex,2,1.0
1211,BWA-no-clip,3,0.7272727272727273
1211,BWA-std,3,0.18181818181818182
1211,NW-flex,3,1.0
1211,BWA-no-clip,4,0.9090909090909091
1211,BWA-std,4,0.36363636363636365
1211,NW-flex,4,1.0
1211,BWA-no-clip,5,0.9090909090909091
1211,BWA-std,5,0.36363636363636365
1211,NW-flex,5,1.0
1211,BWA-no-clip,6,1.0
1211,BWA-std,6,0.45454545454545453
1211,NW-flex,6,1.0
1211,BWA-no-clip,7,1.0
1211,BWA-std,7,0.45454545454545453
1211,NW-flex,7,1.0
1211,BWA-no-clip,8,1.0
1211,BWA-std,8,0.6363636363636364
1211,NW-flex,8,1.0
1211,BWA-no-clip,9,1.0
1211,BWA-std,9,0.6363636363636364
1211,NW-flex,9,1.0
1211,BWA-no-clip,10,1.0
1211,BWA-std,10,0.8181818181818182
1211,NW-flex,10,1.0
1212,BWA-no-clip,1,0.5454545454545454
1212,BWA-std,1,0.09090909090909091
1212,NW-flex,1,1.0
1212,BWA-no-clip,2,0.7272727272727273
1212,BWA-std,2,0.18181818181818182
1212,NW-flex,2,1.0
1212,BWA-no-clip,3,0.8181818181818182
1212,BWA-std,3,0.18181818181818182
1212,NW-flex,3,1.0
1212,BWA-no-clip,4,1.0
1212,BWA-std,4,0.36363636363636365
1212,NW-flex,4,1.0
1212,BWA-no-clip,5,1.0
1212,BWA-std,5,0.36363636363636365
1212,NW-flex,5,1.0
1212,BWA-no-clip,6,1.0
1212,BWA-std,6,0.45454545454545453
1212,NW-flex,6,1.0
1212,BWA-no-clip,7,1.0
1212,BWA-std,7,0.45454545454545453
1212,NW-flex,7,1.0
1212,BWA-no-clip,8,1.0
1212,BWA-std,8,0.6363636363636364
1212,NW-flex,8,1.0
1212,BWA-no-clip,9,1.0
1212,BWA-std,9,0.6363636363636364
1212,NW-flex,9,1.0
1212,BWA-no-clip,10,1.0
1212,BWA-std,10,0.8181818181818182
1212,NW-flex,10,1.0
1213,BWA-no-clip,1,0.18181818181818182
1213,BWA-std,1,0.09090909090909091
1213,NW-flex,1,1.0
1213,BWA-no-clip,2,0.6363636363636364
1213,BWA-std,2,0.18181818181818182
1213,NW-flex,2,1.0
1213,BWA-no-clip,3,0.8181818181818182
1213,BWA-std,3,0.18181818181818182
1213,NW-flex,3,1.0
1213,BWA-no-clip,4,0.9090909090909091
1213,BWA-std,4,0.36363636363636365
1213,NW-flex,4,1.0
1213,BWA-no-clip,5,1.0
1213,BWA-std,5,0.36363636363636365
1213,NW-flex,5,1.0
1213,BWA-no-clip,6,1.0
1213,BWA-std,6,0.45454545454545453
1213,NW-flex,6,1.0
1213,BWA-no-clip,7,1.0
1213,BWA-std,7,0.45454545454545453
1213,NW-flex,7,1.0
1213,BWA-no-clip,8,1.0
1213,BWA-std,8,0.6363636363636364
1213,NW-flex,8,1.0
1213,BWA-no-clip,9,1.0
1213,BWA-std,9,0.6363636363636364
1213,NW-flex,9,1.0
1213,BWA-no-clip,10,1.0
1213,BWA-std,10,0.8181818181818182
1213,NW-flex,10,1.0
1214,BWA-no-clip,1,0.45454545454545453
1214,BWA-std,1,0.09090909090909091
1214,NW-flex,1,1.0
1214,BWA-no-clip,2,0.5454545454545454
1214,BWA-std,2,0.09090909090909091
1214,NW-flex,2,1.0
1214,BWA-no-clip,3,0.7272727272727273
1214,BWA-std,3,0.18181818181818182
1214,NW-flex,3,1.0
1214,BWA-no-clip,4,0.8181818181818182
1214,BWA-std,4,0.36363636363636365
1214,NW-flex,4,1.0
1214,BWA-no-clip,5,1.0
1214,BWA-std,5,0.36363636363636365
1214,NW-flex,5,1.0
1214,BWA-no-clip,6,1.0
1214,BWA-std,6,0.45454545454545453
1214,NW-flex,6,1.0
1214,BWA-no-clip,7,1.0
1214,BWA-std,7,0.45454545454545453
1214,NW-flex,7,1.0
1214,BWA-no-clip,8,1.0
1214,BWA-std,8,0.6363636363636364
1214,NW-flex,8,1.0
1214,BWA-no-clip,9,1.0
1214,BWA-std,9,0.6363636363636364
1214,NW-flex,9,1.0
1214,BWA-no-clip,10,1.0
1214,BWA-std,10,0.8181818181818182
1214,NW-flex,10,1.0
1215,BWA-no-clip,1,0.09090909090909091
1215,BWA-std,1,0.09090909090909091
1215,NW-flex,1,1.0
1215,BWA-no-clip,2,0.09090909090909091
1215,BWA-std,2,0.09090909090909091
1215,NW-flex,2,1.0
1215,BWA-no-clip,3,0.5757575757575758
1215,BWA-std,3,0.18181818181818182
1215,NW-flex,3,1.0
1215,BWA-no-clip,4,0.9090909090909091
1215,BWA-std,4,0.36363636363636365
1215,NW-flex,4,1.0
1215,BWA-no-clip,5,1.0
1215,BWA-std,5,0.36363636363636365
1215,NW-flex,5,1.0
1215,BWA-no-clip,6,1.0
1215,BWA-std,6,0.45454545454545453
1215,NW-flex,6,1.0
1215,BWA-no-clip,7,1.0
1215,BWA-std,7,0.45454545454545453
1215,NW-flex,7,1.0
1215,BWA-no-clip,8,1.0
1215,BWA-std,8,0.6363636363636364
1215,NW-flex,8,1.0
1215,BWA-no-clip,9,1.0
1215,BWA-std,9,0.6363636363636364
1215,NW-flex,9,1.0
1215,BWA-no-clip,10,1.0
1215,BWA-std,10,0.8181818181818182
1215,NW-flex,10,1.0
1216,BWA-no-clip,1,0.5454545454545454
1216,BWA-std,1,0.09090909090909091
1216,NW-flex,1,1.0
1216,BWA-no-clip,2,0.7272727272727273
1216,BWA-std,2,0.18181818181818182
1216,NW-flex,2,1.0
1216,BWA-no-clip,3,0.7272727272727273
1216,BWA-std,3,0.18181818181818182
1216,NW-flex,3,1.0
1216,BWA-no-clip,4,0.9090909090909091
1216,BWA-std,4,0.36363636363636365
1216,NW-flex,4,1.0
1216,BWA-no-clip,5,0.9090909090909091
1216,BWA-std,5,0.36363636363636365
1216,NW-flex,5,1.0
1216,BWA-no-clip,6,1.0
1216,BWA-std,6,0.45454545454545453
1216,NW-flex,6,1.0
1216,BWA-no-clip,7,1.0
1216,BWA-std,7,0.45454545454545453
1216,NW-flex,7,1.0
1216,BWA-no-clip,8,1.0
1216,BWA-std,8,0.6363636363636364
1216,NW-flex,8,1.0
1216,BWA-no-clip,9,1.0
1216,BWA-std,9,0.6363636363636364
1216,NW-flex,9,1.0
1216,BWA-no-clip,10,1.0
1216,BWA-std,10,0.8181818181818182
1216,NW-flex,10,1.0
1217,BWA-no-clip,1,0.09090909090909091
1217,BWA-std,1,0.09090909090909091
1217,NW-flex,1,1.0
1217,BWA-no-clip,2,0.09090909090909091
1217,BWA-std,2,0.09090909090909091
1217,NW-flex,2,1.0
1217,BWA-no-clip,3,0.12121212121212122
1217,BWA-std,3,0.18181818181818182
1217,NW-flex,3,1.0
1217,BWA-no-clip,4,0.5757575757575758
1217,BWA-std,4,0.2727272727272727
1217,NW-flex,4,1.0
1217,BWA-no-clip,5,0.7272727272727273
1217,BWA-std,5,0.36363636363636365
1217,NW-flex,5,1.0
1217,BWA-no-clip,6,0.7272727272727273
1217,BWA-std,6,0.45454545454545453
1217,NW-flex,6,1.0
1217,BWA-no-clip,7,0.9090909090909091
1217,BWA-std,7,0.45454545454545453
1217,NW-flex,7,1.0
1217,BWA-no-clip,8,1.0
1217,BWA-std,8,0.6363636363636364
1217,NW-flex,8,1.0
1217,BWA-no-clip,9,1.0
1217,BWA-std,9,0.6363636363636364
1217,NW-flex,9,1.0
1217,BWA-no-clip,10,1.0
1217,BWA-std,10,0.8181818181818182
1217,NW-flex,10,1.0
1218,BWA-no-clip,1,0.09090909090909091
1218,BWA-std,1,0.09090909090909091
1218,NW-flex,1,1.0
1218,BWA-no-clip,2,0.45454545454545453
1218,BWA-std,2,0.09090909090909091
1218,NW-flex,2,1.0
1218,BWA-no-clip,3,0.7272727272727273
1218,BWA-std,3,0.18181818181818182
1218,NW-flex,3,1.0
1218,BWA-no-clip,4,0.7272727272727273
1218,BWA-std,4,0.36363636363636365
1218,NW-flex,4,1.0
1218,BWA-no-clip,5,0.9090909090909091
1218,BWA-std,5,0.36363636363636365
1218,NW-flex,5,1.0
1218,BWA-no-clip,6,0.9090909090909091
1218,BWA-std,6,0.45454545454545453
1218,NW-flex,6,1.0
1218,BWA-no-clip,7,0.9090909090909091
1218,BWA-std,7,0.45454545454545453
1218,NW-flex,7,1.0
1218,BWA-no-clip,8,1.0
1218,BWA-std,8,0.6363636363636364
1218,NW-flex,8,1.0
1218,BWA-no-clip,9,1.0
1218,BWA-std,9,0.6363636363636364
1218,NW-flex,9,1.0
1218,BWA-no-clip,10,1.0
1218,BWA-std,10,0.8181818181818182
1218,NW-flex,10,1.0
1219,BWA-no-clip,1,0.5454545454545454
1219,BWA-std,1,0.09090909090909091
1219,NW-flex,1,1.0
1219,BWA-no-clip,2,0.7272727272727273
1219,BWA-std,2,0.18181818181818182
1219,NW-flex,2,1.0
1219,BWA-no-clip,3,0.9090909090909091
1219,BWA-std,3,0.18181818181818182
1219,NW-flex,3,1.0
1219,BWA-no-clip,4,0.8181818181818182
1219,BWA-std,4,0.36363636363636365
1219,NW-flex,4,1.0
1219,BWA-no-clip,5,0.9090909090909091
1219,BWA-std,5,0.36363636363636365
1219,NW-flex,5,1.0
1219,BWA-no-clip,6,0.9090909090909091
1219,BWA-std,6,0.45454545454545453
1219,NW-flex,6,1.0
1219,BWA-no-clip,7,0.9090909090909091
1219,BWA-std,7,0.45454545454545453
1219,NW-flex,7,1.0
1219,BWA-no-clip,8,1.0
1219,BWA-std,8,0.6363636363636364
1219,NW-flex,8,1.0
1219,BWA-no-clip,9,1.0
1219,BWA-std,9,0.6363636363636364
1219,NW-flex,9,1.0
1219,BWA-no-clip,10,1.0
1219,BWA-std,10,0.8181818181818182
1219,NW-flex,10,1.0
1220,BWA-no-clip,1,0.5454545454545454
1220,BWA-std,1,0.09090909090909091
1220,NW-flex,1,1.0
1220,BWA-no-clip,2,0.7272727272727273
1220,BWA-std,2,0.18181818181818182
1220,NW-flex,2,1.0
1220,BWA-no-clip,3,0.7272727272727273
1220,BWA-std,3,0.18181818181818182
1220,NW-flex,3,1.0
1220,BWA-no-clip,4,0.7272727272727273
1220,BWA-std,4,0.36363636363636365
1220,NW-flex,4,1.0
1220,BWA-no-clip,5,0.9090909090909091
1220,BWA-std,5,0.36363636363636365
1220,NW-flex,5,1.0
1220,BWA-no-clip,6,1.0
1220,BWA-std,6,0.45454545454545453
1220,NW-flex,6,1.0
1220,BWA-no-clip,7,1.0
1220,BWA-std,7,0.45454545454545453
1220,NW-flex,7,1.0
1220,BWA-no-clip,8,1.0
1220,BWA-std,8,0.6363636363636364
1220,NW-flex,8,1.0
1220,BWA-no-clip,9,1.0
1220,BWA-std,9,0.6363636363636364
1220,NW-flex,9,1.0
1220,BWA-no-clip,10,1.0
1220,BWA-std,10,0.8181818181818182
1220,NW-flex,10,1.0
1221,BWA-no-clip,1,0.5454545454545454
1221,BWA-std,1,0.09090909090909091
1221,NW-flex,1,1.0
1221,BWA-no-clip,2,0.7272727272727273
1221,BWA-std,2,0.18181818181818182
1221,NW-flex,2,1.0
1221,BWA-no-clip,3,0.9090909090909091
1221,BWA-std,3,0.18181818181818182
1221,NW-flex,3,1.0
1221,BWA-no-clip,4,0.8181818181818182
1221,BWA-std,4,0.36363636363636365
1221,NW-flex,4,1.0
1221,BWA-no-clip,5,0.9090909090909091
1221,BWA-std,5,0.36363636363636365
1221,NW-flex,5,1.0
1221,BWA-no-clip,6,0.9090909090909091
1221,BWA-std,6,0.45454545454545453
1221,NW-flex,6,1.0
1221,BWA-no-clip,7,1.0
1221,BWA-std,7,0.45454545454545453
1221,NW-flex,7,1.0
1221,BWA-no-clip,8,1.0
1221,BWA-std,8,0.6363636363636364
1221,NW-flex,8,1.0
1221,BWA-no-clip,9,1.0
1221,BWA-std,9,0.6363636363636364
1221,NW-flex,9,1.0
1221,BWA-no-clip,10,1.0
1221,BWA-std,10,0.8181818181818182
1221,NW-flex,10,1.0
1222,BWA-no-clip,1,0.09090909090909091
1222,BWA-std,1,0.09090909090909091
1222,NW-flex,1,1.0
1222,BWA-no-clip,2,0.5454545454545454
1222,BWA-std,2,0.09090909090909091
1222,NW-flex,2,1.0
1222,BWA-no-clip,3,0.7272727272727273
1222,BWA-std,3,0.18181818181818182
1222,NW-flex,3,1.0
1222,BWA-no-clip,4,0.7272727272727273
1222,BWA-std,4,0.36363636363636365
1222,NW-flex,4,1.0
1222,BWA-no-clip,5,0.9090909090909091
1222,BWA-std,5,0.36363636363636365
1222,NW-flex,5,1.0
1222,BWA-no-clip,6,1.0
1222,BWA-std,6,0.45454545454545453
1222,NW-flex,6,1.0
1222,BWA-no-clip,7,1.0
1222,BWA-std,7,0.45454545454545453
1222,NW-flex,7,1.0
1222,BWA-no-clip,8,1.0
1222,BWA-std,8,0.6363636363636364
1222,NW-flex,8,1.0
1222,BWA-no-clip,9,1.0
1222,BWA-std,9,0.6363636363636364
1222,NW-flex,9,1.0
1222,BWA-no-clip,10,1.0
1222,BWA-std,10,0.8181818181818182
1222,NW-flex,10,1.0
1223,BWA-no-clip,1,0.09090909090909091
1223,BWA-std,1,0.09090909090909091
1223,NW-flex,1,1.0
1223,BWA-no-clip,2,0.09090909090909091
1223,BWA-std,2,0.09090909090909091
1223,NW-flex,2,1.0
1223,BWA-no-clip,3,0.5757575757575758
1223,BWA-std,3,0.18181818181818182
1223,NW-flex,3,1.0
1223,BWA-no-clip,4,0.9090909090909091
1223,BWA-std,4,0.36363636363636365
1223,NW-flex,4,1.0
1223,BWA-no-clip,5,0.9090909090909091
1223,BWA-std,5,0.36363636363636365
1223,NW-flex,5,1.0
1223,BWA-no-clip,6,1.0
1223,BWA-std,6,0.45454545454545453
1223,NW-flex,6,1.0
1223,BWA-no-clip,7,1.0
1223,BWA-std,7,0.45454545454545453
1223,NW-flex,7,1.0
1223,BWA-no-clip,8,1.0
1223,BWA-std,8,0.6363636363636364
1223,NW-flex,8,1.0
1223,BWA-no-clip,9,1.0
1223,BWA-std,9,0.6363636363636364
1223,NW-flex,9,1.0
1223,BWA-no-clip,10,1.0
1223,BWA-std,10,0.8181818181818182
1223,NW-flex,10,1.0
1224,BWA-no-clip,1,0.45454545454545453
1224,BWA-std,1,0.09090909090909091
1224,NW-flex,1,1.0
1224,BWA-no-clip,2,0.45454545454545453
1224,BWA-std,2,0.09090909090909091
1224,NW-flex,2,1.0
1224,BWA-no-clip,3,0.6363636363636364
1224,BWA-std,3,0.18181818181818182
1224,NW-flex,3,1.0
1224,BWA-no-clip,4,0.6363636363636364
1224,BWA-std,4,0.2727272727272727
1224,NW-flex,4,1.0
1224,BWA-no-clip,5,0.9090909090909091
1224,BWA-std,5,0.36363636363636365
1224,NW-flex,5,1.0
1224,BWA-no-clip,6,0.9090909090909091
1224,BWA-std,6,0.45454545454545453
1224,NW-flex,6,1.0
1224,BWA-no-clip,7,1.0
1224,BWA-std,7,0.45454545454545453
1224,NW-flex,7,1.0
1224,BWA-no-clip,8,1.0
1224,BWA-std,8,0.6363636363636364
1224,NW-flex,8,1.0
1224,BWA-no-clip,9,1.0
1224,BWA-std,9,0.6363636363636364
1224,NW-flex,9,1.0
1224,BWA-no-clip,10,1.0
1224,BWA-std,10,0.8181818181818182
1224,NW-flex,10,1.0
1225,BWA-no-clip,1,0.5454545454545454
1225,BWA-std,1,0.09090909090909091
1225,NW-flex,1,1.0
1225,BWA-no-clip,2,0.6363636363636364
1225,BWA-std,2,0.18181818181818182
1225,NW-flex,2,1.0
1225,BWA-no-clip,3,0.7272727272727273
1225,BWA-std,3,0.18181818181818182
1225,NW-flex,3,1.0
1225,BWA-no-clip,4,0.9090909090909091
1225,BWA-std,4,0.36363636363636365
1225,NW-flex,4,1.0
1225,BWA-no-clip,5,1.0
1225,BWA-std,5,0.36363636363636365
1225,NW-flex,5,1.0
1225,BWA-no-clip,6,1.0
1225,BWA-std,6,0.45454545454545453
1225,NW-flex,6,1.0
1225,BWA-no-clip,7,1.0
1225,BWA-std,7,0.45454545454545453
1225,NW-flex,7,1.0
1225,BWA-no-clip,8,1.0
1225,BWA-std,8,0.6363636363636364
1225,NW-flex,8,1.0
1225,BWA-no-clip,9,1.0
1225,BWA-std,9,0.6363636363636364
1225,NW-flex,9,1.0
1225,BWA-no-clip,10,1.0
1225,BWA-std,10,0.8181818181818182
1225,NW-flex,10,1.0
1226,BWA-no-clip,1,0.18181818181818182
1226,BWA-std,1,0.09090909090909091
1226,NW-flex,1,1.0
1226,BWA-no-clip,2,0.7272727272727273
1226,BWA-std,2,0.18181818181818182
1226,NW-flex,2,1.0
1226,BWA-no-clip,3,0.8181818181818182
1226,BWA-std,3,0.18181818181818182
1226,NW-flex,3,1.0
1226,BWA-no-clip,4,0.9090909090909091
1226,BWA-std,4,0.36363636363636365
1226,NW-flex,4,1.0
1226,BWA-no-clip,5,1.0
1226,BWA-std,5,0.36363636363636365
1226,NW-flex,5,1.0
1226,BWA-no-clip,6,1.0
1226,BWA-std,6,0.45454545454545453
1226,NW-flex,6,1.0
1226,BWA-no-clip,7,1.0
1226,BWA-std,7,0.45454545454545453
1226,NW-flex,7,1.0
1226,BWA-no-clip,8,1.0
1226,BWA-std,8,0.6363636363636364
1226,NW-flex,8,1.0
1226,BWA-no-clip,9,1.0
1226,BWA-std,9,0.6363636363636364
1226,NW-flex,9,1.0
1226,BWA-no-clip,10,1.0
1226,BWA-std,10,0.8181818181818182
1226,NW-flex,10,1.0
1227,BWA-no-clip,1,0.45454545454545453
1227,BWA-std,1,0.09090909090909091
1227,NW-flex,1,1.0
1227,BWA-no-clip,2,0.45454545454545453
1227,BWA-std,2,0.09090909090909091
1227,NW-flex,2,1.0
1227,BWA-no-clip,3,0.7272727272727273
1227,BWA-std,3,0.18181818181818182
1227,NW-flex,3,1.0
1227,BWA-no-clip,4,0.7272727272727273
1227,BWA-std,4,0.36363636363636365
1227,NW-flex,4,1.0
1227,BWA-no-clip,5,0.9090909090909091
1227,BWA-std,5,0.36363636363636365
1227,NW-flex,5,1.0
1227,BWA-no-clip,6,0.9090909090909091
1227,BWA-std,6,0.45454545454545453
1227,NW-flex,6,1.0
1227,BWA-no-clip,7,1.0
1227,BWA-std,7,0.45454545454545453
1227,NW-flex,7,1.0
1227,BWA-no-clip,8,1.0
1227,BWA-std,8,0.6363636363636364
1227,NW-flex,8,1.0
1227,BWA-no-clip,9,1.0
1227,BWA-std,9,0.6363636363636364
1227,NW-flex,9,1.0
1227,BWA-no-clip,10,1.0
1227,BWA-std,10,0.8181818181818182
1227,NW-flex,10,1.0
1228,BWA-no-clip,1,0.5454545454545454
1228,BWA-std,1,0.09090909090909091
1228,NW-flex,1,1.0
1228,BWA-no-clip,2,0.6363636363636364
1228,BWA-std,2,0.18181818181818182
1228,NW-flex,2,1.0
1228,BWA-no-clip,3,0.7272727272727273
1228,BWA-std,3,0.18181818181818182
1228,NW-flex,3,1.0
1228,BWA-no-clip,4,0.8181818181818182
1228,BWA-std,4,0.36363636363636365
1228,NW-flex,4,1.0
1228,BWA-no-clip,5,0.8181818181818182
1228,BWA-std,5,0.36363636363636365
1228,NW-flex,5,1.0
1228,BWA-no-clip,6,0.8181818181818182
1228,BWA-std,6,0.45454545454545453
1228,NW-flex,6,1.0
1228,BWA-no-clip,7,1.0
1228,BWA-std,7,0.45454545454545453
1228,NW-flex,7,1.0
1228,BWA-no-clip,8,1.0
1228,BWA-std,8,0.6363636363636364
1228,NW-flex,8,1.0
1228,BWA-no-clip,9,1.0
1228,BWA-std,9,0.6363636363636364
1228,NW-flex,9,1.0
1228,BWA-no-clip,10,1.0
1228,BWA-std,10,0.8181818181818182
1228,NW-flex,10,1.0
1229,BWA-no-clip,1,0.5454545454545454
1229,BWA-std,1,0.09090909090909091
1229,NW-flex,1,1.0
1229,BWA-no-clip,2,0.6363636363636364
1229,BWA-std,2,0.18181818181818182
1229,NW-flex,2,1.0
1229,BWA-no-clip,3,0.7272727272727273
1229,BWA-std,3,0.18181818181818182
1229,NW-flex,3,1.0
1229,BWA-no-clip,4,0.8181818181818182
1229,BWA-std,4,0.36363636363636365
1229,NW-flex,4,1.0
1229,BWA-no-clip,5,0.9090909090909091
1229,BWA-std,5,0.36363636363636365
1229,NW-flex,5,1.0
1229,BWA-no-clip,6,1.0
1229,BWA-std,6,0.45454545454545453
1229,NW-flex,6,1.0
1229,BWA-no-clip,7,1.0
1229,BWA-std,7,0.45454545454545453
1229,NW-flex,7,1.0
1229,BWA-no-clip,8,1.0
1229,BWA-std,8,0.6363636363636364
1229,NW-flex,8,1.0
1229,BWA-no-clip,9,1.0
1229,BWA-std,9,0.6363636363636364
1229,NW-flex,9,1.0
1229,BWA-no-clip,10,1.0
1229,BWA-std,10,0.8181818181818182
1229,NW-flex,10,1.0
1230,BWA-no-clip,1,0.09090909090909091
1230,BWA-std,1,0.09090909090909091
1230,NW-flex,1,1.0
1230,BWA-no-clip,2,0.09090909090909091
1230,BWA-std,2,0.09090909090909091
1230,NW-flex,2,1.0
1230,BWA-no-clip,3,0.5757575757575758
1230,BWA-std,3,0.18181818181818182
1230,NW-flex,3,1.0
1230,BWA-no-clip,4,0.8181818181818182
1230,BWA-std,4,0.36363636363636365
1230,NW-flex,4,1.0
1230,BWA-no-clip,5,0.9090909090909091
1230,BWA-std,5,0.36363636363636365
1230,NW-flex,5,1.0
1230,BWA-no-clip,6,1.0
1230,BWA-std,6,0.45454545454545453
1230,NW-flex,6,1.0
1230,BWA-no-clip,7,1.0
1230,BWA-std,7,0.45454545454545453
1230,NW-flex,7,1.0
1230,BWA-no-clip,8,1.0
1230,BWA-std,8,0.6363636363636364
1230,NW-flex,8,1.0
1230,BWA-no-clip,9,1.0
1230,BWA-std,9,0.6363636363636364
1230,NW-flex,9,1.0
1230,BWA-no-clip,10,1.0
1230,BWA-std,10,0.8181818181818182
1230,NW-flex,10,1.0
1231,BWA-no-clip,1,0.36363636363636365
1231,BWA-std,1,0.09090909090909091
1231,NW-flex,1,1.0
1231,BWA-no-clip,2,0.45454545454545453
1231,BWA-std,2,0.09090909090909091
1231,NW-flex,2,1.0
1231,BWA-no-clip,3,0.6363636363636364
1231,BWA-std,3,0.18181818181818182
1231,NW-flex,3,1.0
1231,BWA-no-clip,4,0.6363636363636364
1231,BWA-std,4,0.2727272727272727
1231,NW-flex,4,1.0
1231,BWA-no-clip,5,0.9090909090909091
1231,BWA-std,5,0.36363636363636365
1231,NW-flex,5,1.0
1231,BWA-no-clip,6,0.9090909090909091
1231,BWA-std,6,0.45454545454545453
1231,NW-flex,6,1.0
1231,BWA-no-clip,7,0.9090909090909091
1231,BWA-std,7,0.45454545454545453
1231,NW-flex,7,1.0
1231,BWA-no-clip,8,1.0
1231,BWA-std,8,0.6363636363636364
1231,NW-flex,8,1.0
1231,BWA-no-clip,9,1.0
1231,BWA-std,9,0.6363636363636364
1231,NW-flex,9,1.0
1231,BWA-no-clip,10,1.0
1231,BWA-std,10,0.8181818181818182
1231,NW-flex,10,1.0
1232,BWA-no-clip,1,0.5454545454545454
1232,BWA-std,1,0.09090909090909091
1232,NW-flex,1,1.0
1232,BWA-no-clip,2,0.6363636363636364
1232,BWA-std,2,0.18181818181818182
1232,NW-flex,2,1.0
1232,BWA-no-clip,3,0.8181818181818182
1232,BWA-std,3,0.18181818181818182
1232,NW-flex,3,1.0
1232,BWA-no-clip,4,0.9090909090909091
1232,BWA-std,4,0.36363636363636365
1232,NW-flex,4,1.0
1232,BWA-no-clip,5,1.0
1232,BWA-std,5,0.36363636363636365
1232,NW-flex,5,1.0
1232,BWA-no-clip,6,1.0
1232,BWA-std,6,0.45454545454545453
1232,NW-flex,6,1.0
1232,BWA-no-clip,7,1.0
1232,BWA-std,7,0.45454545454545453
1232,NW-flex,7,1.0
1232,BWA-no-clip,8,1.0
1232,BWA-std,8,0.6363636363636364
1232,NW-flex,8,1.0
1232,BWA-no-clip,9,1.0
1232,BWA-std,9,0.6363636363636364
1232,NW-flex,9,1.0
1232,BWA-no-clip,10,1.0
1232,BWA-std,10,0.8181818181818182
1232,NW-flex,10,1.0
1233,BWA-no-clip,1,0.5454545454545454
1233,BWA-std,1,0.09090909090909091
1233,NW-flex,1,1.0
1233,BWA-no-clip,2,0.6363636363636364
1233,BWA-std,2,0.18181818181818182
1233,NW-flex,2,1.0
1233,BWA-no-clip,3,0.7272727272727273
1233,BWA-std,3,0.18181818181818182
1233,NW-flex,3,1.0
1233,BWA-no-clip,4,0.9090909090909091
1233,BWA-std,4,0.36363636363636365
1233,NW-flex,4,1.0
1233,BWA-no-clip,5,0.9090909090909091
1233,BWA-std,5,0.36363636363636365
1233,NW-flex,5,1.0
1233,BWA-no-clip,6,1.0
1233,BWA-std,6,0.45454545454545453
1233,NW-flex,6,1.0
1233,BWA-no-clip,7,1.0
1233,BWA-std,7,0.45454545454545453
1233,NW-flex,7,1.0
1233,BWA-no-clip,8,1.0
1233,BWA-std,8,0.6363636363636364
1233,NW-flex,8,1.0
1233,BWA-no-clip,9,1.0
1233,BWA-std,9,0.6363636363636364
1233,NW-flex,9,1.0
1233,BWA-no-clip,10,1.0
1233,BWA-std,10,0.8181818181818182
1233,NW-flex,10,1.0
1234,BWA-no-clip,1,0.45454545454545453
1234,BWA-std,1,0.09090909090909091
1234,NW-flex,1,1.0
1234,BWA-no-clip,2,0.6363636363636364
1234,BWA-std,2,0.18181818181818182
1234,NW-flex,2,1.0
1234,BWA-no-clip,3,0.7272727272727273
1234,BWA-std,3,0.18181818181818182
1234,NW-flex,3,1.0
1234,BWA-no-clip,4,0.8181818181818182
1234,BWA-std,4,0.36363636363636365
1234,NW-flex,4,1.0
1234,BWA-no-clip,5,0.9090909090909091
1234,BWA-std,5,0.36363636363636365
1234,NW-flex,5,1.0
1234,BWA-no-clip,6,0.9090909090909091
1234,BWA-std,6,0.45454545454545453
1234,NW-flex,6,1.0
1234,BWA-no-clip,7,0.9090909090909091
1234,BWA-std,7,0.45454545454545453
1234,NW-flex,7,1.0
1234,BWA-no-clip,8,1.0
1234,BWA-std,8,0.6363636363636364
1234,NW-flex,8,1.0
1234,BWA-no-clip,9,1.0
1234,BWA-std,9,0.6363636363636364
1234,NW-flex,9,1.0
1234,BWA-no-clip,10,1.0
1234,BWA-std,10,0.8181818181818182
1234,NW-flex,10,1.0
1235,BWA-no-clip,1,0.18181818181818182
1235,BWA-std,1,0.09090909090909091
1235,NW-flex,1,1.0
1235,BWA-no-clip,2,0.6363636363636364
1235,BWA-std,2,0.18181818181818182
1235,NW-flex,2,1.0
1235,BWA-no-clip,3,0.8181818181818182
1235,BWA-std,3,0.18181818181818182
1235,NW-flex,3,1.0
1235,BWA-no-clip,4,0.9090909090909091
1235,BWA-std,4,0.36363636363636365
1235,NW-flex,4,1.0
1235,BWA-no-clip,5,1.0
1235,BWA-std,5,0.36363636363636365
1235,NW-flex,5,1.0
1235,BWA-no-clip,6,1.0
1235,BWA-std,6,0.45454545454545453
1235,NW-flex,6,1.0
1235,BWA-no-clip,7,1.0
1235,BWA-std,7,0.45454545454545453
1235,NW-flex,7,1.0
1235,BWA-no-clip,8,1.0
1235,BWA-std,8,0.6363636363636364
1235,NW-flex,8,1.0
1235,BWA-no-clip,9,1.0
1235,BWA-std,9,0.6363636363636364
1235,NW-flex,9,1.0
1235,BWA-no-clip,10,1.0
1235,BWA-std,10,0.8181818181818182
1235,NW-flex,10,1.0
1236,BWA-no-clip,1,0.45454545454545453
1236,BWA-std,1,0.09090909090909091
1236,NW-flex,1,1.0
1236,BWA-no-clip,2,0.45454545454545453
1236,BWA-std,2,0.09090909090909091
1236,NW-flex,2,1.0
1236,BWA-no-clip,3,0.6363636363636364
1236,BWA-std,3,0.18181818181818182
1236,NW-flex,3,1.0
1236,BWA-no-clip,4,0.6363636363636364
1236,BWA-std,4,0.2727272727272727
1236,NW-flex,4,1.0
1236,BWA-no-clip,5,0.9090909090909091
1236,BWA-std,5,0.36363636363636365
1236,NW-flex,5,1.0
1236,BWA-no-clip,6,1.0
1236,BWA-std,6,0.45454545454545453
1236,NW-flex,6,1.0
1236,BWA-no-clip,7,1.0
1236,BWA-std,7,0.45454545454545453
1236,NW-flex,7,1.0
1236,BWA-no-clip,8,1.0
1236,BWA-std,8,0.6363636363636364
1236,NW-flex,8,1.0
1236,BWA-no-clip,9,1.0
1236,BWA-std,9,0.6363636363636364
1236,NW-flex,9,1.0
1236,BWA-no-clip,10,1.0
1236,BWA-std,10,0.8181818181818182
1236,NW-flex,10,1.0
1237,BWA-no-clip,1,0.5454545454545454
1237,BWA-std,1,0.09090909090909091
1237,NW-flex,1,1.0
1237,BWA-no-clip,2,0.7272727272727273
1237,BWA-std,2,0.18181818181818182
1237,NW-flex,2,1.0
1237,BWA-no-clip,3,0.8181818181818182
1237,BWA-std,3,0.18181818181818182
1237,NW-flex,3,1.0
1237,BWA-no-clip,4,1.0
1237,BWA-std,4,0.36363636363636365
1237,NW-flex,4,1.0
1237,BWA-no-clip,5,1.0
1237,BWA-std,5,0.36363636363636365
1237,NW-flex,5,1.0
1237,BWA-no-clip,6,1.0
1237,BWA-std,6,0.45454545454545453
1237,NW-flex,6,1.0
1237,BWA-no-clip,7,1.0
1237,BWA-std,7,0.45454545454545453
1237,NW-flex,7,1.0
1237,BWA-no-clip,8,1.0
1237,BWA-std,8,0.6363636363636364
1237,NW-flex,8,1.0
1237,BWA-no-clip,9,1.0
1237,BWA-std,9,0.6363636363636364
1237,NW-flex,9,1.0
1237,BWA-no-clip,10,1.0
1237,BWA-std,10,0.8181818181818182
1237,NW-flex,10,1.0
1238,BWA-no-clip,1,0.09090909090909091
1238,BWA-std,1,0.09090909090909091
1238,NW-flex,1,1.0
1238,BWA-no-clip,2,0.09090909090909091
1238,BWA-std,2,0.09090909090909091
1238,NW-flex,2,1.0
1238,BWA-no-clip,3,0.5757575757575758
1238,BWA-std,3,0.18181818181818182
1238,NW-flex,3,1.0
1238,BWA-no-clip,4,0.9090909090909091
1238,BWA-std,4,0.36363636363636365
1238,NW-flex,4,1.0
1238,BWA-no-clip,5,1.0
1238,BWA-std,5,0.36363636363636365
1238,NW-flex,5,1.0
1238,BWA-no-clip,6,1.0
1238,BWA-std,6,0.45454545454545453
1238,NW-flex,6,1.0
1238,BWA-no-clip,7,1.0
1238,BWA-std,7,0.45454545454545453
1238,NW-flex,7,1.0
1238,BWA-no-clip,8,1.0
1238,BWA-std,8,0.6363636363636364
1238,NW-flex,8,1.0
1238,BWA-no-clip,9,1.0
1238,BWA-std,9,0.6363636363636364
1238,NW-flex,9,1.0
1238,BWA-no-clip,10,1.0
1238,BWA-std,10,0.8181818181818182
1238,NW-flex,10,1.0
1239,BWA-no-clip,1,0.45454545454545453
1239,BWA-std,1,0.09090909090909091
1239,NW-flex,1,1.0
1239,BWA-no-clip,2,0.5454545454545454
1239,BWA-std,2,0.09090909090909091
1239,NW-flex,2,1.0
1239,BWA-no-clip,3,0.6363636363636364
1239,BWA-std,3,0.18181818181818182
1239,NW-flex,3,1.0
1239,BWA-no-clip,4,0.9090909090909091
1239,BWA-std,4,0.36363636363636365
1239,NW-flex,4,1.0
1239,BWA-no-clip,5,1.0
1239,BWA-std,5,0.36363636363636365
1239,NW-flex,5,1.0
1239,BWA-no-clip,6,1.0
1239,BWA-std,6,0.45454545454545453
1239,NW-flex,6,1.0
1239,BWA-no-clip,7,1.0
1239,BWA-std,7,0.45454545454545453
1239,NW-flex,7,1.0
1239,BWA-no-clip,8,1.0
1239,BWA-std,8,0.6363636363636364
1239,NW-flex,8,1.0
1239,BWA-no-clip,9,1.0
1239,BWA-std,9,0.6363636363636364
1239,NW-flex,9,1.0
1239,BWA-no-clip,10,1.0
1239,BWA-std,10,0.8181818181818182
1239,NW-flex,10,1.0
1240,BWA-no-clip,1,0.09090909090909091
1240,BWA-std,1,0.09090909090909091
1240,NW-flex,1,1.0
1240,BWA-no-clip,2,0.2727272727272727
1240,BWA-std,2,0.09090909090909091
1240,NW-flex,2,1.0
1240,BWA-no-clip,3,0.6363636363636364
1240,BWA-std,3,0.09090909090909091
1240,NW-flex,3,1.0
1240,BWA-no-clip,4,0.7272727272727273
1240,BWA-std,4,0.36363636363636365
1240,NW-flex,4,1.0
1240,BWA-no-clip,5,0.8181818181818182
1240,BWA-std,5,0.36363636363636365
1240,NW-flex,5,1.0
1240,BWA-no-clip,6,0.8181818181818182
1240,BWA-std,6,0.45454545454545453
1240,NW-flex,6,1.0
1240,BWA-no-clip,7,1.0
1240,BWA-std,7,0.45454545454545453
1240,NW-flex,7,1.0
1240,BWA-no-clip,8,1.0
1240,BWA-std,8,0.6363636363636364
1240,NW-flex,8,1.0
1240,BWA-no-clip,9,1.0
1240,BWA-std,9,0.6363636363636364
1240,NW-flex,9,1.0
1240,BWA-no-clip,10,1.0
1240,BWA-std,10,0.8181818181818182
1240,NW-flex,10,1.0
1241,BWA-no-clip,1,0.5454545454545454
1241,BWA-std,1,0.09090909090909091
1241,NW-flex,1,1.0
1241,BWA-no-clip,2,0.6363636363636364
1241,BWA-std,2,0.18181818181818182
1241,NW-flex,2,1.0
1241,BWA-no-clip,3,0.6363636363636364
1241,BWA-std,3,0.18181818181818182
1241,NW-flex,3,1.0
1241,BWA-no-clip,4,0.8181818181818182
1241,BWA-std,4,0.36363636363636365
1241,NW-flex,4,1.0
1241,BWA-no-clip,5,1.0
1241,BWA-std,5,0.36363636363636365
1241,NW-flex,5,1.0
1241,BWA-no-clip,6,1.0
1241,BWA-std,6,0.45454545454545453
1241,NW-flex,6,1.0
1241,BWA-no-clip,7,1.0
1241,BWA-std,7,0.45454545454545453
1241,NW-flex,7,1.0
1241,BWA-no-clip,8,1.0
1241,BWA-std,8,0.6363636363636364
1241,NW-flex,8,1.0
1241,BWA-no-clip,9,1.0
1241,BWA-std,9,0.6363636363636364
1241,NW-flex,9,1.0
1241,BWA-no-clip,10,1.0
1241,BWA-std,10,0.8181818181818182
1241,NW-flex,10,1.0
1242,BWA-no-clip,1,0.5454545454545454
1242,BWA-std,1,0.09090909090909091
1242,NW-flex,1,1.0
1242,BWA-no-clip,2,0.7272727272727273
1242,BWA-std,2,0.18181818181818182
1242,NW-flex,2,1.0
1242,BWA-no-clip,3,0.8181818181818182
1242,BWA-std,3,0.18181818181818182
1242,NW-flex,3,1.0
1242,BWA-no-clip,4,1.0
1242,BWA-std,4,0.36363636363636365
1242,NW-flex,4,1.0
1242,BWA-no-clip,5,1.0
1242,BWA-std,5,0.36363636363636365
1242,NW-flex,5,1.0
1242,BWA-no-clip,6,1.0
1242,BWA-std,6,0.45454545454545453
1242,NW-flex,6,1.0
1242,BWA-no-clip,7,1.0
1242,BWA-std,7,0.45454545454545453
1242,NW-flex,7,1.0
1242,BWA-no-clip,8,1.0
1242,BWA-std,8,0.6363636363636364
1242,NW-flex,8,1.0
1242,BWA-no-clip,9,1.0
1242,BWA-std,9,0.6363636363636364
1242,NW-flex,9,1.0
1242,BWA-no-clip,10,1.0
1242,BWA-std,10,0.8181818181818182
1242,NW-flex,10,1.0
1243,BWA-no-clip,1,0.09090909090909091
1243,BWA-std,1,0.09090909090909091
1243,NW-flex,1,1.0
1243,BWA-no-clip,2,0.09090909090909091
1243,BWA-std,2,0.09090909090909091
1243,NW-flex,2,1.0
1243,BWA-no-clip,3,0.12121212121212122
1243,BWA-std,3,0.18181818181818182
1243,NW-flex,3,1.0
1243,BWA-no-clip,4,0.12121212121212122
1243,BWA-std,4,0.18181818181818182
1243,NW-flex,4,1.0
1243,BWA-no-clip,5,0.12121212121212122
1243,BWA-std,5,0.18181818181818182
1243,NW-flex,5,1.0
1243,BWA-no-clip,6,0.12121212121212122
1243,BWA-std,6,0.12121212121212122
1243,NW-flex,6,1.0
1243,BWA-no-clip,7,0.5757575757575758
1243,BWA-std,7,0.30303030303030304
1243,NW-flex,7,1.0
1243,BWA-no-clip,8,1.0
1243,BWA-std,8,0.6363636363636364
1243,NW-flex,8,1.0
1243,BWA-no-clip,9,1.0
1243,BWA-std,9,0.6363636363636364
1243,NW-flex,9,1.0
1243,BWA-no-clip,10,1.0
1243,BWA-std,10,0.8181818181818182
1243,NW-flex,10,1.0
1244,BWA-no-clip,1,0.5454545454545454
1244,BWA-std,1,0.09090909090909091
1244,NW-flex,1,1.0
1244,BWA-no-clip,2,0.6363636363636364
1244,BWA-std,2,0.18181818181818182
1244,NW-flex,2,1.0
1244,BWA-no-clip,3,0.7272727272727273
1244,BWA-std,3,0.18181818181818182
1244,NW-flex,3,1.0
1244,BWA-no-clip,4,0.8181818181818182
1244,BWA-std,4,0.36363636363636365
1244,NW-flex,4,1.0
1244,BWA-no-clip,5,0.8181818181818182
1244,BWA-std,5,0.36363636363636365
1244,NW-flex,5,1.0
1244,BWA-no-clip,6,1.0
1244,BWA-std,6,0.45454545454545453
1244,NW-flex,6,1.0
1244,BWA-no-clip,7,1.0
1244,BWA-std,7,0.45454545454545453
1244,NW-flex,7,1.0
1244,BWA-no-clip,8,1.0
1244,BWA-std,8,0.6363636363636364
1244,NW-flex,8,1.0
1244,BWA-no-clip,9,1.0
1244,BWA-std,9,0.6363636363636364
1244,NW-flex,9,1.0
1244,BWA-no-clip,10,1.0
1244,BWA-std,10,0.8181818181818182
1244,NW-flex,10,1.0
1245,BWA-no-clip,1,0.45454545454545453
1245,BWA-std,1,0.09090909090909091
1245,NW-flex,1,1.0
1245,BWA-no-clip,2,0.5454545454545454
1245,BWA-std,2,0.09090909090909091
1245,NW-flex,2,1.0
1245,BWA-no-clip,3,0.6363636363636364
1245,BWA-std,3,0.18181818181818182
1245,NW-flex,3,1.0
1245,BWA-no-clip,4,0.8181818181818182
1245,BWA-std,4,0.36363636363636365
1245,NW-flex,4,1.0
1245,BWA-no-clip,5,1.0
1245,BWA-std,5,0.36363636363636365
1245,NW-flex,5,1.0
1245,BWA-no-clip,6,1.0
1245,BWA-std,6,0.45454545454545453
1245,NW-flex,6,1.0
1245,BWA-no-clip,7,1.0
1245,BWA-std,7,0.45454545454545453
1245,NW-flex,7,1.0
1245,BWA-no-clip,8,1.0
1245,BWA-std,8,0.6363636363636364
1245,NW-flex,8,1.0
1245,BWA-no-clip,9,1.0
1245,BWA-std,9,0.6363636363636364
1245,NW-flex,9,1.0
1245,BWA-no-clip,10,1.0
1245,BWA-std,10,0.8181818181818182
1245,NW-flex,10,1.0
1246,BWA-no-clip,1,0.09090909090909091
1246,BWA-std,1,0.09090909090909091
1246,NW-flex,1,1.0
1246,BWA-no-clip,2,0.5454545454545454
1246,BWA-std,2,0.09090909090909091
1246,NW-flex,2,1.0
1246,BWA-no-clip,3,0.7272727272727273
1246,BWA-std,3,0.18181818181818182
1246,NW-flex,3,1.0
1246,BWA-no-clip,4,0.9090909090909091
1246,BWA-std,4,0.36363636363636365
1246,NW-flex,4,1.0
1246,BWA-no-clip,5,1.0
1246,BWA-std,5,0.36363636363636365
1246,NW-flex,5,1.0
1246,BWA-no-clip,6,1.0
1246,BWA-std,6,0.45454545454545453
1246,NW-flex,6,1.0
1246,BWA-no-clip,7,1.0
1246,BWA-std,7,0.45454545454545453
1246,NW-flex,7,1.0
1246,BWA-no-clip,8,1.0
1246,BWA-std,8,0.6363636363636364
1246,NW-flex,8,1.0
1246,BWA-no-clip,9,1.0
1246,BWA-std,9,0.6363636363636364
1246,NW-flex,9,1.0
1246,BWA-no-clip,10,1.0
1246,BWA-std,10,0.8181818181818182
1246,NW-flex,10,1.0
1247,BWA-no-clip,1,0.5454545454545454
1247,BWA-std,1,0.09090909090909091
1247,NW-flex,1,1.0
1247,BWA-no-clip,2,0.6363636363636364
1247,BWA-std,2,0.18181818181818182
1247,NW-flex,2,1.0
1247,BWA-no-clip,3,0.7272727272727273
1247,BWA-std,3,0.18181818181818182
1247,NW-flex,3,1.0
1247,BWA-no-clip,4,0.8181818181818182
1247,BWA-std,4,0.36363636363636365
1247,NW-flex,4,1.0
1247,BWA-no-clip,5,1.0
1247,BWA-std,5,0.36363636363636365
1247,NW-flex,5,1.0
1247,BWA-no-clip,6,1.0
1247,BWA-std,6,0.45454545454545453
1247,NW-flex,6,1.0
1247,BWA-no-clip,7,1.0
1247,BWA-std,7,0.45454545454545453
1247,NW-flex,7,1.0
1247,BWA-no-clip,8,1.0
1247,BWA-std,8,0.6363636363636364
1247,NW-flex,8,1.0
1247,BWA-no-clip,9,1.0
1247,BWA-std,9,0.6363636363636364
1247,NW-flex,9,1.0
1247,BWA-no-clip,10,1.0
1247,BWA-std,10,0.8181818181818182
1247,NW-flex,10,1.0
1248,BWA-no-clip,1,0.5454545454545454
1248,BWA-std,1,0.09090909090909091
1248,NW-flex,1,1.0
1248,BWA-no-clip,2,0.7272727272727273
1248,BWA-std,2,0.18181818181818182
1248,NW-flex,2,1.0
1248,BWA-no-clip,3,0.8181818181818182
1248,BWA-std,3,0.18181818181818182
1248,NW-flex,3,1.0
1248,BWA-no-clip,4,1.0
1248,BWA-std,4,0.36363636363636365
1248,NW-flex,4,1.0
1248,BWA-no-clip,5,1.0
1248,BWA-std,5,0.36363636363636365
1248,NW-flex,5,1.0
1248,BWA-no-clip,6,1.0
1248,BWA-std,6,0.45454545454545453
1248,NW-flex,6,1.0
1248,BWA-no-clip,7,1.0
1248,BWA-std,7,0.45454545454545453
1248,NW-flex,7,1.0
1248,BWA-no-clip,8,1.0
1248,BWA-std,8,0.6363636363636364
1248,NW-flex,8,1.0
1248,BWA-no-clip,9,1.0
1248,BWA-std,9,0.6363636363636364
1248,NW-flex,9,1.0
1248,BWA-no-clip,10,1.0
1248,BWA-std,10,0.8181818181818182
1248,NW-flex,10,1.0
1249,BWA-no-clip,1,0.09090909090909091
1249,BWA-std,1,0.09090909090909091
1249,NW-flex,1,1.0
1249,BWA-no-clip,2,0.09090909090909091
1249,BWA-std,2,0.09090909090909091
1249,NW-flex,2,1.0
1249,BWA-no-clip,3,0.12121212121212122
1249,BWA-std,3,0.18181818181818182
1249,NW-flex,3,1.0
1249,BWA-no-clip,4,0.12121212121212122
1249,BWA-std,4,0.18181818181818182
1249,NW-flex,4,1.0
1249,BWA-no-clip,5,0.5757575757575758
1249,BWA-std,5,0.2727272727272727
1249,NW-flex,5,1.0
1249,BWA-no-clip,6,1.0
1249,BWA-std,6,0.45454545454545453
1249,NW-flex,6,1.0
1249,BWA-no-clip,7,1.0
1249,BWA-std,7,0.45454545454545453
1249,NW-flex,7,1.0
1249,BWA-no-clip,8,1.0
1249,BWA-std,8,0.6363636363636364
1249,NW-flex,8,1.0
1249,BWA-no-clip,9,1.0
1249,BWA-std,9,0.6363636363636364
1249,NW-flex,9,1.0
1249,BWA-no-clip,10,1.0
1249,BWA-std,10,0.8181818181818182
1249,NW-flex,10,1.0
1250,BWA-no-clip,1,0.5454545454545454
1250,BWA-std,1,0.09090909090909091
1250,NW-flex,1,1.0
1250,BWA-no-clip,2,0.7272727272727273
1250,BWA-std,2,0.18181818181818182
1250,NW-flex,2,1.0
1250,BWA-no-clip,3,0.7272727272727273
1250,BWA-std,3,0.18181818181818182
1250,NW-flex,3,1.0
1250,BWA-no-clip,4,0.8181818181818182
1250,BWA-std,4,0.36363636363636365
1250,NW-flex,4,1.0
1250,BWA-no-clip,5,1.0
1250,BWA-std,5,0.36363636363636365
1250,NW-flex,5,1.0
1250,BWA-no-clip,6,1.0
1250,BWA-std,6,0.45454545454545453
1250,NW-flex,6,1.0
1250,BWA-no-clip,7,1.0
1250,BWA-std,7,0.45454545454545453
1250,NW-flex,7,1.0
1250,BWA-no-clip,8,1.0
1250,BWA-std,8,0.6363636363636364
1250,NW-flex,8,1.0
1250,BWA-no-clip,9,1.0
1250,BWA-std,9,0.6363636363636364
1250,NW-flex,9,1.0
1250,BWA-no-clip,10,1.0
1250,BWA-std,10,0.8181818181818182
1250,NW-flex,10,1.0
1251,BWA-no-clip,1,0.5454545454545454
1251,BWA-std,1,0.09090909090909091
1251,NW-flex,1,1.0
1251,BWA-no-clip,2,0.7272727272727273
1251,BWA-std,2,0.18181818181818182
1251,NW-flex,2,1.0
1251,BWA-no-clip,3,0.7272727272727273
1251,BWA-std,3,0.18181818181818182
1251,NW-flex,3,1.0
1251,BWA-no-clip,4,0.8181818181818182
1251,BWA-std,4,0.36363636363636365
1251,NW-flex,4,1.0
1251,BWA-no-clip,5,1.0
1251,BWA-std,5,0.36363636363636365
1251,NW-flex,5,1.0
1251,BWA-no-clip,6,1.0
1251,BWA-std,6,0.45454545454545453
1251,NW-flex,6,1.0
1251,BWA-no-clip,7,1.0
1251,BWA-std,7,0.45454545454545453
1251,NW-flex,7,1.0
1251,BWA-no-clip,8,1.0
1251,BWA-std,8,0.6363636363636364
1251,NW-flex,8,1.0
1251,BWA-no-clip,9,1.0
1251,BWA-std,9,0.6363636363636364
1251,NW-flex,9,1.0
1251,BWA-no-clip,10,1.0
1251,BWA-std,10,0.8181818181818182
1251,NW-flex,10,1.0
1252,BWA-no-clip,1,0.5454545454545454
1252,BWA-std,1,0.09090909090909091
1252,NW-flex,1,1.0
1252,BWA-no-clip,2,0.6363636363636364
1252,BWA-std,2,0.18181818181818182
1252,NW-flex,2,1.0
1252,BWA-no-clip,3,0.7272727272727273
1252,BWA-std,3,0.18181818181818182
1252,NW-flex,3,1.0
1252,BWA-no-clip,4,0.8181818181818182
1252,BWA-std,4,0.36363636363636365
1252,NW-flex,4,1.0
1252,BWA-no-clip,5,1.0
1252,BWA-std,5,0.36363636363636365
1252,NW-flex,5,1.0
1252,BWA-no-clip,6,1.0
1252,BWA-std,6,0.45454545454545453
1252,NW-flex,6,1.0
1252,BWA-no-clip,7,1.0
1252,BWA-std,7,0.45454545454545453
1252,NW-flex,7,1.0
1252,BWA-no-clip,8,1.0
1252,BWA-std,8,0.6363636363636364
1252,NW-flex,8,1.0
1252,BWA-no-clip,9,1.0
1252,BWA-std,9,0.6363636363636364
1252,NW-flex,9,1.0
1252,BWA-no-clip,10,1.0
1252,BWA-std,10,0.8181818181818182
1252,NW-flex,10,1.0
1253,BWA-no-clip,1,0.5454545454545454
1253,BWA-std,1,0.09090909090909091
1253,NW-flex,1,1.0
1253,BWA-no-clip,2,0.6363636363636364
1253,BWA-std,2,0.18181818181818182
1253,NW-flex,2,1.0
1253,BWA-no-clip,3,0.7272727272727273
1253,BWA-std,3,0.18181818181818182
1253,NW-flex,3,1.0
1253,BWA-no-clip,4,0.7272727272727273
1253,BWA-std,4,0.36363636363636365
1253,NW-flex,4,1.0
1253,BWA-no-clip,5,0.9090909090909091
1253,BWA-std,5,0.36363636363636365
1253,NW-flex,5,1.0
1253,BWA-no-clip,6,1.0
1253,BWA-std,6,0.45454545454545453
1253,NW-flex,6,1.0
1253,BWA-no-clip,7,1.0
1253,BWA-std,7,0.45454545454545453
1253,NW-flex,7,1.0
1253,BWA-no-clip,8,1.0
1253,BWA-std,8,0.6363636363636364
1253,NW-flex,8,1.0
1253,BWA-no-clip,9,1.0
1253,BWA-std,9,0.6363636363636364
1253,NW-flex,9,1.0
1253,BWA-no-clip,10,1.0
1253,BWA-std,10,0.8181818181818182
1253,NW-flex,10,1.0
1254,BWA-no-clip,1,0.18181818181818182
1254,BWA-std,1,0.09090909090909091
1254,NW-flex,1,1.0
1254,BWA-no-clip,2,0.7272727272727273
1254,BWA-std,2,0.18181818181818182
1254,NW-flex,2,1.0
1254,BWA-no-clip,3,0.8181818181818182
1254,BWA-std,3,0.18181818181818182
1254,NW-flex,3,1.0
1254,BWA-no-clip,4,0.9090909090909091
1254,BWA-std,4,0.36363636363636365
1254,NW-flex,4,1.0
1254,BWA-no-clip,5,1.0
1254,BWA-std,5,0.36363636363636365
1254,NW-flex,5,1.0
1254,BWA-no-clip,6,1.0
1254,BWA-std,6,0.45454545454545453
1254,NW-flex,6,1.0
1254,BWA-no-clip,7,1.0
1254,BWA-std,7,0.45454545454545453
1254,NW-flex,7,1.0
1254,BWA-no-clip,8,1.0
1254,BWA-std,8,0.6363636363636364
1254,NW-flex,8,1.0
1254,BWA-no-clip,9,1.0
1254,BWA-std,9,0.6363636363636364
1254,NW-flex,9,1.0
1254,BWA-no-clip,10,1.0
1254,BWA-std,10,0.8181818181818182
1254,NW-flex,10,1.0
1255,BWA-no-clip,1,0.45454545454545453
1255,BWA-std,1,0.09090909090909091
1255,NW-flex,1,1.0
1255,BWA-no-clip,2,0.5454545454545454
1255,BWA-std,2,0.18181818181818182
1255,NW-flex,2,1.0
1255,BWA-no-clip,3,0.7272727272727273
1255,BWA-std,3,0.18181818181818182
1255,NW-flex,3,1.0
1255,BWA-no-clip,4,0.8181818181818182
1255,BWA-std,4,0.36363636363636365
1255,NW-flex,4,1.0
1255,BWA-no-clip,5,1.0
1255,BWA-std,5,0.36363636363636365
1255,NW-flex,5,1.0
1255,BWA-no-clip,6,1.0
1255,BWA-std,6,0.45454545454545453
1255,NW-flex,6,1.0
1255,BWA-no-clip,7,1.0
1255,BWA-std,7,0.45454545454545453
1255,NW-flex,7,1.0
1255,BWA-no-clip,8,1.0
1255,BWA-std,8,0.6363636363636364
1255,NW-flex,8,1.0
1255,BWA-no-clip,9,1.0
1255,BWA-std,9,0.6363636363636364
1255,NW-flex,9,1.0
1255,BWA-no-clip,10,1.0
1255,BWA-std,10,0.8181818181818182
1255,NW-flex,10,1.0
1256,BWA-no-clip,1,0.5454545454545454
1256,BWA-std,1,0.09090909090909091
1256,NW-flex,1,1.0
1256,BWA-no-clip,2,0.7272727272727273
1256,BWA-std,2,0.18181818181818182
1256,NW-flex,2,1.0
1256,BWA-no-clip,3,0.7272727272727273
1256,BWA-std,3,0.18181818181818182
1256,NW-flex,3,1.0
1256,BWA-no-clip,4,0.8181818181818182
1256,BWA-std,4,0.36363636363636365
1256,NW-flex,4,1.0
1256,BWA-no-clip,5,0.9090909090909091
1256,BWA-std,5,0.36363636363636365
1256,NW-flex,5,1.0
1256,BWA-no-clip,6,1.0
1256,BWA-std,6,0.45454545454545453
1256,NW-flex,6,1.0
1256,BWA-no-clip,7,1.0
1256,BWA-std,7,0.45454545454545453
1256,NW-flex,7,1.0
1256,BWA-no-clip,8,1.0
1256,BWA-std,8,0.6363636363636364
1256,NW-flex,8,1.0
1256,BWA-no-clip,9,1.0
1256,BWA-std,9,0.6363636363636364
1256,NW-flex,9,1.0
1256,BWA-no-clip,10,1.0
1256,BWA-std,10,0.8181818181818182
1256,NW-flex,10,1.0
1257,BWA-no-clip,1,0.5454545454545454
1257,BWA-std,1,0.09090909090909091
1257,NW-flex,1,1.0
1257,BWA-no-clip,2,0.7272727272727273
1257,BWA-std,2,0.18181818181818182
1257,NW-flex,2,1.0
1257,BWA-no-clip,3,0.7272727272727273
1257,BWA-std,3,0.18181818181818182
1257,NW-flex,3,1.0
1257,BWA-no-clip,4,0.9090909090909091
1257,BWA-std,4,0.36363636363636365
1257,NW-flex,4,1.0
1257,BWA-no-clip,5,0.9090909090909091
1257,BWA-std,5,0.36363636363636365
1257,NW-flex,5,1.0
1257,BWA-no-clip,6,1.0
1257,BWA-std,6,0.45454545454545453
1257,NW-flex,6,1.0
1257,BWA-no-clip,7,1.0
1257,BWA-std,7,0.45454545454545453
1257,NW-flex,7,1.0
1257,BWA-no-clip,8,1.0
1257,BWA-std,8,0.6363636363636364
1257,NW-flex,8,1.0
1257,BWA-no-clip,9,1.0
1257,BWA-std,9,0.6363636363636364
1257,NW-flex,9,1.0
1257,BWA-no-clip,10,1.0
1257,BWA-std,10,0.8181818181818182
1257,NW-flex,10,1.0
1258,BWA-no-clip,1,0.5454545454545454
1258,BWA-std,1,0.09090909090909091
1258,NW-flex,1,1.0
1258,BWA-no-clip,2,0.7272727272727273
1258,BWA-std,2,0.18181818181818182
1258,NW-flex,2,1.0
1258,BWA-no-clip,3,0.8181818181818182
1258,BWA-std,3,0.18181818181818182
1258,NW-flex,3,1.0
1258,BWA-no-clip,4,1.0
1258,BWA-std,4,0.36363636363636365
1258,NW-flex,4,1.0
1258,BWA-no-clip,5,0.9090909090909091
1258,BWA-std,5,0.36363636363636365
1258,NW-flex,5,1.0
1258,BWA-no-clip,6,0.9090909090909091
1258,BWA-std,6,0.45454545454545453
1258,NW-flex,6,1.0
1258,BWA-no-clip,7,1.0
1258,BWA-std,7,0.45454545454545453
1258,NW-flex,7,1.0
1258,BWA-no-clip,8,1.0
1258,BWA-std,8,0.6363636363636364
1258,NW-flex,8,1.0
1258,BWA-no-clip,9,1.0
1258,BWA-std,9,0.6363636363636364
1258,NW-flex,9,1.0
1258,BWA-no-clip,10,1.0
1258,BWA-std,10,0.8181818181818182
1258,NW-flex,10,1.0
1259,BWA-no-clip,1,0.5454545454545454
1259,BWA-std,1,0.09090909090909091
1259,NW-flex,1,1.0
1259,BWA-no-clip,2,0.6363636363636364
1259,BWA-std,2,0.18181818181818182
1259,NW-flex,2,1.0
1259,BWA-no-clip,3,0.7272727272727273
1259,BWA-std,3,0.18181818181818182
1259,NW-flex,3,1.0
1259,BWA-no-clip,4,0.9090909090909091
1259,BWA-std,4,0.36363636363636365
1259,NW-flex,4,1.0
1259,BWA-no-clip,5,0.9090909090909091
1259,BWA-std,5,0.36363636363636365
1259,NW-flex,5,1.0
1259,BWA-no-clip,6,1.0
1259,BWA-std,6,0.45454545454545453
1259,NW-flex,6,1.0
1259,BWA-no-clip,7,1.0
1259,BWA-std,7,0.45454545454545453
1259,NW-flex,7,1.0
1259,BWA-no-clip,8,1.0
1259,BWA-std,8,0.6363636363636364
1259,NW-flex,8,1.0
1259,BWA-no-clip,9,1.0
1259,BWA-std,9,0.6363636363636364
1259,NW-flex,9,1.0
1259,BWA-no-clip,10,1.0
1259,BWA-std,10,0.8181818181818182
1259,NW-flex,10,1.0
1260,BWA-no-clip,1,0.09090909090909091
1260,BWA-std,1,0.09090909090909091
1260,NW-flex,1,1.0
1260,BWA-no-clip,2,0.18181818181818182
1260,BWA-std,2,0.09090909090909091
1260,NW-flex,2,1.0
1260,BWA-no-clip,3,0.45454545454545453
1260,BWA-std,3,0.09090909090909091
1260,NW-flex,3,1.0
1260,BWA-no-clip,4,0.7272727272727273
1260,BWA-std,4,0.36363636363636365
1260,NW-flex,4,1.0
1260,BWA-no-clip,5,0.8181818181818182
1260,BWA-std,5,0.36363636363636365
1260,NW-flex,5,1.0
1260,BWA-no-clip,6,0.9090909090909091
1260,BWA-std,6,0.45454545454545453
1260,NW-flex,6,1.0
1260,BWA-no-clip,7,1.0
1260,BWA-std,7,0.45454545454545453
1260,NW-flex,7,1.0
1260,BWA-no-clip,8,1.0
1260,BWA-std,8,0.6363636363636364
1260,NW-flex,8,1.0
1260,BWA-no-clip,9,1.0
1260,BWA-std,9,0.6363636363636364
1260,NW-flex,9,1.0
1260,BWA-no-clip,10,1.0
1260,BWA-std,10,0.8181818181818182
1260,NW-flex,10,1.0
1261,BWA-no-clip,1,0.18181818181818182
1261,BWA-std,1,0.09090909090909091
1261,NW-flex,1,1.0
1261,BWA-no-clip,2,0.2727272727272727
1261,BWA-std,2,0.09090909090909091
1261,NW-flex,2,1.0
1261,BWA-no-clip,3,0.45454545454545453
1261,BWA-std,3,0.18181818181818182
1261,NW-flex,3,1.0
1261,BWA-no-clip,4,0.45454545454545453
1261,BWA-std,4,0.18181818181818182
1261,NW-flex,4,1.0
1261,BWA-no-clip,5,0.7272727272727273
1261,BWA-std,5,0.18181818181818182
1261,NW-flex,5,1.0
1261,BWA-no-clip,6,0.7272727272727273
1261,BWA-std,6,0.2727272727272727
1261,NW-flex,6,1.0
1261,BWA-no-clip,7,0.9090909090909091
1261,BWA-std,7,0.36363636363636365
1261,NW-flex,7,1.0
1261,BWA-no-clip,8,0.9090909090909091
1261,BWA-std,8,0.5454545454545454
1261,NW-flex,8,1.0
1261,BWA-no-clip,9,1.0
1261,BWA-std,9,0.6363636363636364
1261,NW-flex,9,1.0
1261,BWA-no-clip,10,1.0
1261,BWA-std,10,0.8181818181818182
1261,NW-flex,10,1.0
1262,BWA-no-clip,1,0.45454545454545453
1262,BWA-std,1,0.09090909090909091
1262,NW-flex,1,1.0
1262,BWA-no-clip,2,0.5454545454545454
1262,BWA-std,2,0.18181818181818182
1262,NW-flex,2,1.0
1262,BWA-no-clip,3,0.6363636363636364
1262,BWA-std,3,0.18181818181818182
1262,NW-flex,3,1.0
1262,BWA-no-clip,4,0.7272727272727273
1262,BWA-std,4,0.36363636363636365
1262,NW-flex,4,1.0
1262,BWA-no-clip,5,0.9090909090909091
1262,BWA-std,5,0.36363636363636365
1262,NW-flex,5,1.0
1262,BWA-no-clip,6,0.9090909090909091
1262,BWA-std,6,0.45454545454545453
1262,NW-flex,6,1.0
1262,BWA-no-clip,7,1.0
1262,BWA-std,7,0.45454545454545453
1262,NW-flex,7,1.0
1262,BWA-no-clip,8,1.0
1262,BWA-std,8,0.6363636363636364
1262,NW-flex,8,1.0
1262,BWA-no-clip,9,1.0
1262,BWA-std,9,0.6363636363636364
1262,NW-flex,9,1.0
1262,BWA-no-clip,10,1.0
1262,BWA-std,10,0.8181818181818182
1262,NW-flex,10,1.0
1263,BWA-no-clip,1,0.5454545454545454
1263,BWA-std,1,0.09090909090909091
1263,NW-flex,1,1.0
1263,BWA-no-clip,2,0.6363636363636364
1263,BWA-std,2,0.18181818181818182
1263,NW-flex,2,1.0
1263,BWA-no-clip,3,0.7272727272727273
1263,BWA-std,3,0.18181818181818182
1263,NW-flex,3,1.0
1263,BWA-no-clip,4,0.8181818181818182
1263,BWA-std,4,0.36363636363636365
1263,NW-flex,4,1.0
1263,BWA-no-clip,5,0.9090909090909091
1263,BWA-std,5,0.36363636363636365
1263,NW-flex,5,1.0
1263,BWA-no-clip,6,1.0
1263,BWA-std,6,0.45454545454545453
1263,NW-flex,6,1.0
1263,BWA-no-clip,7,1.0
1263,BWA-std,7,0.45454545454545453
1263,NW-flex,7,1.0
1263,BWA-no-clip,8,1.0
1263,BWA-std,8,0.6363636363636364
1263,NW-flex,8,1.0
1263,BWA-no-clip,9,1.0
1263,BWA-std,9,0.6363636363636364
1263,NW-flex,9,1.0
1263,BWA-no-clip,10,1.0
1263,BWA-std,10,0.8181818181818182
1263,NW-flex,10,1.0
1264,BWA-no-clip,1,0.5454545454545454
1264,BWA-std,1,0.09090909090909091
1264,NW-flex,1,1.0
1264,BWA-no-clip,2,0.7272727272727273
1264,BWA-std,2,0.18181818181818182
1264,NW-flex,2,1.0
1264,BWA-no-clip,3,0.7272727272727273
1264,BWA-std,3,0.18181818181818182
1264,NW-flex,3,1.0
1264,BWA-no-clip,4,0.8181818181818182
1264,BWA-std,4,0.36363636363636365
1264,NW-flex,4,1.0
1264,BWA-no-clip,5,1.0
1264,BWA-std,5,0.36363636363636365
1264,NW-flex,5,1.0
1264,BWA-no-clip,6,1.0
1264,BWA-std,6,0.45454545454545453
1264,NW-flex,6,1.0
1264,BWA-no-clip,7,1.0
1264,BWA-std,7,0.45454545454545453
1264,NW-flex,7,1.0
1264,BWA-no-clip,8,1.0
1264,BWA-std,8,0.6363636363636364
1264,NW-flex,8,1.0
1264,BWA-no-clip,9,1.0
1264,BWA-std,9,0.6363636363636364
1264,NW-flex,9,1.0
1264,BWA-no-clip,10,1.0
1264,BWA-std,10,0.8181818181818182
1264,NW-flex,10,1.0
1265,BWA-no-clip,1,0.5454545454545454
1265,BWA-std,1,0.09090909090909091
1265,NW-flex,1,1.0
1265,BWA-no-clip,2,0.7272727272727273
1265,BWA-std,2,0.18181818181818182
1265,NW-flex,2,1.0
1265,BWA-no-clip,3,0.8181818181818182
1265,BWA-std,3,0.18181818181818182
1265,NW-flex,3,1.0
1265,BWA-no-clip,4,0.8181818181818182
1265,BWA-std,4,0.36363636363636365
1265,NW-flex,4,1.0
1265,BWA-no-clip,5,0.8181818181818182
1265,BWA-std,5,0.36363636363636365
1265,NW-flex,5,1.0
1265,BWA-no-clip,6,1.0
1265,BWA-std,6,0.45454545454545453
1265,NW-flex,6,1.0
1265,BWA-no-clip,7,1.0
1265,BWA-std,7,0.45454545454545453
1265,NW-flex,7,1.0
1265,BWA-no-clip,8,1.0
1265,BWA-std,8,0.6363636363636364
1265,NW-flex,8,1.0
1265,BWA-no-clip,9,1.0
1265,BWA-std,9,0.6363636363636364
1265,NW-flex,9,1.0
1265,BWA-no-clip,10,1.0
1265,BWA-std,10,0.8181818181818182
1265,NW-flex,10,1.0
1266,BWA-no-clip,1,0.5454545454545454
1266,BWA-std,1,0.09090909090909091
1266,NW-flex,1,1.0
1266,BWA-no-clip,2,0.5454545454545454
1266,BWA-std,2,0.09090909090909091
1266,NW-flex,2,1.0
1266,BWA-no-clip,3,0.7272727272727273
1266,BWA-std,3,0.18181818181818182
1266,NW-flex,3,1.0
1266,BWA-no-clip,4,0.7272727272727273
1266,BWA-std,4,0.36363636363636365
1266,NW-flex,4,1.0
1266,BWA-no-clip,5,0.9090909090909091
1266,BWA-std,5,0.36363636363636365
1266,NW-flex,5,1.0
1266,BWA-no-clip,6,0.9090909090909091
1266,BWA-std,6,0.45454545454545453
1266,NW-flex,6,1.0
1266,BWA-no-clip,7,1.0
1266,BWA-std,7,0.45454545454545453
1266,NW-flex,7,1.0
1266,BWA-no-clip,8,1.0
1266,BWA-std,8,0.6363636363636364
1266,NW-flex,8,1.0
1266,BWA-no-clip,9,1.0
1266,BWA-std,9,0.6363636363636364
1266,NW-flex,9,1.0
1266,BWA-no-clip,10,1.0
1266,BWA-std,10,0.8181818181818182
1266,NW-flex,10,1.0
1267,BWA-no-clip,1,0.09090909090909091
1267,BWA-std,1,0.09090909090909091
1267,NW-flex,1,1.0
1267,BWA-no-clip,2,0.09090909090909091
1267,BWA-std,2,0.09090909090909091
1267,NW-flex,2,1.0
1267,BWA-no-clip,3,0.5757575757575758
1267,BWA-std,3,0.18181818181818182
1267,NW-flex,3,1.0
1267,BWA-no-clip,4,0.9090909090909091
1267,BWA-std,4,0.36363636363636365
1267,NW-flex,4,1.0
1267,BWA-no-clip,5,1.0
1267,BWA-std,5,0.36363636363636365
1267,NW-flex,5,1.0
1267,BWA-no-clip,6,1.0
1267,BWA-std,6,0.45454545454545453
1267,NW-flex,6,1.0
1267,BWA-no-clip,7,1.0
1267,BWA-std,7,0.45454545454545453
1267,NW-flex,7,1.0
1267,BWA-no-clip,8,1.0
1267,BWA-std,8,0.6363636363636364
1267,NW-flex,8,1.0
1267,BWA-no-clip,9,1.0
1267,BWA-std,9,0.6363636363636364
1267,NW-flex,9,1.0
1267,BWA-no-clip,10,1.0
1267,BWA-std,10,0.8181818181818182
1267,NW-flex,10,1.0
1268,BWA-no-clip,1,0.5454545454545454
1268,BWA-std,1,0.09090909090909091
1268,NW-flex,1,1.0
1268,BWA-no-clip,2,0.5454545454545454
1268,BWA-std,2,0.09090909090909091
1268,NW-flex,2,1.0
1268,BWA-no-clip,3,0.7272727272727273
1268,BWA-std,3,0.18181818181818182
1268,NW-flex,3,1.0
1268,BWA-no-clip,4,0.8181818181818182
1268,BWA-std,4,0.36363636363636365
1268,NW-flex,4,1.0
1268,BWA-no-clip,5,1.0
1268,BWA-std,5,0.36363636363636365
1268,NW-flex,5,1.0
1268,BWA-no-clip,6,1.0
1268,BWA-std,6,0.45454545454545453
1268,NW-flex,6,1.0
1268,BWA-no-clip,7,1.0
1268,BWA-std,7,0.45454545454545453
1268,NW-flex,7,1.0
1268,BWA-no-clip,8,1.0
1268,BWA-std,8,0.6363636363636364
1268,NW-flex,8,1.0
1268,BWA-no-clip,9,1.0
1268,BWA-std,9,0.6363636363636364
1268,NW-flex,9,1.0
1268,BWA-no-clip,10,1.0
1268,BWA-std,10,0.8181818181818182
1268,NW-flex,10,1.0
1269,BWA-no-clip,1,0.5454545454545454
1269,BWA-std,1,0.09090909090909091
1269,NW-flex,1,1.0
1269,BWA-no-clip,2,0.6363636363636364
1269,BWA-std,2,0.18181818181818182
1269,NW-flex,2,1.0
1269,BWA-no-clip,3,0.8181818181818182
1269,BWA-std,3,0.18181818181818182
1269,NW-flex,3,1.0
1269,BWA-no-clip,4,1.0
1269,BWA-std,4,0.36363636363636365
1269,NW-flex,4,1.0
1269,BWA-no-clip,5,1.0
1269,BWA-std,5,0.36363636363636365
1269,NW-flex,5,1.0
1269,BWA-no-clip,6,1.0
1269,BWA-std,6,0.45454545454545453
1269,NW-flex,6,1.0
1269,BWA-no-clip,7,1.0
1269,BWA-std,7,0.45454545454545453
1269,NW-flex,7,1.0
1269,BWA-no-clip,8,1.0
1269,BWA-std,8,0.6363636363636364
1269,NW-flex,8,1.0
1269,BWA-no-clip,9,1.0
1269,BWA-std,9,0.6363636363636364
1269,NW-flex,9,1.0
1269,BWA-no-clip,10,1.0
1269,BWA-std,10,0.8181818181818182
1269,NW-flex,10,1.0
1270,BWA-no-clip,1,0.5454545454545454
1270,BWA-std,1,0.09090909090909091
1270,NW-flex,1,1.0
1270,BWA-no-clip,2,0.7272727272727273
1270,BWA-std,2,0.18181818181818182
1270,NW-flex,2,1.0
1270,BWA-no-clip,3,0.8181818181818182
1270,BWA-std,3,0.18181818181818182
1270,NW-flex,3,1.0
1270,BWA-no-clip,4,1.0
1270,BWA-std,4,0.36363636363636365
1270,NW-flex,4,1.0
1270,BWA-no-clip,5,1.0
1270,BWA-std,5,0.36363636363636365
1270,NW-flex,5,1.0
1270,BWA-no-clip,6,1.0
1270,BWA-std,6,0.45454545454545453
1270,NW-flex,6,1.0
1270,BWA-no-clip,7,1.0
1270,BWA-std,7,0.45454545454545453
1270,NW-flex,7,1.0
1270,BWA-no-clip,8,1.0
1270,BWA-std,8,0.6363636363636364
1270,NW-flex,8,1.0
1270,BWA-no-clip,9,1.0
1270,BWA-std,9,0.6363636363636364
1270,NW-flex,9,1.0
1270,BWA-no-clip,10,1.0
1270,BWA-std,10,0.8181818181818182
1270,NW-flex,10,1.0
1271,BWA-no-clip,1,0.09090909090909091
1271,BWA-std,1,0.09090909090909091
1271,NW-flex,1,1.0
1271,BWA-no-clip,2,0.5454545454545454
1271,BWA-std,2,0.09090909090909091
1271,NW-flex,2,1.0
1271,BWA-no-clip,3,0.6363636363636364
1271,BWA-std,3,0.09090909090909091
1271,NW-flex,3,1.0
1271,BWA-no-clip,4,0.7272727272727273
1271,BWA-std,4,0.36363636363636365
1271,NW-flex,4,1.0
1271,BWA-no-clip,5,0.7272727272727273
1271,BWA-std,5,0.36363636363636365
1271,NW-flex,5,1.0
1271,BWA-no-clip,6,0.9090909090909091
1271,BWA-std,6,0.45454545454545453
1271,NW-flex,6,1.0
1271,BWA-no-clip,7,0.9090909090909091
1271,BWA-std,7,0.45454545454545453
1271,NW-flex,7,1.0
1271,BWA-no-clip,8,1.0
1271,BWA-std,8,0.6363636363636364
1271,NW-flex,8,1.0
1271,BWA-no-clip,9,1.0
1271,BWA-std,9,0.6363636363636364
1271,NW-flex,9,1.0
1271,BWA-no-clip,10,1.0
1271,BWA-std,10,0.8181818181818182
1271,NW-flex,10,1.0
1272,BWA-no-clip,1,0.5454545454545454
1272,BWA-std,1,0.09090909090909091
1272,NW-flex,1,1.0
1272,BWA-no-clip,2,0.7272727272727273
1272,BWA-std,2,0.18181818181818182
1272,NW-flex,2,1.0
1272,BWA-no-clip,3,0.9090909090909091
1272,BWA-std,3,0.18181818181818182
1272,NW-flex,3,1.0
1272,BWA-no-clip,4,0.9090909090909091
1272,BWA-std,4,0.36363636363636365
1272,NW-flex,4,1.0
1272,BWA-no-clip,5,1.0
1272,BWA-std,5,0.36363636363636365
1272,NW-flex,5,1.0
1272,BWA-no-clip,6,1.0
1272,BWA-std,6,0.45454545454545453
1272,NW-flex,6,1.0
1272,BWA-no-clip,7,1.0
1272,BWA-std,7,0.45454545454545453
1272,NW-flex,7,1.0
1272,BWA-no-clip,8,1.0
1272,BWA-std,8,0.6363636363636364
1272,NW-flex,8,1.0
1272,BWA-no-clip,9,1.0
1272,BWA-std,9,0.6363636363636364
1272,NW-flex,9,1.0
1272,BWA-no-clip,10,1.0
1272,BWA-std,10,0.8181818181818182
1272,NW-flex,10,1.0
1273,BWA-no-clip,1,0.09090909090909091
1273,BWA-std,1,0.09090909090909091
1273,NW-flex,1,1.0
1273,BWA-no-clip,2,0.5454545454545454
1273,BWA-std,2,0.09090909090909091
1273,NW-flex,2,1.0
1273,BWA-no-clip,3,0.7272727272727273
1273,BWA-std,3,0.18181818181818182
1273,NW-flex,3,1.0
1273,BWA-no-clip,4,0.8181818181818182
1273,BWA-std,4,0.36363636363636365
1273,NW-flex,4,1.0
1273,BWA-no-clip,5,0.8181818181818182
1273,BWA-std,5,0.36363636363636365
1273,NW-flex,5,1.0
1273,BWA-no-clip,6,1.0
1273,BWA-std,6,0.45454545454545453
1273,NW-flex,6,1.0
1273,BWA-no-clip,7,1.0
1273,BWA-std,7,0.45454545454545453
1273,NW-flex,7,1.0
1273,BWA-no-clip,8,1.0
1273,BWA-std,8,0.6363636363636364
1273,NW-flex,8,1.0
1273,BWA-no-clip,9,1.0
1273,BWA-std,9,0.6363636363636364
1273,NW-flex,9,1.0
1273,BWA-no-clip,10,1.0
1273,BWA-std,10,0.8181818181818182
1273,NW-flex,10,1.0
1274,BWA-no-clip,1,0.5454545454545454
1274,BWA-std,1,0.09090909090909091
1274,NW-flex,1,1.0
1274,BWA-no-clip,2,0.6363636363636364
1274,BWA-std,2,0.18181818181818182
1274,NW-flex,2,1.0
1274,BWA-no-clip,3,0.8181818181818182
1274,BWA-std,3,0.18181818181818182
1274,NW-flex,3,1.0
1274,BWA-no-clip,4,0.8181818181818182
1274,BWA-std,4,0.36363636363636365
1274,NW-flex,4,1.0
1274,BWA-no-clip,5,0.8181818181818182
1274,BWA-std,5,0.36363636363636365
1274,NW-flex,5,1.0
1274,BWA-no-clip,6,1.0
1274,BWA-std,6,0.45454545454545453
1274,NW-flex,6,1.0
1274,BWA-no-clip,7,1.0
1274,BWA-std,7,0.45454545454545453
1274,NW-flex,7,1.0
1274,BWA-no-clip,8,1.0
1274,BWA-std,8,0.6363636363636364
1274,NW-flex,8,1.0
1274,BWA-no-clip,9,1.0
1274,BWA-std,9,0.6363636363636364
1274,NW-flex,9,1.0
1274,BWA-no-clip,10,1.0
1274,BWA-std,10,0.8181818181818182
1274,NW-flex,10,1.0
1275,BWA-no-clip,1,0.36363636363636365
1275,BWA-std,1,0.09090909090909091
1275,NW-flex,1,1.0
1275,BWA-no-clip,2,0.45454545454545453
1275,BWA-std,2,0.09090909090909091
1275,NW-flex,2,1.0
1275,BWA-no-clip,3,0.7272727272727273
1275,BWA-std,3,0.18181818181818182
1275,NW-flex,3,1.0
1275,BWA-no-clip,4,0.7272727272727273
1275,BWA-std,4,0.36363636363636365
1275,NW-flex,4,1.0
1275,BWA-no-clip,5,0.9090909090909091
1275,BWA-std,5,0.36363636363636365
1275,NW-flex,5,1.0
1275,BWA-no-clip,6,0.9090909090909091
1275,BWA-std,6,0.45454545454545453
1275,NW-flex,6,1.0
1275,BWA-no-clip,7,0.9090909090909091
1275,BWA-std,7,0.45454545454545453
1275,NW-flex,7,1.0
1275,BWA-no-clip,8,0.9090909090909091
1275,BWA-std,8,0.6363636363636364
1275,NW-flex,8,1.0
1275,BWA-no-clip,9,1.0
1275,BWA-std,9,0.6363636363636364
1275,NW-flex,9,1.0
1275,BWA-no-clip,10,1.0
1275,BWA-std,10,0.8181818181818182
1275,NW-flex,10,1.0
1276,BWA-no-clip,1,0.5454545454545454
1276,BWA-std,1,0.09090909090909091
1276,NW-flex,1,1.0
1276,BWA-no-clip,2,0.5454545454545454
1276,BWA-std,2,0.09090909090909091
1276,NW-flex,2,1.0
1276,BWA-no-clip,3,0.7272727272727273
1276,BWA-std,3,0.18181818181818182
1276,NW-flex,3,1.0
1276,BWA-no-clip,4,0.8181818181818182
1276,BWA-std,4,0.36363636363636365
1276,NW-flex,4,1.0
1276,BWA-no-clip,5,0.9090909090909091
1276,BWA-std,5,0.36363636363636365
1276,NW-flex,5,1.0
1276,BWA-no-clip,6,1.0
1276,BWA-std,6,0.45454545454545453
1276,NW-flex,6,1.0
1276,BWA-no-clip,7,1.0
1276,BWA-std,7,0.45454545454545453
1276,NW-flex,7,1.0
1276,BWA-no-clip,8,1.0
1276,BWA-std,8,0.6363636363636364
1276,NW-flex,8,1.0
1276,BWA-no-clip,9,1.0
1276,BWA-std,9,0.6363636363636364
1276,NW-flex,9,1.0
1276,BWA-no-clip,10,1.0
1276,BWA-std,10,0.8181818181818182
1276,NW-flex,10,1.0
1277,BWA-no-clip,1,0.2727272727272727
1277,BWA-std,1,0.09090909090909091
1277,NW-flex,1,1.0
1277,BWA-no-clip,2,0.5454545454545454
1277,BWA-std,2,0.09090909090909091
1277,NW-flex,2,1.0
1277,BWA-no-clip,3,0.6363636363636364
1277,BWA-std,3,0.09090909090909091
1277,NW-flex,3,1.0
1277,BWA-no-clip,4,0.7272727272727273
1277,BWA-std,4,0.36363636363636365
1277,NW-flex,4,1.0
1277,BWA-no-clip,5,0.7272727272727273
1277,BWA-std,5,0.36363636363636365
1277,NW-flex,5,1.0
1277,BWA-no-clip,6,0.9090909090909091
1277,BWA-std,6,0.45454545454545453
1277,NW-flex,6,1.0
1277,BWA-no-clip,7,1.0
1277,BWA-std,7,0.45454545454545453
1277,NW-flex,7,1.0
1277,BWA-no-clip,8,1.0
1277,BWA-std,8,0.6363636363636364
1277,NW-flex,8,1.0
1277,BWA-no-clip,9,1.0
1277,BWA-std,9,0.6363636363636364
1277,NW-flex,9,1.0
1277,BWA-no-clip,10,1.0
1277,BWA-std,10,0.8181818181818182
1277,NW-flex,10,1.0
1278,BWA-no-clip,1,0.5454545454545454
1278,BWA-std,1,0.09090909090909091
1278,NW-flex,1,1.0
1278,BWA-no-clip,2,0.6363636363636364
1278,BWA-std,2,0.18181818181818182
1278,NW-flex,2,1.0
1278,BWA-no-clip,3,0.8181818181818182
1278,BWA-std,3,0.18181818181818182
1278,NW-flex,3,1.0
1278,BWA-no-clip,4,0.9090909090909091
1278,BWA-std,4,0.36363636363636365
1278,NW-flex,4,1.0
1278,BWA-no-clip,5,1.0
1278,BWA-std,5,0.36363636363636365
1278,NW-flex,5,1.0
1278,BWA-no-clip,6,1.0
1278,BWA-std,6,0.45454545454545453
1278,NW-flex,6,1.0
1278,BWA-no-clip,7,1.0
1278,BWA-std,7,0.45454545454545453
1278,NW-flex,7,1.0
1278,BWA-no-clip,8,1.0
1278,BWA-std,8,0.6363636363636364
1278,NW-flex,8,1.0
1278,BWA-no-clip,9,1.0
1278,BWA-std,9,0.6363636363636364
1278,NW-flex,9,1.0
1278,BWA-no-clip,10,1.0
1278,BWA-std,10,0.8181818181818182
1278,NW-flex,10,1.0
1279,BWA-no-clip,1,0.5454545454545454
1279,BWA-std,1,0.09090909090909091
1279,NW-flex,1,1.0
1279,BWA-no-clip,2,0.7272727272727273
1279,BWA-std,2,0.18181818181818182
1279,NW-flex,2,1.0
1279,BWA-no-clip,3,0.8181818181818182
1279,BWA-std,3,0.18181818181818182
1279,NW-flex,3,1.0
1279,BWA-no-clip,4,1.0
1279,BWA-std,4,0.36363636363636365
1279,NW-flex,4,1.0
1279,BWA-no-clip,5,1.0
1279,BWA-std,5,0.36363636363636365
1279,NW-flex,5,1.0
1279,BWA-no-clip,6,1.0
1279,BWA-std,6,0.45454545454545453
1279,NW-flex,6,1.0
1279,BWA-no-clip,7,1.0
1279,BWA-std,7,0.45454545454545453
1279,NW-flex,7,1.0
1279,BWA-no-clip,8,1.0
1279,BWA-std,8,0.6363636363636364
1279,NW-flex,8,1.0
1279,BWA-no-clip,9,1.0
1279,BWA-std,9,0.6363636363636364
1279,NW-flex,9,1.0
1279,BWA-no-clip,10,1.0
1279,BWA-std,10,0.8181818181818182
1279,NW-flex,10,1.0
1280,BWA-no-clip,1,0.5454545454545454
1280,BWA-std,1,0.09090909090909091
1280,NW-flex,1,1.0
1280,BWA-no-clip,2,0.7272727272727273
1280,BWA-std,2,0.18181818181818182
1280,NW-flex,2,1.0
1280,BWA-no-clip,3,0.9090909090909091
1280,BWA-std,3,0.18181818181818182
1280,NW-flex,3,1.0
1280,BWA-no-clip,4,1.0
1280,BWA-std,4,0.36363636363636365
1280,NW-flex,4,1.0
1280,BWA-no-clip,5,0.9090909090909091
1280,BWA-std,5,0.36363636363636365
1280,NW-flex,5,1.0
1280,BWA-no-clip,6,1.0
1280,BWA-std,6,0.45454545454545453
1280,NW-flex,6,1.0
1280,BWA-no-clip,7,1.0
1280,BWA-std,7,0.45454545454545453
1280,NW-flex,7,1.0
1280,BWA-no-clip,8,1.0
1280,BWA-std,8,0.6363636363636364
1280,NW-flex,8,1.0
1280,BWA-no-clip,9,1.0
1280,BWA-std,9,0.6363636363636364
1280,NW-flex,9,1.0
1280,BWA-no-clip,10,1.0
1280,BWA-std,10,0.8181818181818182
1280,NW-flex,10,1.0
1281,BWA-no-clip,1,0.5454545454545454
1281,BWA-std,1,0.09090909090909091
1281,NW-flex,1,1.0
1281,BWA-no-clip,2,0.5454545454545454
1281,BWA-std,2,0.09090909090909091
1281,NW-flex,2,1.0
1281,BWA-no-clip,3,0.7272727272727273
1281,BWA-std,3,0.18181818181818182
1281,NW-flex,3,1.0
1281,BWA-no-clip,4,0.9090909090909091
1281,BWA-std,4,0.36363636363636365
1281,NW-flex,4,1.0
1281,BWA-no-clip,5,1.0
1281,BWA-std,5,0.36363636363636365
1281,NW-flex,5,1.0
1281,BWA-no-clip,6,1.0
1281,BWA-std,6,0.45454545454545453
1281,NW-flex,6,1.0
1281,BWA-no-clip,7,1.0
1281,BWA-std,7,0.45454545454545453
1281,NW-flex,7,1.0
1281,BWA-no-clip,8,1.0
1281,BWA-std,8,0.6363636363636364
1281,NW-flex,8,1.0
1281,BWA-no-clip,9,1.0
1281,BWA-std,9,0.6363636363636364
1281,NW-flex,9,1.0
1281,BWA-no-clip,10,1.0
1281,BWA-std,10,0.8181818181818182
1281,NW-flex,10,1.0
1282,BWA-no-clip,1,0.5454545454545454
1282,BWA-std,1,0.09090909090909091
1282,NW-flex,1,1.0
1282,BWA-no-clip,2,0.7272727272727273
1282,BWA-std,2,0.18181818181818182
1282,NW-flex,2,1.0
1282,BWA-no-clip,3,0.9090909090909091
1282,BWA-std,3,0.18181818181818182
1282,NW-flex,3,1.0
1282,BWA-no-clip,4,0.8181818181818182
1282,BWA-std,4,0.36363636363636365
1282,NW-flex,4,1.0
1282,BWA-no-clip,5,1.0
1282,BWA-std,5,0.36363636363636365
1282,NW-flex,5,1.0
1282,BWA-no-clip,6,1.0
1282,BWA-std,6,0.45454545454545453
1282,NW-flex,6,1.0
1282,BWA-no-clip,7,1.0
1282,BWA-std,7,0.45454545454545453
1282,NW-flex,7,1.0
1282,BWA-no-clip,8,1.0
1282,BWA-std,8,0.6363636363636364
1282,NW-flex,8,1.0
1282,BWA-no-clip,9,1.0
1282,BWA-std,9,0.6363636363636364
1282,NW-flex,9,1.0
1282,BWA-no-clip,10,1.0
1282,BWA-std,10,0.8181818181818182
1282,NW-flex,10,1.0
1283,BWA-no-clip,1,0.5454545454545454
1283,BWA-std,1,0.09090909090909091
1283,NW-flex,1,1.0
1283,BWA-no-clip,2,0.7272727272727273
1283,BWA-std,2,0.18181818181818182
1283,NW-flex,2,1.0
1283,BWA-no-clip,3,0.9090909090909091
1283,BWA-std,3,0.18181818181818182
1283,NW-flex,3,1.0
1283,BWA-no-clip,4,0.9090909090909091
1283,BWA-std,4,0.36363636363636365
1283,NW-flex,4,1.0
1283,BWA-no-clip,5,1.0
1283,BWA-std,5,0.36363636363636365
1283,NW-flex,5,1.0
1283,BWA-no-clip,6,1.0
1283,BWA-std,6,0.45454545454545453
1283,NW-flex,6,1.0
1283,BWA-no-clip,7,1.0
1283,BWA-std,7,0.45454545454545453
1283,NW-flex,7,1.0
1283,BWA-no-clip,8,1.0
1283,BWA-std,8,0.6363636363636364
1283,NW-flex,8,1.0
1283,BWA-no-clip,9,1.0
1283,BWA-std,9,0.6363636363636364
1283,NW-flex,9,1.0
1283,BWA-no-clip,10,1.0
1283,BWA-std,10,0.8181818181818182
1283,NW-flex,10,1.0
1284,BWA-no-clip,1,0.09090909090909091
1284,BWA-std,1,0.09090909090909091
1284,NW-flex,1,1.0
1284,BWA-no-clip,2,0.6363636363636364
1284,BWA-std,2,0.18181818181818182
1284,NW-flex,2,1.0
1284,BWA-no-clip,3,0.6363636363636364
1284,BWA-std,3,0.18181818181818182
1284,NW-flex,3,1.0
1284,BWA-no-clip,4,0.8181818181818182
1284,BWA-std,4,0.36363636363636365
1284,NW-flex,4,1.0
1284,BWA-no-clip,5,1.0
1284,BWA-std,5,0.36363636363636365
1284,NW-flex,5,1.0
1284,BWA-no-clip,6,1.0
1284,BWA-std,6,0.45454545454545453
1284,NW-flex,6,1.0
1284,BWA-no-clip,7,1.0
1284,BWA-std,7,0.45454545454545453
1284,NW-flex,7,1.0
1284,BWA-no-clip,8,1.0
1284,BWA-std,8,0.6363636363636364
1284,NW-flex,8,1.0
1284,BWA-no-clip,9,1.0
1284,BWA-std,9,0.6363636363636364
1284,NW-flex,9,1.0
1284,BWA-no-clip,10,1.0
1284,BWA-std,10,0.8181818181818182
1284,NW-flex,10,1.0
1285,BWA-no-clip,1,0.5454545454545454
1285,BWA-std,1,0.09090909090909091
1285,NW-flex,1,1.0
1285,BWA-no-clip,2,0.7272727272727273
1285,BWA-std,2,0.18181818181818182
1285,NW-flex,2,1.0
1285,BWA-no-clip,3,0.7272727272727273
1285,BWA-std,3,0.18181818181818182
1285,NW-flex,3,1.0
1285,BWA-no-clip,4,0.8181818181818182
1285,BWA-std,4,0.36363636363636365
1285,NW-flex,4,1.0
1285,BWA-no-clip,5,0.9090909090909091
1285,BWA-std,5,0.36363636363636365
1285,NW-flex,5,1.0
1285,BWA-no-clip,6,1.0
1285,BWA-std,6,0.45454545454545453
1285,NW-flex,6,1.0
1285,BWA-no-clip,7,1.0
1285,BWA-std,7,0.45454545454545453
1285,NW-flex,7,1.0
1285,BWA-no-clip,8,1.0
1285,BWA-std,8,0.6363636363636364
1285,NW-flex,8,1.0
1285,BWA-no-clip,9,1.0
1285,BWA-std,9,0.6363636363636364
1285,NW-flex,9,1.0
1285,BWA-no-clip,10,1.0
1285,BWA-std,10,0.8181818181818182
1285,NW-flex,10,1.0
1286,BWA-no-clip,1,0.5454545454545454
1286,BWA-std,1,0.09090909090909091
1286,NW-flex,1,1.0
1286,BWA-no-clip,2,0.7272727272727273
1286,BWA-std,2,0.18181818181818182
1286,NW-flex,2,1.0
1286,BWA-no-clip,3,0.7272727272727273
1286,BWA-std,3,0.18181818181818182
1286,NW-flex,3,1.0
1286,BWA-no-clip,4,0.7272727272727273
1286,BWA-std,4,0.36363636363636365
1286,NW-flex,4,1.0
1286,BWA-no-clip,5,0.9090909090909091
1286,BWA-std,5,0.36363636363636365
1286,NW-flex,5,1.0
1286,BWA-no-clip,6,1.0
1286,BWA-std,6,0.45454545454545453
1286,NW-flex,6,1.0
1286,BWA-no-clip,7,1.0
1286,BWA-std,7,0.45454545454545453
1286,NW-flex,7,1.0
1286,BWA-no-clip,8,1.0
1286,BWA-std,8,0.6363636363636364
1286,NW-flex,8,1.0
1286,BWA-no-clip,9,1.0
1286,BWA-std,9,0.6363636363636364
1286,NW-flex,9,1.0
1286,BWA-no-clip,10,1.0
1286,BWA-std,10,0.8181818181818182
1286,NW-flex,10,1.0
1287,BWA-no-clip,1,0.5454545454545454
1287,BWA-std,1,0.09090909090909091
1287,NW-flex,1,1.0
1287,BWA-no-clip,2,0.6363636363636364
1287,BWA-std,2,0.18181818181818182
1287,NW-flex,2,1.0
1287,BWA-no-clip,3,0.8181818181818182
1287,BWA-std,3,0.18181818181818182
1287,NW-flex,3,1.0
1287,BWA-no-clip,4,0.8181818181818182
1287,BWA-std,4,0.36363636363636365
1287,NW-flex,4,1.0
1287,BWA-no-clip,5,1.0
1287,BWA-std,5,0.36363636363636365
1287,NW-flex,5,1.0
1287,BWA-no-clip,6,1.0
1287,BWA-std,6,0.45454545454545453
1287,NW-flex,6,1.0
1287,BWA-no-clip,7,1.0
1287,BWA-std,7,0.45454545454545453
1287,NW-flex,7,1.0
1287,BWA-no-clip,8,1.0
1287,BWA-std,8,0.6363636363636364
1287,NW-flex,8,1.0
1287,BWA-no-clip,9,1.0
1287,BWA-std,9,0.6363636363636364
1287,NW-flex,9,1.0
1287,BWA-no-clip,10,1.0
1287,BWA-std,10,0.8181818181818182
1287,NW-flex,10,1.0
1288,BWA-no-clip,1,0.09090909090909091
1288,BWA-std,1,0.09090909090909091
1288,NW-flex,1,1.0
1288,BWA-no-clip,2,0.09090909090909091
1288,BWA-std,2,0.09090909090909091
1288,NW-flex,2,1.0
1288,BWA-no-clip,3,0.5757575757575758
1288,BWA-std,3,0.18181818181818182
1288,NW-flex,3,1.0
1288,BWA-no-clip,4,0.8181818181818182
1288,BWA-std,4,0.36363636363636365
1288,NW-flex,4,1.0
1288,BWA-no-clip,5,0.8181818181818182
1288,BWA-std,5,0.36363636363636365
1288,NW-flex,5,1.0
1288,BWA-no-clip,6,1.0
1288,BWA-std,6,0.45454545454545453
1288,NW-flex,6,1.0
1288,BWA-no-clip,7,1.0
1288,BWA-std,7,0.45454545454545453
1288,NW-flex,7,1.0
1288,BWA-no-clip,8,1.0
1288,BWA-std,8,0.6363636363636364
1288,NW-flex,8,1.0
1288,BWA-no-clip,9,1.0
1288,BWA-std,9,0.6363636363636364
1288,NW-flex,9,1.0
1288,BWA-no-clip,10,1.0
1288,BWA-std,10,0.8181818181818182
1288,NW-flex,10,1.0
1289,BWA-no-clip,1,0.5454545454545454
1289,BWA-std,1,0.09090909090909091
1289,NW-flex,1,1.0
1289,BWA-no-clip,2,0.7272727272727273
1289,BWA-std,2,0.18181818181818182
1289,NW-flex,2,1.0
1289,BWA-no-clip,3,0.9090909090909091
1289,BWA-std,3,0.18181818181818182
1289,NW-flex,3,1.0
1289,BWA-no-clip,4,1.0
1289,BWA-std,4,0.36363636363636365
1289,NW-flex,4,1.0
1289,BWA-no-clip,5,0.9090909090909091
1289,BWA-std,5,0.36363636363636365
1289,NW-flex,5,1.0
1289,BWA-no-clip,6,1.0
1289,BWA-std,6,0.45454545454545453
1289,NW-flex,6,1.0
1289,BWA-no-clip,7,1.0
1289,BWA-std,7,0.45454545454545453
1289,NW-flex,7,1.0
1289,BWA-no-clip,8,1.0
1289,BWA-std,8,0.6363636363636364
1289,NW-flex,8,1.0
1289,BWA-no-clip,9,1.0
1289,BWA-std,9,0.6363636363636364
1289,NW-flex,9,1.0
1289,BWA-no-clip,10,1.0
1289,BWA-std,10,0.8181818181818182
1289,NW-flex,10,1.0
1290,BWA-no-clip,1,0.5454545454545454
1290,BWA-std,1,0.09090909090909091
1290,NW-flex,1,1.0
1290,BWA-no-clip,2,0.5454545454545454
1290,BWA-std,2,0.09090909090909091
1290,NW-flex,2,1.0
1290,BWA-no-clip,3,0.7272727272727273
1290,BWA-std,3,0.18181818181818182
1290,NW-flex,3,1.0
1290,BWA-no-clip,4,0.9090909090909091
1290,BWA-std,4,0.36363636363636365
1290,NW-flex,4,1.0
1290,BWA-no-clip,5,1.0
1290,BWA-std,5,0.36363636363636365
1290,NW-flex,5,1.0
1290,BWA-no-clip,6,1.0
1290,BWA-std,6,0.45454545454545453
1290,NW-flex,6,1.0
1290,BWA-no-clip,7,1.0
1290,BWA-std,7,0.45454545454545453
1290,NW-flex,7,1.0
1290,BWA-no-clip,8,1.0
1290,BWA-std,8,0.6363636363636364
1290,NW-flex,8,1.0
1290,BWA-no-clip,9,1.0
1290,BWA-std,9,0.6363636363636364
1290,NW-flex,9,1.0
1290,BWA-no-clip,10,1.0
1290,BWA-std,10,0.8181818181818182
1290,NW-flex,10,1.0
1291,BWA-no-clip,1,0.09090909090909091
1291,BWA-std,1,0.09090909090909091
1291,NW-flex,1,1.0
1291,BWA-no-clip,2,0.5454545454545454
1291,BWA-std,2,0.09090909090909091
1291,NW-flex,2,1.0
1291,BWA-no-clip,3,0.7272727272727273
1291,BWA-std,3,0.18181818181818182
1291,NW-flex,3,1.0
1291,BWA-no-clip,4,0.9090909090909091
1291,BWA-std,4,0.36363636363636365
1291,NW-flex,4,1.0
1291,BWA-no-clip,5,1.0
1291,BWA-std,5,0.36363636363636365
1291,NW-flex,5,1.0
1291,BWA-no-clip,6,1.0
1291,BWA-std,6,0.45454545454545453
1291,NW-flex,6,1.0
1291,BWA-no-clip,7,1.0
1291,BWA-std,7,0.45454545454545453
1291,NW-flex,7,1.0
1291,BWA-no-clip,8,1.0
1291,BWA-std,8,0.6363636363636364
1291,NW-flex,8,1.0
1291,BWA-no-clip,9,1.0
1291,BWA-std,9,0.6363636363636364
1291,NW-flex,9,1.0
1291,BWA-no-clip,10,1.0
1291,BWA-std,10,0.8181818181818182
1291,NW-flex,10,1.0
1292,BWA-no-clip,1,0.09090909090909091
1292,BWA-std,1,0.09090909090909091
1292,NW-flex,1,1.0
1292,BWA-no-clip,2,0.5454545454545454
1292,BWA-std,2,0.09090909090909091
1292,NW-flex,2,1.0
1292,BWA-no-clip,3,0.7272727272727273
1292,BWA-std,3,0.18181818181818182
1292,NW-flex,3,1.0
1292,BWA-no-clip,4,0.8181818181818182
1292,BWA-std,4,0.36363636363636365
1292,NW-flex,4,1.0
1292,BWA-no-clip,5,1.0
1292,BWA-std,5,0.36363636363636365
1292,NW-flex,5,1.0
1292,BWA-no-clip,6,1.0
1292,BWA-std,6,0.45454545454545453
1292,NW-flex,6,1.0
1292,BWA-no-clip,7,1.0
1292,BWA-std,7,0.45454545454545453
1292,NW-flex,7,1.0
1292,BWA-no-clip,8,1.0
1292,BWA-std,8,0.6363636363636364
1292,NW-flex,8,1.0
1292,BWA-no-clip,9,1.0
1292,BWA-std,9,0.6363636363636364
1292,NW-flex,9,1.0
1292,BWA-no-clip,10,1.0
1292,BWA-std,10,0.8181818181818182
1292,NW-flex,10,1.0
1293,BWA-no-clip,1,0.5454545454545454
1293,BWA-std,1,0.09090909090909091
1293,NW-flex,1,1.0
1293,BWA-no-clip,2,0.6363636363636364
1293,BWA-std,2,0.18181818181818182
1293,NW-flex,2,1.0
1293,BWA-no-clip,3,0.8181818181818182
1293,BWA-std,3,0.18181818181818182
1293,NW-flex,3,1.0
1293,BWA-no-clip,4,0.9090909090909091
1293,BWA-std,4,0.36363636363636365
1293,NW-flex,4,1.0
1293,BWA-no-clip,5,1.0
1293,BWA-std,5,0.36363636363636365
1293,NW-flex,5,1.0
1293,BWA-no-clip,6,1.0
1293,BWA-std,6,0.45454545454545453
1293,NW-flex,6,1.0
1293,BWA-no-clip,7,1.0
1293,BWA-std,7,0.45454545454545453
1293,NW-flex,7,1.0
1293,BWA-no-clip,8,1.0
1293,BWA-std,8,0.6363636363636364
1293,NW-flex,8,1.0
1293,BWA-no-clip,9,1.0
1293,BWA-std,9,0.6363636363636364
1293,NW-flex,9,1.0
1293,BWA-no-clip,10,1.0
1293,BWA-std,10,0.8181818181818182
1293,NW-flex,10,1.0
1294,BWA-no-clip,1,0.5454545454545454
1294,BWA-std,1,0.09090909090909091
1294,NW-flex,1,1.0
1294,BWA-no-clip,2,0.7272727272727273
1294,BWA-std,2,0.18181818181818182
1294,NW-flex,2,1.0
1294,BWA-no-clip,3,0.7272727272727273
1294,BWA-std,3,0.18181818181818182
1294,NW-flex,3,1.0
1294,BWA-no-clip,4,0.9090909090909091
1294,BWA-std,4,0.36363636363636365
1294,NW-flex,4,1.0
1294,BWA-no-clip,5,1.0
1294,BWA-std,5,0.36363636363636365
1294,NW-flex,5,1.0
1294,BWA-no-clip,6,1.0
1294,BWA-std,6,0.45454545454545453
1294,NW-flex,6,1.0
1294,BWA-no-clip,7,1.0
1294,BWA-std,7,0.45454545454545453
1294,NW-flex,7,1.0
1294,BWA-no-clip,8,1.0
1294,BWA-std,8,0.6363636363636364
1294,NW-flex,8,1.0
1294,BWA-no-clip,9,1.0
1294,BWA-std,9,0.6363636363636364
1294,NW-flex,9,1.0
1294,BWA-no-clip,10,1.0
1294,BWA-std,10,0.8181818181818182
1294,NW-flex,10,1.0
1295,BWA-no-clip,1,0.09090909090909091
1295,BWA-std,1,0.09090909090909091
1295,NW-flex,1,1.0
1295,BWA-no-clip,2,0.09090909090909091
1295,BWA-std,2,0.09090909090909091
1295,NW-flex,2,1.0
1295,BWA-no-clip,3,0.12121212121212122
1295,BWA-std,3,0.18181818181818182
1295,NW-flex,3,1.0
1295,BWA-no-clip,4,0.5757575757575758
1295,BWA-std,4,0.2727272727272727
1295,NW-flex,4,1.0
1295,BWA-no-clip,5,0.7272727272727273
1295,BWA-std,5,0.36363636363636365
1295,NW-flex,5,1.0
1295,BWA-no-clip,6,0.7272727272727273
1295,BWA-std,6,0.45454545454545453
1295,NW-flex,6,1.0
1295,BWA-no-clip,7,0.8181818181818182
1295,BWA-std,7,0.45454545454545453
1295,NW-flex,7,1.0
1295,BWA-no-clip,8,1.0
1295,BWA-std,8,0.6363636363636364
1295,NW-flex,8,1.0
1295,BWA-no-clip,9,1.0
1295,BWA-std,9,0.6363636363636364
1295,NW-flex,9,1.0
1295,BWA-no-clip,10,1.0
1295,BWA-std,10,0.8181818181818182
1295,NW-flex,10,1.0
1296,BWA-no-clip,1,0.2727272727272727
1296,BWA-std,1,0.09090909090909091
1296,NW-flex,1,1.0
1296,BWA-no-clip,2,0.5454545454545454
1296,BWA-std,2,0.09090909090909091
1296,NW-flex,2,1.0
1296,BWA-no-clip,3,0.6363636363636364
1296,BWA-std,3,0.09090909090909091
1296,NW-flex,3,1.0
1296,BWA-no-clip,4,0.7272727272727273
1296,BWA-std,4,0.36363636363636365
1296,NW-flex,4,1.0
1296,BWA-no-clip,5,0.8181818181818182
1296,BWA-std,5,0.36363636363636365
1296,NW-flex,5,1.0
1296,BWA-no-clip,6,0.8181818181818182
1296,BWA-std,6,0.45454545454545453
1296,NW-flex,6,1.0
1296,BWA-no-clip,7,1.0
1296,BWA-std,7,0.45454545454545453
1296,NW-flex,7,1.0
1296,BWA-no-clip,8,1.0
1296,BWA-std,8,0.6363636363636364
1296,NW-flex,8,1.0
1296,BWA-no-clip,9,1.0
1296,BWA-std,9,0.6363636363636364
1296,NW-flex,9,1.0
1296,BWA-no-clip,10,1.0
1296,BWA-std,10,0.8181818181818182
1296,NW-flex,10,1.0
1297,BWA-no-clip,1,0.2727272727272727
1297,BWA-std,1,0.09090909090909091
1297,NW-flex,1,1.0
1297,BWA-no-clip,2,0.7272727272727273
1297,BWA-std,2,0.18181818181818182
1297,NW-flex,2,1.0
1297,BWA-no-clip,3,0.7272727272727273
1297,BWA-std,3,0.18181818181818182
1297,NW-flex,3,1.0
1297,BWA-no-clip,4,0.8181818181818182
1297,BWA-std,4,0.36363636363636365
1297,NW-flex,4,1.0
1297,BWA-no-clip,5,0.8181818181818182
1297,BWA-std,5,0.36363636363636365
1297,NW-flex,5,1.0
1297,BWA-no-clip,6,0.8181818181818182
1297,BWA-std,6,0.45454545454545453
1297,NW-flex,6,1.0
1297,BWA-no-clip,7,0.8181818181818182
1297,BWA-std,7,0.45454545454545453
1297,NW-flex,7,1.0
1297,BWA-no-clip,8,1.0
1297,BWA-std,8,0.6363636363636364
1297,NW-flex,8,1.0
1297,BWA-no-clip,9,1.0
1297,BWA-std,9,0.6363636363636364
1297,NW-flex,9,1.0
1297,BWA-no-clip,10,1.0
1297,BWA-std,10,0.8181818181818182
1297,NW-flex,10,1.0
1298,BWA-no-clip,1,0.45454545454545453
1298,BWA-std,1,0.09090909090909091
1298,NW-flex,1,1.0
1298,BWA-no-clip,2,0.5454545454545454
1298,BWA-std,2,0.09090909090909091
1298,NW-flex,2,1.0
1298,BWA-no-clip,3,0.6363636363636364
1298,BWA-std,3,0.18181818181818182
1298,NW-flex,3,1.0
1298,BWA-no-clip,4,0.9090909090909091
1298,BWA-std,4,0.36363636363636365
1298,NW-flex,4,1.0
1298,BWA-no-clip,5,1.0
1298,BWA-std,5,0.36363636363636365
1298,NW-flex,5,1.0
1298,BWA-no-clip,6,1.0
1298,BWA-std,6,0.45454545454545453
1298,NW-flex,6,1.0
1298,BWA-no-clip,7,1.0
1298,BWA-std,7,0.45454545454545453
1298,NW-flex,7,1.0
1298,BWA-no-clip,8,1.0
1298,BWA-std,8,0.6363636363636364
1298,NW-flex,8,1.0
1298,BWA-no-clip,9,1.0
1298,BWA-std,9,0.6363636363636364
1298,NW-flex,9,1.0
1298,BWA-no-clip,10,1.0
1298,BWA-std,10,0.8181818181818182
1298,NW-flex,10,1.0
1299,BWA-no-clip,1,0.5454545454545454
1299,BWA-std,1,0.09090909090909091
1299,NW-flex,1,1.0
1299,BWA-no-clip,2,0.7272727272727273
1299,BWA-std,2,0.18181818181818182
1299,NW-flex,2,1.0
1299,BWA-no-clip,3,0.9090909090909091
1299,BWA-std,3,0.18181818181818182
1299,NW-flex,3,1.0
1299,BWA-no-clip,4,1.0
1299,BWA-std,4,0.36363636363636365
1299,NW-flex,4,1.0
1299,BWA-no-clip,5,0.9090909090909091
1299,BWA-std,5,0.36363636363636365
1299,NW-flex,5,1.0
1299,BWA-no-clip,6,1.0
1299,BWA-std,6,0.45454545454545453
1299,NW-flex,6,1.0
1299,BWA-no-clip,7,1.0
1299,BWA-std,7,0.45454545454545453
1299,NW-flex,7,1.0
1299,BWA-no-clip,8,1.0
1299,BWA-std,8,0.6363636363636364
1299,NW-flex,8,1.0
1299,BWA-no-clip,9,1.0
1299,BWA-std,9,0.6363636363636364
1299,NW-flex,9,1.0
1299,BWA-no-clip,10,1.0
1299,BWA-std,10,0.8181818181818182
1299,NW-flex,10,1.0
1300,BWA-no-clip,1,0.5454545454545454
1300,BWA-std,1,0.09090909090909091
1300,NW-flex,1,1.0
1300,BWA-no-clip,2,0.7272727272727273
1300,BWA-std,2,0.18181818181818182
1300,NW-flex,2,1.0
1300,BWA-no-clip,3,0.7272727272727273
1300,BWA-std,3,0.18181818181818182
1300,NW-flex,3,1.0
1300,BWA-no-clip,4,0.9090909090909091
1300,BWA-std,4,0.36363636363636365
1300,NW-flex,4,1.0
1300,BWA-no-clip,5,0.9090909090909091
1300,BWA-std,5,0.36363636363636365
1300,NW-flex,5,1.0
1300,BWA-no-clip,6,1.0
1300,BWA-std,6,0.45454545454545453
1300,NW-flex,6,1.0
1300,BWA-no-clip,7,1.0
1300,BWA-std,7,0.45454545454545453
1300,NW-flex,7,1.0
1300,BWA-no-clip,8,1.0
1300,BWA-std,8,0.6363636363636364
1300,NW-flex,8,1.0
1300,BWA-no-clip,9,1.0
1300,BWA-std,9,0.6363636363636364
1300,NW-flex,9,1.0
1300,BWA-no-clip,10,1.0
1300,BWA-std,10,0.8181818181818182
1300,NW-flex,10,1.0
1301,BWA-no-clip,1,0.5454545454545454
1301,BWA-std,1,0.09090909090909091
1301,NW-flex,1,1.0
1301,BWA-no-clip,2,0.7272727272727273
1301,BWA-std,2,0.18181818181818182
1301,NW-flex,2,1.0
1301,BWA-no-clip,3,0.9090909090909091
1301,BWA-std,3,0.18181818181818182
1301,NW-flex,3,1.0
1301,BWA-no-clip,4,1.0
1301,BWA-std,4,0.36363636363636365
1301,NW-flex,4,1.0
1301,BWA-no-clip,5,1.0
1301,BWA-std,5,0.36363636363636365
1301,NW-flex,5,1.0
1301,BWA-no-clip,6,1.0
1301,BWA-std,6,0.45454545454545453
1301,NW-flex,6,1.0
1301,BWA-no-clip,7,1.0
1301,BWA-std,7,0.45454545454545453
1301,NW-flex,7,1.0
1301,BWA-no-clip,8,1.0
1301,BWA-std,8,0.6363636363636364
1301,NW-flex,8,1.0
1301,BWA-no-clip,9,1.0
1301,BWA-std,9,0.6363636363636364
1301,NW-flex,9,1.0
1301,BWA-no-clip,10,1.0
1301,BWA-std,10,0.8181818181818182
1301,NW-flex,10,1.0
1302,BWA-no-clip,1,0.5454545454545454
1302,BWA-std,1,0.09090909090909091
1302,NW-flex,1,1.0
1302,BWA-no-clip,2,0.7272727272727273
1302,BWA-std,2,0.18181818181818182
1302,NW-flex,2,1.0
1302,BWA-no-clip,3,0.9090909090909091
1302,BWA-std,3,0.18181818181818182
1302,NW-flex,3,1.0
1302,BWA-no-clip,4,0.9090909090909091
1302,BWA-std,4,0.36363636363636365
1302,NW-flex,4,1.0
1302,BWA-no-clip,5,1.0
1302,BWA-std,5,0.36363636363636365
1302,NW-flex,5,1.0
1302,BWA-no-clip,6,1.0
1302,BWA-std,6,0.45454545454545453
1302,NW-flex,6,1.0
1302,BWA-no-clip,7,1.0
1302,BWA-std,7,0.45454545454545453
1302,NW-flex,7,1.0
1302,BWA-no-clip,8,1.0
1302,BWA-std,8,0.6363636363636364
1302,NW-flex,8,1.0
1302,BWA-no-clip,9,1.0
1302,BWA-std,9,0.6363636363636364
1302,NW-flex,9,1.0
1302,BWA-no-clip,10,1.0
1302,BWA-std,10,0.8181818181818182
1302,NW-flex,10,1.0
1303,BWA-no-clip,1,0.5454545454545454
1303,BWA-std,1,0.09090909090909091
1303,NW-flex,1,1.0
1303,BWA-no-clip,2,0.7272727272727273
1303,BWA-std,2,0.18181818181818182
1303,NW-flex,2,1.0
1303,BWA-no-clip,3,0.8181818181818182
1303,BWA-std,3,0.18181818181818182
1303,NW-flex,3,1.0
1303,BWA-no-clip,4,1.0
1303,BWA-std,4,0.36363636363636365
1303,NW-flex,4,1.0
1303,BWA-no-clip,5,0.9090909090909091
1303,BWA-std,5,0.36363636363636365
1303,NW-flex,5,1.0
1303,BWA-no-clip,6,1.0
1303,BWA-std,6,0.45454545454545453
1303,NW-flex,6,1.0
1303,BWA-no-clip,7,1.0
1303,BWA-std,7,0.45454545454545453
1303,NW-flex,7,1.0
1303,BWA-no-clip,8,1.0
1303,BWA-std,8,0.6363636363636364
1303,NW-flex,8,1.0
1303,BWA-no-clip,9,1.0
1303,BWA-std,9,0.6363636363636364
1303,NW-flex,9,1.0
1303,BWA-no-clip,10,1.0
1303,BWA-std,10,0.8181818181818182
1303,NW-flex,10,1.0
1304,BWA-no-clip,1,0.5454545454545454
1304,BWA-std,1,0.09090909090909091
1304,NW-flex,1,1.0
1304,BWA-no-clip,2,0.7272727272727273
1304,BWA-std,2,0.18181818181818182
1304,NW-flex,2,1.0
1304,BWA-no-clip,3,0.9090909090909091
1304,BWA-std,3,0.18181818181818182
1304,NW-flex,3,1.0
1304,BWA-no-clip,4,1.0
1304,BWA-std,4,0.36363636363636365
1304,NW-flex,4,1.0
1304,BWA-no-clip,5,1.0
1304,BWA-std,5,0.36363636363636365
1304,NW-flex,5,1.0
1304,BWA-no-clip,6,1.0
1304,BWA-std,6,0.45454545454545453
1304,NW-flex,6,1.0
1304,BWA-no-clip,7,1.0
1304,BWA-std,7,0.45454545454545453
1304,NW-flex,7,1.0
1304,BWA-no-clip,8,1.0
1304,BWA-std,8,0.6363636363636364
1304,NW-flex,8,1.0
1304,BWA-no-clip,9,1.0
1304,BWA-std,9,0.6363636363636364
1304,NW-flex,9,1.0
1304,BWA-no-clip,10,1.0
1304,BWA-std,10,0.8181818181818182
1304,NW-flex,10,1.0
1305,BWA-no-clip,1,0.5454545454545454
1305,BWA-std,1,0.09090909090909091
1305,NW-flex,1,1.0
1305,BWA-no-clip,2,0.6363636363636364
1305,BWA-std,2,0.18181818181818182
1305,NW-flex,2,1.0
1305,BWA-no-clip,3,0.7272727272727273
1305,BWA-std,3,0.18181818181818182
1305,NW-flex,3,1.0
1305,BWA-no-clip,4,0.9090909090909091
1305,BWA-std,4,0.36363636363636365
1305,NW-flex,4,1.0
1305,BWA-no-clip,5,0.9090909090909091
1305,BWA-std,5,0.36363636363636365
1305,NW-flex,5,1.0
1305,BWA-no-clip,6,1.0
1305,BWA-std,6,0.45454545454545453
1305,NW-flex,6,1.0
1305,BWA-no-clip,7,1.0
1305,BWA-std,7,0.45454545454545453
1305,NW-flex,7,1.0
1305,BWA-no-clip,8,1.0
1305,BWA-std,8,0.6363636363636364
1305,NW-flex,8,1.0
1305,BWA-no-clip,9,1.0
1305,BWA-std,9,0.6363636363636364
1305,NW-flex,9,1.0
1305,BWA-no-clip,10,1.0
1305,BWA-std,10,0.8181818181818182
1305,NW-flex,10,1.0
1306,BWA-no-clip,1,0.5454545454545454
1306,BWA-std,1,0.09090909090909091
1306,NW-flex,1,1.0
1306,BWA-no-clip,2,0.7272727272727273
1306,BWA-std,2,0.18181818181818182
1306,NW-flex,2,1.0
1306,BWA-no-clip,3,0.8181818181818182
1306,BWA-std,3,0.18181818181818182
1306,NW-flex,3,1.0
1306,BWA-no-clip,4,0.9090909090909091
1306,BWA-std,4,0.36363636363636365
1306,NW-flex,4,1.0
1306,BWA-no-clip,5,0.9090909090909091
1306,BWA-std,5,0.36363636363636365
1306,NW-flex,5,1.0
1306,BWA-no-clip,6,0.9090909090909091
1306,BWA-std,6,0.45454545454545453
1306,NW-flex,6,1.0
1306,BWA-no-clip,7,1.0
1306,BWA-std,7,0.45454545454545453
1306,NW-flex,7,1.0
1306,BWA-no-clip,8,1.0
1306,BWA-std,8,0.6363636363636364
1306,NW-flex,8,1.0
1306,BWA-no-clip,9,1.0
1306,BWA-std,9,0.6363636363636364
1306,NW-flex,9,1.0
1306,BWA-no-clip,10,1.0
1306,BWA-std,10,0.8181818181818182
1306,NW-flex,10,1.0
1307,BWA-no-clip,1,0.45454545454545453
1307,BWA-std,1,0.09090909090909091
1307,NW-flex,1,1.0
1307,BWA-no-clip,2,0.7272727272727273
1307,BWA-std,2,0.18181818181818182
1307,NW-flex,2,1.0
1307,BWA-no-clip,3,0.7272727272727273
1307,BWA-std,3,0.18181818181818182
1307,NW-flex,3,1.0
1307,BWA-no-clip,4,0.7272727272727273
1307,BWA-std,4,0.36363636363636365
1307,NW-flex,4,1.0
1307,BWA-no-clip,5,0.9090909090909091
1307,BWA-std,5,0.36363636363636365
1307,NW-flex,5,1.0
1307,BWA-no-clip,6,1.0
1307,BWA-std,6,0.45454545454545453
1307,NW-flex,6,1.0
1307,BWA-no-clip,7,1.0
1307,BWA-std,7,0.45454545454545453
1307,NW-flex,7,1.0
1307,BWA-no-clip,8,1.0
1307,BWA-std,8,0.6363636363636364
1307,NW-flex,8,1.0
1307,BWA-no-clip,9,1.0
1307,BWA-std,9,0.6363636363636364
1307,NW-flex,9,1.0
1307,BWA-no-clip,10,1.0
1307,BWA-std,10,0.8181818181818182
1307,NW-flex,10,1.0
1308,BWA-no-clip,1,0.5454545454545454
1308,BWA-std,1,0.09090909090909091
1308,NW-flex,1,1.0
1308,BWA-no-clip,2,0.6363636363636364
1308,BWA-std,2,0.18181818181818182
1308,NW-flex,2,1.0
1308,BWA-no-clip,3,0.8181818181818182
1308,BWA-std,3,0.18181818181818182
1308,NW-flex,3,1.0
1308,BWA-no-clip,4,0.8181818181818182
1308,BWA-std,4,0.36363636363636365
1308,NW-flex,4,1.0
1308,BWA-no-clip,5,0.9090909090909091
1308,BWA-std,5,0.36363636363636365
1308,NW-flex,5,1.0
1308,BWA-no-clip,6,1.0
1308,BWA-std,6,0.45454545454545453
1308,NW-flex,6,1.0
1308,BWA-no-clip,7,1.0
1308,BWA-std,7,0.45454545454545453
1308,NW-flex,7,1.0
1308,BWA-no-clip,8,1.0
1308,BWA-std,8,0.6363636363636364
1308,NW-flex,8,1.0
1308,BWA-no-clip,9,1.0
1308,BWA-std,9,0.6363636363636364
1308,NW-flex,9,1.0
1308,BWA-no-clip,10,1.0
1308,BWA-std,10,0.8181818181818182
1308,NW-flex,10,1.0
1309,BWA-no-clip,1,0.5454545454545454
1309,BWA-std,1,0.09090909090909091
1309,NW-flex,1,1.0
1309,BWA-no-clip,2,0.7272727272727273
1309,BWA-std,2,0.18181818181818182
1309,NW-flex,2,1.0
1309,BWA-no-clip,3,0.9090909090909091
1309,BWA-std,3,0.18181818181818182
1309,NW-flex,3,1.0
1309,BWA-no-clip,4,1.0
1309,BWA-std,4,0.36363636363636365
1309,NW-flex,4,1.0
1309,BWA-no-clip,5,1.0
1309,BWA-std,5,0.36363636363636365
1309,NW-flex,5,1.0
1309,BWA-no-clip,6,1.0
1309,BWA-std,6,0.45454545454545453
1309,NW-flex,6,1.0
1309,BWA-no-clip,7,1.0
1309,BWA-std,7,0.45454545454545453
1309,NW-flex,7,1.0
1309,BWA-no-clip,8,1.0
1309,BWA-std,8,0.6363636363636364
1309,NW-flex,8,1.0
1309,BWA-no-clip,9,1.0
1309,BWA-std,9,0.6363636363636364
1309,NW-flex,9,1.0
1309,BWA-no-clip,10,1.0
1309,BWA-std,10,0.8181818181818182
1309,NW-flex,10,1.0
1310,BWA-no-clip,1,0.09090909090909091
1310,BWA-std,1,0.09090909090909091
1310,NW-flex,1,1.0
1310,BWA-no-clip,2,0.2727272727272727
1310,BWA-std,2,0.09090909090909091
1310,NW-flex,2,1.0
1310,BWA-no-clip,3,0.6363636363636364
1310,BWA-std,3,0.09090909090909091
1310,NW-flex,3,1.0
1310,BWA-no-clip,4,0.7272727272727273
1310,BWA-std,4,0.36363636363636365
1310,NW-flex,4,1.0
1310,BWA-no-clip,5,0.8181818181818182
1310,BWA-std,5,0.36363636363636365
1310,NW-flex,5,1.0
1310,BWA-no-clip,6,1.0
1310,BWA-std,6,0.45454545454545453
1310,NW-flex,6,1.0
1310,BWA-no-clip,7,1.0
1310,BWA-std,7,0.45454545454545453
1310,NW-flex,7,1.0
1310,BWA-no-clip,8,1.0
1310,BWA-std,8,0.6363636363636364
1310,NW-flex,8,1.0
1310,BWA-no-clip,9,1.0
1310,BWA-std,9,0.6363636363636364
1310,NW-flex,9,1.0
1310,BWA-no-clip,10,1.0
1310,BWA-std,10,0.8181818181818182
1310,NW-flex,10,1.0
1311,BWA-no-clip,1,0.5454545454545454
1311,BWA-std,1,0.09090909090909091
1311,NW-flex,1,1.0
1311,BWA-no-clip,2,0.6363636363636364
1311,BWA-std,2,0.18181818181818182
1311,NW-flex,2,1.0
1311,BWA-no-clip,3,0.8181818181818182
1311,BWA-std,3,0.18181818181818182
1311,NW-flex,3,1.0
1311,BWA-no-clip,4,0.8181818181818182
1311,BWA-std,4,0.36363636363636365
1311,NW-flex,4,1.0
1311,BWA-no-clip,5,0.9090909090909091
1311,BWA-std,5,0.36363636363636365
1311,NW-flex,5,1.0
1311,BWA-no-clip,6,1.0
1311,BWA-std,6,0.45454545454545453
1311,NW-flex,6,1.0
1311,BWA-no-clip,7,1.0
1311,BWA-std,7,0.45454545454545453
1311,NW-flex,7,1.0
1311,BWA-no-clip,8,1.0
1311,BWA-std,8,0.6363636363636364
1311,NW-flex,8,1.0
1311,BWA-no-clip,9,1.0
1311,BWA-std,9,0.6363636363636364
1311,NW-flex,9,1.0
1311,BWA-no-clip,10,1.0
1311,BWA-std,10,0.8181818181818182
1311,NW-flex,10,1.0
1312,BWA-no-clip,1,0.36363636363636365
1312,BWA-std,1,0.09090909090909091
1312,NW-flex,1,1.0
1312,BWA-no-clip,2,0.45454545454545453
1312,BWA-std,2,0.18181818181818182
1312,NW-flex,2,1.0
1312,BWA-no-clip,3,0.7272727272727273
1312,BWA-std,3,0.18181818181818182
1312,NW-flex,3,1.0
1312,BWA-no-clip,4,0.7272727272727273
1312,BWA-std,4,0.36363636363636365
1312,NW-flex,4,1.0
1312,BWA-no-clip,5,0.7272727272727273
1312,BWA-std,5,0.36363636363636365
1312,NW-flex,5,1.0
1312,BWA-no-clip,6,0.9090909090909091
1312,BWA-std,6,0.45454545454545453
1312,NW-flex,6,1.0
1312,BWA-no-clip,7,1.0
1312,BWA-std,7,0.45454545454545453
1312,NW-flex,7,1.0
1312,BWA-no-clip,8,1.0
1312,BWA-std,8,0.6363636363636364
1312,NW-flex,8,1.0
1312,BWA-no-clip,9,1.0
1312,BWA-std,9,0.6363636363636364
1312,NW-flex,9,1.0
1312,BWA-no-clip,10,1.0
1312,BWA-std,10,0.8181818181818182
1312,NW-flex,10,1.0
1313,BWA-no-clip,1,0.5454545454545454
1313,BWA-std,1,0.09090909090909091
1313,NW-flex,1,1.0
1313,BWA-no-clip,2,0.7272727272727273
1313,BWA-std,2,0.18181818181818182
1313,NW-flex,2,1.0
1313,BWA-no-clip,3,0.9090909090909091
1313,BWA-std,3,0.18181818181818182
1313,NW-flex,3,1.0
1313,BWA-no-clip,4,1.0
1313,BWA-std,4,0.36363636363636365
1313,NW-flex,4,1.0
1313,BWA-no-clip,5,1.0
1313,BWA-std,5,0.36363636363636365
1313,NW-flex,5,1.0
1313,BWA-no-clip,6,1.0
1313,BWA-std,6,0.45454545454545453
1313,NW-flex,6,1.0
1313,BWA-no-clip,7,1.0
1313,BWA-std,7,0.45454545454545453
1313,NW-flex,7,1.0
1313,BWA-no-clip,8,1.0
1313,BWA-std,8,0.6363636363636364
1313,NW-flex,8,1.0
1313,BWA-no-clip,9,1.0
1313,BWA-std,9,0.6363636363636364
1313,NW-flex,9,1.0
1313,BWA-no-clip,10,1.0
1313,BWA-std,10,0.8181818181818182
1313,NW-flex,10,1.0
1314,BWA-no-clip,1,0.5454545454545454
1314,BWA-std,1,0.09090909090909091
1314,NW-flex,1,1.0
1314,BWA-no-clip,2,0.7272727272727273
1314,BWA-std,2,0.18181818181818182
1314,NW-flex,2,1.0
1314,BWA-no-clip,3,0.9090909090909091
1314,BWA-std,3,0.18181818181818182
1314,NW-flex,3,1.0
1314,BWA-no-clip,4,1.0
1314,BWA-std,4,0.36363636363636365
1314,NW-flex,4,1.0
1314,BWA-no-clip,5,0.9090909090909091
1314,BWA-std,5,0.36363636363636365
1314,NW-flex,5,1.0
1314,BWA-no-clip,6,1.0
1314,BWA-std,6,0.45454545454545453
1314,NW-flex,6,1.0
1314,BWA-no-clip,7,1.0
1314,BWA-std,7,0.45454545454545453
1314,NW-flex,7,1.0
1314,BWA-no-clip,8,1.0
1314,BWA-std,8,0.6363636363636364
1314,NW-flex,8,1.0
1314,BWA-no-clip,9,1.0
1314,BWA-std,9,0.6363636363636364
1314,NW-flex,9,1.0
1314,BWA-no-clip,10,1.0
1314,BWA-std,10,0.8181818181818182
1314,NW-flex,10,1.0
1315,BWA-no-clip,1,0.5454545454545454
1315,BWA-std,1,0.09090909090909091
1315,NW-flex,1,1.0
1315,BWA-no-clip,2,0.7272727272727273
1315,BWA-std,2,0.18181818181818182
1315,NW-flex,2,1.0
1315,BWA-no-clip,3,0.7272727272727273
1315,BWA-std,3,0.18181818181818182
1315,NW-flex,3,1.0
1315,BWA-no-clip,4,0.9090909090909091
1315,BWA-std,4,0.36363636363636365
1315,NW-flex,4,1.0
1315,BWA-no-clip,5,1.0
1315,BWA-std,5,0.36363636363636365
1315,NW-flex,5,1.0
1315,BWA-no-clip,6,1.0
1315,BWA-std,6,0.45454545454545453
1315,NW-flex,6,1.0
1315,BWA-no-clip,7,1.0
1315,BWA-std,7,0.45454545454545453
1315,NW-flex,7,1.0
1315,BWA-no-clip,8,1.0
1315,BWA-std,8,0.6363636363636364
1315,NW-flex,8,1.0
1315,BWA-no-clip,9,1.0
1315,BWA-std,9,0.6363636363636364
1315,NW-flex,9,1.0
1315,BWA-no-clip,10,1.0
1315,BWA-std,10,0.8181818181818182
1315,NW-flex,10,1.0
1316,BWA-no-clip,1,0.09090909090909091
1316,BWA-std,1,0.09090909090909091
1316,NW-flex,1,1.0
1316,BWA-no-clip,2,0.09090909090909091
1316,BWA-std,2,0.09090909090909091
1316,NW-flex,2,1.0
1316,BWA-no-clip,3,0.5757575757575758
1316,BWA-std,3,0.18181818181818182
1316,NW-flex,3,1.0
1316,BWA-no-clip,4,0.8181818181818182
1316,BWA-std,4,0.36363636363636365
1316,NW-flex,4,1.0
1316,BWA-no-clip,5,1.0
1316,BWA-std,5,0.36363636363636365
1316,NW-flex,5,1.0
1316,BWA-no-clip,6,1.0
1316,BWA-std,6,0.45454545454545453
1316,NW-flex,6,1.0
1316,BWA-no-clip,7,1.0
1316,BWA-std,7,0.45454545454545453
1316,NW-flex,7,1.0
1316,BWA-no-clip,8,1.0
1316,BWA-std,8,0.6363636363636364
1316,NW-flex,8,1.0
1316,BWA-no-clip,9,1.0
1316,BWA-std,9,0.6363636363636364
1316,NW-flex,9,1.0
1316,BWA-no-clip,10,1.0
1316,BWA-std,10,0.8181818181818182
1316,NW-flex,10,1.0
1317,BWA-no-clip,1,0.5454545454545454
1317,BWA-std,1,0.09090909090909091
1317,NW-flex,1,1.0
1317,BWA-no-clip,2,0.7272727272727273
1317,BWA-std,2,0.18181818181818182
1317,NW-flex,2,1.0
1317,BWA-no-clip,3,0.8181818181818182
1317,BWA-std,3,0.18181818181818182
1317,NW-flex,3,1.0
1317,BWA-no-clip,4,1.0
1317,BWA-std,4,0.36363636363636365
1317,NW-flex,4,1.0
1317,BWA-no-clip,5,1.0
1317,BWA-std,5,0.36363636363636365
1317,NW-flex,5,1.0
1317,BWA-no-clip,6,1.0
1317,BWA-std,6,0.45454545454545453
1317,NW-flex,6,1.0
1317,BWA-no-clip,7,1.0
1317,BWA-std,7,0.45454545454545453
1317,NW-flex,7,1.0
1317,BWA-no-clip,8,1.0
1317,BWA-std,8,0.6363636363636364
1317,NW-flex,8,1.0
1317,BWA-no-clip,9,1.0
1317,BWA-std,9,0.6363636363636364
1317,NW-flex,9,1.0
1317,BWA-no-clip,10,1.0
1317,BWA-std,10,0.8181818181818182
1317,NW-flex,10,1.0
1318,BWA-no-clip,1,0.5454545454545454
1318,BWA-std,1,0.09090909090909091
1318,NW-flex,1,1.0
1318,BWA-no-clip,2,0.6363636363636364
1318,BWA-std,2,0.18181818181818182
1318,NW-flex,2,1.0
1318,BWA-no-clip,3,0.8181818181818182
1318,BWA-std,3,0.18181818181818182
1318,NW-flex,3,1.0
1318,BWA-no-clip,4,1.0
1318,BWA-std,4,0.36363636363636365
1318,NW-flex,4,1.0
1318,BWA-no-clip,5,1.0
1318,BWA-std,5,0.36363636363636365
1318,NW-flex,5,1.0
1318,BWA-no-clip,6,1.0
1318,BWA-std,6,0.45454545454545453
1318,NW-flex,6,1.0
1318,BWA-no-clip,7,1.0
1318,BWA-std,7,0.45454545454545453
1318,NW-flex,7,1.0
1318,BWA-no-clip,8,1.0
1318,BWA-std,8,0.6363636363636364
1318,NW-flex,8,1.0
1318,BWA-no-clip,9,1.0
1318,BWA-std,9,0.6363636363636364
1318,NW-flex,9,1.0
1318,BWA-no-clip,10,1.0
1318,BWA-std,10,0.8181818181818182
1318,NW-flex,10,1.0
1319,BWA-no-clip,1,0.5454545454545454
1319,BWA-std,1,0.09090909090909091
1319,NW-flex,1,1.0
1319,BWA-no-clip,2,0.7272727272727273
1319,BWA-std,2,0.18181818181818182
1319,NW-flex,2,1.0
1319,BWA-no-clip,3,0.7272727272727273
1319,BWA-std,3,0.18181818181818182
1319,NW-flex,3,1.0
1319,BWA-no-clip,4,0.9090909090909091
1319,BWA-std,4,0.36363636363636365
1319,NW-flex,4,1.0
1319,BWA-no-clip,5,1.0
1319,BWA-std,5,0.36363636363636365
1319,NW-flex,5,1.0
1319,BWA-no-clip,6,1.0
1319,BWA-std,6,0.45454545454545453
1319,NW-flex,6,1.0
1319,BWA-no-clip,7,1.0
1319,BWA-std,7,0.45454545454545453
1319,NW-flex,7,1.0
1319,BWA-no-clip,8,1.0
1319,BWA-std,8,0.6363636363636364
1319,NW-flex,8,1.0
1319,BWA-no-clip,9,1.0
1319,BWA-std,9,0.6363636363636364
1319,NW-flex,9,1.0
1319,BWA-no-clip,10,1.0
1319,BWA-std,10,0.8181818181818182
1319,NW-flex,10,1.0
1320,BWA-no-clip,1,0.5454545454545454
1320,BWA-std,1,0.09090909090909091
1320,NW-flex,1,1.0
1320,BWA-no-clip,2,0.7272727272727273
1320,BWA-std,2,0.18181818181818182
1320,NW-flex,2,1.0
1320,BWA-no-clip,3,0.8181818181818182
1320,BWA-std,3,0.18181818181818182
1320,NW-flex,3,1.0
1320,BWA-no-clip,4,0.8181818181818182
1320,BWA-std,4,0.36363636363636365
1320,NW-flex,4,1.0
1320,BWA-no-clip,5,1.0
1320,BWA-std,5,0.36363636363636365
1320,NW-flex,5,1.0
1320,BWA-no-clip,6,1.0
1320,BWA-std,6,0.45454545454545453
1320,NW-flex,6,1.0
1320,BWA-no-clip,7,1.0
1320,BWA-std,7,0.45454545454545453
1320,NW-flex,7,1.0
1320,BWA-no-clip,8,1.0
1320,BWA-std,8,0.6363636363636364
1320,NW-flex,8,1.0
1320,BWA-no-clip,9,1.0
1320,BWA-std,9,0.6363636363636364
1320,NW-flex,9,1.0
1320,BWA-no-clip,10,1.0
1320,BWA-std,10,0.8181818181818182
1320,NW-flex,10,1.0
1321,BWA-no-clip,1,0.09090909090909091
1321,BWA-std,1,0.09090909090909091
1321,NW-flex,1,1.0
1321,BWA-no-clip,2,0.5454545454545454
1321,BWA-std,2,0.09090909090909091
1321,NW-flex,2,1.0
1321,BWA-no-clip,3,0.7272727272727273
1321,BWA-std,3,0.18181818181818182
1321,NW-flex,3,1.0
1321,BWA-no-clip,4,0.9090909090909091
1321,BWA-std,4,0.36363636363636365
1321,NW-flex,4,1.0
1321,BWA-no-clip,5,0.9090909090909091
1321,BWA-std,5,0.36363636363636365
1321,NW-flex,5,1.0
1321,BWA-no-clip,6,0.9090909090909091
1321,BWA-std,6,0.45454545454545453
1321,NW-flex,6,1.0
1321,BWA-no-clip,7,1.0
1321,BWA-std,7,0.45454545454545453
1321,NW-flex,7,1.0
1321,BWA-no-clip,8,1.0
1321,BWA-std,8,0.6363636363636364
1321,NW-flex,8,1.0
1321,BWA-no-clip,9,1.0
1321,BWA-std,9,0.6363636363636364
1321,NW-flex,9,1.0
1321,BWA-no-clip,10,1.0
1321,BWA-std,10,0.8181818181818182
1321,NW-flex,10,1.0
1322,BWA-no-clip,1,0.5454545454545454
1322,BWA-std,1,0.09090909090909091
1322,NW-flex,1,1.0
1322,BWA-no-clip,2,0.7272727272727273
1322,BWA-std,2,0.18181818181818182
1322,NW-flex,2,1.0
1322,BWA-no-clip,3,0.9090909090909091
1322,BWA-std,3,0.18181818181818182
1322,NW-flex,3,1.0
1322,BWA-no-clip,4,0.9090909090909091
1322,BWA-std,4,0.36363636363636365
1322,NW-flex,4,1.0
1322,BWA-no-clip,5,1.0
1322,BWA-std,5,0.36363636363636365
1322,NW-flex,5,1.0
1322,BWA-no-clip,6,1.0
1322,BWA-std,6,0.45454545454545453
1322,NW-flex,6,1.0
1322,BWA-no-clip,7,1.0
1322,BWA-std,7,0.45454545454545453
1322,NW-flex,7,1.0
1322,BWA-no-clip,8,1.0
1322,BWA-std,8,0.6363636363636364
1322,NW-flex,8,1.0
1322,BWA-no-clip,9,1.0
1322,BWA-std,9,0.6363636363636364
1322,NW-flex,9,1.0
1322,BWA-no-clip,10,1.0
1322,BWA-std,10,0.8181818181818182
1322,NW-flex,10,1.0
1323,BWA-no-clip,1,0.5454545454545454
1323,BWA-std,1,0.09090909090909091
1323,NW-flex,1,1.0
1323,BWA-no-clip,2,0.6363636363636364
1323,BWA-std,2,0.18181818181818182
1323,NW-flex,2,1.0
1323,BWA-no-clip,3,0.8181818181818182
1323,BWA-std,3,0.18181818181818182
1323,NW-flex,3,1.0
1323,BWA-no-clip,4,0.8181818181818182
1323,BWA-std,4,0.36363636363636365
1323,NW-flex,4,1.0
1323,BWA-no-clip,5,0.8181818181818182
1323,BWA-std,5,0.36363636363636365
1323,NW-flex,5,1.0
1323,BWA-no-clip,6,1.0
1323,BWA-std,6,0.45454545454545453
1323,NW-flex,6,1.0
1323,BWA-no-clip,7,1.0
1323,BWA-std,7,0.45454545454545453
1323,NW-flex,7,1.0
1323,BWA-no-clip,8,1.0
1323,BWA-std,8,0.6363636363636364
1323,NW-flex,8,1.0
1323,BWA-no-clip,9,1.0
1323,BWA-std,9,0.6363636363636364
1323,NW-flex,9,1.0
1323,BWA-no-clip,10,1.0
1323,BWA-std,10,0.8181818181818182
1323,NW-flex,10,1.0
1324,BWA-no-clip,1,0.5454545454545454
1324,BWA-std,1,0.09090909090909091
1324,NW-flex,1,1.0
1324,BWA-no-clip,2,0.6363636363636364
1324,BWA-std,2,0.18181818181818182
1324,NW-flex,2,1.0
1324,BWA-no-clip,3,0.7272727272727273
1324,BWA-std,3,0.18181818181818182
1324,NW-flex,3,1.0
1324,BWA-no-clip,4,0.7272727272727273
1324,BWA-std,4,0.36363636363636365
1324,NW-flex,4,1.0
1324,BWA-no-clip,5,0.9090909090909091
1324,BWA-std,5,0.36363636363636365
1324,NW-flex,5,1.0
1324,BWA-no-clip,6,1.0
1324,BWA-std,6,0.45454545454545453
1324,NW-flex,6,1.0
1324,BWA-no-clip,7,1.0
1324,BWA-std,7,0.45454545454545453
1324,NW-flex,7,1.0
1324,BWA-no-clip,8,1.0
1324,BWA-std,8,0.6363636363636364
1324,NW-flex,8,1.0
1324,BWA-no-clip,9,1.0
1324,BWA-std,9,0.6363636363636364
1324,NW-flex,9,1.0
1324,BWA-no-clip,10,1.0
1324,BWA-std,10,0.8181818181818182
1324,NW-flex,10,1.0
1325,BWA-no-clip,1,0.5454545454545454
1325,BWA-std,1,0.09090909090909091
1325,NW-flex,1,1.0
1325,BWA-no-clip,2,0.6363636363636364
1325,BWA-std,2,0.18181818181818182
1325,NW-flex,2,1.0
1325,BWA-no-clip,3,0.8181818181818182
1325,BWA-std,3,0.18181818181818182
1325,NW-flex,3,1.0
1325,BWA-no-clip,4,1.0
1325,BWA-std,4,0.36363636363636365
1325,NW-flex,4,1.0
1325,BWA-no-clip,5,0.9090909090909091
1325,BWA-std,5,0.36363636363636365
1325,NW-flex,5,1.0
1325,BWA-no-clip,6,1.0
1325,BWA-std,6,0.45454545454545453
1325,NW-flex,6,1.0
1325,BWA-no-clip,7,1.0
1325,BWA-std,7,0.45454545454545453
1325,NW-flex,7,1.0
1325,BWA-no-clip,8,1.0
1325,BWA-std,8,0.6363636363636364
1325,NW-flex,8,1.0
1325,BWA-no-clip,9,1.0
1325,BWA-std,9,0.6363636363636364
1325,NW-flex,9,1.0
1325,BWA-no-clip,10,1.0
1325,BWA-std,10,0.8181818181818182
1325,NW-flex,10,1.0
1326,BWA-no-clip,1,0.5454545454545454
1326,BWA-std,1,0.09090909090909091
1326,NW-flex,1,1.0
1326,BWA-no-clip,2,0.7272727272727273
1326,BWA-std,2,0.18181818181818182
1326,NW-flex,2,1.0
1326,BWA-no-clip,3,0.9090909090909091
1326,BWA-std,3,0.18181818181818182
1326,NW-flex,3,1.0
1326,BWA-no-clip,4,1.0
1326,BWA-std,4,0.36363636363636365
1326,NW-flex,4,1.0
1326,BWA-no-clip,5,1.0
1326,BWA-std,5,0.36363636363636365
1326,NW-flex,5,1.0
1326,BWA-no-clip,6,1.0
1326,BWA-std,6,0.45454545454545453
1326,NW-flex,6,1.0
1326,BWA-no-clip,7,1.0
1326,BWA-std,7,0.45454545454545453
1326,NW-flex,7,1.0
1326,BWA-no-clip,8,1.0
1326,BWA-std,8,0.6363636363636364
1326,NW-flex,8,1.0
1326,BWA-no-clip,9,1.0
1326,BWA-std,9,0.6363636363636364
1326,NW-flex,9,1.0
1326,BWA-no-clip,10,1.0
1326,BWA-std,10,0.8181818181818182
1326,NW-flex,10,1.0
1327,BWA-no-clip,1,0.09090909090909091
1327,BWA-std,1,0.09090909090909091
1327,NW-flex,1,1.0
1327,BWA-no-clip,2,0.5454545454545454
1327,BWA-std,2,0.09090909090909091
1327,NW-flex,2,1.0
1327,BWA-no-clip,3,0.7272727272727273
1327,BWA-std,3,0.18181818181818182
1327,NW-flex,3,1.0
1327,BWA-no-clip,4,0.9090909090909091
1327,BWA-std,4,0.36363636363636365
1327,NW-flex,4,1.0
1327,BWA-no-clip,5,1.0
1327,BWA-std,5,0.36363636363636365
1327,NW-flex,5,1.0
1327,BWA-no-clip,6,1.0
1327,BWA-std,6,0.45454545454545453
1327,NW-flex,6,1.0
1327,BWA-no-clip,7,1.0
1327,BWA-std,7,0.45454545454545453
1327,NW-flex,7,1.0
1327,BWA-no-clip,8,1.0
1327,BWA-std,8,0.6363636363636364
1327,NW-flex,8,1.0
1327,BWA-no-clip,9,1.0
1327,BWA-std,9,0.6363636363636364
1327,NW-flex,9,1.0
1327,BWA-no-clip,10,1.0
1327,BWA-std,10,0.8181818181818182
1327,NW-flex,10,1.0
1328,BWA-no-clip,1,0.45454545454545453
1328,BWA-std,1,0.09090909090909091
1328,NW-flex,1,1.0
1328,BWA-no-clip,2,0.5454545454545454
1328,BWA-std,2,0.09090909090909091
1328,NW-flex,2,1.0
1328,BWA-no-clip,3,0.7272727272727273
1328,BWA-std,3,0.18181818181818182
1328,NW-flex,3,1.0
1328,BWA-no-clip,4,0.8181818181818182
1328,BWA-std,4,0.36363636363636365
1328,NW-flex,4,1.0
1328,BWA-no-clip,5,0.9090909090909091
1328,BWA-std,5,0.36363636363636365
1328,NW-flex,5,1.0
1328,BWA-no-clip,6,1.0
1328,BWA-std,6,0.45454545454545453
1328,NW-flex,6,1.0
1328,BWA-no-clip,7,1.0
1328,BWA-std,7,0.45454545454545453
1328,NW-flex,7,1.0
1328,BWA-no-clip,8,1.0
1328,BWA-std,8,0.6363636363636364
1328,NW-flex,8,1.0
1328,BWA-no-clip,9,1.0
1328,BWA-std,9,0.6363636363636364
1328,NW-flex,9,1.0
1328,BWA-no-clip,10,1.0
1328,BWA-std,10,0.8181818181818182
1328,NW-flex,10,1.0
1329,BWA-no-clip,1,0.09090909090909091
1329,BWA-std,1,0.09090909090909091
1329,NW-flex,1,1.0
1329,BWA-no-clip,2,0.5454545454545454
1329,BWA-std,2,0.09090909090909091
1329,NW-flex,2,1.0
1329,BWA-no-clip,3,0.7272727272727273
1329,BWA-std,3,0.18181818181818182
1329,NW-flex,3,1.0
1329,BWA-no-clip,4,0.9090909090909091
1329,BWA-std,4,0.36363636363636365
1329,NW-flex,4,1.0
1329,BWA-no-clip,5,1.0
1329,BWA-std,5,0.36363636363636365
1329,NW-flex,5,1.0
1329,BWA-no-clip,6,1.0
1329,BWA-std,6,0.45454545454545453
1329,NW-flex,6,1.0
1329,BWA-no-clip,7,1.0
1329,BWA-std,7,0.45454545454545453
1329,NW-flex,7,1.0
1329,BWA-no-clip,8,1.0
1329,BWA-std,8,0.6363636363636364
1329,NW-flex,8,1.0
1329,BWA-no-clip,9,1.0
1329,BWA-std,9,0.6363636363636364
1329,NW-flex,9,1.0
1329,BWA-no-clip,10,1.0
1329,BWA-std,10,0.8181818181818182
1329,NW-flex,10,1.0
1330,BWA-no-clip,1,0.09090909090909091
1330,BWA-std,1,0.09090909090909091
1330,NW-flex,1,1.0
1330,BWA-no-clip,2,0.09090909090909091
1330,BWA-std,2,0.09090909090909091
1330,NW-flex,2,1.0
1330,BWA-no-clip,3,0.12121212121212122
1330,BWA-std,3,0.18181818181818182
1330,NW-flex,3,1.0
1330,BWA-no-clip,4,0.12121212121212122
1330,BWA-std,4,0.18181818181818182
1330,NW-flex,4,1.0
1330,BWA-no-clip,5,0.5757575757575758
1330,BWA-std,5,0.2727272727272727
1330,NW-flex,5,1.0
1330,BWA-no-clip,6,1.0
1330,BWA-std,6,0.45454545454545453
1330,NW-flex,6,1.0
1330,BWA-no-clip,7,1.0
1330,BWA-std,7,0.45454545454545453
1330,NW-flex,7,1.0
1330,BWA-no-clip,8,1.0
1330,BWA-std,8,0.6363636363636364
1330,NW-flex,8,1.0
1330,BWA-no-clip,9,1.0
1330,BWA-std,9,0.6363636363636364
1330,NW-flex,9,1.0
1330,BWA-no-clip,10,1.0
1330,BWA-std,10,0.8181818181818182
1330,NW-flex,10,1.0
1331,BWA-no-clip,1,0.5454545454545454
1331,BWA-std,1,0.09090909090909091
1331,NW-flex,1,1.0
1331,BWA-no-clip,2,0.7272727272727273
1331,BWA-std,2,0.18181818181818182
1331,NW-flex,2,1.0
1331,BWA-no-clip,3,0.9090909090909091
1331,BWA-std,3,0.18181818181818182
1331,NW-flex,3,1.0
1331,BWA-no-clip,4,1.0
1331,BWA-std,4,0.36363636363636365
1331,NW-flex,4,1.0
1331,BWA-no-clip,5,0.9090909090909091
1331,BWA-std,5,0.36363636363636365
1331,NW-flex,5,1.0
1331,BWA-no-clip,6,1.0
1331,BWA-std,6,0.45454545454545453
1331,NW-flex,6,1.0
1331,BWA-no-clip,7,1.0
1331,BWA-std,7,0.45454545454545453
1331,NW-flex,7,1.0
1331,BWA-no-clip,8,1.0
1331,BWA-std,8,0.6363636363636364
1331,NW-flex,8,1.0
1331,BWA-no-clip,9,1.0
1331,BWA-std,9,0.6363636363636364
1331,NW-flex,9,1.0
1331,BWA-no-clip,10,1.0
1331,BWA-std,10,0.8181818181818182
1331,NW-flex,10,1.0
1332,BWA-no-clip,1,0.2727272727272727
1332,BWA-std,1,0.09090909090909091
1332,NW-flex,1,1.0
1332,BWA-no-clip,2,0.45454545454545453
1332,BWA-std,2,0.09090909090909091
1332,NW-flex,2,1.0
1332,BWA-no-clip,3,0.5454545454545454
1332,BWA-std,3,0.09090909090909091
1332,NW-flex,3,1.0
1332,BWA-no-clip,4,0.6363636363636364
1332,BWA-std,4,0.36363636363636365
1332,NW-flex,4,1.0
1332,BWA-no-clip,5,0.6363636363636364
1332,BWA-std,5,0.36363636363636365
1332,NW-flex,5,1.0
1332,BWA-no-clip,6,0.6363636363636364
1332,BWA-std,6,0.45454545454545453
1332,NW-flex,6,1.0
1332,BWA-no-clip,7,0.8181818181818182
1332,BWA-std,7,0.45454545454545453
1332,NW-flex,7,1.0
1332,BWA-no-clip,8,0.9090909090909091
1332,BWA-std,8,0.6363636363636364
1332,NW-flex,8,1.0
1332,BWA-no-clip,9,0.9090909090909091
1332,BWA-std,9,0.6363636363636364
1332,NW-flex,9,1.0
1332,BWA-no-clip,10,1.0
1332,BWA-std,10,0.8181818181818182
1332,NW-flex,10,1.0
1333,BWA-no-clip,1,0.09090909090909091
1333,BWA-std,1,0.09090909090909091
1333,NW-flex,1,1.0
1333,BWA-no-clip,2,0.6363636363636364
1333,BWA-std,2,0.18181818181818182
1333,NW-flex,2,1.0
1333,BWA-no-clip,3,0.6363636363636364
1333,BWA-std,3,0.18181818181818182
1333,NW-flex,3,1.0
1333,BWA-no-clip,4,0.8181818181818182
1333,BWA-std,4,0.36363636363636365
1333,NW-flex,4,1.0
1333,BWA-no-clip,5,0.8181818181818182
1333,BWA-std,5,0.36363636363636365
1333,NW-flex,5,1.0
1333,BWA-no-clip,6,0.8181818181818182
1333,BWA-std,6,0.45454545454545453
1333,NW-flex,6,1.0
1333,BWA-no-clip,7,1.0
1333,BWA-std,7,0.45454545454545453
1333,NW-flex,7,1.0
1333,BWA-no-clip,8,1.0
1333,BWA-std,8,0.6363636363636364
1333,NW-flex,8,1.0
1333,BWA-no-clip,9,1.0
1333,BWA-std,9,0.6363636363636364
1333,NW-flex,9,1.0
1333,BWA-no-clip,10,1.0
1333,BWA-std,10,0.8181818181818182
1333,NW-flex,10,1.0
1334,BWA-no-clip,1,0.09090909090909091
1334,BWA-std,1,0.09090909090909091
1334,NW-flex,1,1.0
1334,BWA-no-clip,2,0.09090909090909091
1334,BWA-std,2,0.09090909090909091
1334,NW-flex,2,1.0
1334,BWA-no-clip,3,0.12121212121212122
1334,BWA-std,3,0.18181818181818182
1334,NW-flex,3,1.0
1334,BWA-no-clip,4,0.5757575757575758
1334,BWA-std,4,0.2727272727272727
1334,NW-flex,4,1.0
1334,BWA-no-clip,5,0.9090909090909091
1334,BWA-std,5,0.36363636363636365
1334,NW-flex,5,1.0
1334,BWA-no-clip,6,0.9090909090909091
1334,BWA-std,6,0.45454545454545453
1334,NW-flex,6,1.0
1334,BWA-no-clip,7,1.0
1334,BWA-std,7,0.45454545454545453
1334,NW-flex,7,1.0
1334,BWA-no-clip,8,1.0
1334,BWA-std,8,0.6363636363636364
1334,NW-flex,8,1.0
1334,BWA-no-clip,9,1.0
1334,BWA-std,9,0.6363636363636364
1334,NW-flex,9,1.0
1334,BWA-no-clip,10,1.0
1334,BWA-std,10,0.8181818181818182
1334,NW-flex,10,1.0
1335,BWA-no-clip,1,0.5454545454545454
1335,BWA-std,1,0.09090909090909091
1335,NW-flex,1,1.0
1335,BWA-no-clip,2,0.7272727272727273
1335,BWA-std,2,0.18181818181818182
1335,NW-flex,2,1.0
1335,BWA-no-clip,3,0.8181818181818182
1335,BWA-std,3,0.18181818181818182
1335,NW-flex,3,1.0
1335,BWA-no-clip,4,1.0
1335,BWA-std,4,0.36363636363636365
1335,NW-flex,4,1.0
1335,BWA-no-clip,5,1.0
1335,BWA-std,5,0.36363636363636365
1335,NW-flex,5,1.0
1335,BWA-no-clip,6,1.0
1335,BWA-std,6,0.45454545454545453
1335,NW-flex,6,1.0
1335,BWA-no-clip,7,1.0
1335,BWA-std,7,0.45454545454545453
1335,NW-flex,7,1.0
1335,BWA-no-clip,8,1.0
1335,BWA-std,8,0.6363636363636364
1335,NW-flex,8,1.0
1335,BWA-no-clip,9,1.0
1335,BWA-std,9,0.6363636363636364
1335,NW-flex,9,1.0
1335,BWA-no-clip,10,1.0
1335,BWA-std,10,0.8181818181818182
1335,NW-flex,10,1.0
1336,BWA-no-clip,1,0.45454545454545453
1336,BWA-std,1,0.09090909090909091
1336,NW-flex,1,1.0
1336,BWA-no-clip,2,0.6363636363636364
1336,BWA-std,2,0.18181818181818182
1336,NW-flex,2,1.0
1336,BWA-no-clip,3,0.7272727272727273
1336,BWA-std,3,0.18181818181818182
1336,NW-flex,3,1.0
1336,BWA-no-clip,4,0.8181818181818182
1336,BWA-std,4,0.36363636363636365
1336,NW-flex,4,1.0
1336,BWA-no-clip,5,0.9090909090909091
1336,BWA-std,5,0.36363636363636365
1336,NW-flex,5,1.0
1336,BWA-no-clip,6,0.9090909090909091
1336,BWA-std,6,0.45454545454545453
1336,NW-flex,6,1.0
1336,BWA-no-clip,7,1.0
1336,BWA-std,7,0.45454545454545453
1336,NW-flex,7,1.0
1336,BWA-no-clip,8,1.0
1336,BWA-std,8,0.6363636363636364
1336,NW-flex,8,1.0
1336,BWA-no-clip,9,1.0
1336,BWA-std,9,0.6363636363636364
1336,NW-flex,9,1.0
1336,BWA-no-clip,10,1.0
1336,BWA-std,10,0.8181818181818182
1336,NW-flex,10,1.0
1337,BWA-no-clip,1,0.5454545454545454
1337,BWA-std,1,0.09090909090909091
1337,NW-flex,1,1.0
1337,BWA-no-clip,2,0.7272727272727273
1337,BWA-std,2,0.18181818181818182
1337,NW-flex,2,1.0
1337,BWA-no-clip,3,0.9090909090909091
1337,BWA-std,3,0.18181818181818182
1337,NW-flex,3,1.0
1337,BWA-no-clip,4,1.0
1337,BWA-std,4,0.36363636363636365
1337,NW-flex,4,1.0
1337,BWA-no-clip,5,1.0
1337,BWA-std,5,0.36363636363636365
1337,NW-flex,5,1.0
1337,BWA-no-clip,6,1.0
1337,BWA-std,6,0.45454545454545453
1337,NW-flex,6,1.0
1337,BWA-no-clip,7,1.0
1337,BWA-std,7,0.45454545454545453
1337,NW-flex,7,1.0
1337,BWA-no-clip,8,1.0
1337,BWA-std,8,0.6363636363636364
1337,NW-flex,8,1.0
1337,BWA-no-clip,9,1.0
1337,BWA-std,9,0.6363636363636364
1337,NW-flex,9,1.0
1337,BWA-no-clip,10,1.0
1337,BWA-std,10,0.8181818181818182
1337,NW-flex,10,1.0
1338,BWA-no-clip,1,0.5454545454545454
1338,BWA-std,1,0.09090909090909091
1338,NW-flex,1,1.0
1338,BWA-no-clip,2,0.7272727272727273
1338,BWA-std,2,0.18181818181818182
1338,NW-flex,2,1.0
1338,BWA-no-clip,3,0.9090909090909091
1338,BWA-std,3,0.18181818181818182
1338,NW-flex,3,1.0
1338,BWA-no-clip,4,1.0
1338,BWA-std,4,0.36363636363636365
1338,NW-flex,4,1.0
1338,BWA-no-clip,5,1.0
1338,BWA-std,5,0.36363636363636365
1338,NW-flex,5,1.0
1338,BWA-no-clip,6,1.0
1338,BWA-std,6,0.45454545454545453
1338,NW-flex,6,1.0
1338,BWA-no-clip,7,1.0
1338,BWA-std,7,0.45454545454545453
1338,NW-flex,7,1.0
1338,BWA-no-clip,8,1.0
1338,BWA-std,8,0.6363636363636364
1338,NW-flex,8,1.0
1338,BWA-no-clip,9,1.0
1338,BWA-std,9,0.6363636363636364
1338,NW-flex,9,1.0
1338,BWA-no-clip,10,1.0
1338,BWA-std,10,0.8181818181818182
1338,NW-flex,10,1.0
1339,BWA-no-clip,1,0.5454545454545454
1339,BWA-std,1,0.09090909090909091
1339,NW-flex,1,1.0
1339,BWA-no-clip,2,0.7272727272727273
1339,BWA-std,2,0.18181818181818182
1339,NW-flex,2,1.0
1339,BWA-no-clip,3,0.8181818181818182
1339,BWA-std,3,0.18181818181818182
1339,NW-flex,3,1.0
1339,BWA-no-clip,4,1.0
1339,BWA-std,4,0.36363636363636365
1339,NW-flex,4,1.0
1339,BWA-no-clip,5,1.0
1339,BWA-std,5,0.36363636363636365
1339,NW-flex,5,1.0
1339,BWA-no-clip,6,1.0
1339,BWA-std,6,0.45454545454545453
1339,NW-flex,6,1.0
1339,BWA-no-clip,7,1.0
1339,BWA-std,7,0.45454545454545453
1339,NW-flex,7,1.0
1339,BWA-no-clip,8,1.0
1339,BWA-std,8,0.6363636363636364
1339,NW-flex,8,1.0
1339,BWA-no-clip,9,1.0
1339,BWA-std,9,0.6363636363636364
1339,NW-flex,9,1.0
1339,BWA-no-clip,10,1.0
1339,BWA-std,10,0.8181818181818182
1339,NW-flex,10,1.0
1340,BWA-no-clip,1,0.5454545454545454
1340,BWA-std,1,0.09090909090909091
1340,NW-flex,1,1.0
1340,BWA-no-clip,2,0.7272727272727273
1340,BWA-std,2,0.18181818181818182
1340,NW-flex,2,1.0
1340,BWA-no-clip,3,0.9090909090909091
1340,BWA-std,3,0.18181818181818182
1340,NW-flex,3,1.0
1340,BWA-no-clip,4,1.0
1340,BWA-std,4,0.36363636363636365
1340,NW-flex,4,1.0
1340,BWA-no-clip,5,0.9090909090909091
1340,BWA-std,5,0.36363636363636365
1340,NW-flex,5,1.0
1340,BWA-no-clip,6,1.0
1340,BWA-std,6,0.45454545454545453
1340,NW-flex,6,1.0
1340,BWA-no-clip,7,1.0
1340,BWA-std,7,0.45454545454545453
1340,NW-flex,7,1.0
1340,BWA-no-clip,8,1.0
1340,BWA-std,8,0.6363636363636364
1340,NW-flex,8,1.0
1340,BWA-no-clip,9,1.0
1340,BWA-std,9,0.6363636363636364
1340,NW-flex,9,1.0
1340,BWA-no-clip,10,1.0
1340,BWA-std,10,0.8181818181818182
1340,NW-flex,10,1.0
1341,BWA-no-clip,1,0.5454545454545454
1341,BWA-std,1,0.09090909090909091
1341,NW-flex,1,1.0
1341,BWA-no-clip,2,0.7272727272727273
1341,BWA-std,2,0.18181818181818182
1341,NW-flex,2,1.0
1341,BWA-no-clip,3,0.7272727272727273
1341,BWA-std,3,0.18181818181818182
1341,NW-flex,3,1.0
1341,BWA-no-clip,4,0.7272727272727273
1341,BWA-std,4,0.36363636363636365
1341,NW-flex,4,1.0
1341,BWA-no-clip,5,0.9090909090909091
1341,BWA-std,5,0.36363636363636365
1341,NW-flex,5,1.0
1341,BWA-no-clip,6,1.0
1341,BWA-std,6,0.45454545454545453
1341,NW-flex,6,1.0
1341,BWA-no-clip,7,1.0
1341,BWA-std,7,0.45454545454545453
1341,NW-flex,7,1.0
1341,BWA-no-clip,8,1.0
1341,BWA-std,8,0.6363636363636364
1341,NW-flex,8,1.0
1341,BWA-no-clip,9,1.0
1341,BWA-std,9,0.6363636363636364
1341,NW-flex,9,1.0
1341,BWA-no-clip,10,1.0
1341,BWA-std,10,0.8181818181818182
1341,NW-flex,10,1.0
1342,BWA-no-clip,1,0.09090909090909091
1342,BWA-std,1,0.09090909090909091
1342,NW-flex,1,1.0
1342,BWA-no-clip,2,0.5454545454545454
1342,BWA-std,2,0.09090909090909091
1342,NW-flex,2,1.0
1342,BWA-no-clip,3,0.6363636363636364
1342,BWA-std,3,0.09090909090909091
1342,NW-flex,3,1.0
1342,BWA-no-clip,4,0.7272727272727273
1342,BWA-std,4,0.36363636363636365
1342,NW-flex,4,1.0
1342,BWA-no-clip,5,0.9090909090909091
1342,BWA-std,5,0.36363636363636365
1342,NW-flex,5,1.0
1342,BWA-no-clip,6,0.9090909090909091
1342,BWA-std,6,0.45454545454545453
1342,NW-flex,6,1.0
1342,BWA-no-clip,7,0.9090909090909091
1342,BWA-std,7,0.45454545454545453
1342,NW-flex,7,1.0
1342,BWA-no-clip,8,1.0
1342,BWA-std,8,0.6363636363636364
1342,NW-flex,8,1.0
1342,BWA-no-clip,9,1.0
1342,BWA-std,9,0.6363636363636364
1342,NW-flex,9,1.0
1342,BWA-no-clip,10,1.0
1342,BWA-std,10,0.8181818181818182
1342,NW-flex,10,1.0
1343,BWA-no-clip,1,0.09090909090909091
1343,BWA-std,1,0.09090909090909091
1343,NW-flex,1,1.0
1343,BWA-no-clip,2,0.09090909090909091
1343,BWA-std,2,0.09090909090909091
1343,NW-flex,2,1.0
1343,BWA-no-clip,3,0.12121212121212122
1343,BWA-std,3,0.18181818181818182
1343,NW-flex,3,1.0
1343,BWA-no-clip,4,0.5757575757575758
1343,BWA-std,4,0.2727272727272727
1343,NW-flex,4,1.0
1343,BWA-no-clip,5,0.8787878787878788
1343,BWA-std,5,0.36363636363636365
1343,NW-flex,5,1.0
1343,BWA-no-clip,6,0.9696969696969697
1343,BWA-std,6,0.45454545454545453
1343,NW-flex,6,1.0
1343,BWA-no-clip,7,0.9696969696969697
1343,BWA-std,7,0.45454545454545453
1343,NW-flex,7,1.0
1343,BWA-no-clip,8,0.9696969696969697
1343,BWA-std,8,0.6363636363636364
1343,NW-flex,8,1.0
1343,BWA-no-clip,9,1.0
1343,BWA-std,9,0.6363636363636364
1343,NW-flex,9,1.0
1343,BWA-no-clip,10,1.0
1343,BWA-std,10,0.8181818181818182
1343,NW-flex,10,1.0
1344,BWA-no-clip,1,0.5454545454545454
1344,BWA-std,1,0.09090909090909091
1344,NW-flex,1,1.0
1344,BWA-no-clip,2,0.7272727272727273
1344,BWA-std,2,0.18181818181818182
1344,NW-flex,2,1.0
1344,BWA-no-clip,3,0.9090909090909091
1344,BWA-std,3,0.18181818181818182
1344,NW-flex,3,1.0
1344,BWA-no-clip,4,0.9090909090909091
1344,BWA-std,4,0.36363636363636365
1344,NW-flex,4,1.0
1344,BWA-no-clip,5,1.0
1344,BWA-std,5,0.36363636363636365
1344,NW-flex,5,1.0
1344,BWA-no-clip,6,1.0
1344,BWA-std,6,0.45454545454545453
1344,NW-flex,6,1.0
1344,BWA-no-clip,7,1.0
1344,BWA-std,7,0.45454545454545453
1344,NW-flex,7,1.0
1344,BWA-no-clip,8,1.0
1344,BWA-std,8,0.6363636363636364
1344,NW-flex,8,1.0
1344,BWA-no-clip,9,1.0
1344,BWA-std,9,0.6363636363636364
1344,NW-flex,9,1.0
1344,BWA-no-clip,10,1.0
1344,BWA-std,10,0.8181818181818182
1344,NW-flex,10,1.0
1345,BWA-no-clip,1,0.5454545454545454
1345,BWA-std,1,0.09090909090909091
1345,NW-flex,1,1.0
1345,BWA-no-clip,2,0.5454545454545454
1345,BWA-std,2,0.09090909090909091
1345,NW-flex,2,1.0
1345,BWA-no-clip,3,0.7272727272727273
1345,BWA-std,3,0.18181818181818182
1345,NW-flex,3,1.0
1345,BWA-no-clip,4,0.8181818181818182
1345,BWA-std,4,0.36363636363636365
1345,NW-flex,4,1.0
1345,BWA-no-clip,5,1.0
1345,BWA-std,5,0.36363636363636365
1345,NW-flex,5,1.0
1345,BWA-no-clip,6,1.0
1345,BWA-std,6,0.45454545454545453
1345,NW-flex,6,1.0
1345,BWA-no-clip,7,1.0
1345,BWA-std,7,0.45454545454545453
1345,NW-flex,7,1.0
1345,BWA-no-clip,8,1.0
1345,BWA-std,8,0.6363636363636364
1345,NW-flex,8,1.0
1345,BWA-no-clip,9,1.0
1345,BWA-std,9,0.6363636363636364
1345,NW-flex,9,1.0
1345,BWA-no-clip,10,1.0
1345,BWA-std,10,0.8181818181818182
1345,NW-flex,10,1.0
1346,BWA-no-clip,1,0.09090909090909091
1346,BWA-std,1,0.09090909090909091
1346,NW-flex,1,1.0
1346,BWA-no-clip,2,0.5454545454545454
1346,BWA-std,2,0.09090909090909091
1346,NW-flex,2,1.0
1346,BWA-no-clip,3,0.7272727272727273
1346,BWA-std,3,0.18181818181818182
1346,NW-flex,3,1.0
1346,BWA-no-clip,4,0.9090909090909091
1346,BWA-std,4,0.36363636363636365
1346,NW-flex,4,1.0
1346,BWA-no-clip,5,1.0
1346,BWA-std,5,0.36363636363636365
1346,NW-flex,5,1.0
1346,BWA-no-clip,6,1.0
1346,BWA-std,6,0.45454545454545453
1346,NW-flex,6,1.0
1346,BWA-no-clip,7,1.0
1346,BWA-std,7,0.45454545454545453
1346,NW-flex,7,1.0
1346,BWA-no-clip,8,1.0
1346,BWA-std,8,0.6363636363636364
1346,NW-flex,8,1.0
1346,BWA-no-clip,9,1.0
1346,BWA-std,9,0.6363636363636364
1346,NW-flex,9,1.0
1346,BWA-no-clip,10,1.0
1346,BWA-std,10,0.8181818181818182
1346,NW-flex,10,1.0
1347,BWA-no-clip,1,0.5454545454545454
1347,BWA-std,1,0.09090909090909091
1347,NW-flex,1,1.0
1347,BWA-no-clip,2,0.7272727272727273
1347,BWA-std,2,0.18181818181818182
1347,NW-flex,2,1.0
1347,BWA-no-clip,3,0.8181818181818182
1347,BWA-std,3,0.18181818181818182
1347,NW-flex,3,1.0
1347,BWA-no-clip,4,0.8181818181818182
1347,BWA-std,4,0.36363636363636365
1347,NW-flex,4,1.0
1347,BWA-no-clip,5,0.9090909090909091
1347,BWA-std,5,0.36363636363636365
1347,NW-flex,5,1.0
1347,BWA-no-clip,6,1.0
1347,BWA-std,6,0.45454545454545453
1347,NW-flex,6,1.0
1347,BWA-no-clip,7,1.0
1347,BWA-std,7,0.45454545454545453
1347,NW-flex,7,1.0
1347,BWA-no-clip,8,1.0
1347,BWA-std,8,0.6363636363636364
1347,NW-flex,8,1.0
1347,BWA-no-clip,9,1.0
1347,BWA-std,9,0.6363636363636364
1347,NW-flex,9,1.0
1347,BWA-no-clip,10,1.0
1347,BWA-std,10,0.8181818181818182
1347,NW-flex,10,1.0
1348,BWA-no-clip,1,0.2727272727272727
1348,BWA-std,1,0.09090909090909091
1348,NW-flex,1,1.0
1348,BWA-no-clip,2,0.7272727272727273
1348,BWA-std,2,0.18181818181818182
1348,NW-flex,2,1.0
1348,BWA-no-clip,3,0.9090909090909091
1348,BWA-std,3,0.18181818181818182
1348,NW-flex,3,1.0
1348,BWA-no-clip,4,0.8181818181818182
1348,BWA-std,4,0.36363636363636365
1348,NW-flex,4,1.0
1348,BWA-no-clip,5,0.8181818181818182
1348,BWA-std,5,0.36363636363636365
1348,NW-flex,5,1.0
1348,BWA-no-clip,6,1.0
1348,BWA-std,6,0.45454545454545453
1348,NW-flex,6,1.0
1348,BWA-no-clip,7,1.0
1348,BWA-std,7,0.45454545454545453
1348,NW-flex,7,1.0
1348,BWA-no-clip,8,1.0
1348,BWA-std,8,0.6363636363636364
1348,NW-flex,8,1.0
1348,BWA-no-clip,9,1.0
1348,BWA-std,9,0.6363636363636364
1348,NW-flex,9,1.0
1348,BWA-no-clip,10,1.0
1348,BWA-std,10,0.8181818181818182
1348,NW-flex,10,1.0
1349,BWA-no-clip,1,0.09090909090909091
1349,BWA-std,1,0.09090909090909091
1349,NW-flex,1,1.0
1349,BWA-no-clip,2,0.6363636363636364
1349,BWA-std,2,0.18181818181818182
1349,NW-flex,2,1.0
1349,BWA-no-clip,3,0.6363636363636364
1349,BWA-std,3,0.18181818181818182
1349,NW-flex,3,1.0
1349,BWA-no-clip,4,0.8181818181818182
1349,BWA-std,4,0.36363636363636365
1349,NW-flex,4,1.0
1349,BWA-no-clip,5,0.8181818181818182
1349,BWA-std,5,0.36363636363636365
1349,NW-flex,5,1.0
1349,BWA-no-clip,6,0.8181818181818182
1349,BWA-std,6,0.45454545454545453
1349,NW-flex,6,1.0
1349,BWA-no-clip,7,0.8181818181818182
1349,BWA-std,7,0.45454545454545453
1349,NW-flex,7,1.0
1349,BWA-no-clip,8,1.0
1349,BWA-std,8,0.6363636363636364
1349,NW-flex,8,1.0
1349,BWA-no-clip,9,1.0
1349,BWA-std,9,0.6363636363636364
1349,NW-flex,9,1.0
1349,BWA-no-clip,10,1.0
1349,BWA-std,10,0.8181818181818182
1349,NW-flex,10,1.0
1350,BWA-no-clip,1,0.5454545454545454
1350,BWA-std,1,0.09090909090909091
1350,NW-flex,1,1.0
1350,BWA-no-clip,2,0.7272727272727273
1350,BWA-std,2,0.18181818181818182
1350,NW-flex,2,1.0
1350,BWA-no-clip,3,0.8181818181818182
1350,BWA-std,3,0.18181818181818182
1350,NW-flex,3,1.0
1350,BWA-no-clip,4,1.0
1350,BWA-std,4,0.36363636363636365
1350,NW-flex,4,1.0
1350,BWA-no-clip,5,0.9090909090909091
1350,BWA-std,5,0.36363636363636365
1350,NW-flex,5,1.0
1350,BWA-no-clip,6,1.0
1350,BWA-std,6,0.45454545454545453
1350,NW-flex,6,1.0
1350,BWA-no-clip,7,1.0
1350,BWA-std,7,0.45454545454545453
1350,NW-flex,7,1.0
1350,BWA-no-clip,8,1.0
1350,BWA-std,8,0.6363636363636364
1350,NW-flex,8,1.0
1350,BWA-no-clip,9,1.0
1350,BWA-std,9,0.6363636363636364
1350,NW-flex,9,1.0
1350,BWA-no-clip,10,1.0
1350,BWA-std,10,0.8181818181818182
1350,NW-flex,10,1.0
1351,BWA-no-clip,1,0.5454545454545454
1351,BWA-std,1,0.09090909090909091
1351,NW-flex,1,1.0
1351,BWA-no-clip,2,0.5454545454545454
1351,BWA-std,2,0.09090909090909091
1351,NW-flex,2,1.0
1351,BWA-no-clip,3,0.7272727272727273
1351,BWA-std,3,0.18181818181818182
1351,NW-flex,3,1.0
1351,BWA-no-clip,4,0.9090909090909091
1351,BWA-std,4,0.36363636363636365
1351,NW-flex,4,1.0
1351,BWA-no-clip,5,1.0
1351,BWA-std,5,0.36363636363636365
1351,NW-flex,5,1.0
1351,BWA-no-clip,6,1.0
1351,BWA-std,6,0.45454545454545453
1351,NW-flex,6,1.0
1351,BWA-no-clip,7,1.0
1351,BWA-std,7,0.45454545454545453
1351,NW-flex,7,1.0
1351,BWA-no-clip,8,1.0
1351,BWA-std,8,0.6363636363636364
1351,NW-flex,8,1.0
1351,BWA-no-clip,9,1.0
1351,BWA-std,9,0.6363636363636364
1351,NW-flex,9,1.0
1351,BWA-no-clip,10,1.0
1351,BWA-std,10,0.8181818181818182
1351,NW-flex,10,1.0
1352,BWA-no-clip,1,0.5454545454545454
1352,BWA-std,1,0.09090909090909091
1352,NW-flex,1,1.0
1352,BWA-no-clip,2,0.7272727272727273
1352,BWA-std,2,0.18181818181818182
1352,NW-flex,2,1.0
1352,BWA-no-clip,3,0.8181818181818182
1352,BWA-std,3,0.18181818181818182
1352,NW-flex,3,1.0
1352,BWA-no-clip,4,0.9090909090909091
1352,BWA-std,4,0.36363636363636365
1352,NW-flex,4,1.0
1352,BWA-no-clip,5,1.0
1352,BWA-std,5,0.36363636363636365
1352,NW-flex,5,1.0
1352,BWA-no-clip,6,1.0
1352,BWA-std,6,0.45454545454545453
1352,NW-flex,6,1.0
1352,BWA-no-clip,7,1.0
1352,BWA-std,7,0.45454545454545453
1352,NW-flex,7,1.0
1352,BWA-no-clip,8,1.0
1352,BWA-std,8,0.6363636363636364
1352,NW-flex,8,1.0
1352,BWA-no-clip,9,1.0
1352,BWA-std,9,0.6363636363636364
1352,NW-flex,9,1.0
1352,BWA-no-clip,10,1.0
1352,BWA-std,10,0.8181818181818182
1352,NW-flex,10,1.0
1353,BWA-no-clip,1,0.5454545454545454
1353,BWA-std,1,0.09090909090909091
1353,NW-flex,1,1.0
1353,BWA-no-clip,2,0.7272727272727273
1353,BWA-std,2,0.18181818181818182
1353,NW-flex,2,1.0
1353,BWA-no-clip,3,0.8181818181818182
1353,BWA-std,3,0.18181818181818182
1353,NW-flex,3,1.0
1353,BWA-no-clip,4,0.9090909090909091
1353,BWA-std,4,0.36363636363636365
1353,NW-flex,4,1.0
1353,BWA-no-clip,5,1.0
1353,BWA-std,5,0.36363636363636365
1353,NW-flex,5,1.0
1353,BWA-no-clip,6,1.0
1353,BWA-std,6,0.45454545454545453
1353,NW-flex,6,1.0
1353,BWA-no-clip,7,1.0
1353,BWA-std,7,0.45454545454545453
1353,NW-flex,7,1.0
1353,BWA-no-clip,8,1.0
1353,BWA-std,8,0.6363636363636364
1353,NW-flex,8,1.0
1353,BWA-no-clip,9,1.0
1353,BWA-std,9,0.6363636363636364
1353,NW-flex,9,1.0
1353,BWA-no-clip,10,1.0
1353,BWA-std,10,0.8181818181818182
1353,NW-flex,10,1.0
1354,BWA-no-clip,1,0.18181818181818182
1354,BWA-std,1,0.09090909090909091
1354,NW-flex,1,1.0
1354,BWA-no-clip,2,0.6363636363636364
1354,BWA-std,2,0.18181818181818182
1354,NW-flex,2,1.0
1354,BWA-no-clip,3,0.7272727272727273
1354,BWA-std,3,0.18181818181818182
1354,NW-flex,3,1.0
1354,BWA-no-clip,4,0.7272727272727273
1354,BWA-std,4,0.36363636363636365
1354,NW-flex,4,1.0
1354,BWA-no-clip,5,0.9090909090909091
1354,BWA-std,5,0.36363636363636365
1354,NW-flex,5,1.0
1354,BWA-no-clip,6,1.0
1354,BWA-std,6,0.45454545454545453
1354,NW-flex,6,1.0
1354,BWA-no-clip,7,1.0
1354,BWA-std,7,0.45454545454545453
1354,NW-flex,7,1.0
1354,BWA-no-clip,8,1.0
1354,BWA-std,8,0.6363636363636364
1354,NW-flex,8,1.0
1354,BWA-no-clip,9,1.0
1354,BWA-std,9,0.6363636363636364
1354,NW-flex,9,1.0
1354,BWA-no-clip,10,1.0
1354,BWA-std,10,0.8181818181818182
1354,NW-flex,10,1.0
1355,BWA-no-clip,1,0.09090909090909091
1355,BWA-std,1,0.09090909090909091
1355,NW-flex,1,1.0
1355,BWA-no-clip,2,0.09090909090909091
1355,BWA-std,2,0.09090909090909091
1355,NW-flex,2,1.0
1355,BWA-no-clip,3,0.12121212121212122
1355,BWA-std,3,0.18181818181818182
1355,NW-flex,3,1.0
1355,BWA-no-clip,4,0.12121212121212122
1355,BWA-std,4,0.18181818181818182
1355,NW-flex,4,1.0
1355,BWA-no-clip,5,0.12121212121212122
1355,BWA-std,5,0.18181818181818182
1355,NW-flex,5,1.0
1355,BWA-no-clip,6,0.5757575757575758
1355,BWA-std,6,0.30303030303030304
1355,NW-flex,6,1.0
1355,BWA-no-clip,7,1.0
1355,BWA-std,7,0.45454545454545453
1355,NW-flex,7,1.0
1355,BWA-no-clip,8,1.0
1355,BWA-std,8,0.6363636363636364
1355,NW-flex,8,1.0
1355,BWA-no-clip,9,1.0
1355,BWA-std,9,0.6363636363636364
1355,NW-flex,9,1.0
1355,BWA-no-clip,10,1.0
1355,BWA-std,10,0.8181818181818182
1355,NW-flex,10,1.0
1356,BWA-no-clip,1,0.36363636363636365
1356,BWA-std,1,0.09090909090909091
1356,NW-flex,1,1.0
1356,BWA-no-clip,2,0.7272727272727273
1356,BWA-std,2,0.18181818181818182
1356,NW-flex,2,1.0
1356,BWA-no-clip,3,0.7272727272727273
1356,BWA-std,3,0.18181818181818182
1356,NW-flex,3,1.0
1356,BWA-no-clip,4,0.7272727272727273
1356,BWA-std,4,0.36363636363636365
1356,NW-flex,4,1.0
1356,BWA-no-clip,5,0.9090909090909091
1356,BWA-std,5,0.36363636363636365
1356,NW-flex,5,1.0
1356,BWA-no-clip,6,0.9090909090909091
1356,BWA-std,6,0.45454545454545453
1356,NW-flex,6,1.0
1356,BWA-no-clip,7,0.9090909090909091
1356,BWA-std,7,0.45454545454545453
1356,NW-flex,7,1.0
1356,BWA-no-clip,8,0.9090909090909091
1356,BWA-std,8,0.6363636363636364
1356,NW-flex,8,1.0
1356,BWA-no-clip,9,1.0
1356,BWA-std,9,0.6363636363636364
1356,NW-flex,9,1.0
1356,BWA-no-clip,10,1.0
1356,BWA-std,10,0.8181818181818182
1356,NW-flex,10,1.0
1357,BWA-no-clip,1,0.09090909090909091
1357,BWA-std,1,0.09090909090909091
1357,NW-flex,1,1.0
1357,BWA-no-clip,2,0.5454545454545454
1357,BWA-std,2,0.09090909090909091
1357,NW-flex,2,1.0
1357,BWA-no-clip,3,0.7272727272727273
1357,BWA-std,3,0.18181818181818182
1357,NW-flex,3,1.0
1357,BWA-no-clip,4,0.7272727272727273
1357,BWA-std,4,0.36363636363636365
1357,NW-flex,4,1.0
1357,BWA-no-clip,5,0.9090909090909091
1357,BWA-std,5,0.36363636363636365
1357,NW-flex,5,1.0
1357,BWA-no-clip,6,1.0
1357,BWA-std,6,0.45454545454545453
1357,NW-flex,6,1.0
1357,BWA-no-clip,7,1.0
1357,BWA-std,7,0.45454545454545453
1357,NW-flex,7,1.0
1357,BWA-no-clip,8,1.0
1357,BWA-std,8,0.6363636363636364
1357,NW-flex,8,1.0
1357,BWA-no-clip,9,1.0
1357,BWA-std,9,0.6363636363636364
1357,NW-flex,9,1.0
1357,BWA-no-clip,10,1.0
1357,BWA-std,10,0.8181818181818182
1357,NW-flex,10,1.0
1358,BWA-no-clip,1,0.5454545454545454
1358,BWA-std,1,0.09090909090909091
1358,NW-flex,1,1.0
1358,BWA-no-clip,2,0.6363636363636364
1358,BWA-std,2,0.18181818181818182
1358,NW-flex,2,1.0
1358,BWA-no-clip,3,0.7272727272727273
1358,BWA-std,3,0.18181818181818182
1358,NW-flex,3,1.0
1358,BWA-no-clip,4,0.9090909090909091
1358,BWA-std,4,0.36363636363636365
1358,NW-flex,4,1.0
1358,BWA-no-clip,5,1.0
1358,BWA-std,5,0.36363636363636365
1358,NW-flex,5,1.0
1358,BWA-no-clip,6,1.0
1358,BWA-std,6,0.45454545454545453
1358,NW-flex,6,1.0
1358,BWA-no-clip,7,1.0
1358,BWA-std,7,0.45454545454545453
1358,NW-flex,7,1.0
1358,BWA-no-clip,8,1.0
1358,BWA-std,8,0.6363636363636364
1358,NW-flex,8,1.0
1358,BWA-no-clip,9,1.0
1358,BWA-std,9,0.6363636363636364
1358,NW-flex,9,1.0
1358,BWA-no-clip,10,1.0
1358,BWA-std,10,0.8181818181818182
1358,NW-flex,10,1.0
1359,BWA-no-clip,1,0.5454545454545454
1359,BWA-std,1,0.09090909090909091
1359,NW-flex,1,1.0
1359,BWA-no-clip,2,0.7272727272727273
1359,BWA-std,2,0.18181818181818182
1359,NW-flex,2,1.0
1359,BWA-no-clip,3,0.7272727272727273
1359,BWA-std,3,0.18181818181818182
1359,NW-flex,3,1.0
1359,BWA-no-clip,4,0.9090909090909091
1359,BWA-std,4,0.36363636363636365
1359,NW-flex,4,1.0
1359,BWA-no-clip,5,1.0
1359,BWA-std,5,0.36363636363636365
1359,NW-flex,5,1.0
1359,BWA-no-clip,6,1.0
1359,BWA-std,6,0.45454545454545453
1359,NW-flex,6,1.0
1359,BWA-no-clip,7,1.0
1359,BWA-std,7,0.45454545454545453
1359,NW-flex,7,1.0
1359,BWA-no-clip,8,1.0
1359,BWA-std,8,0.6363636363636364
1359,NW-flex,8,1.0
1359,BWA-no-clip,9,1.0
1359,BWA-std,9,0.6363636363636364
1359,NW-flex,9,1.0
1359,BWA-no-clip,10,1.0
1359,BWA-std,10,0.8181818181818182
1359,NW-flex,10,1.0
1360,BWA-no-clip,1,0.5454545454545454
1360,BWA-std,1,0.09090909090909091
1360,NW-flex,1,1.0
1360,BWA-no-clip,2,0.7272727272727273
1360,BWA-std,2,0.18181818181818182
1360,NW-flex,2,1.0
1360,BWA-no-clip,3,0.9090909090909091
1360,BWA-std,3,0.18181818181818182
1360,NW-flex,3,1.0
1360,BWA-no-clip,4,1.0
1360,BWA-std,4,0.36363636363636365
1360,NW-flex,4,1.0
1360,BWA-no-clip,5,1.0
1360,BWA-std,5,0.36363636363636365
1360,NW-flex,5,1.0
1360,BWA-no-clip,6,1.0
1360,BWA-std,6,0.45454545454545453
1360,NW-flex,6,1.0
1360,BWA-no-clip,7,1.0
1360,BWA-std,7,0.45454545454545453
1360,NW-flex,7,1.0
1360,BWA-no-clip,8,1.0
1360,BWA-std,8,0.6363636363636364
1360,NW-flex,8,1.0
1360,BWA-no-clip,9,1.0
1360,BWA-std,9,0.6363636363636364
1360,NW-flex,9,1.0
1360,BWA-no-clip,10,1.0
1360,BWA-std,10,0.8181818181818182
1360,NW-flex,10,1.0
1361,BWA-no-clip,1,0.09090909090909091
1361,BWA-std,1,0.09090909090909091
1361,NW-flex,1,1.0
1361,BWA-no-clip,2,0.09090909090909091
1361,BWA-std,2,0.09090909090909091
1361,NW-flex,2,1.0
1361,BWA-no-clip,3,0.5757575757575758
1361,BWA-std,3,0.18181818181818182
1361,NW-flex,3,1.0
1361,BWA-no-clip,4,0.8181818181818182
1361,BWA-std,4,0.36363636363636365
1361,NW-flex,4,1.0
1361,BWA-no-clip,5,0.8181818181818182
1361,BWA-std,5,0.36363636363636365
1361,NW-flex,5,1.0
1361,BWA-no-clip,6,1.0
1361,BWA-std,6,0.45454545454545453
1361,NW-flex,6,1.0
1361,BWA-no-clip,7,1.0
1361,BWA-std,7,0.45454545454545453
1361,NW-flex,7,1.0
1361,BWA-no-clip,8,1.0
1361,BWA-std,8,0.6363636363636364
1361,NW-flex,8,1.0
1361,BWA-no-clip,9,1.0
1361,BWA-std,9,0.6363636363636364
1361,NW-flex,9,1.0
1361,BWA-no-clip,10,1.0
1361,BWA-std,10,0.8181818181818182
1361,NW-flex,10,1.0
1362,BWA-no-clip,1,0.18181818181818182
1362,BWA-std,1,0.09090909090909091
1362,NW-flex,1,1.0
1362,BWA-no-clip,2,0.5454545454545454
1362,BWA-std,2,0.18181818181818182
1362,NW-flex,2,1.0
1362,BWA-no-clip,3,0.7272727272727273
1362,BWA-std,3,0.18181818181818182
1362,NW-flex,3,1.0
1362,BWA-no-clip,4,0.7272727272727273
1362,BWA-std,4,0.36363636363636365
1362,NW-flex,4,1.0
1362,BWA-no-clip,5,0.9090909090909091
1362,BWA-std,5,0.36363636363636365
1362,NW-flex,5,1.0
1362,BWA-no-clip,6,0.9090909090909091
1362,BWA-std,6,0.45454545454545453
1362,NW-flex,6,1.0
1362,BWA-no-clip,7,0.9090909090909091
1362,BWA-std,7,0.45454545454545453
1362,NW-flex,7,1.0
1362,BWA-no-clip,8,0.9090909090909091
1362,BWA-std,8,0.6363636363636364
1362,NW-flex,8,1.0
1362,BWA-no-clip,9,1.0
1362,BWA-std,9,0.6363636363636364
1362,NW-flex,9,1.0
1362,BWA-no-clip,10,1.0
1362,BWA-std,10,0.8181818181818182
1362,NW-flex,10,1.0
1363,BWA-no-clip,1,0.5454545454545454
1363,BWA-std,1,0.09090909090909091
1363,NW-flex,1,1.0
1363,BWA-no-clip,2,0.7272727272727273
1363,BWA-std,2,0.18181818181818182
1363,NW-flex,2,1.0
1363,BWA-no-clip,3,0.9090909090909091
1363,BWA-std,3,0.18181818181818182
1363,NW-flex,3,1.0
1363,BWA-no-clip,4,1.0
1363,BWA-std,4,0.36363636363636365
1363,NW-flex,4,1.0
1363,BWA-no-clip,5,0.9090909090909091
1363,BWA-std,5,0.36363636363636365
1363,NW-flex,5,1.0
1363,BWA-no-clip,6,1.0
1363,BWA-std,6,0.45454545454545453
1363,NW-flex,6,1.0
1363,BWA-no-clip,7,1.0
1363,BWA-std,7,0.45454545454545453
1363,NW-flex,7,1.0
1363,BWA-no-clip,8,1.0
1363,BWA-std,8,0.6363636363636364
1363,NW-flex,8,1.0
1363,BWA-no-clip,9,1.0
1363,BWA-std,9,0.6363636363636364
1363,NW-flex,9,1.0
1363,BWA-no-clip,10,1.0
1363,BWA-std,10,0.8181818181818182
1363,NW-flex,10,1.0
1364,BWA-no-clip,1,0.5454545454545454
1364,BWA-std,1,0.09090909090909091
1364,NW-flex,1,1.0
1364,BWA-no-clip,2,0.5454545454545454
1364,BWA-std,2,0.09090909090909091
1364,NW-flex,2,1.0
1364,BWA-no-clip,3,0.7272727272727273
1364,BWA-std,3,0.18181818181818182
1364,NW-flex,3,1.0
1364,BWA-no-clip,4,0.7272727272727273
1364,BWA-std,4,0.36363636363636365
1364,NW-flex,4,1.0
1364,BWA-no-clip,5,0.9090909090909091
1364,BWA-std,5,0.36363636363636365
1364,NW-flex,5,1.0
1364,BWA-no-clip,6,1.0
1364,BWA-std,6,0.45454545454545453
1364,NW-flex,6,1.0
1364,BWA-no-clip,7,1.0
1364,BWA-std,7,0.45454545454545453
1364,NW-flex,7,1.0
1364,BWA-no-clip,8,1.0
1364,BWA-std,8,0.6363636363636364
1364,NW-flex,8,1.0
1364,BWA-no-clip,9,1.0
1364,BWA-std,9,0.6363636363636364
1364,NW-flex,9,1.0
1364,BWA-no-clip,10,1.0
1364,BWA-std,10,0.8181818181818182
1364,NW-flex,10,1.0
1365,BWA-no-clip,1,0.09090909090909091
1365,BWA-std,1,0.09090909090909091
1365,NW-flex,1,1.0
1365,BWA-no-clip,2,0.09090909090909091
1365,BWA-std,2,0.09090909090909091
1365,NW-flex,2,1.0
1365,BWA-no-clip,3,0.5757575757575758
1365,BWA-std,3,0.18181818181818182
1365,NW-flex,3,1.0
1365,BWA-no-clip,4,0.8181818181818182
1365,BWA-std,4,0.36363636363636365
1365,NW-flex,4,1.0
1365,BWA-no-clip,5,0.8181818181818182
1365,BWA-std,5,0.36363636363636365
1365,NW-flex,5,1.0
1365,BWA-no-clip,6,1.0
1365,BWA-std,6,0.45454545454545453
1365,NW-flex,6,1.0
1365,BWA-no-clip,7,1.0
1365,BWA-std,7,0.45454545454545453
1365,NW-flex,7,1.0
1365,BWA-no-clip,8,1.0
1365,BWA-std,8,0.6363636363636364
1365,NW-flex,8,1.0
1365,BWA-no-clip,9,1.0
1365,BWA-std,9,0.6363636363636364
1365,NW-flex,9,1.0
1365,BWA-no-clip,10,1.0
1365,BWA-std,10,0.8181818181818182
1365,NW-flex,10,1.0
1366,BWA-no-clip,1,0.5454545454545454
1366,BWA-std,1,0.09090909090909091
1366,NW-flex,1,1.0
1366,BWA-no-clip,2,0.7272727272727273
1366,BWA-std,2,0.18181818181818182
1366,NW-flex,2,1.0
1366,BWA-no-clip,3,0.8181818181818182
1366,BWA-std,3,0.18181818181818182
1366,NW-flex,3,1.0
1366,BWA-no-clip,4,1.0
1366,BWA-std,4,0.36363636363636365
1366,NW-flex,4,1.0
1366,BWA-no-clip,5,1.0
1366,BWA-std,5,0.36363636363636365
1366,NW-flex,5,1.0
1366,BWA-no-clip,6,1.0
1366,BWA-std,6,0.45454545454545453
1366,NW-flex,6,1.0
1366,BWA-no-clip,7,1.0
1366,BWA-std,7,0.45454545454545453
1366,NW-flex,7,1.0
1366,BWA-no-clip,8,1.0
1366,BWA-std,8,0.6363636363636364
1366,NW-flex,8,1.0
1366,BWA-no-clip,9,1.0
1366,BWA-std,9,0.6363636363636364
1366,NW-flex,9,1.0
1366,BWA-no-clip,10,1.0
1366,BWA-std,10,0.8181818181818182
1366,NW-flex,10,1.0
1367,BWA-no-clip,1,0.5454545454545454
1367,BWA-std,1,0.09090909090909091
1367,NW-flex,1,1.0
1367,BWA-no-clip,2,0.6363636363636364
1367,BWA-std,2,0.18181818181818182
1367,NW-flex,2,1.0
1367,BWA-no-clip,3,0.8181818181818182
1367,BWA-std,3,0.18181818181818182
1367,NW-flex,3,1.0
1367,BWA-no-clip,4,1.0
1367,BWA-std,4,0.36363636363636365
1367,NW-flex,4,1.0
1367,BWA-no-clip,5,1.0
1367,BWA-std,5,0.36363636363636365
1367,NW-flex,5,1.0
1367,BWA-no-clip,6,1.0
1367,BWA-std,6,0.45454545454545453
1367,NW-flex,6,1.0
1367,BWA-no-clip,7,1.0
1367,BWA-std,7,0.45454545454545453
1367,NW-flex,7,1.0
1367,BWA-no-clip,8,1.0
1367,BWA-std,8,0.6363636363636364
1367,NW-flex,8,1.0
1367,BWA-no-clip,9,1.0
1367,BWA-std,9,0.6363636363636364
1367,NW-flex,9,1.0
1367,BWA-no-clip,10,1.0
1367,BWA-std,10,0.8181818181818182
1367,NW-flex,10,1.0
1368,BWA-no-clip,1,0.09090909090909091
1368,BWA-std,1,0.09090909090909091
1368,NW-flex,1,1.0
1368,BWA-no-clip,2,0.45454545454545453
1368,BWA-std,2,0.09090909090909091
1368,NW-flex,2,1.0
1368,BWA-no-clip,3,0.5454545454545454
1368,BWA-std,3,0.09090909090909091
1368,NW-flex,3,1.0
1368,BWA-no-clip,4,0.6363636363636364
1368,BWA-std,4,0.36363636363636365
1368,NW-flex,4,1.0
1368,BWA-no-clip,5,0.7272727272727273
1368,BWA-std,5,0.36363636363636365
1368,NW-flex,5,1.0
1368,BWA-no-clip,6,0.9090909090909091
1368,BWA-std,6,0.45454545454545453
1368,NW-flex,6,1.0
1368,BWA-no-clip,7,0.9090909090909091
1368,BWA-std,7,0.45454545454545453
1368,NW-flex,7,1.0
1368,BWA-no-clip,8,1.0
1368,BWA-std,8,0.6363636363636364
1368,NW-flex,8,1.0
1368,BWA-no-clip,9,1.0
1368,BWA-std,9,0.6363636363636364
1368,NW-flex,9,1.0
1368,BWA-no-clip,10,1.0
1368,BWA-std,10,0.8181818181818182
1368,NW-flex,10,1.0
1369,BWA-no-clip,1,0.09090909090909091
1369,BWA-std,1,0.09090909090909091
1369,NW-flex,1,1.0
1369,BWA-no-clip,2,0.09090909090909091
1369,BWA-std,2,0.09090909090909091
1369,NW-flex,2,1.0
1369,BWA-no-clip,3,0.5757575757575758
1369,BWA-std,3,0.18181818181818182
1369,NW-flex,3,1.0
1369,BWA-no-clip,4,0.8181818181818182
1369,BWA-std,4,0.36363636363636365
1369,NW-flex,4,1.0
1369,BWA-no-clip,5,0.8181818181818182
1369,BWA-std,5,0.36363636363636365
1369,NW-flex,5,1.0
1369,BWA-no-clip,6,1.0
1369,BWA-std,6,0.45454545454545453
1369,NW-flex,6,1.0
1369,BWA-no-clip,7,1.0
1369,BWA-std,7,0.45454545454545453
1369,NW-flex,7,1.0
1369,BWA-no-clip,8,1.0
1369,BWA-std,8,0.6363636363636364
1369,NW-flex,8,1.0
1369,BWA-no-clip,9,1.0
1369,BWA-std,9,0.6363636363636364
1369,NW-flex,9,1.0
1369,BWA-no-clip,10,1.0
1369,BWA-std,10,0.8181818181818182
1369,NW-flex,10,1.0
1370,BWA-no-clip,1,0.5454545454545454
1370,BWA-std,1,0.09090909090909091
1370,NW-flex,1,1.0
1370,BWA-no-clip,2,0.7272727272727273
1370,BWA-std,2,0.18181818181818182
1370,NW-flex,2,1.0
1370,BWA-no-clip,3,0.8181818181818182
1370,BWA-std,3,0.18181818181818182
1370,NW-flex,3,1.0
1370,BWA-no-clip,4,1.0
1370,BWA-std,4,0.36363636363636365
1370,NW-flex,4,1.0
1370,BWA-no-clip,5,1.0
1370,BWA-std,5,0.36363636363636365
1370,NW-flex,5,1.0
1370,BWA-no-clip,6,1.0
1370,BWA-std,6,0.45454545454545453
1370,NW-flex,6,1.0
1370,BWA-no-clip,7,1.0
1370,BWA-std,7,0.45454545454545453
1370,NW-flex,7,1.0
1370,BWA-no-clip,8,1.0
1370,BWA-std,8,0.6363636363636364
1370,NW-flex,8,1.0
1370,BWA-no-clip,9,1.0
1370,BWA-std,9,0.6363636363636364
1370,NW-flex,9,1.0
1370,BWA-no-clip,10,1.0
1370,BWA-std,10,0.8181818181818182
1370,NW-flex,10,1.0
1371,BWA-no-clip,1,0.5454545454545454
1371,BWA-std,1,0.09090909090909091
1371,NW-flex,1,1.0
1371,BWA-no-clip,2,0.6363636363636364
1371,BWA-std,2,0.18181818181818182
1371,NW-flex,2,1.0
1371,BWA-no-clip,3,0.7272727272727273
1371,BWA-std,3,0.18181818181818182
1371,NW-flex,3,1.0
1371,BWA-no-clip,4,0.9090909090909091
1371,BWA-std,4,0.36363636363636365
1371,NW-flex,4,1.0
1371,BWA-no-clip,5,1.0
1371,BWA-std,5,0.36363636363636365
1371,NW-flex,5,1.0
1371,BWA-no-clip,6,1.0
1371,BWA-std,6,0.45454545454545453
1371,NW-flex,6,1.0
1371,BWA-no-clip,7,1.0
1371,BWA-std,7,0.45454545454545453
1371,NW-flex,7,1.0
1371,BWA-no-clip,8,1.0
1371,BWA-std,8,0.6363636363636364
1371,NW-flex,8,1.0
1371,BWA-no-clip,9,1.0
1371,BWA-std,9,0.6363636363636364
1371,NW-flex,9,1.0
1371,BWA-no-clip,10,1.0
1371,BWA-std,10,0.8181818181818182
1371,NW-flex,10,1.0
1372,BWA-no-clip,1,0.09090909090909091
1372,BWA-std,1,0.09090909090909091
1372,NW-flex,1,1.0
1372,BWA-no-clip,2,0.09090909090909091
1372,BWA-std,2,0.09090909090909091
1372,NW-flex,2,1.0
1372,BWA-no-clip,3,0.12121212121212122
1372,BWA-std,3,0.18181818181818182
1372,NW-flex,3,1.0
1372,BWA-no-clip,4,0.5757575757575758
1372,BWA-std,4,0.2727272727272727
1372,NW-flex,4,1.0
1372,BWA-no-clip,5,0.7272727272727273
1372,BWA-std,5,0.36363636363636365
1372,NW-flex,5,1.0
1372,BWA-no-clip,6,0.9090909090909091
1372,BWA-std,6,0.45454545454545453
1372,NW-flex,6,1.0
1372,BWA-no-clip,7,0.9090909090909091
1372,BWA-std,7,0.45454545454545453
1372,NW-flex,7,1.0
1372,BWA-no-clip,8,0.9090909090909091
1372,BWA-std,8,0.6363636363636364
1372,NW-flex,8,1.0
1372,BWA-no-clip,9,1.0
1372,BWA-std,9,0.6363636363636364
1372,NW-flex,9,1.0
1372,BWA-no-clip,10,1.0
1372,BWA-std,10,0.8181818181818182
1372,NW-flex,10,1.0
1373,BWA-no-clip,1,0.5454545454545454
1373,BWA-std,1,0.09090909090909091
1373,NW-flex,1,1.0
1373,BWA-no-clip,2,0.7272727272727273
1373,BWA-std,2,0.18181818181818182
1373,NW-flex,2,1.0
1373,BWA-no-clip,3,0.8181818181818182
1373,BWA-std,3,0.18181818181818182
1373,NW-flex,3,1.0
1373,BWA-no-clip,4,1.0
1373,BWA-std,4,0.36363636363636365
1373,NW-flex,4,1.0
1373,BWA-no-clip,5,0.9090909090909091
1373,BWA-std,5,0.36363636363636365
1373,NW-flex,5,1.0
1373,BWA-no-clip,6,1.0
1373,BWA-std,6,0.45454545454545453
1373,NW-flex,6,1.0
1373,BWA-no-clip,7,1.0
1373,BWA-std,7,0.45454545454545453
1373,NW-flex,7,1.0
1373,BWA-no-clip,8,1.0
1373,BWA-std,8,0.6363636363636364
1373,NW-flex,8,1.0
1373,BWA-no-clip,9,1.0
1373,BWA-std,9,0.6363636363636364
1373,NW-flex,9,1.0
1373,BWA-no-clip,10,1.0
1373,BWA-std,10,0.8181818181818182
1373,NW-flex,10,1.0
1374,BWA-no-clip,1,0.09090909090909091
1374,BWA-std,1,0.09090909090909091
1374,NW-flex,1,1.0
1374,BWA-no-clip,2,0.5454545454545454
1374,BWA-std,2,0.09090909090909091
1374,NW-flex,2,1.0
1374,BWA-no-clip,3,0.7272727272727273
1374,BWA-std,3,0.18181818181818182
1374,NW-flex,3,1.0
1374,BWA-no-clip,4,0.9090909090909091
1374,BWA-std,4,0.36363636363636365
1374,NW-flex,4,1.0
1374,BWA-no-clip,5,1.0
1374,BWA-std,5,0.36363636363636365
1374,NW-flex,5,1.0
1374,BWA-no-clip,6,1.0
1374,BWA-std,6,0.45454545454545453
1374,NW-flex,6,1.0
1374,BWA-no-clip,7,1.0
1374,BWA-std,7,0.45454545454545453
1374,NW-flex,7,1.0
1374,BWA-no-clip,8,1.0
1374,BWA-std,8,0.6363636363636364
1374,NW-flex,8,1.0
1374,BWA-no-clip,9,1.0
1374,BWA-std,9,0.6363636363636364
1374,NW-flex,9,1.0
1374,BWA-no-clip,10,1.0
1374,BWA-std,10,0.8181818181818182
1374,NW-flex,10,1.0
1375,BWA-no-clip,1,0.09090909090909091
1375,BWA-std,1,0.09090909090909091
1375,NW-flex,1,1.0
1375,BWA-no-clip,2,0.09090909090909091
1375,BWA-std,2,0.09090909090909091
1375,NW-flex,2,1.0
1375,BWA-no-clip,3,0.5757575757575758
1375,BWA-std,3,0.18181818181818182
1375,NW-flex,3,1.0
1375,BWA-no-clip,4,0.9090909090909091
1375,BWA-std,4,0.36363636363636365
1375,NW-flex,4,1.0
1375,BWA-no-clip,5,1.0
1375,BWA-std,5,0.36363636363636365
1375,NW-flex,5,1.0
1375,BWA-no-clip,6,1.0
1375,BWA-std,6,0.45454545454545453
1375,NW-flex,6,1.0
1375,BWA-no-clip,7,1.0
1375,BWA-std,7,0.45454545454545453
1375,NW-flex,7,1.0
1375,BWA-no-clip,8,1.0
1375,BWA-std,8,0.6363636363636364
1375,NW-flex,8,1.0
1375,BWA-no-clip,9,1.0
1375,BWA-std,9,0.6363636363636364
1375,NW-flex,9,1.0
1375,BWA-no-clip,10,1.0
1375,BWA-std,10,0.8181818181818182
1375,NW-flex,10,1.0
1376,BWA-no-clip,1,0.5454545454545454
1376,BWA-std,1,0.09090909090909091
1376,NW-flex,1,1.0
1376,BWA-no-clip,2,0.7272727272727273
1376,BWA-std,2,0.18181818181818182
1376,NW-flex,2,1.0
1376,BWA-no-clip,3,0.9090909090909091
1376,BWA-std,3,0.18181818181818182
1376,NW-flex,3,1.0
1376,BWA-no-clip,4,0.9090909090909091
1376,BWA-std,4,0.36363636363636365
1376,NW-flex,4,1.0
1376,BWA-no-clip,5,0.9090909090909091
1376,BWA-std,5,0.36363636363636365
1376,NW-flex,5,1.0
1376,BWA-no-clip,6,0.9090909090909091
1376,BWA-std,6,0.45454545454545453
1376,NW-flex,6,1.0
1376,BWA-no-clip,7,1.0
1376,BWA-std,7,0.45454545454545453
1376,NW-flex,7,1.0
1376,BWA-no-clip,8,1.0
1376,BWA-std,8,0.6363636363636364
1376,NW-flex,8,1.0
1376,BWA-no-clip,9,1.0
1376,BWA-std,9,0.6363636363636364
1376,NW-flex,9,1.0
1376,BWA-no-clip,10,1.0
1376,BWA-std,10,0.8181818181818182
1376,NW-flex,10,1.0
1377,BWA-no-clip,1,0.5454545454545454
1377,BWA-std,1,0.09090909090909091
1377,NW-flex,1,1.0
1377,BWA-no-clip,2,0.7272727272727273
1377,BWA-std,2,0.18181818181818182
1377,NW-flex,2,1.0
1377,BWA-no-clip,3,0.7272727272727273
1377,BWA-std,3,0.18181818181818182
1377,NW-flex,3,1.0
1377,BWA-no-clip,4,0.7272727272727273
1377,BWA-std,4,0.36363636363636365
1377,NW-flex,4,1.0
1377,BWA-no-clip,5,0.9090909090909091
1377,BWA-std,5,0.36363636363636365
1377,NW-flex,5,1.0
1377,BWA-no-clip,6,0.9090909090909091
1377,BWA-std,6,0.45454545454545453
1377,NW-flex,6,1.0
1377,BWA-no-clip,7,1.0
1377,BWA-std,7,0.45454545454545453
1377,NW-flex,7,1.0
1377,BWA-no-clip,8,1.0
1377,BWA-std,8,0.6363636363636364
1377,NW-flex,8,1.0
1377,BWA-no-clip,9,1.0
1377,BWA-std,9,0.6363636363636364
1377,NW-flex,9,1.0
1377,BWA-no-clip,10,1.0
1377,BWA-std,10,0.8181818181818182
1377,NW-flex,10,1.0
1378,BWA-no-clip,1,0.5454545454545454
1378,BWA-std,1,0.09090909090909091
1378,NW-flex,1,1.0
1378,BWA-no-clip,2,0.6363636363636364
1378,BWA-std,2,0.18181818181818182
1378,NW-flex,2,1.0
1378,BWA-no-clip,3,0.8181818181818182
1378,BWA-std,3,0.18181818181818182
1378,NW-flex,3,1.0
1378,BWA-no-clip,4,1.0
1378,BWA-std,4,0.36363636363636365
1378,NW-flex,4,1.0
1378,BWA-no-clip,5,1.0
1378,BWA-std,5,0.36363636363636365
1378,NW-flex,5,1.0
1378,BWA-no-clip,6,1.0
1378,BWA-std,6,0.45454545454545453
1378,NW-flex,6,1.0
1378,BWA-no-clip,7,1.0
1378,BWA-std,7,0.45454545454545453
1378,NW-flex,7,1.0
1378,BWA-no-clip,8,1.0
1378,BWA-std,8,0.6363636363636364
1378,NW-flex,8,1.0
1378,BWA-no-clip,9,1.0
1378,BWA-std,9,0.6363636363636364
1378,NW-flex,9,1.0
1378,BWA-no-clip,10,1.0
1378,BWA-std,10,0.8181818181818182
1378,NW-flex,10,1.0
1379,BWA-no-clip,1,0.5454545454545454
1379,BWA-std,1,0.09090909090909091
1379,NW-flex,1,1.0
1379,BWA-no-clip,2,0.7272727272727273
1379,BWA-std,2,0.18181818181818182
1379,NW-flex,2,1.0
1379,BWA-no-clip,3,0.9090909090909091
1379,BWA-std,3,0.18181818181818182
1379,NW-flex,3,1.0
1379,BWA-no-clip,4,1.0
1379,BWA-std,4,0.36363636363636365
1379,NW-flex,4,1.0
1379,BWA-no-clip,5,1.0
1379,BWA-std,5,0.36363636363636365
1379,NW-flex,5,1.0
1379,BWA-no-clip,6,1.0
1379,BWA-std,6,0.45454545454545453
1379,NW-flex,6,1.0
1379,BWA-no-clip,7,1.0
1379,BWA-std,7,0.45454545454545453
1379,NW-flex,7,1.0
1379,BWA-no-clip,8,1.0
1379,BWA-std,8,0.6363636363636364
1379,NW-flex,8,1.0
1379,BWA-no-clip,9,1.0
1379,BWA-std,9,0.6363636363636364
1379,NW-flex,9,1.0
1379,BWA-no-clip,10,1.0
1379,BWA-std,10,0.8181818181818182
1379,NW-flex,10,1.0
1380,BWA-no-clip,1,0.5454545454545454
1380,BWA-std,1,0.09090909090909091
1380,NW-flex,1,1.0
1380,BWA-no-clip,2,0.6363636363636364
1380,BWA-std,2,0.18181818181818182
1380,NW-flex,2,1.0
1380,BWA-no-clip,3,0.8181818181818182
1380,BWA-std,3,0.18181818181818182
1380,NW-flex,3,1.0
1380,BWA-no-clip,4,0.8181818181818182
1380,BWA-std,4,0.36363636363636365
1380,NW-flex,4,1.0
1380,BWA-no-clip,5,1.0
1380,BWA-std,5,0.36363636363636365
1380,NW-flex,5,1.0
1380,BWA-no-clip,6,1.0
1380,BWA-std,6,0.45454545454545453
1380,NW-flex,6,1.0
1380,BWA-no-clip,7,1.0
1380,BWA-std,7,0.45454545454545453
1380,NW-flex,7,1.0
1380,BWA-no-clip,8,1.0
1380,BWA-std,8,0.6363636363636364
1380,NW-flex,8,1.0
1380,BWA-no-clip,9,1.0
1380,BWA-std,9,0.6363636363636364
1380,NW-flex,9,1.0
1380,BWA-no-clip,10,1.0
1380,BWA-std,10,0.8181818181818182
1380,NW-flex,10,1.0
1381,BWA-no-clip,1,0.5454545454545454
1381,BWA-std,1,0.09090909090909091
1381,NW-flex,1,1.0
1381,BWA-no-clip,2,0.7272727272727273
1381,BWA-std,2,0.18181818181818182
1381,NW-flex,2,1.0
1381,BWA-no-clip,3,0.9090909090909091
1381,BWA-std,3,0.18181818181818182
1381,NW-flex,3,1.0
1381,BWA-no-clip,4,1.0
1381,BWA-std,4,0.36363636363636365
1381,NW-flex,4,1.0
1381,BWA-no-clip,5,1.0
1381,BWA-std,5,0.36363636363636365
1381,NW-flex,5,1.0
1381,BWA-no-clip,6,1.0
1381,BWA-std,6,0.45454545454545453
1381,NW-flex,6,1.0
1381,BWA-no-clip,7,1.0
1381,BWA-std,7,0.45454545454545453
1381,NW-flex,7,1.0
1381,BWA-no-clip,8,1.0
1381,BWA-std,8,0.6363636363636364
1381,NW-flex,8,1.0
1381,BWA-no-clip,9,1.0
1381,BWA-std,9,0.6363636363636364
1381,NW-flex,9,1.0
1381,BWA-no-clip,10,1.0
1381,BWA-std,10,0.8181818181818182
1381,NW-flex,10,1.0
1382,BWA-no-clip,1,0.45454545454545453
1382,BWA-std,1,0.09090909090909091
1382,NW-flex,1,1.0
1382,BWA-no-clip,2,0.7272727272727273
1382,BWA-std,2,0.18181818181818182
1382,NW-flex,2,1.0
1382,BWA-no-clip,3,0.7272727272727273
1382,BWA-std,3,0.18181818181818182
1382,NW-flex,3,1.0
1382,BWA-no-clip,4,0.7272727272727273
1382,BWA-std,4,0.36363636363636365
1382,NW-flex,4,1.0
1382,BWA-no-clip,5,0.9090909090909091
1382,BWA-std,5,0.36363636363636365
1382,NW-flex,5,1.0
1382,BWA-no-clip,6,1.0
1382,BWA-std,6,0.45454545454545453
1382,NW-flex,6,1.0
1382,BWA-no-clip,7,1.0
1382,BWA-std,7,0.45454545454545453
1382,NW-flex,7,1.0
1382,BWA-no-clip,8,1.0
1382,BWA-std,8,0.6363636363636364
1382,NW-flex,8,1.0
1382,BWA-no-clip,9,1.0
1382,BWA-std,9,0.6363636363636364
1382,NW-flex,9,1.0
1382,BWA-no-clip,10,1.0
1382,BWA-std,10,0.8181818181818182
1382,NW-flex,10,1.0
1383,BWA-no-clip,1,0.09090909090909091
1383,BWA-std,1,0.09090909090909091
1383,NW-flex,1,1.0
1383,BWA-no-clip,2,0.5454545454545454
1383,BWA-std,2,0.09090909090909091
1383,NW-flex,2,1.0
1383,BWA-no-clip,3,0.6363636363636364
1383,BWA-std,3,0.09090909090909091
1383,NW-flex,3,1.0
1383,BWA-no-clip,4,0.7272727272727273
1383,BWA-std,4,0.36363636363636365
1383,NW-flex,4,1.0
1383,BWA-no-clip,5,0.9090909090909091
1383,BWA-std,5,0.36363636363636365
1383,NW-flex,5,1.0
1383,BWA-no-clip,6,1.0
1383,BWA-std,6,0.45454545454545453
1383,NW-flex,6,1.0
1383,BWA-no-clip,7,1.0
1383,BWA-std,7,0.45454545454545453
1383,NW-flex,7,1.0
1383,BWA-no-clip,8,1.0
1383,BWA-std,8,0.6363636363636364
1383,NW-flex,8,1.0
1383,BWA-no-clip,9,1.0
1383,BWA-std,9,0.6363636363636364
1383,NW-flex,9,1.0
1383,BWA-no-clip,10,1.0
1383,BWA-std,10,0.8181818181818182
1383,NW-flex,10,1.0
1384,BWA-no-clip,1,0.5454545454545454
1384,BWA-std,1,0.09090909090909091
1384,NW-flex,1,1.0
1384,BWA-no-clip,2,0.7272727272727273
1384,BWA-std,2,0.18181818181818182
1384,NW-flex,2,1.0
1384,BWA-no-clip,3,0.7272727272727273
1384,BWA-std,3,0.18181818181818182
1384,NW-flex,3,1.0
1384,BWA-no-clip,4,0.7272727272727273
1384,BWA-std,4,0.36363636363636365
1384,NW-flex,4,1.0
1384,BWA-no-clip,5,0.7272727272727273
1384,BWA-std,5,0.36363636363636365
1384,NW-flex,5,1.0
1384,BWA-no-clip,6,0.9090909090909091
1384,BWA-std,6,0.45454545454545453
1384,NW-flex,6,1.0
1384,BWA-no-clip,7,1.0
1384,BWA-std,7,0.45454545454545453
1384,NW-flex,7,1.0
1384,BWA-no-clip,8,1.0
1384,BWA-std,8,0.6363636363636364
1384,NW-flex,8,1.0
1384,BWA-no-clip,9,1.0
1384,BWA-std,9,0.6363636363636364
1384,NW-flex,9,1.0
1384,BWA-no-clip,10,1.0
1384,BWA-std,10,0.8181818181818182
1384,NW-flex,10,1.0
1385,BWA-no-clip,1,0.5454545454545454
1385,BWA-std,1,0.09090909090909091
1385,NW-flex,1,1.0
1385,BWA-no-clip,2,0.6363636363636364
1385,BWA-std,2,0.18181818181818182
1385,NW-flex,2,1.0
1385,BWA-no-clip,3,0.7272727272727273
1385,BWA-std,3,0.18181818181818182
1385,NW-flex,3,1.0
1385,BWA-no-clip,4,0.9090909090909091
1385,BWA-std,4,0.36363636363636365
1385,NW-flex,4,1.0
1385,BWA-no-clip,5,1.0
1385,BWA-std,5,0.36363636363636365
1385,NW-flex,5,1.0
1385,BWA-no-clip,6,1.0
1385,BWA-std,6,0.45454545454545453
1385,NW-flex,6,1.0
1385,BWA-no-clip,7,1.0
1385,BWA-std,7,0.45454545454545453
1385,NW-flex,7,1.0
1385,BWA-no-clip,8,1.0
1385,BWA-std,8,0.6363636363636364
1385,NW-flex,8,1.0
1385,BWA-no-clip,9,1.0
1385,BWA-std,9,0.6363636363636364
1385,NW-flex,9,1.0
1385,BWA-no-clip,10,1.0
1385,BWA-std,10,0.8181818181818182
1385,NW-flex,10,1.0
1386,BWA-no-clip,1,0.5454545454545454
1386,BWA-std,1,0.09090909090909091
1386,NW-flex,1,1.0
1386,BWA-no-clip,2,0.7272727272727273
1386,BWA-std,2,0.18181818181818182
1386,NW-flex,2,1.0
1386,BWA-no-clip,3,0.7272727272727273
1386,BWA-std,3,0.18181818181818182
1386,NW-flex,3,1.0
1386,BWA-no-clip,4,0.8181818181818182
1386,BWA-std,4,0.36363636363636365
1386,NW-flex,4,1.0
1386,BWA-no-clip,5,1.0
1386,BWA-std,5,0.36363636363636365
1386,NW-flex,5,1.0
1386,BWA-no-clip,6,1.0
1386,BWA-std,6,0.45454545454545453
1386,NW-flex,6,1.0
1386,BWA-no-clip,7,1.0
1386,BWA-std,7,0.45454545454545453
1386,NW-flex,7,1.0
1386,BWA-no-clip,8,1.0
1386,BWA-std,8,0.6363636363636364
1386,NW-flex,8,1.0
1386,BWA-no-clip,9,1.0
1386,BWA-std,9,0.6363636363636364
1386,NW-flex,9,1.0
1386,BWA-no-clip,10,1.0
1386,BWA-std,10,0.8181818181818182
1386,NW-flex,10,1.0
1387,BWA-no-clip,1,0.36363636363636365
1387,BWA-std,1,0.09090909090909091
1387,NW-flex,1,1.0
1387,BWA-no-clip,2,0.5454545454545454
1387,BWA-std,2,0.18181818181818182
1387,NW-flex,2,1.0
1387,BWA-no-clip,3,0.7272727272727273
1387,BWA-std,3,0.18181818181818182
1387,NW-flex,3,1.0
1387,BWA-no-clip,4,0.7272727272727273
1387,BWA-std,4,0.36363636363636365
1387,NW-flex,4,1.0
1387,BWA-no-clip,5,0.9090909090909091
1387,BWA-std,5,0.36363636363636365
1387,NW-flex,5,1.0
1387,BWA-no-clip,6,1.0
1387,BWA-std,6,0.45454545454545453
1387,NW-flex,6,1.0
1387,BWA-no-clip,7,1.0
1387,BWA-std,7,0.45454545454545453
1387,NW-flex,7,1.0
1387,BWA-no-clip,8,1.0
1387,BWA-std,8,0.6363636363636364
1387,NW-flex,8,1.0
1387,BWA-no-clip,9,1.0
1387,BWA-std,9,0.6363636363636364
1387,NW-flex,9,1.0
1387,BWA-no-clip,10,1.0
1387,BWA-std,10,0.8181818181818182
1387,NW-flex,10,1.0
1388,BWA-no-clip,1,0.5454545454545454
1388,BWA-std,1,0.09090909090909091
1388,NW-flex,1,1.0
1388,BWA-no-clip,2,0.7272727272727273
1388,BWA-std,2,0.18181818181818182
1388,NW-flex,2,1.0
1388,BWA-no-clip,3,0.7272727272727273
1388,BWA-std,3,0.18181818181818182
1388,NW-flex,3,1.0
1388,BWA-no-clip,4,0.8181818181818182
1388,BWA-std,4,0.36363636363636365
1388,NW-flex,4,1.0
1388,BWA-no-clip,5,0.9090909090909091
1388,BWA-std,5,0.36363636363636365
1388,NW-flex,5,1.0
1388,BWA-no-clip,6,0.9090909090909091
1388,BWA-std,6,0.45454545454545453
1388,NW-flex,6,1.0
1388,BWA-no-clip,7,1.0
1388,BWA-std,7,0.45454545454545453
1388,NW-flex,7,1.0
1388,BWA-no-clip,8,1.0
1388,BWA-std,8,0.6363636363636364
1388,NW-flex,8,1.0
1388,BWA-no-clip,9,1.0
1388,BWA-std,9,0.6363636363636364
1388,NW-flex,9,1.0
1388,BWA-no-clip,10,1.0
1388,BWA-std,10,0.8181818181818182
1388,NW-flex,10,1.0
1389,BWA-no-clip,1,0.45454545454545453
1389,BWA-std,1,0.09090909090909091
1389,NW-flex,1,1.0
1389,BWA-no-clip,2,0.6363636363636364
1389,BWA-std,2,0.18181818181818182
1389,NW-flex,2,1.0
1389,BWA-no-clip,3,0.5454545454545454
1389,BWA-std,3,0.18181818181818182
1389,NW-flex,3,1.0
1389,BWA-no-clip,4,0.7272727272727273
1389,BWA-std,4,0.36363636363636365
1389,NW-flex,4,1.0
1389,BWA-no-clip,5,0.7272727272727273
1389,BWA-std,5,0.36363636363636365
1389,NW-flex,5,1.0
1389,BWA-no-clip,6,0.7272727272727273
1389,BWA-std,6,0.45454545454545453
1389,NW-flex,6,1.0
1389,BWA-no-clip,7,0.9090909090909091
1389,BWA-std,7,0.45454545454545453
1389,NW-flex,7,1.0
1389,BWA-no-clip,8,1.0
1389,BWA-std,8,0.6363636363636364
1389,NW-flex,8,1.0
1389,BWA-no-clip,9,1.0
1389,BWA-std,9,0.6363636363636364
1389,NW-flex,9,1.0
1389,BWA-no-clip,10,1.0
1389,BWA-std,10,0.8181818181818182
1389,NW-flex,10,1.0
1390,BWA-no-clip,1,0.5454545454545454
1390,BWA-std,1,0.09090909090909091
1390,NW-flex,1,1.0
1390,BWA-no-clip,2,0.6363636363636364
1390,BWA-std,2,0.18181818181818182
1390,NW-flex,2,1.0
1390,BWA-no-clip,3,0.7272727272727273
1390,BWA-std,3,0.18181818181818182
1390,NW-flex,3,1.0
1390,BWA-no-clip,4,0.9090909090909091
1390,BWA-std,4,0.36363636363636365
1390,NW-flex,4,1.0
1390,BWA-no-clip,5,0.9090909090909091
1390,BWA-std,5,0.36363636363636365
1390,NW-flex,5,1.0
1390,BWA-no-clip,6,1.0
1390,BWA-std,6,0.45454545454545453
1390,NW-flex,6,1.0
1390,BWA-no-clip,7,1.0
1390,BWA-std,7,0.45454545454545453
1390,NW-flex,7,1.0
1390,BWA-no-clip,8,1.0
1390,BWA-std,8,0.6363636363636364
1390,NW-flex,8,1.0
1390,BWA-no-clip,9,1.0
1390,BWA-std,9,0.6363636363636364
1390,NW-flex,9,1.0
1390,BWA-no-clip,10,1.0
1390,BWA-std,10,0.8181818181818182
1390,NW-flex,10,1.0
1391,BWA-no-clip,1,0.5454545454545454
1391,BWA-std,1,0.09090909090909091
1391,NW-flex,1,1.0
1391,BWA-no-clip,2,0.7272727272727273
1391,BWA-std,2,0.18181818181818182
1391,NW-flex,2,1.0
1391,BWA-no-clip,3,0.9090909090909091
1391,BWA-std,3,0.18181818181818182
1391,NW-flex,3,1.0
1391,BWA-no-clip,4,1.0
1391,BWA-std,4,0.36363636363636365
1391,NW-flex,4,1.0
1391,BWA-no-clip,5,1.0
1391,BWA-std,5,0.36363636363636365
1391,NW-flex,5,1.0
1391,BWA-no-clip,6,1.0
1391,BWA-std,6,0.45454545454545453
1391,NW-flex,6,1.0
1391,BWA-no-clip,7,1.0
1391,BWA-std,7,0.45454545454545453
1391,NW-flex,7,1.0
1391,BWA-no-clip,8,1.0
1391,BWA-std,8,0.6363636363636364
1391,NW-flex,8,1.0
1391,BWA-no-clip,9,1.0
1391,BWA-std,9,0.6363636363636364
1391,NW-flex,9,1.0
1391,BWA-no-clip,10,1.0
1391,BWA-std,10,0.8181818181818182
1391,NW-flex,10,1.0
1392,BWA-no-clip,1,0.5454545454545454
1392,BWA-std,1,0.09090909090909091
1392,NW-flex,1,1.0
1392,BWA-no-clip,2,0.5454545454545454
1392,BWA-std,2,0.09090909090909091
1392,NW-flex,2,1.0
1392,BWA-no-clip,3,0.7272727272727273
1392,BWA-std,3,0.18181818181818182
1392,NW-flex,3,1.0
1392,BWA-no-clip,4,0.9090909090909091
1392,BWA-std,4,0.36363636363636365
1392,NW-flex,4,1.0
1392,BWA-no-clip,5,1.0
1392,BWA-std,5,0.36363636363636365
1392,NW-flex,5,1.0
1392,BWA-no-clip,6,1.0
1392,BWA-std,6,0.45454545454545453
1392,NW-flex,6,1.0
1392,BWA-no-clip,7,1.0
1392,BWA-std,7,0.45454545454545453
1392,NW-flex,7,1.0
1392,BWA-no-clip,8,1.0
1392,BWA-std,8,0.6363636363636364
1392,NW-flex,8,1.0
1392,BWA-no-clip,9,1.0
1392,BWA-std,9,0.6363636363636364
1392,NW-flex,9,1.0
1392,BWA-no-clip,10,1.0
1392,BWA-std,10,0.8181818181818182
1392,NW-flex,10,1.0
1393,BWA-no-clip,1,0.09090909090909091
1393,BWA-std,1,0.09090909090909091
1393,NW-flex,1,1.0
1393,BWA-no-clip,2,0.5454545454545454
1393,BWA-std,2,0.09090909090909091
1393,NW-flex,2,1.0
1393,BWA-no-clip,3,0.6363636363636364
1393,BWA-std,3,0.09090909090909091
1393,NW-flex,3,1.0
1393,BWA-no-clip,4,0.7272727272727273
1393,BWA-std,4,0.36363636363636365
1393,NW-flex,4,1.0
1393,BWA-no-clip,5,0.9090909090909091
1393,BWA-std,5,0.36363636363636365
1393,NW-flex,5,1.0
1393,BWA-no-clip,6,1.0
1393,BWA-std,6,0.45454545454545453
1393,NW-flex,6,1.0
1393,BWA-no-clip,7,1.0
1393,BWA-std,7,0.45454545454545453
1393,NW-flex,7,1.0
1393,BWA-no-clip,8,1.0
1393,BWA-std,8,0.6363636363636364
1393,NW-flex,8,1.0
1393,BWA-no-clip,9,1.0
1393,BWA-std,9,0.6363636363636364
1393,NW-flex,9,1.0
1393,BWA-no-clip,10,1.0
1393,BWA-std,10,0.8181818181818182
1393,NW-flex,10,1.0
1394,BWA-no-clip,1,0.5454545454545454
1394,BWA-std,1,0.09090909090909091
1394,NW-flex,1,1.0
1394,BWA-no-clip,2,0.7272727272727273
1394,BWA-std,2,0.18181818181818182
1394,NW-flex,2,1.0
1394,BWA-no-clip,3,0.7272727272727273
1394,BWA-std,3,0.18181818181818182
1394,NW-flex,3,1.0
1394,BWA-no-clip,4,0.7272727272727273
1394,BWA-std,4,0.36363636363636365
1394,NW-flex,4,1.0
1394,BWA-no-clip,5,0.7272727272727273
1394,BWA-std,5,0.36363636363636365
1394,NW-flex,5,1.0
1394,BWA-no-clip,6,0.9090909090909091
1394,BWA-std,6,0.45454545454545453
1394,NW-flex,6,1.0
1394,BWA-no-clip,7,1.0
1394,BWA-std,7,0.45454545454545453
1394,NW-flex,7,1.0
1394,BWA-no-clip,8,1.0
1394,BWA-std,8,0.6363636363636364
1394,NW-flex,8,1.0
1394,BWA-no-clip,9,1.0
1394,BWA-std,9,0.6363636363636364
1394,NW-flex,9,1.0
1394,BWA-no-clip,10,1.0
1394,BWA-std,10,0.8181818181818182
1394,NW-flex,10,1.0
1395,BWA-no-clip,1,0.09090909090909091
1395,BWA-std,1,0.09090909090909091
1395,NW-flex,1,1.0
1395,BWA-no-clip,2,0.09090909090909091
1395,BWA-std,2,0.09090909090909091
1395,NW-flex,2,1.0
1395,BWA-no-clip,3,0.12121212121212122
1395,BWA-std,3,0.18181818181818182
1395,NW-flex,3,1.0
1395,BWA-no-clip,4,0.12121212121212122
1395,BWA-std,4,0.18181818181818182
1395,NW-flex,4,1.0
1395,BWA-no-clip,5,0.5757575757575758
1395,BWA-std,5,0.2727272727272727
1395,NW-flex,5,1.0
1395,BWA-no-clip,6,1.0
1395,BWA-std,6,0.45454545454545453
1395,NW-flex,6,1.0
1395,BWA-no-clip,7,1.0
1395,BWA-std,7,0.45454545454545453
1395,NW-flex,7,1.0
1395,BWA-no-clip,8,1.0
1395,BWA-std,8,0.6363636363636364
1395,NW-flex,8,1.0
1395,BWA-no-clip,9,1.0
1395,BWA-std,9,0.6363636363636364
1395,NW-flex,9,1.0
1395,BWA-no-clip,10,1.0
1395,BWA-std,10,0.8181818181818182
1395,NW-flex,10,1.0
1396,BWA-no-clip,1,0.5454545454545454
1396,BWA-std,1,0.09090909090909091
1396,NW-flex,1,1.0
1396,BWA-no-clip,2,0.7272727272727273
1396,BWA-std,2,0.18181818181818182
1396,NW-flex,2,1.0
1396,BWA-no-clip,3,0.9090909090909091
1396,BWA-std,3,0.18181818181818182
1396,NW-flex,3,1.0
1396,BWA-no-clip,4,1.0
1396,BWA-std,4,0.36363636363636365
1396,NW-flex,4,1.0
1396,BWA-no-clip,5,1.0
1396,BWA-std,5,0.36363636363636365
1396,NW-flex,5,1.0
1396,BWA-no-clip,6,1.0
1396,BWA-std,6,0.45454545454545453
1396,NW-flex,6,1.0
1396,BWA-no-clip,7,1.0
1396,BWA-std,7,0.45454545454545453
1396,NW-flex,7,1.0
1396,BWA-no-clip,8,1.0
1396,BWA-std,8,0.6363636363636364
1396,NW-flex,8,1.0
1396,BWA-no-clip,9,1.0
1396,BWA-std,9,0.6363636363636364
1396,NW-flex,9,1.0
1396,BWA-no-clip,10,1.0
1396,BWA-std,10,0.8181818181818182
1396,NW-flex,10,1.0
1397,BWA-no-clip,1,0.45454545454545453
1397,BWA-std,1,0.09090909090909091
1397,NW-flex,1,1.0
1397,BWA-no-clip,2,0.6363636363636364
1397,BWA-std,2,0.18181818181818182
1397,NW-flex,2,1.0
1397,BWA-no-clip,3,0.7272727272727273
1397,BWA-std,3,0.18181818181818182
1397,NW-flex,3,1.0
1397,BWA-no-clip,4,0.7272727272727273
1397,BWA-std,4,0.36363636363636365
1397,NW-flex,4,1.0
1397,BWA-no-clip,5,0.9090909090909091
1397,BWA-std,5,0.36363636363636365
1397,NW-flex,5,1.0
1397,BWA-no-clip,6,1.0
1397,BWA-std,6,0.45454545454545453
1397,NW-flex,6,1.0
1397,BWA-no-clip,7,1.0
1397,BWA-std,7,0.45454545454545453
1397,NW-flex,7,1.0
1397,BWA-no-clip,8,1.0
1397,BWA-std,8,0.6363636363636364
1397,NW-flex,8,1.0
1397,BWA-no-clip,9,1.0
1397,BWA-std,9,0.6363636363636364
1397,NW-flex,9,1.0
1397,BWA-no-clip,10,1.0
1397,BWA-std,10,0.8181818181818182
1397,NW-flex,10,1.0
1398,BWA-no-clip,1,0.5454545454545454
1398,BWA-std,1,0.09090909090909091
1398,NW-flex,1,1.0
1398,BWA-no-clip,2,0.7272727272727273
1398,BWA-std,2,0.18181818181818182
1398,NW-flex,2,1.0
1398,BWA-no-clip,3,0.7272727272727273
1398,BWA-std,3,0.18181818181818182
1398,NW-flex,3,1.0
1398,BWA-no-clip,4,0.9090909090909091
1398,BWA-std,4,0.36363636363636365
1398,NW-flex,4,1.0
1398,BWA-no-clip,5,1.0
1398,BWA-std,5,0.36363636363636365
1398,NW-flex,5,1.0
1398,BWA-no-clip,6,1.0
1398,BWA-std,6,0.45454545454545453
1398,NW-flex,6,1.0
1398,BWA-no-clip,7,1.0
1398,BWA-std,7,0.45454545454545453
1398,NW-flex,7,1.0
1398,BWA-no-clip,8,1.0
1398,BWA-std,8,0.6363636363636364
1398,NW-flex,8,1.0
1398,BWA-no-clip,9,1.0
1398,BWA-std,9,0.6363636363636364
1398,NW-flex,9,1.0
1398,BWA-no-clip,10,1.0
1398,BWA-std,10,0.8181818181818182
1398,NW-flex,10,1.0
1399,BWA-no-clip,1,0.5454545454545454
1399,BWA-std,1,0.09090909090909091
1399,NW-flex,1,1.0
1399,BWA-no-clip,2,0.7272727272727273
1399,BWA-std,2,0.18181818181818182
1399,NW-flex,2,1.0
1399,BWA-no-clip,3,0.7272727272727273
1399,BWA-std,3,0.18181818181818182
1399,NW-flex,3,1.0
1399,BWA-no-clip,4,0.7272727272727273
1399,BWA-std,4,0.36363636363636365
1399,NW-flex,4,1.0
1399,BWA-no-clip,5,0.9090909090909091
1399,BWA-std,5,0.36363636363636365
1399,NW-flex,5,1.0
1399,BWA-no-clip,6,1.0
1399,BWA-std,6,0.45454545454545453
1399,NW-flex,6,1.0
1399,BWA-no-clip,7,1.0
1399,BWA-std,7,0.45454545454545453
1399,NW-flex,7,1.0
1399,BWA-no-clip,8,1.0
1399,BWA-std,8,0.6363636363636364
1399,NW-flex,8,1.0
1399,BWA-no-clip,9,1.0
1399,BWA-std,9,0.6363636363636364
1399,NW-flex,9,1.0
1399,BWA-no-clip,10,1.0
1399,BWA-std,10,0.8181818181818182
1399,NW-flex,10,1.0
1400,BWA-no-clip,1,0.5454545454545454
1400,BWA-std,1,0.09090909090909091
1400,NW-flex,1,1.0
1400,BWA-no-clip,2,0.7272727272727273
1400,BWA-std,2,0.18181818181818182
1400,NW-flex,2,1.0
1400,BWA-no-clip,3,0.9090909090909091
1400,BWA-std,3,0.18181818181818182
1400,NW-flex,3,1.0
1400,BWA-no-clip,4,0.8181818181818182
1400,BWA-std,4,0.36363636363636365
1400,NW-flex,4,1.0
1400,BWA-no-clip,5,0.9090909090909091
1400,BWA-std,5,0.36363636363636365
1400,NW-flex,5,1.0
1400,BWA-no-clip,6,0.9090909090909091
1400,BWA-std,6,0.45454545454545453
1400,NW-flex,6,1.0
1400,BWA-no-clip,7,1.0
1400,BWA-std,7,0.45454545454545453
1400,NW-flex,7,1.0
1400,BWA-no-clip,8,1.0
1400,BWA-std,8,0.6363636363636364
1400,NW-flex,8,1.0
1400,BWA-no-clip,9,1.0
1400,BWA-std,9,0.6363636363636364
1400,NW-flex,9,1.0
1400,BWA-no-clip,10,1.0
1400,BWA-std,10,0.8181818181818182
1400,NW-flex,10,1.0
1401,BWA-no-clip,1,0.09090909090909091
1401,BWA-std,1,0.09090909090909091
1401,NW-flex,1,1.0
1401,BWA-no-clip,2,0.36363636363636365
1401,BWA-std,2,0.09090909090909091
1401,NW-flex,2,1.0
1401,BWA-no-clip,3,0.7272727272727273
1401,BWA-std,3,0.18181818181818182
1401,NW-flex,3,1.0
1401,BWA-no-clip,4,0.8181818181818182
1401,BWA-std,4,0.36363636363636365
1401,NW-flex,4,1.0
1401,BWA-no-clip,5,0.8181818181818182
1401,BWA-std,5,0.36363636363636365
1401,NW-flex,5,1.0
1401,BWA-no-clip,6,1.0
1401,BWA-std,6,0.45454545454545453
1401,NW-flex,6,1.0
1401,BWA-no-clip,7,1.0
1401,BWA-std,7,0.45454545454545453
1401,NW-flex,7,1.0
1401,BWA-no-clip,8,1.0
1401,BWA-std,8,0.6363636363636364
1401,NW-flex,8,1.0
1401,BWA-no-clip,9,1.0
1401,BWA-std,9,0.6363636363636364
1401,NW-flex,9,1.0
1401,BWA-no-clip,10,1.0
1401,BWA-std,10,0.8181818181818182
1401,NW-flex,10,1.0
1402,BWA-no-clip,1,0.5454545454545454
1402,BWA-std,1,0.09090909090909091
1402,NW-flex,1,1.0
1402,BWA-no-clip,2,0.7272727272727273
1402,BWA-std,2,0.18181818181818182
1402,NW-flex,2,1.0
1402,BWA-no-clip,3,0.9090909090909091
1402,BWA-std,3,0.18181818181818182
1402,NW-flex,3,1.0
1402,BWA-no-clip,4,0.9090909090909091
1402,BWA-std,4,0.36363636363636365
1402,NW-flex,4,1.0
1402,BWA-no-clip,5,1.0
1402,BWA-std,5,0.36363636363636365
1402,NW-flex,5,1.0
1402,BWA-no-clip,6,1.0
1402,BWA-std,6,0.45454545454545453
1402,NW-flex,6,1.0
1402,BWA-no-clip,7,1.0
1402,BWA-std,7,0.45454545454545453
1402,NW-flex,7,1.0
1402,BWA-no-clip,8,1.0
1402,BWA-std,8,0.6363636363636364
1402,NW-flex,8,1.0
1402,BWA-no-clip,9,1.0
1402,BWA-std,9,0.6363636363636364
1402,NW-flex,9,1.0
1402,BWA-no-clip,10,1.0
1402,BWA-std,10,0.8181818181818182
1402,NW-flex,10,1.0
1403,BWA-no-clip,1,0.5454545454545454
1403,BWA-std,1,0.09090909090909091
1403,NW-flex,1,1.0
1403,BWA-no-clip,2,0.7272727272727273
1403,BWA-std,2,0.18181818181818182
1403,NW-flex,2,1.0
1403,BWA-no-clip,3,0.9090909090909091
1403,BWA-std,3,0.18181818181818182
1403,NW-flex,3,1.0
1403,BWA-no-clip,4,1.0
1403,BWA-std,4,0.36363636363636365
1403,NW-flex,4,1.0
1403,BWA-no-clip,5,1.0
1403,BWA-std,5,0.36363636363636365
1403,NW-flex,5,1.0
1403,BWA-no-clip,6,1.0
1403,BWA-std,6,0.45454545454545453
1403,NW-flex,6,1.0
1403,BWA-no-clip,7,1.0
1403,BWA-std,7,0.45454545454545453
1403,NW-flex,7,1.0
1403,BWA-no-clip,8,1.0
1403,BWA-std,8,0.6363636363636364
1403,NW-flex,8,1.0
1403,BWA-no-clip,9,1.0
1403,BWA-std,9,0.6363636363636364
1403,NW-flex,9,1.0
1403,BWA-no-clip,10,1.0
1403,BWA-std,10,0.8181818181818182
1403,NW-flex,10,1.0
1404,BWA-no-clip,1,0.5454545454545454
1404,BWA-std,1,0.09090909090909091
1404,NW-flex,1,1.0
1404,BWA-no-clip,2,0.6363636363636364
1404,BWA-std,2,0.18181818181818182
1404,NW-flex,2,1.0
1404,BWA-no-clip,3,0.8181818181818182
1404,BWA-std,3,0.18181818181818182
1404,NW-flex,3,1.0
1404,BWA-no-clip,4,1.0
1404,BWA-std,4,0.36363636363636365
1404,NW-flex,4,1.0
1404,BWA-no-clip,5,1.0
1404,BWA-std,5,0.36363636363636365
1404,NW-flex,5,1.0
1404,BWA-no-clip,6,1.0
1404,BWA-std,6,0.45454545454545453
1404,NW-flex,6,1.0
1404,BWA-no-clip,7,1.0
1404,BWA-std,7,0.45454545454545453
1404,NW-flex,7,1.0
1404,BWA-no-clip,8,1.0
1404,BWA-std,8,0.6363636363636364
1404,NW-flex,8,1.0
1404,BWA-no-clip,9,1.0
1404,BWA-std,9,0.6363636363636364
1404,NW-flex,9,1.0
1404,BWA-no-clip,10,1.0
1404,BWA-std,10,0.8181818181818182
1404,NW-flex,10,1.0
1405,BWA-no-clip,1,0.5454545454545454
1405,BWA-std,1,0.09090909090909091
1405,NW-flex,1,1.0
1405,BWA-no-clip,2,0.6363636363636364
1405,BWA-std,2,0.18181818181818182
1405,NW-flex,2,1.0
1405,BWA-no-clip,3,0.8181818181818182
1405,BWA-std,3,0.18181818181818182
1405,NW-flex,3,1.0
1405,BWA-no-clip,4,1.0
1405,BWA-std,4,0.36363636363636365
1405,NW-flex,4,1.0
1405,BWA-no-clip,5,0.9090909090909091
1405,BWA-std,5,0.36363636363636365
1405,NW-flex,5,1.0
1405,BWA-no-clip,6,1.0
1405,BWA-std,6,0.45454545454545453
1405,NW-flex,6,1.0
1405,BWA-no-clip,7,1.0
1405,BWA-std,7,0.45454545454545453
1405,NW-flex,7,1.0
1405,BWA-no-clip,8,1.0
1405,BWA-std,8,0.6363636363636364
1405,NW-flex,8,1.0
1405,BWA-no-clip,9,1.0
1405,BWA-std,9,0.6363636363636364
1405,NW-flex,9,1.0
1405,BWA-no-clip,10,1.0
1405,BWA-std,10,0.8181818181818182
1405,NW-flex,10,1.0
1406,BWA-no-clip,1,0.36363636363636365
1406,BWA-std,1,0.09090909090909091
1406,NW-flex,1,1.0
1406,BWA-no-clip,2,0.5454545454545454
1406,BWA-std,2,0.09090909090909091
1406,NW-flex,2,1.0
1406,BWA-no-clip,3,0.6363636363636364
1406,BWA-std,3,0.18181818181818182
1406,NW-flex,3,1.0
1406,BWA-no-clip,4,0.9090909090909091
1406,BWA-std,4,0.36363636363636365
1406,NW-flex,4,1.0
1406,BWA-no-clip,5,0.9090909090909091
1406,BWA-std,5,0.36363636363636365
1406,NW-flex,5,1.0
1406,BWA-no-clip,6,0.9090909090909091
1406,BWA-std,6,0.45454545454545453
1406,NW-flex,6,1.0
1406,BWA-no-clip,7,1.0
1406,BWA-std,7,0.45454545454545453
1406,NW-flex,7,1.0
1406,BWA-no-clip,8,1.0
1406,BWA-std,8,0.6363636363636364
1406,NW-flex,8,1.0
1406,BWA-no-clip,9,1.0
1406,BWA-std,9,0.6363636363636364
1406,NW-flex,9,1.0
1406,BWA-no-clip,10,1.0
1406,BWA-std,10,0.8181818181818182
1406,NW-flex,10,1.0
1407,BWA-no-clip,1,0.5454545454545454
1407,BWA-std,1,0.09090909090909091
1407,NW-flex,1,1.0
1407,BWA-no-clip,2,0.7272727272727273
1407,BWA-std,2,0.18181818181818182
1407,NW-flex,2,1.0
1407,BWA-no-clip,3,0.8181818181818182
1407,BWA-std,3,0.18181818181818182
1407,NW-flex,3,1.0
1407,BWA-no-clip,4,0.9090909090909091
1407,BWA-std,4,0.36363636363636365
1407,NW-flex,4,1.0
1407,BWA-no-clip,5,1.0
1407,BWA-std,5,0.36363636363636365
1407,NW-flex,5,1.0
1407,BWA-no-clip,6,1.0
1407,BWA-std,6,0.45454545454545453
1407,NW-flex,6,1.0
1407,BWA-no-clip,7,1.0
1407,BWA-std,7,0.45454545454545453
1407,NW-flex,7,1.0
1407,BWA-no-clip,8,1.0
1407,BWA-std,8,0.6363636363636364
1407,NW-flex,8,1.0
1407,BWA-no-clip,9,1.0
1407,BWA-std,9,0.6363636363636364
1407,NW-flex,9,1.0
1407,BWA-no-clip,10,1.0
1407,BWA-std,10,0.8181818181818182
1407,NW-flex,10,1.0
1408,BWA-no-clip,1,0.5454545454545454
1408,BWA-std,1,0.09090909090909091
1408,NW-flex,1,1.0
1408,BWA-no-clip,2,0.7272727272727273
1408,BWA-std,2,0.18181818181818182
1408,NW-flex,2,1.0
1408,BWA-no-clip,3,0.9090909090909091
1408,BWA-std,3,0.18181818181818182
1408,NW-flex,3,1.0
1408,BWA-no-clip,4,1.0
1408,BWA-std,4,0.36363636363636365
1408,NW-flex,4,1.0
1408,BWA-no-clip,5,0.9090909090909091
1408,BWA-std,5,0.36363636363636365
1408,NW-flex,5,1.0
1408,BWA-no-clip,6,1.0
1408,BWA-std,6,0.45454545454545453
1408,NW-flex,6,1.0
1408,BWA-no-clip,7,1.0
1408,BWA-std,7,0.45454545454545453
1408,NW-flex,7,1.0
1408,BWA-no-clip,8,1.0
1408,BWA-std,8,0.6363636363636364
1408,NW-flex,8,1.0
1408,BWA-no-clip,9,1.0
1408,BWA-std,9,0.6363636363636364
1408,NW-flex,9,1.0
1408,BWA-no-clip,10,1.0
1408,BWA-std,10,0.8181818181818182
1408,NW-flex,10,1.0
1409,BWA-no-clip,1,0.5454545454545454
1409,BWA-std,1,0.09090909090909091
1409,NW-flex,1,1.0
1409,BWA-no-clip,2,0.6363636363636364
1409,BWA-std,2,0.18181818181818182
1409,NW-flex,2,1.0
1409,BWA-no-clip,3,0.8181818181818182
1409,BWA-std,3,0.18181818181818182
1409,NW-flex,3,1.0
1409,BWA-no-clip,4,1.0
1409,BWA-std,4,0.36363636363636365
1409,NW-flex,4,1.0
1409,BWA-no-clip,5,0.9090909090909091
1409,BWA-std,5,0.36363636363636365
1409,NW-flex,5,1.0
1409,BWA-no-clip,6,0.9090909090909091
1409,BWA-std,6,0.45454545454545453
1409,NW-flex,6,1.0
1409,BWA-no-clip,7,1.0
1409,BWA-std,7,0.45454545454545453
1409,NW-flex,7,1.0
1409,BWA-no-clip,8,1.0
1409,BWA-std,8,0.6363636363636364
1409,NW-flex,8,1.0
1409,BWA-no-clip,9,1.0
1409,BWA-std,9,0.6363636363636364
1409,NW-flex,9,1.0
1409,BWA-no-clip,10,1.0
1409,BWA-std,10,0.8181818181818182
1409,NW-flex,10,1.0
1410,BWA-no-clip,1,0.18181818181818182
1410,BWA-std,1,0.09090909090909091
1410,NW-flex,1,1.0
1410,BWA-no-clip,2,0.18181818181818182
1410,BWA-std,2,0.09090909090909091
1410,NW-flex,2,1.0
1410,BWA-no-clip,3,0.7272727272727273
1410,BWA-std,3,0.18181818181818182
1410,NW-flex,3,1.0
1410,BWA-no-clip,4,0.8181818181818182
1410,BWA-std,4,0.36363636363636365
1410,NW-flex,4,1.0
1410,BWA-no-clip,5,0.8181818181818182
1410,BWA-std,5,0.36363636363636365
1410,NW-flex,5,1.0
1410,BWA-no-clip,6,1.0
1410,BWA-std,6,0.45454545454545453
1410,NW-flex,6,1.0
1410,BWA-no-clip,7,1.0
1410,BWA-std,7,0.45454545454545453
1410,NW-flex,7,1.0
1410,BWA-no-clip,8,1.0
1410,BWA-std,8,0.6363636363636364
1410,NW-flex,8,1.0
1410,BWA-no-clip,9,1.0
1410,BWA-std,9,0.6363636363636364
1410,NW-flex,9,1.0
1410,BWA-no-clip,10,1.0
1410,BWA-std,10,0.8181818181818182
1410,NW-flex,10,1.0
1411,BWA-no-clip,1,0.09090909090909091
1411,BWA-std,1,0.09090909090909091
1411,NW-flex,1,1.0
1411,BWA-no-clip,2,0.5454545454545454
1411,BWA-std,2,0.09090909090909091
1411,NW-flex,2,1.0
1411,BWA-no-clip,3,0.7272727272727273
1411,BWA-std,3,0.18181818181818182
1411,NW-flex,3,1.0
1411,BWA-no-clip,4,0.9090909090909091
1411,BWA-std,4,0.36363636363636365
1411,NW-flex,4,1.0
1411,BWA-no-clip,5,1.0
1411,BWA-std,5,0.36363636363636365
1411,NW-flex,5,1.0
1411,BWA-no-clip,6,1.0
1411,BWA-std,6,0.45454545454545453
1411,NW-flex,6,1.0
1411,BWA-no-clip,7,1.0
1411,BWA-std,7,0.45454545454545453
1411,NW-flex,7,1.0
1411,BWA-no-clip,8,1.0
1411,BWA-std,8,0.6363636363636364
1411,NW-flex,8,1.0
1411,BWA-no-clip,9,1.0
1411,BWA-std,9,0.6363636363636364
1411,NW-flex,9,1.0
1411,BWA-no-clip,10,1.0
1411,BWA-std,10,0.8181818181818182
1411,NW-flex,10,1.0
1412,BWA-no-clip,1,0.5454545454545454
1412,BWA-std,1,0.09090909090909091
1412,NW-flex,1,1.0
1412,BWA-no-clip,2,0.7272727272727273
1412,BWA-std,2,0.18181818181818182
1412,NW-flex,2,1.0
1412,BWA-no-clip,3,0.9090909090909091
1412,BWA-std,3,0.18181818181818182
1412,NW-flex,3,1.0
1412,BWA-no-clip,4,0.9090909090909091
1412,BWA-std,4,0.36363636363636365
1412,NW-flex,4,1.0
1412,BWA-no-clip,5,1.0
1412,BWA-std,5,0.36363636363636365
1412,NW-flex,5,1.0
1412,BWA-no-clip,6,1.0
1412,BWA-std,6,0.45454545454545453
1412,NW-flex,6,1.0
1412,BWA-no-clip,7,1.0
1412,BWA-std,7,0.45454545454545453
1412,NW-flex,7,1.0
1412,BWA-no-clip,8,1.0
1412,BWA-std,8,0.6363636363636364
1412,NW-flex,8,1.0
1412,BWA-no-clip,9,1.0
1412,BWA-std,9,0.6363636363636364
1412,NW-flex,9,1.0
1412,BWA-no-clip,10,1.0
1412,BWA-std,10,0.8181818181818182
1412,NW-flex,10,1.0
1413,BWA-no-clip,1,0.5454545454545454
1413,BWA-std,1,0.09090909090909091
1413,NW-flex,1,1.0
1413,BWA-no-clip,2,0.7272727272727273
1413,BWA-std,2,0.18181818181818182
1413,NW-flex,2,1.0
1413,BWA-no-clip,3,0.9090909090909091
1413,BWA-std,3,0.18181818181818182
1413,NW-flex,3,1.0
1413,BWA-no-clip,4,0.9090909090909091
1413,BWA-std,4,0.36363636363636365
1413,NW-flex,4,1.0
1413,BWA-no-clip,5,1.0
1413,BWA-std,5,0.36363636363636365
1413,NW-flex,5,1.0
1413,BWA-no-clip,6,1.0
1413,BWA-std,6,0.45454545454545453
1413,NW-flex,6,1.0
1413,BWA-no-clip,7,1.0
1413,BWA-std,7,0.45454545454545453
1413,NW-flex,7,1.0
1413,BWA-no-clip,8,1.0
1413,BWA-std,8,0.6363636363636364
1413,NW-flex,8,1.0
1413,BWA-no-clip,9,1.0
1413,BWA-std,9,0.6363636363636364
1413,NW-flex,9,1.0
1413,BWA-no-clip,10,1.0
1413,BWA-std,10,0.8181818181818182
1413,NW-flex,10,1.0
1414,BWA-no-clip,1,0.09090909090909091
1414,BWA-std,1,0.09090909090909091
1414,NW-flex,1,1.0
1414,BWA-no-clip,2,0.09090909090909091
1414,BWA-std,2,0.09090909090909091
1414,NW-flex,2,1.0
1414,BWA-no-clip,3,0.5757575757575758
1414,BWA-std,3,0.18181818181818182
1414,NW-flex,3,1.0
1414,BWA-no-clip,4,0.9090909090909091
1414,BWA-std,4,0.36363636363636365
1414,NW-flex,4,1.0
1414,BWA-no-clip,5,1.0
1414,BWA-std,5,0.36363636363636365
1414,NW-flex,5,1.0
1414,BWA-no-clip,6,1.0
1414,BWA-std,6,0.45454545454545453
1414,NW-flex,6,1.0
1414,BWA-no-clip,7,1.0
1414,BWA-std,7,0.45454545454545453
1414,NW-flex,7,1.0
1414,BWA-no-clip,8,1.0
1414,BWA-std,8,0.6363636363636364
1414,NW-flex,8,1.0
1414,BWA-no-clip,9,1.0
1414,BWA-std,9,0.6363636363636364
1414,NW-flex,9,1.0
1414,BWA-no-clip,10,1.0
1414,BWA-std,10,0.8181818181818182
1414,NW-flex,10,1.0
1415,BWA-no-clip,1,0.5454545454545454
1415,BWA-std,1,0.09090909090909091
1415,NW-flex,1,1.0
1415,BWA-no-clip,2,0.7272727272727273
1415,BWA-std,2,0.18181818181818182
1415,NW-flex,2,1.0
1415,BWA-no-clip,3,0.9090909090909091
1415,BWA-std,3,0.18181818181818182
1415,NW-flex,3,1.0
1415,BWA-no-clip,4,0.9090909090909091
1415,BWA-std,4,0.36363636363636365
1415,NW-flex,4,1.0
1415,BWA-no-clip,5,0.9090909090909091
1415,BWA-std,5,0.36363636363636365
1415,NW-flex,5,1.0
1415,BWA-no-clip,6,1.0
1415,BWA-std,6,0.45454545454545453
1415,NW-flex,6,1.0
1415,BWA-no-clip,7,1.0
1415,BWA-std,7,0.45454545454545453
1415,NW-flex,7,1.0
1415,BWA-no-clip,8,1.0
1415,BWA-std,8,0.6363636363636364
1415,NW-flex,8,1.0
1415,BWA-no-clip,9,1.0
1415,BWA-std,9,0.6363636363636364
1415,NW-flex,9,1.0
1415,BWA-no-clip,10,1.0
1415,BWA-std,10,0.8181818181818182
1415,NW-flex,10,1.0
1416,BWA-no-clip,1,0.09090909090909091
1416,BWA-std,1,0.09090909090909091
1416,NW-flex,1,1.0
1416,BWA-no-clip,2,0.5454545454545454
1416,BWA-std,2,0.09090909090909091
1416,NW-flex,2,1.0
1416,BWA-no-clip,3,0.7272727272727273
1416,BWA-std,3,0.18181818181818182
1416,NW-flex,3,1.0
1416,BWA-no-clip,4,0.9090909090909091
1416,BWA-std,4,0.36363636363636365
1416,NW-flex,4,1.0
1416,BWA-no-clip,5,0.9090909090909091
1416,BWA-std,5,0.36363636363636365
1416,NW-flex,5,1.0
1416,BWA-no-clip,6,0.9090909090909091
1416,BWA-std,6,0.45454545454545453
1416,NW-flex,6,1.0
1416,BWA-no-clip,7,1.0
1416,BWA-std,7,0.45454545454545453
1416,NW-flex,7,1.0
1416,BWA-no-clip,8,1.0
1416,BWA-std,8,0.6363636363636364
1416,NW-flex,8,1.0
1416,BWA-no-clip,9,1.0
1416,BWA-std,9,0.6363636363636364
1416,NW-flex,9,1.0
1416,BWA-no-clip,10,1.0
1416,BWA-std,10,0.8181818181818182
1416,NW-flex,10,1.0
1417,BWA-no-clip,1,0.09090909090909091
1417,BWA-std,1,0.09090909090909091
1417,NW-flex,1,1.0
1417,BWA-no-clip,2,0.09090909090909091
1417,BWA-std,2,0.09090909090909091
1417,NW-flex,2,1.0
1417,BWA-no-clip,3,0.5757575757575758
1417,BWA-std,3,0.18181818181818182
1417,NW-flex,3,1.0
1417,BWA-no-clip,4,0.8181818181818182
1417,BWA-std,4,0.36363636363636365
1417,NW-flex,4,1.0
1417,BWA-no-clip,5,1.0
1417,BWA-std,5,0.36363636363636365
1417,NW-flex,5,1.0
1417,BWA-no-clip,6,1.0
1417,BWA-std,6,0.45454545454545453
1417,NW-flex,6,1.0
1417,BWA-no-clip,7,1.0
1417,BWA-std,7,0.45454545454545453
1417,NW-flex,7,1.0
1417,BWA-no-clip,8,1.0
1417,BWA-std,8,0.6363636363636364
1417,NW-flex,8,1.0
1417,BWA-no-clip,9,1.0
1417,BWA-std,9,0.6363636363636364
1417,NW-flex,9,1.0
1417,BWA-no-clip,10,1.0
1417,BWA-std,10,0.8181818181818182
1417,NW-flex,10,1.0
1418,BWA-no-clip,1,0.09090909090909091
1418,BWA-std,1,0.09090909090909091
1418,NW-flex,1,1.0
1418,BWA-no-clip,2,0.5454545454545454
1418,BWA-std,2,0.09090909090909091
1418,NW-flex,2,1.0
1418,BWA-no-clip,3,0.7272727272727273
1418,BWA-std,3,0.18181818181818182
1418,NW-flex,3,1.0
1418,BWA-no-clip,4,0.8181818181818182
1418,BWA-std,4,0.36363636363636365
1418,NW-flex,4,1.0
1418,BWA-no-clip,5,0.8181818181818182
1418,BWA-std,5,0.36363636363636365
1418,NW-flex,5,1.0
1418,BWA-no-clip,6,1.0
1418,BWA-std,6,0.45454545454545453
1418,NW-flex,6,1.0
1418,BWA-no-clip,7,1.0
1418,BWA-std,7,0.45454545454545453
1418,NW-flex,7,1.0
1418,BWA-no-clip,8,1.0
1418,BWA-std,8,0.6363636363636364
1418,NW-flex,8,1.0
1418,BWA-no-clip,9,1.0
1418,BWA-std,9,0.6363636363636364
1418,NW-flex,9,1.0
1418,BWA-no-clip,10,1.0
1418,BWA-std,10,0.8181818181818182
1418,NW-flex,10,1.0
1419,BWA-no-clip,1,0.5454545454545454
1419,BWA-std,1,0.09090909090909091
1419,NW-flex,1,1.0
1419,BWA-no-clip,2,0.7272727272727273
1419,BWA-std,2,0.18181818181818182
1419,NW-flex,2,1.0
1419,BWA-no-clip,3,0.9090909090909091
1419,BWA-std,3,0.18181818181818182
1419,NW-flex,3,1.0
1419,BWA-no-clip,4,1.0
1419,BWA-std,4,0.36363636363636365
1419,NW-flex,4,1.0
1419,BWA-no-clip,5,1.0
1419,BWA-std,5,0.36363636363636365
1419,NW-flex,5,1.0
1419,BWA-no-clip,6,1.0
1419,BWA-std,6,0.45454545454545453
1419,NW-flex,6,1.0
1419,BWA-no-clip,7,1.0
1419,BWA-std,7,0.45454545454545453
1419,NW-flex,7,1.0
1419,BWA-no-clip,8,1.0
1419,BWA-std,8,0.6363636363636364
1419,NW-flex,8,1.0
1419,BWA-no-clip,9,1.0
1419,BWA-std,9,0.6363636363636364
1419,NW-flex,9,1.0
1419,BWA-no-clip,10,1.0
1419,BWA-std,10,0.8181818181818182
1419,NW-flex,10,1.0
1420,BWA-no-clip,1,0.5454545454545454
1420,BWA-std,1,0.09090909090909091
1420,NW-flex,1,1.0
1420,BWA-no-clip,2,0.7272727272727273
1420,BWA-std,2,0.18181818181818182
1420,NW-flex,2,1.0
1420,BWA-no-clip,3,0.9090909090909091
1420,BWA-std,3,0.18181818181818182
1420,NW-flex,3,1.0
1420,BWA-no-clip,4,1.0
1420,BWA-std,4,0.36363636363636365
1420,NW-flex,4,1.0
1420,BWA-no-clip,5,0.9090909090909091
1420,BWA-std,5,0.36363636363636365
1420,NW-flex,5,1.0
1420,BWA-no-clip,6,1.0
1420,BWA-std,6,0.45454545454545453
1420,NW-flex,6,1.0
1420,BWA-no-clip,7,1.0
1420,BWA-std,7,0.45454545454545453
1420,NW-flex,7,1.0
1420,BWA-no-clip,8,1.0
1420,BWA-std,8,0.6363636363636364
1420,NW-flex,8,1.0
1420,BWA-no-clip,9,1.0
1420,BWA-std,9,0.6363636363636364
1420,NW-flex,9,1.0
1420,BWA-no-clip,10,1.0
1420,BWA-std,10,0.8181818181818182
1420,NW-flex,10,1.0
1421,BWA-no-clip,1,0.45454545454545453
1421,BWA-std,1,0.09090909090909091
1421,NW-flex,1,1.0
1421,BWA-no-clip,2,0.7272727272727273
1421,BWA-std,2,0.18181818181818182
1421,NW-flex,2,1.0
1421,BWA-no-clip,3,0.7272727272727273
1421,BWA-std,3,0.18181818181818182
1421,NW-flex,3,1.0
1421,BWA-no-clip,4,0.7272727272727273
1421,BWA-std,4,0.36363636363636365
1421,NW-flex,4,1.0
1421,BWA-no-clip,5,0.9090909090909091
1421,BWA-std,5,0.36363636363636365
1421,NW-flex,5,1.0
1421,BWA-no-clip,6,1.0
1421,BWA-std,6,0.45454545454545453
1421,NW-flex,6,1.0
1421,BWA-no-clip,7,1.0
1421,BWA-std,7,0.45454545454545453
1421,NW-flex,7,1.0
1421,BWA-no-clip,8,1.0
1421,BWA-std,8,0.6363636363636364
1421,NW-flex,8,1.0
1421,BWA-no-clip,9,1.0
1421,BWA-std,9,0.6363636363636364
1421,NW-flex,9,1.0
1421,BWA-no-clip,10,1.0
1421,BWA-std,10,0.8181818181818182
1421,NW-flex,10,1.0
1422,BWA-no-clip,1,0.5454545454545454
1422,BWA-std,1,0.09090909090909091
1422,NW-flex,1,1.0
1422,BWA-no-clip,2,0.6363636363636364
1422,BWA-std,2,0.18181818181818182
1422,NW-flex,2,1.0
1422,BWA-no-clip,3,0.8181818181818182
1422,BWA-std,3,0.18181818181818182
1422,NW-flex,3,1.0
1422,BWA-no-clip,4,1.0
1422,BWA-std,4,0.36363636363636365
1422,NW-flex,4,1.0
1422,BWA-no-clip,5,1.0
1422,BWA-std,5,0.36363636363636365
1422,NW-flex,5,1.0
1422,BWA-no-clip,6,1.0
1422,BWA-std,6,0.45454545454545453
1422,NW-flex,6,1.0
1422,BWA-no-clip,7,1.0
1422,BWA-std,7,0.45454545454545453
1422,NW-flex,7,1.0
1422,BWA-no-clip,8,1.0
1422,BWA-std,8,0.6363636363636364
1422,NW-flex,8,1.0
1422,BWA-no-clip,9,1.0
1422,BWA-std,9,0.6363636363636364
1422,NW-flex,9,1.0
1422,BWA-no-clip,10,1.0
1422,BWA-std,10,0.8181818181818182
1422,NW-flex,10,1.0
1423,BWA-no-clip,1,0.5454545454545454
1423,BWA-std,1,0.09090909090909091
1423,NW-flex,1,1.0
1423,BWA-no-clip,2,0.7272727272727273
1423,BWA-std,2,0.18181818181818182
1423,NW-flex,2,1.0
1423,BWA-no-clip,3,0.9090909090909091
1423,BWA-std,3,0.18181818181818182
1423,NW-flex,3,1.0
1423,BWA-no-clip,4,1.0
1423,BWA-std,4,0.36363636363636365
1423,NW-flex,4,1.0
1423,BWA-no-clip,5,1.0
1423,BWA-std,5,0.36363636363636365
1423,NW-flex,5,1.0
1423,BWA-no-clip,6,1.0
1423,BWA-std,6,0.45454545454545453
1423,NW-flex,6,1.0
1423,BWA-no-clip,7,1.0
1423,BWA-std,7,0.45454545454545453
1423,NW-flex,7,1.0
1423,BWA-no-clip,8,1.0
1423,BWA-std,8,0.6363636363636364
1423,NW-flex,8,1.0
1423,BWA-no-clip,9,1.0
1423,BWA-std,9,0.6363636363636364
1423,NW-flex,9,1.0
1423,BWA-no-clip,10,1.0
1423,BWA-std,10,0.8181818181818182
1423,NW-flex,10,1.0
1424,BWA-no-clip,1,0.09090909090909091
1424,BWA-std,1,0.09090909090909091
1424,NW-flex,1,1.0
1424,BWA-no-clip,2,0.09090909090909091
1424,BWA-std,2,0.09090909090909091
1424,NW-flex,2,1.0
1424,BWA-no-clip,3,0.30303030303030304
1424,BWA-std,3,0.18181818181818182
1424,NW-flex,3,1.0
1424,BWA-no-clip,4,0.9090909090909091
1424,BWA-std,4,0.36363636363636365
1424,NW-flex,4,1.0
1424,BWA-no-clip,5,1.0
1424,BWA-std,5,0.36363636363636365
1424,NW-flex,5,1.0
1424,BWA-no-clip,6,1.0
1424,BWA-std,6,0.45454545454545453
1424,NW-flex,6,1.0
1424,BWA-no-clip,7,1.0
1424,BWA-std,7,0.45454545454545453
1424,NW-flex,7,1.0
1424,BWA-no-clip,8,1.0
1424,BWA-std,8,0.6363636363636364
1424,NW-flex,8,1.0
1424,BWA-no-clip,9,1.0
1424,BWA-std,9,0.6363636363636364
1424,NW-flex,9,1.0
1424,BWA-no-clip,10,1.0
1424,BWA-std,10,0.8181818181818182
1424,NW-flex,10,1.0
1425,BWA-no-clip,1,0.2727272727272727
1425,BWA-std,1,0.09090909090909091
1425,NW-flex,1,1.0
1425,BWA-no-clip,2,0.36363636363636365
1425,BWA-std,2,0.09090909090909091
1425,NW-flex,2,1.0
1425,BWA-no-clip,3,0.6363636363636364
1425,BWA-std,3,0.18181818181818182
1425,NW-flex,3,1.0
1425,BWA-no-clip,4,0.6363636363636364
1425,BWA-std,4,0.36363636363636365
1425,NW-flex,4,1.0
1425,BWA-no-clip,5,0.6363636363636364
1425,BWA-std,5,0.36363636363636365
1425,NW-flex,5,1.0
1425,BWA-no-clip,6,0.6363636363636364
1425,BWA-std,6,0.45454545454545453
1425,NW-flex,6,1.0
1425,BWA-no-clip,7,0.8181818181818182
1425,BWA-std,7,0.45454545454545453
1425,NW-flex,7,1.0
1425,BWA-no-clip,8,1.0
1425,BWA-std,8,0.6363636363636364
1425,NW-flex,8,1.0
1425,BWA-no-clip,9,1.0
1425,BWA-std,9,0.6363636363636364
1425,NW-flex,9,1.0
1425,BWA-no-clip,10,1.0
1425,BWA-std,10,0.8181818181818182
1425,NW-flex,10,1.0
1426,BWA-no-clip,1,0.18181818181818182
1426,BWA-std,1,0.09090909090909091
1426,NW-flex,1,1.0
1426,BWA-no-clip,2,0.45454545454545453
1426,BWA-std,2,0.09090909090909091
1426,NW-flex,2,1.0
1426,BWA-no-clip,3,0.5454545454545454
1426,BWA-std,3,0.09090909090909091
1426,NW-flex,3,1.0
1426,BWA-no-clip,4,0.7272727272727273
1426,BWA-std,4,0.36363636363636365
1426,NW-flex,4,1.0
1426,BWA-no-clip,5,0.9090909090909091
1426,BWA-std,5,0.36363636363636365
1426,NW-flex,5,1.0
1426,BWA-no-clip,6,0.9090909090909091
1426,BWA-std,6,0.45454545454545453
1426,NW-flex,6,1.0
1426,BWA-no-clip,7,0.9090909090909091
1426,BWA-std,7,0.45454545454545453
1426,NW-flex,7,1.0
1426,BWA-no-clip,8,1.0
1426,BWA-std,8,0.6363636363636364
1426,NW-flex,8,1.0
1426,BWA-no-clip,9,1.0
1426,BWA-std,9,0.6363636363636364
1426,NW-flex,9,1.0
1426,BWA-no-clip,10,1.0
1426,BWA-std,10,0.8181818181818182
1426,NW-flex,10,1.0
1427,BWA-no-clip,1,0.36363636363636365
1427,BWA-std,1,0.09090909090909091
1427,NW-flex,1,1.0
1427,BWA-no-clip,2,0.45454545454545453
1427,BWA-std,2,0.09090909090909091
1427,NW-flex,2,1.0
1427,BWA-no-clip,3,0.5454545454545454
1427,BWA-std,3,0.18181818181818182
1427,NW-flex,3,1.0
1427,BWA-no-clip,4,0.6363636363636364
1427,BWA-std,4,0.2727272727272727
1427,NW-flex,4,1.0
1427,BWA-no-clip,5,0.8181818181818182
1427,BWA-std,5,0.2727272727272727
1427,NW-flex,5,1.0
1427,BWA-no-clip,6,1.0
1427,BWA-std,6,0.45454545454545453
1427,NW-flex,6,1.0
1427,BWA-no-clip,7,1.0
1427,BWA-std,7,0.45454545454545453
1427,NW-flex,7,1.0
1427,BWA-no-clip,8,1.0
1427,BWA-std,8,0.6363636363636364
1427,NW-flex,8,1.0
1427,BWA-no-clip,9,1.0
1427,BWA-std,9,0.6363636363636364
1427,NW-flex,9,1.0
1427,BWA-no-clip,10,1.0
1427,BWA-std,10,0.8181818181818182
1427,NW-flex,10,1.0
1428,BWA-no-clip,1,0.5454545454545454
1428,BWA-std,1,0.09090909090909091
1428,NW-flex,1,1.0
1428,BWA-no-clip,2,0.7272727272727273
1428,BWA-std,2,0.18181818181818182
1428,NW-flex,2,1.0
1428,BWA-no-clip,3,0.9090909090909091
1428,BWA-std,3,0.18181818181818182
1428,NW-flex,3,1.0
1428,BWA-no-clip,4,0.9090909090909091
1428,BWA-std,4,0.36363636363636365
1428,NW-flex,4,1.0
1428,BWA-no-clip,5,1.0
1428,BWA-std,5,0.36363636363636365
1428,NW-flex,5,1.0
1428,BWA-no-clip,6,1.0
1428,BWA-std,6,0.45454545454545453
1428,NW-flex,6,1.0
1428,BWA-no-clip,7,1.0
1428,BWA-std,7,0.45454545454545453
1428,NW-flex,7,1.0
1428,BWA-no-clip,8,1.0
1428,BWA-std,8,0.6363636363636364
1428,NW-flex,8,1.0
1428,BWA-no-clip,9,1.0
1428,BWA-std,9,0.6363636363636364
1428,NW-flex,9,1.0
1428,BWA-no-clip,10,1.0
1428,BWA-std,10,0.8181818181818182
1428,NW-flex,10,1.0
1429,BWA-no-clip,1,0.18181818181818182
1429,BWA-std,1,0.09090909090909091
1429,NW-flex,1,1.0
1429,BWA-no-clip,2,0.45454545454545453
1429,BWA-std,2,0.09090909090909091
1429,NW-flex,2,1.0
1429,BWA-no-clip,3,0.5454545454545454
1429,BWA-std,3,0.09090909090909091
1429,NW-flex,3,1.0
1429,BWA-no-clip,4,0.7272727272727273
1429,BWA-std,4,0.36363636363636365
1429,NW-flex,4,1.0
1429,BWA-no-clip,5,0.9090909090909091
1429,BWA-std,5,0.36363636363636365
1429,NW-flex,5,1.0
1429,BWA-no-clip,6,0.9090909090909091
1429,BWA-std,6,0.45454545454545453
1429,NW-flex,6,1.0
1429,BWA-no-clip,7,0.9090909090909091
1429,BWA-std,7,0.45454545454545453
1429,NW-flex,7,1.0
1429,BWA-no-clip,8,1.0
1429,BWA-std,8,0.6363636363636364
1429,NW-flex,8,1.0
1429,BWA-no-clip,9,1.0
1429,BWA-std,9,0.6363636363636364
1429,NW-flex,9,1.0
1429,BWA-no-clip,10,1.0
1429,BWA-std,10,0.8181818181818182
1429,NW-flex,10,1.0
1430,BWA-no-clip,1,0.5454545454545454
1430,BWA-std,1,0.09090909090909091
1430,NW-flex,1,1.0
1430,BWA-no-clip,2,0.7272727272727273
1430,BWA-std,2,0.18181818181818182
1430,NW-flex,2,1.0
1430,BWA-no-clip,3,0.9090909090909091
1430,BWA-std,3,0.18181818181818182
1430,NW-flex,3,1.0
1430,BWA-no-clip,4,0.9090909090909091
1430,BWA-std,4,0.36363636363636365
1430,NW-flex,4,1.0
1430,BWA-no-clip,5,1.0
1430,BWA-std,5,0.36363636363636365
1430,NW-flex,5,1.0
1430,BWA-no-clip,6,1.0
1430,BWA-std,6,0.45454545454545453
1430,NW-flex,6,1.0
1430,BWA-no-clip,7,1.0
1430,BWA-std,7,0.45454545454545453
1430,NW-flex,7,1.0
1430,BWA-no-clip,8,1.0
1430,BWA-std,8,0.6363636363636364
1430,NW-flex,8,1.0
1430,BWA-no-clip,9,1.0
1430,BWA-std,9,0.6363636363636364
1430,NW-flex,9,1.0
1430,BWA-no-clip,10,1.0
1430,BWA-std,10,0.8181818181818182
1430,NW-flex,10,1.0
1431,BWA-no-clip,1,0.5454545454545454
1431,BWA-std,1,0.09090909090909091
1431,NW-flex,1,1.0
1431,BWA-no-clip,2,0.7272727272727273
1431,BWA-std,2,0.18181818181818182
1431,NW-flex,2,1.0
1431,BWA-no-clip,3,0.9090909090909091
1431,BWA-std,3,0.18181818181818182
1431,NW-flex,3,1.0
1431,BWA-no-clip,4,1.0
1431,BWA-std,4,0.36363636363636365
1431,NW-flex,4,1.0
1431,BWA-no-clip,5,1.0
1431,BWA-std,5,0.36363636363636365
1431,NW-flex,5,1.0
1431,BWA-no-clip,6,1.0
1431,BWA-std,6,0.45454545454545453
1431,NW-flex,6,1.0
1431,BWA-no-clip,7,1.0
1431,BWA-std,7,0.45454545454545453
1431,NW-flex,7,1.0
1431,BWA-no-clip,8,1.0
1431,BWA-std,8,0.6363636363636364
1431,NW-flex,8,1.0
1431,BWA-no-clip,9,1.0
1431,BWA-std,9,0.6363636363636364
1431,NW-flex,9,1.0
1431,BWA-no-clip,10,1.0
1431,BWA-std,10,0.8181818181818182
1431,NW-flex,10,1.0
1432,BWA-no-clip,1,0.5454545454545454
1432,BWA-std,1,0.09090909090909091
1432,NW-flex,1,1.0
1432,BWA-no-clip,2,0.7272727272727273
1432,BWA-std,2,0.18181818181818182
1432,NW-flex,2,1.0
1432,BWA-no-clip,3,0.8181818181818182
1432,BWA-std,3,0.18181818181818182
1432,NW-flex,3,1.0
1432,BWA-no-clip,4,0.8181818181818182
1432,BWA-std,4,0.36363636363636365
1432,NW-flex,4,1.0
1432,BWA-no-clip,5,0.8181818181818182
1432,BWA-std,5,0.36363636363636365
1432,NW-flex,5,1.0
1432,BWA-no-clip,6,1.0
1432,BWA-std,6,0.45454545454545453
1432,NW-flex,6,1.0
1432,BWA-no-clip,7,1.0
1432,BWA-std,7,0.45454545454545453
1432,NW-flex,7,1.0
1432,BWA-no-clip,8,1.0
1432,BWA-std,8,0.6363636363636364
1432,NW-flex,8,1.0
1432,BWA-no-clip,9,1.0
1432,BWA-std,9,0.6363636363636364
1432,NW-flex,9,1.0
1432,BWA-no-clip,10,1.0
1432,BWA-std,10,0.8181818181818182
1432,NW-flex,10,1.0
1433,BWA-no-clip,1,0.36363636363636365
1433,BWA-std,1,0.09090909090909091
1433,NW-flex,1,1.0
1433,BWA-no-clip,2,0.5454545454545454
1433,BWA-std,2,0.18181818181818182
1433,NW-flex,2,1.0
1433,BWA-no-clip,3,0.7272727272727273
1433,BWA-std,3,0.18181818181818182
1433,NW-flex,3,1.0
1433,BWA-no-clip,4,0.7272727272727273
1433,BWA-std,4,0.36363636363636365
1433,NW-flex,4,1.0
1433,BWA-no-clip,5,0.7272727272727273
1433,BWA-std,5,0.36363636363636365
1433,NW-flex,5,1.0
1433,BWA-no-clip,6,0.7272727272727273
1433,BWA-std,6,0.45454545454545453
1433,NW-flex,6,1.0
1433,BWA-no-clip,7,0.9090909090909091
1433,BWA-std,7,0.45454545454545453
1433,NW-flex,7,1.0
1433,BWA-no-clip,8,0.9090909090909091
1433,BWA-std,8,0.6363636363636364
1433,NW-flex,8,1.0
1433,BWA-no-clip,9,1.0
1433,BWA-std,9,0.6363636363636364
1433,NW-flex,9,1.0
1433,BWA-no-clip,10,1.0
1433,BWA-std,10,0.8181818181818182
1433,NW-flex,10,1.0
1434,BWA-no-clip,1,0.5454545454545454
1434,BWA-std,1,0.09090909090909091
1434,NW-flex,1,1.0
1434,BWA-no-clip,2,0.7272727272727273
1434,BWA-std,2,0.18181818181818182
1434,NW-flex,2,1.0
1434,BWA-no-clip,3,0.8181818181818182
1434,BWA-std,3,0.18181818181818182
1434,NW-flex,3,1.0
1434,BWA-no-clip,4,1.0
1434,BWA-std,4,0.36363636363636365
1434,NW-flex,4,1.0
1434,BWA-no-clip,5,1.0
1434,BWA-std,5,0.36363636363636365
1434,NW-flex,5,1.0
1434,BWA-no-clip,6,1.0
1434,BWA-std,6,0.45454545454545453
1434,NW-flex,6,1.0
1434,BWA-no-clip,7,1.0
1434,BWA-std,7,0.45454545454545453
1434,NW-flex,7,1.0
1434,BWA-no-clip,8,1.0
1434,BWA-std,8,0.6363636363636364
1434,NW-flex,8,1.0
1434,BWA-no-clip,9,1.0
1434,BWA-std,9,0.6363636363636364
1434,NW-flex,9,1.0
1434,BWA-no-clip,10,1.0
1434,BWA-std,10,0.8181818181818182
1434,NW-flex,10,1.0
1435,BWA-no-clip,1,0.2727272727272727
1435,BWA-std,1,0.09090909090909091
1435,NW-flex,1,1.0
1435,BWA-no-clip,2,0.45454545454545453
1435,BWA-std,2,0.18181818181818182
1435,NW-flex,2,1.0
1435,BWA-no-clip,3,0.45454545454545453
1435,BWA-std,3,0.18181818181818182
1435,NW-flex,3,1.0
1435,BWA-no-clip,4,0.45454545454545453
1435,BWA-std,4,0.36363636363636365
1435,NW-flex,4,1.0
1435,BWA-no-clip,5,0.45454545454545453
1435,BWA-std,5,0.36363636363636365
1435,NW-flex,5,1.0
1435,BWA-no-clip,6,0.45454545454545453
1435,BWA-std,6,0.45454545454545453
1435,NW-flex,6,1.0
1435,BWA-no-clip,7,0.7272727272727273
1435,BWA-std,7,0.45454545454545453
1435,NW-flex,7,1.0
1435,BWA-no-clip,8,0.8181818181818182
1435,BWA-std,8,0.6363636363636364
1435,NW-flex,8,1.0
1435,BWA-no-clip,9,1.0
1435,BWA-std,9,0.6363636363636364
1435,NW-flex,9,1.0
1435,BWA-no-clip,10,1.0
1435,BWA-std,10,0.8181818181818182
1435,NW-flex,10,1.0
1436,BWA-no-clip,1,0.09090909090909091
1436,BWA-std,1,0.09090909090909091
1436,NW-flex,1,1.0
1436,BWA-no-clip,2,0.09090909090909091
1436,BWA-std,2,0.09090909090909091
1436,NW-flex,2,1.0
1436,BWA-no-clip,3,0.5757575757575758
1436,BWA-std,3,0.18181818181818182
1436,NW-flex,3,1.0
1436,BWA-no-clip,4,0.9090909090909091
1436,BWA-std,4,0.36363636363636365
1436,NW-flex,4,1.0
1436,BWA-no-clip,5,0.9090909090909091
1436,BWA-std,5,0.36363636363636365
1436,NW-flex,5,1.0
1436,BWA-no-clip,6,1.0
1436,BWA-std,6,0.45454545454545453
1436,NW-flex,6,1.0
1436,BWA-no-clip,7,1.0
1436,BWA-std,7,0.45454545454545453
1436,NW-flex,7,1.0
1436,BWA-no-clip,8,1.0
1436,BWA-std,8,0.6363636363636364
1436,NW-flex,8,1.0
1436,BWA-no-clip,9,1.0
1436,BWA-std,9,0.6363636363636364
1436,NW-flex,9,1.0
1436,BWA-no-clip,10,1.0
1436,BWA-std,10,0.8181818181818182
1436,NW-flex,10,1.0
1437,BWA-no-clip,1,0.5454545454545454
1437,BWA-std,1,0.09090909090909091
1437,NW-flex,1,1.0
1437,BWA-no-clip,2,0.7272727272727273
1437,BWA-std,2,0.18181818181818182
1437,NW-flex,2,1.0
1437,BWA-no-clip,3,0.8181818181818182
1437,BWA-std,3,0.18181818181818182
1437,NW-flex,3,1.0
1437,BWA-no-clip,4,1.0
1437,BWA-std,4,0.36363636363636365
1437,NW-flex,4,1.0
1437,BWA-no-clip,5,1.0
1437,BWA-std,5,0.36363636363636365
1437,NW-flex,5,1.0
1437,BWA-no-clip,6,1.0
1437,BWA-std,6,0.45454545454545453
1437,NW-flex,6,1.0
1437,BWA-no-clip,7,1.0
1437,BWA-std,7,0.45454545454545453
1437,NW-flex,7,1.0
1437,BWA-no-clip,8,1.0
1437,BWA-std,8,0.6363636363636364
1437,NW-flex,8,1.0
1437,BWA-no-clip,9,1.0
1437,BWA-std,9,0.6363636363636364
1437,NW-flex,9,1.0
1437,BWA-no-clip,10,1.0
1437,BWA-std,10,0.8181818181818182
1437,NW-flex,10,1.0
1438,BWA-no-clip,1,0.5454545454545454
1438,BWA-std,1,0.09090909090909091
1438,NW-flex,1,1.0
1438,BWA-no-clip,2,0.7272727272727273
1438,BWA-std,2,0.18181818181818182
1438,NW-flex,2,1.0
1438,BWA-no-clip,3,0.9090909090909091
1438,BWA-std,3,0.18181818181818182
1438,NW-flex,3,1.0
1438,BWA-no-clip,4,1.0
1438,BWA-std,4,0.36363636363636365
1438,NW-flex,4,1.0
1438,BWA-no-clip,5,1.0
1438,BWA-std,5,0.36363636363636365
1438,NW-flex,5,1.0
1438,BWA-no-clip,6,1.0
1438,BWA-std,6,0.45454545454545453
1438,NW-flex,6,1.0
1438,BWA-no-clip,7,1.0
1438,BWA-std,7,0.45454545454545453
1438,NW-flex,7,1.0
1438,BWA-no-clip,8,1.0
1438,BWA-std,8,0.6363636363636364
1438,NW-flex,8,1.0
1438,BWA-no-clip,9,1.0
1438,BWA-std,9,0.6363636363636364
1438,NW-flex,9,1.0
1438,BWA-no-clip,10,1.0
1438,BWA-std,10,0.8181818181818182
1438,NW-flex,10,1.0
1439,BWA-no-clip,1,0.5454545454545454
1439,BWA-std,1,0.09090909090909091
1439,NW-flex,1,1.0
1439,BWA-no-clip,2,0.6363636363636364
1439,BWA-std,2,0.18181818181818182
1439,NW-flex,2,1.0
1439,BWA-no-clip,3,0.8181818181818182
1439,BWA-std,3,0.18181818181818182
1439,NW-flex,3,1.0
1439,BWA-no-clip,4,0.8181818181818182
1439,BWA-std,4,0.36363636363636365
1439,NW-flex,4,1.0
1439,BWA-no-clip,5,0.9090909090909091
1439,BWA-std,5,0.36363636363636365
1439,NW-flex,5,1.0
1439,BWA-no-clip,6,1.0
1439,BWA-std,6,0.45454545454545453
1439,NW-flex,6,1.0
1439,BWA-no-clip,7,1.0
1439,BWA-std,7,0.45454545454545453
1439,NW-flex,7,1.0
1439,BWA-no-clip,8,1.0
1439,BWA-std,8,0.6363636363636364
1439,NW-flex,8,1.0
1439,BWA-no-clip,9,1.0
1439,BWA-std,9,0.6363636363636364
1439,NW-flex,9,1.0
1439,BWA-no-clip,10,1.0
1439,BWA-std,10,0.8181818181818182
1439,NW-flex,10,1.0
1440,BWA-no-clip,1,0.5454545454545454
1440,BWA-std,1,0.09090909090909091
1440,NW-flex,1,1.0
1440,BWA-no-clip,2,0.7272727272727273
1440,BWA-std,2,0.18181818181818182
1440,NW-flex,2,1.0
1440,BWA-no-clip,3,0.9090909090909091
1440,BWA-std,3,0.18181818181818182
1440,NW-flex,3,1.0
1440,BWA-no-clip,4,1.0
1440,BWA-std,4,0.36363636363636365
1440,NW-flex,4,1.0
1440,BWA-no-clip,5,1.0
1440,BWA-std,5,0.36363636363636365
1440,NW-flex,5,1.0
1440,BWA-no-clip,6,1.0
1440,BWA-std,6,0.45454545454545453
1440,NW-flex,6,1.0
1440,BWA-no-clip,7,1.0
1440,BWA-std,7,0.45454545454545453
1440,NW-flex,7,1.0
1440,BWA-no-clip,8,1.0
1440,BWA-std,8,0.6363636363636364
1440,NW-flex,8,1.0
1440,BWA-no-clip,9,1.0
1440,BWA-std,9,0.6363636363636364
1440,NW-flex,9,1.0
1440,BWA-no-clip,10,1.0
1440,BWA-std,10,0.8181818181818182
1440,NW-flex,10,1.0
1441,BWA-no-clip,1,0.5454545454545454
1441,BWA-std,1,0.09090909090909091
1441,NW-flex,1,1.0
1441,BWA-no-clip,2,0.7272727272727273
1441,BWA-std,2,0.18181818181818182
1441,NW-flex,2,1.0
1441,BWA-no-clip,3,0.9090909090909091
1441,BWA-std,3,0.18181818181818182
1441,NW-flex,3,1.0
1441,BWA-no-clip,4,0.9090909090909091
1441,BWA-std,4,0.36363636363636365
1441,NW-flex,4,1.0
1441,BWA-no-clip,5,1.0
1441,BWA-std,5,0.36363636363636365
1441,NW-flex,5,1.0
1441,BWA-no-clip,6,1.0
1441,BWA-std,6,0.45454545454545453
1441,NW-flex,6,1.0
1441,BWA-no-clip,7,1.0
1441,BWA-std,7,0.45454545454545453
1441,NW-flex,7,1.0
1441,BWA-no-clip,8,1.0
1441,BWA-std,8,0.6363636363636364
1441,NW-flex,8,1.0
1441,BWA-no-clip,9,1.0
1441,BWA-std,9,0.6363636363636364
1441,NW-flex,9,1.0
1441,BWA-no-clip,10,1.0
1441,BWA-std,10,0.8181818181818182
1441,NW-flex,10,1.0
1442,BWA-no-clip,1,0.5454545454545454
1442,BWA-std,1,0.09090909090909091
1442,NW-flex,1,1.0
1442,BWA-no-clip,2,0.6363636363636364
1442,BWA-std,2,0.18181818181818182
1442,NW-flex,2,1.0
1442,BWA-no-clip,3,0.7272727272727273
1442,BWA-std,3,0.18181818181818182
1442,NW-flex,3,1.0
1442,BWA-no-clip,4,0.8181818181818182
1442,BWA-std,4,0.36363636363636365
1442,NW-flex,4,1.0
1442,BWA-no-clip,5,1.0
1442,BWA-std,5,0.36363636363636365
1442,NW-flex,5,1.0
1442,BWA-no-clip,6,1.0
1442,BWA-std,6,0.45454545454545453
1442,NW-flex,6,1.0
1442,BWA-no-clip,7,1.0
1442,BWA-std,7,0.45454545454545453
1442,NW-flex,7,1.0
1442,BWA-no-clip,8,1.0
1442,BWA-std,8,0.6363636363636364
1442,NW-flex,8,1.0
1442,BWA-no-clip,9,1.0
1442,BWA-std,9,0.6363636363636364
1442,NW-flex,9,1.0
1442,BWA-no-clip,10,1.0
1442,BWA-std,10,0.8181818181818182
1442,NW-flex,10,1.0
1443,BWA-no-clip,1,0.5454545454545454
1443,BWA-std,1,0.09090909090909091
1443,NW-flex,1,1.0
1443,BWA-no-clip,2,0.7272727272727273
1443,BWA-std,2,0.18181818181818182
1443,NW-flex,2,1.0
1443,BWA-no-clip,3,0.9090909090909091
1443,BWA-std,3,0.18181818181818182
1443,NW-flex,3,1.0
1443,BWA-no-clip,4,1.0
1443,BWA-std,4,0.36363636363636365
1443,NW-flex,4,1.0
1443,BWA-no-clip,5,1.0
1443,BWA-std,5,0.36363636363636365
1443,NW-flex,5,1.0
1443,BWA-no-clip,6,1.0
1443,BWA-std,6,0.45454545454545453
1443,NW-flex,6,1.0
1443,BWA-no-clip,7,1.0
1443,BWA-std,7,0.45454545454545453
1443,NW-flex,7,1.0
1443,BWA-no-clip,8,1.0
1443,BWA-std,8,0.6363636363636364
1443,NW-flex,8,1.0
1443,BWA-no-clip,9,1.0
1443,BWA-std,9,0.6363636363636364
1443,NW-flex,9,1.0
1443,BWA-no-clip,10,1.0
1443,BWA-std,10,0.8181818181818182
1443,NW-flex,10,1.0
1444,BWA-no-clip,1,0.5454545454545454
1444,BWA-std,1,0.09090909090909091
1444,NW-flex,1,1.0
1444,BWA-no-clip,2,0.7272727272727273
1444,BWA-std,2,0.18181818181818182
1444,NW-flex,2,1.0
1444,BWA-no-clip,3,0.8181818181818182
1444,BWA-std,3,0.18181818181818182
1444,NW-flex,3,1.0
1444,BWA-no-clip,4,0.9090909090909091
1444,BWA-std,4,0.36363636363636365
1444,NW-flex,4,1.0
1444,BWA-no-clip,5,1.0
1444,BWA-std,5,0.36363636363636365
1444,NW-flex,5,1.0
1444,BWA-no-clip,6,1.0
1444,BWA-std,6,0.45454545454545453
1444,NW-flex,6,1.0
1444,BWA-no-clip,7,1.0
1444,BWA-std,7,0.45454545454545453
1444,NW-flex,7,1.0
1444,BWA-no-clip,8,1.0
1444,BWA-std,8,0.6363636363636364
1444,NW-flex,8,1.0
1444,BWA-no-clip,9,1.0
1444,BWA-std,9,0.6363636363636364
1444,NW-flex,9,1.0
1444,BWA-no-clip,10,1.0
1444,BWA-std,10,0.8181818181818182
1444,NW-flex,10,1.0
1445,BWA-no-clip,1,0.18181818181818182
1445,BWA-std,1,0.09090909090909091
1445,NW-flex,1,1.0
1445,BWA-no-clip,2,0.18181818181818182
1445,BWA-std,2,0.09090909090909091
1445,NW-flex,2,1.0
1445,BWA-no-clip,3,0.36363636363636365
1445,BWA-std,3,0.18181818181818182
1445,NW-flex,3,1.0
1445,BWA-no-clip,4,0.36363636363636365
1445,BWA-std,4,0.18181818181818182
1445,NW-flex,4,1.0
1445,BWA-no-clip,5,0.7272727272727273
1445,BWA-std,5,0.2727272727272727
1445,NW-flex,5,1.0
1445,BWA-no-clip,6,0.8181818181818182
1445,BWA-std,6,0.36363636363636365
1445,NW-flex,6,1.0
1445,BWA-no-clip,7,0.9090909090909091
1445,BWA-std,7,0.45454545454545453
1445,NW-flex,7,1.0
1445,BWA-no-clip,8,0.9090909090909091
1445,BWA-std,8,0.6363636363636364
1445,NW-flex,8,1.0
1445,BWA-no-clip,9,1.0
1445,BWA-std,9,0.6363636363636364
1445,NW-flex,9,1.0
1445,BWA-no-clip,10,1.0
1445,BWA-std,10,0.8181818181818182
1445,NW-flex,10,1.0
1446,BWA-no-clip,1,0.36363636363636365
1446,BWA-std,1,0.09090909090909091
1446,NW-flex,1,1.0
1446,BWA-no-clip,2,0.5454545454545454
1446,BWA-std,2,0.09090909090909091
1446,NW-flex,2,1.0
1446,BWA-no-clip,3,0.6363636363636364
1446,BWA-std,3,0.18181818181818182
1446,NW-flex,3,1.0
1446,BWA-no-clip,4,0.9090909090909091
1446,BWA-std,4,0.36363636363636365
1446,NW-flex,4,1.0
1446,BWA-no-clip,5,0.9090909090909091
1446,BWA-std,5,0.36363636363636365
1446,NW-flex,5,1.0
1446,BWA-no-clip,6,1.0
1446,BWA-std,6,0.45454545454545453
1446,NW-flex,6,1.0
1446,BWA-no-clip,7,1.0
1446,BWA-std,7,0.45454545454545453
1446,NW-flex,7,1.0
1446,BWA-no-clip,8,1.0
1446,BWA-std,8,0.6363636363636364
1446,NW-flex,8,1.0
1446,BWA-no-clip,9,1.0
1446,BWA-std,9,0.6363636363636364
1446,NW-flex,9,1.0
1446,BWA-no-clip,10,1.0
1446,BWA-std,10,0.8181818181818182
1446,NW-flex,10,1.0
1447,BWA-no-clip,1,0.18181818181818182
1447,BWA-std,1,0.09090909090909091
1447,NW-flex,1,1.0
1447,BWA-no-clip,2,0.7272727272727273
1447,BWA-std,2,0.18181818181818182
1447,NW-flex,2,1.0
1447,BWA-no-clip,3,0.8181818181818182
1447,BWA-std,3,0.18181818181818182
1447,NW-flex,3,1.0
1447,BWA-no-clip,4,0.9090909090909091
1447,BWA-std,4,0.36363636363636365
1447,NW-flex,4,1.0
1447,BWA-no-clip,5,1.0
1447,BWA-std,5,0.36363636363636365
1447,NW-flex,5,1.0
1447,BWA-no-clip,6,1.0
1447,BWA-std,6,0.45454545454545453
1447,NW-flex,6,1.0
1447,BWA-no-clip,7,1.0
1447,BWA-std,7,0.45454545454545453
1447,NW-flex,7,1.0
1447,BWA-no-clip,8,1.0
1447,BWA-std,8,0.6363636363636364
1447,NW-flex,8,1.0
1447,BWA-no-clip,9,1.0
1447,BWA-std,9,0.6363636363636364
1447,NW-flex,9,1.0
1447,BWA-no-clip,10,1.0
1447,BWA-std,10,0.8181818181818182
1447,NW-flex,10,1.0
1448,BWA-no-clip,1,0.09090909090909091
1448,BWA-std,1,0.09090909090909091
1448,NW-flex,1,1.0
1448,BWA-no-clip,2,0.09090909090909091
1448,BWA-std,2,0.09090909090909091
1448,NW-flex,2,1.0
1448,BWA-no-clip,3,0.12121212121212122
1448,BWA-std,3,0.18181818181818182
1448,NW-flex,3,1.0
1448,BWA-no-clip,4,0.5757575757575758
1448,BWA-std,4,0.2727272727272727
1448,NW-flex,4,1.0
1448,BWA-no-clip,5,0.9090909090909091
1448,BWA-std,5,0.36363636363636365
1448,NW-flex,5,1.0
1448,BWA-no-clip,6,1.0
1448,BWA-std,6,0.45454545454545453
1448,NW-flex,6,1.0
1448,BWA-no-clip,7,1.0
1448,BWA-std,7,0.45454545454545453
1448,NW-flex,7,1.0
1448,BWA-no-clip,8,1.0
1448,BWA-std,8,0.6363636363636364
1448,NW-flex,8,1.0
1448,BWA-no-clip,9,1.0
1448,BWA-std,9,0.6363636363636364
1448,NW-flex,9,1.0
1448,BWA-no-clip,10,1.0
1448,BWA-std,10,0.8181818181818182
1448,NW-flex,10,1.0
1449,BWA-no-clip,1,0.45454545454545453
1449,BWA-std,1,0.09090909090909091
1449,NW-flex,1,1.0
1449,BWA-no-clip,2,0.7272727272727273
1449,BWA-std,2,0.18181818181818182
1449,NW-flex,2,1.0
1449,BWA-no-clip,3,0.7272727272727273
1449,BWA-std,3,0.18181818181818182
1449,NW-flex,3,1.0
1449,BWA-no-clip,4,0.7272727272727273
1449,BWA-std,4,0.36363636363636365
1449,NW-flex,4,1.0
1449,BWA-no-clip,5,0.9090909090909091
1449,BWA-std,5,0.36363636363636365
1449,NW-flex,5,1.0
1449,BWA-no-clip,6,0.9090909090909091
1449,BWA-std,6,0.45454545454545453
1449,NW-flex,6,1.0
1449,BWA-no-clip,7,1.0
1449,BWA-std,7,0.45454545454545453
1449,NW-flex,7,1.0
1449,BWA-no-clip,8,1.0
1449,BWA-std,8,0.6363636363636364
1449,NW-flex,8,1.0
1449,BWA-no-clip,9,1.0
1449,BWA-std,9,0.6363636363636364
1449,NW-flex,9,1.0
1449,BWA-no-clip,10,1.0
1449,BWA-std,10,0.8181818181818182
1449,NW-flex,10,1.0
1450,BWA-no-clip,1,0.09090909090909091
1450,BWA-std,1,0.09090909090909091
1450,NW-flex,1,1.0
1450,BWA-no-clip,2,0.09090909090909091
1450,BWA-std,2,0.09090909090909091
1450,NW-flex,2,1.0
1450,BWA-no-clip,3,0.12121212121212122
1450,BWA-std,3,0.18181818181818182
1450,NW-flex,3,1.0
1450,BWA-no-clip,4,0.12121212121212122
1450,BWA-std,4,0.18181818181818182
1450,NW-flex,4,1.0
1450,BWA-no-clip,5,0.5757575757575758
1450,BWA-std,5,0.2727272727272727
1450,NW-flex,5,1.0
1450,BWA-no-clip,6,1.0
1450,BWA-std,6,0.45454545454545453
1450,NW-flex,6,1.0
1450,BWA-no-clip,7,1.0
1450,BWA-std,7,0.45454545454545453
1450,NW-flex,7,1.0
1450,BWA-no-clip,8,1.0
1450,BWA-std,8,0.6363636363636364
1450,NW-flex,8,1.0
1450,BWA-no-clip,9,1.0
1450,BWA-std,9,0.6363636363636364
1450,NW-flex,9,1.0
1450,BWA-no-clip,10,1.0
1450,BWA-std,10,0.8181818181818182
1450,NW-flex,10,1.0
1451,BWA-no-clip,1,0.5454545454545454
1451,BWA-std,1,0.09090909090909091
1451,NW-flex,1,1.0
1451,BWA-no-clip,2,0.7272727272727273
1451,BWA-std,2,0.18181818181818182
1451,NW-flex,2,1.0
1451,BWA-no-clip,3,0.9090909090909091
1451,BWA-std,3,0.18181818181818182
1451,NW-flex,3,1.0
1451,BWA-no-clip,4,1.0
1451,BWA-std,4,0.36363636363636365
1451,NW-flex,4,1.0
1451,BWA-no-clip,5,0.9090909090909091
1451,BWA-std,5,0.36363636363636365
1451,NW-flex,5,1.0
1451,BWA-no-clip,6,1.0
1451,BWA-std,6,0.45454545454545453
1451,NW-flex,6,1.0
1451,BWA-no-clip,7,1.0
1451,BWA-std,7,0.45454545454545453
1451,NW-flex,7,1.0
1451,BWA-no-clip,8,1.0
1451,BWA-std,8,0.6363636363636364
1451,NW-flex,8,1.0
1451,BWA-no-clip,9,1.0
1451,BWA-std,9,0.6363636363636364
1451,NW-flex,9,1.0
1451,BWA-no-clip,10,1.0
1451,BWA-std,10,0.8181818181818182
1451,NW-flex,10,1.0
1452,BWA-no-clip,1,0.5454545454545454
1452,BWA-std,1,0.09090909090909091
1452,NW-flex,1,1.0
1452,BWA-no-clip,2,0.7272727272727273
1452,BWA-std,2,0.18181818181818182
1452,NW-flex,2,1.0
1452,BWA-no-clip,3,0.9090909090909091
1452,BWA-std,3,0.18181818181818182
1452,NW-flex,3,1.0
1452,BWA-no-clip,4,1.0
1452,BWA-std,4,0.36363636363636365
1452,NW-flex,4,1.0
1452,BWA-no-clip,5,1.0
1452,BWA-std,5,0.36363636363636365
1452,NW-flex,5,1.0
1452,BWA-no-clip,6,1.0
1452,BWA-std,6,0.45454545454545453
1452,NW-flex,6,1.0
1452,BWA-no-clip,7,1.0
1452,BWA-std,7,0.45454545454545453
1452,NW-flex,7,1.0
1452,BWA-no-clip,8,1.0
1452,BWA-std,8,0.6363636363636364
1452,NW-flex,8,1.0
1452,BWA-no-clip,9,1.0
1452,BWA-std,9,0.6363636363636364
1452,NW-flex,9,1.0
1452,BWA-no-clip,10,1.0
1452,BWA-std,10,0.8181818181818182
1452,NW-flex,10,1.0
1453,BWA-no-clip,1,0.5454545454545454
1453,BWA-std,1,0.09090909090909091
1453,NW-flex,1,1.0
1453,BWA-no-clip,2,0.5454545454545454
1453,BWA-std,2,0.09090909090909091
1453,NW-flex,2,1.0
1453,BWA-no-clip,3,0.7272727272727273
1453,BWA-std,3,0.18181818181818182
1453,NW-flex,3,1.0
1453,BWA-no-clip,4,0.9090909090909091
1453,BWA-std,4,0.36363636363636365
1453,NW-flex,4,1.0
1453,BWA-no-clip,5,1.0
1453,BWA-std,5,0.36363636363636365
1453,NW-flex,5,1.0
1453,BWA-no-clip,6,1.0
1453,BWA-std,6,0.45454545454545453
1453,NW-flex,6,1.0
1453,BWA-no-clip,7,1.0
1453,BWA-std,7,0.45454545454545453
1453,NW-flex,7,1.0
1453,BWA-no-clip,8,1.0
1453,BWA-std,8,0.6363636363636364
1453,NW-flex,8,1.0
1453,BWA-no-clip,9,1.0
1453,BWA-std,9,0.6363636363636364
1453,NW-flex,9,1.0
1453,BWA-no-clip,10,1.0
1453,BWA-std,10,0.8181818181818182
1453,NW-flex,10,1.0
1454,BWA-no-clip,1,0.2727272727272727
1454,BWA-std,1,0.09090909090909091
1454,NW-flex,1,1.0
1454,BWA-no-clip,2,0.36363636363636365
1454,BWA-std,2,0.09090909090909091
1454,NW-flex,2,1.0
1454,BWA-no-clip,3,0.45454545454545453
1454,BWA-std,3,0.18181818181818182
1454,NW-flex,3,1.0
1454,BWA-no-clip,4,0.5454545454545454
1454,BWA-std,4,0.18181818181818182
1454,NW-flex,4,1.0
1454,BWA-no-clip,5,0.7272727272727273
1454,BWA-std,5,0.18181818181818182
1454,NW-flex,5,1.0
1454,BWA-no-clip,6,0.8181818181818182
1454,BWA-std,6,0.36363636363636365
1454,NW-flex,6,1.0
1454,BWA-no-clip,7,0.9090909090909091
1454,BWA-std,7,0.36363636363636365
1454,NW-flex,7,1.0
1454,BWA-no-clip,8,1.0
1454,BWA-std,8,0.6363636363636364
1454,NW-flex,8,1.0
1454,BWA-no-clip,9,1.0
1454,BWA-std,9,0.6363636363636364
1454,NW-flex,9,1.0
1454,BWA-no-clip,10,1.0
1454,BWA-std,10,0.8181818181818182
1454,NW-flex,10,1.0
1455,BWA-no-clip,1,0.09090909090909091
1455,BWA-std,1,0.09090909090909091
1455,NW-flex,1,1.0
1455,BWA-no-clip,2,0.6363636363636364
1455,BWA-std,2,0.18181818181818182
1455,NW-flex,2,1.0
1455,BWA-no-clip,3,0.6363636363636364
1455,BWA-std,3,0.18181818181818182
1455,NW-flex,3,1.0
1455,BWA-no-clip,4,0.8181818181818182
1455,BWA-std,4,0.36363636363636365
1455,NW-flex,4,1.0
1455,BWA-no-clip,5,0.8181818181818182
1455,BWA-std,5,0.36363636363636365
1455,NW-flex,5,1.0
1455,BWA-no-clip,6,1.0
1455,BWA-std,6,0.45454545454545453
1455,NW-flex,6,1.0
1455,BWA-no-clip,7,1.0
1455,BWA-std,7,0.45454545454545453
1455,NW-flex,7,1.0
1455,BWA-no-clip,8,1.0
1455,BWA-std,8,0.6363636363636364
1455,NW-flex,8,1.0
1455,BWA-no-clip,9,1.0
1455,BWA-std,9,0.6363636363636364
1455,NW-flex,9,1.0
1455,BWA-no-clip,10,1.0
1455,BWA-std,10,0.8181818181818182
1455,NW-flex,10,1.0
1456,BWA-no-clip,1,0.09090909090909091
1456,BWA-std,1,0.09090909090909091
1456,NW-flex,1,1.0
1456,BWA-no-clip,2,0.09090909090909091
1456,BWA-std,2,0.09090909090909091
1456,NW-flex,2,1.0
1456,BWA-no-clip,3,0.5757575757575758
1456,BWA-std,3,0.18181818181818182
1456,NW-flex,3,1.0
1456,BWA-no-clip,4,0.9090909090909091
1456,BWA-std,4,0.36363636363636365
1456,NW-flex,4,1.0
1456,BWA-no-clip,5,0.9090909090909091
1456,BWA-std,5,0.36363636363636365
1456,NW-flex,5,1.0
1456,BWA-no-clip,6,0.9090909090909091
1456,BWA-std,6,0.45454545454545453
1456,NW-flex,6,1.0
1456,BWA-no-clip,7,1.0
1456,BWA-std,7,0.45454545454545453
1456,NW-flex,7,1.0
1456,BWA-no-clip,8,1.0
1456,BWA-std,8,0.6363636363636364
1456,NW-flex,8,1.0
1456,BWA-no-clip,9,1.0
1456,BWA-std,9,0.6363636363636364
1456,NW-flex,9,1.0
1456,BWA-no-clip,10,1.0
1456,BWA-std,10,0.8181818181818182
1456,NW-flex,10,1.0
1457,BWA-no-clip,1,0.5454545454545454
1457,BWA-std,1,0.09090909090909091
1457,NW-flex,1,1.0
1457,BWA-no-clip,2,0.6363636363636364
1457,BWA-std,2,0.18181818181818182
1457,NW-flex,2,1.0
1457,BWA-no-clip,3,0.7272727272727273
1457,BWA-std,3,0.18181818181818182
1457,NW-flex,3,1.0
1457,BWA-no-clip,4,0.9090909090909091
1457,BWA-std,4,0.36363636363636365
1457,NW-flex,4,1.0
1457,BWA-no-clip,5,1.0
1457,BWA-std,5,0.36363636363636365
1457,NW-flex,5,1.0
1457,BWA-no-clip,6,1.0
1457,BWA-std,6,0.45454545454545453
1457,NW-flex,6,1.0
1457,BWA-no-clip,7,1.0
1457,BWA-std,7,0.45454545454545453
1457,NW-flex,7,1.0
1457,BWA-no-clip,8,1.0
1457,BWA-std,8,0.6363636363636364
1457,NW-flex,8,1.0
1457,BWA-no-clip,9,1.0
1457,BWA-std,9,0.6363636363636364
1457,NW-flex,9,1.0
1457,BWA-no-clip,10,1.0
1457,BWA-std,10,0.8181818181818182
1457,NW-flex,10,1.0
1458,BWA-no-clip,1,0.36363636363636365
1458,BWA-std,1,0.09090909090909091
1458,NW-flex,1,1.0
1458,BWA-no-clip,2,0.45454545454545453
1458,BWA-std,2,0.09090909090909091
1458,NW-flex,2,1.0
1458,BWA-no-clip,3,0.7272727272727273
1458,BWA-std,3,0.18181818181818182
1458,NW-flex,3,1.0
1458,BWA-no-clip,4,0.7272727272727273
1458,BWA-std,4,0.36363636363636365
1458,NW-flex,4,1.0
1458,BWA-no-clip,5,0.9090909090909091
1458,BWA-std,5,0.36363636363636365
1458,NW-flex,5,1.0
1458,BWA-no-clip,6,0.9090909090909091
1458,BWA-std,6,0.45454545454545453
1458,NW-flex,6,1.0
1458,BWA-no-clip,7,1.0
1458,BWA-std,7,0.45454545454545453
1458,NW-flex,7,1.0
1458,BWA-no-clip,8,1.0
1458,BWA-std,8,0.6363636363636364
1458,NW-flex,8,1.0
1458,BWA-no-clip,9,1.0
1458,BWA-std,9,0.6363636363636364
1458,NW-flex,9,1.0
1458,BWA-no-clip,10,1.0
1458,BWA-std,10,0.8181818181818182
1458,NW-flex,10,1.0
1459,BWA-no-clip,1,0.5454545454545454
1459,BWA-std,1,0.09090909090909091
1459,NW-flex,1,1.0
1459,BWA-no-clip,2,0.5454545454545454
1459,BWA-std,2,0.09090909090909091
1459,NW-flex,2,1.0
1459,BWA-no-clip,3,0.7272727272727273
1459,BWA-std,3,0.18181818181818182
1459,NW-flex,3,1.0
1459,BWA-no-clip,4,0.7272727272727273
1459,BWA-std,4,0.36363636363636365
1459,NW-flex,4,1.0
1459,BWA-no-clip,5,0.9090909090909091
1459,BWA-std,5,0.36363636363636365
1459,NW-flex,5,1.0
1459,BWA-no-clip,6,1.0
1459,BWA-std,6,0.45454545454545453
1459,NW-flex,6,1.0
1459,BWA-no-clip,7,1.0
1459,BWA-std,7,0.45454545454545453
1459,NW-flex,7,1.0
1459,BWA-no-clip,8,1.0
1459,BWA-std,8,0.6363636363636364
1459,NW-flex,8,1.0
1459,BWA-no-clip,9,1.0
1459,BWA-std,9,0.6363636363636364
1459,NW-flex,9,1.0
1459,BWA-no-clip,10,1.0
1459,BWA-std,10,0.8181818181818182
1459,NW-flex,10,1.0
1460,BWA-no-clip,1,0.45454545454545453
1460,BWA-std,1,0.09090909090909091
1460,NW-flex,1,1.0
1460,BWA-no-clip,2,0.5454545454545454
1460,BWA-std,2,0.09090909090909091
1460,NW-flex,2,1.0
1460,BWA-no-clip,3,0.6363636363636364
1460,BWA-std,3,0.18181818181818182
1460,NW-flex,3,1.0
1460,BWA-no-clip,4,0.9090909090909091
1460,BWA-std,4,0.36363636363636365
1460,NW-flex,4,1.0
1460,BWA-no-clip,5,1.0
1460,BWA-std,5,0.36363636363636365
1460,NW-flex,5,1.0
1460,BWA-no-clip,6,1.0
1460,BWA-std,6,0.45454545454545453
1460,NW-flex,6,1.0
1460,BWA-no-clip,7,1.0
1460,BWA-std,7,0.45454545454545453
1460,NW-flex,7,1.0
1460,BWA-no-clip,8,1.0
1460,BWA-std,8,0.6363636363636364
1460,NW-flex,8,1.0
1460,BWA-no-clip,9,1.0
1460,BWA-std,9,0.6363636363636364
1460,NW-flex,9,1.0
1460,BWA-no-clip,10,1.0
1460,BWA-std,10,0.8181818181818182
1460,NW-flex,10,1.0
1461,BWA-no-clip,1,0.5454545454545454
1461,BWA-std,1,0.09090909090909091
1461,NW-flex,1,1.0
1461,BWA-no-clip,2,0.5454545454545454
1461,BWA-std,2,0.09090909090909091
1461,NW-flex,2,1.0
1461,BWA-no-clip,3,0.7272727272727273
1461,BWA-std,3,0.18181818181818182
1461,NW-flex,3,1.0
1461,BWA-no-clip,4,0.7272727272727273
1461,BWA-std,4,0.36363636363636365
1461,NW-flex,4,1.0
1461,BWA-no-clip,5,0.9090909090909091
1461,BWA-std,5,0.36363636363636365
1461,NW-flex,5,1.0
1461,BWA-no-clip,6,1.0
1461,BWA-std,6,0.45454545454545453
1461,NW-flex,6,1.0
1461,BWA-no-clip,7,1.0
1461,BWA-std,7,0.45454545454545453
1461,NW-flex,7,1.0
1461,BWA-no-clip,8,1.0
1461,BWA-std,8,0.6363636363636364
1461,NW-flex,8,1.0
1461,BWA-no-clip,9,1.0
1461,BWA-std,9,0.6363636363636364
1461,NW-flex,9,1.0
1461,BWA-no-clip,10,1.0
1461,BWA-std,10,0.8181818181818182
1461,NW-flex,10,1.0
1462,BWA-no-clip,1,0.5454545454545454
1462,BWA-std,1,0.09090909090909091
1462,NW-flex,1,1.0
1462,BWA-no-clip,2,0.7272727272727273
1462,BWA-std,2,0.18181818181818182
1462,NW-flex,2,1.0
1462,BWA-no-clip,3,0.9090909090909091
1462,BWA-std,3,0.18181818181818182
1462,NW-flex,3,1.0
1462,BWA-no-clip,4,1.0
1462,BWA-std,4,0.36363636363636365
1462,NW-flex,4,1.0
1462,BWA-no-clip,5,1.0
1462,BWA-std,5,0.36363636363636365
1462,NW-flex,5,1.0
1462,BWA-no-clip,6,1.0
1462,BWA-std,6,0.45454545454545453
1462,NW-flex,6,1.0
1462,BWA-no-clip,7,1.0
1462,BWA-std,7,0.45454545454545453
1462,NW-flex,7,1.0
1462,BWA-no-clip,8,1.0
1462,BWA-std,8,0.6363636363636364
1462,NW-flex,8,1.0
1462,BWA-no-clip,9,1.0
1462,BWA-std,9,0.6363636363636364
1462,NW-flex,9,1.0
1462,BWA-no-clip,10,1.0
1462,BWA-std,10,0.8181818181818182
1462,NW-flex,10,1.0
1463,BWA-no-clip,1,0.5454545454545454
1463,BWA-std,1,0.09090909090909091
1463,NW-flex,1,1.0
1463,BWA-no-clip,2,0.6363636363636364
1463,BWA-std,2,0.18181818181818182
1463,NW-flex,2,1.0
1463,BWA-no-clip,3,0.8181818181818182
1463,BWA-std,3,0.18181818181818182
1463,NW-flex,3,1.0
1463,BWA-no-clip,4,0.8181818181818182
1463,BWA-std,4,0.36363636363636365
1463,NW-flex,4,1.0
1463,BWA-no-clip,5,0.9090909090909091
1463,BWA-std,5,0.36363636363636365
1463,NW-flex,5,1.0
1463,BWA-no-clip,6,1.0
1463,BWA-std,6,0.45454545454545453
1463,NW-flex,6,1.0
1463,BWA-no-clip,7,1.0
1463,BWA-std,7,0.45454545454545453
1463,NW-flex,7,1.0
1463,BWA-no-clip,8,1.0
1463,BWA-std,8,0.6363636363636364
1463,NW-flex,8,1.0
1463,BWA-no-clip,9,1.0
1463,BWA-std,9,0.6363636363636364
1463,NW-flex,9,1.0
1463,BWA-no-clip,10,1.0
1463,BWA-std,10,0.8181818181818182
1463,NW-flex,10,1.0
1464,BWA-no-clip,1,0.5454545454545454
1464,BWA-std,1,0.09090909090909091
1464,NW-flex,1,1.0
1464,BWA-no-clip,2,0.7272727272727273
1464,BWA-std,2,0.18181818181818182
1464,NW-flex,2,1.0
1464,BWA-no-clip,3,0.7272727272727273
1464,BWA-std,3,0.18181818181818182
1464,NW-flex,3,1.0
1464,BWA-no-clip,4,0.9090909090909091
1464,BWA-std,4,0.36363636363636365
1464,NW-flex,4,1.0
1464,BWA-no-clip,5,0.9090909090909091
1464,BWA-std,5,0.36363636363636365
1464,NW-flex,5,1.0
1464,BWA-no-clip,6,1.0
1464,BWA-std,6,0.45454545454545453
1464,NW-flex,6,1.0
1464,BWA-no-clip,7,1.0
1464,BWA-std,7,0.45454545454545453
1464,NW-flex,7,1.0
1464,BWA-no-clip,8,1.0
1464,BWA-std,8,0.6363636363636364
1464,NW-flex,8,1.0
1464,BWA-no-clip,9,1.0
1464,BWA-std,9,0.6363636363636364
1464,NW-flex,9,1.0
1464,BWA-no-clip,10,1.0
1464,BWA-std,10,0.8181818181818182
1464,NW-flex,10,1.0
1465,BWA-no-clip,1,0.5454545454545454
1465,BWA-std,1,0.09090909090909091
1465,NW-flex,1,1.0
1465,BWA-no-clip,2,0.7272727272727273
1465,BWA-std,2,0.18181818181818182
1465,NW-flex,2,1.0
1465,BWA-no-clip,3,0.7272727272727273
1465,BWA-std,3,0.18181818181818182
1465,NW-flex,3,1.0
1465,BWA-no-clip,4,0.8181818181818182
1465,BWA-std,4,0.36363636363636365
1465,NW-flex,4,1.0
1465,BWA-no-clip,5,0.8181818181818182
1465,BWA-std,5,0.36363636363636365
1465,NW-flex,5,1.0
1465,BWA-no-clip,6,1.0
1465,BWA-std,6,0.45454545454545453
1465,NW-flex,6,1.0
1465,BWA-no-clip,7,1.0
1465,BWA-std,7,0.45454545454545453
1465,NW-flex,7,1.0
1465,BWA-no-clip,8,1.0
1465,BWA-std,8,0.6363636363636364
1465,NW-flex,8,1.0
1465,BWA-no-clip,9,1.0
1465,BWA-std,9,0.6363636363636364
1465,NW-flex,9,1.0
1465,BWA-no-clip,10,1.0
1465,BWA-std,10,0.8181818181818182
1465,NW-flex,10,1.0
1466,BWA-no-clip,1,0.5454545454545454
1466,BWA-std,1,0.09090909090909091
1466,NW-flex,1,1.0
1466,BWA-no-clip,2,0.7272727272727273
1466,BWA-std,2,0.18181818181818182
1466,NW-flex,2,1.0
1466,BWA-no-clip,3,0.9090909090909091
1466,BWA-std,3,0.18181818181818182
1466,NW-flex,3,1.0
1466,BWA-no-clip,4,1.0
1466,BWA-std,4,0.36363636363636365
1466,NW-flex,4,1.0
1466,BWA-no-clip,5,1.0
1466,BWA-std,5,0.36363636363636365
1466,NW-flex,5,1.0
1466,BWA-no-clip,6,1.0
1466,BWA-std,6,0.45454545454545453
1466,NW-flex,6,1.0
1466,BWA-no-clip,7,1.0
1466,BWA-std,7,0.45454545454545453
1466,NW-flex,7,1.0
1466,BWA-no-clip,8,1.0
1466,BWA-std,8,0.6363636363636364
1466,NW-flex,8,1.0
1466,BWA-no-clip,9,1.0
1466,BWA-std,9,0.6363636363636364
1466,NW-flex,9,1.0
1466,BWA-no-clip,10,1.0
1466,BWA-std,10,0.8181818181818182
1466,NW-flex,10,1.0
1467,BWA-no-clip,1,0.36363636363636365
1467,BWA-std,1,0.09090909090909091
1467,NW-flex,1,1.0
1467,BWA-no-clip,2,0.5454545454545454
1467,BWA-std,2,0.18181818181818182
1467,NW-flex,2,1.0
1467,BWA-no-clip,3,0.5454545454545454
1467,BWA-std,3,0.18181818181818182
1467,NW-flex,3,1.0
1467,BWA-no-clip,4,0.9090909090909091
1467,BWA-std,4,0.36363636363636365
1467,NW-flex,4,1.0
1467,BWA-no-clip,5,0.9090909090909091
1467,BWA-std,5,0.36363636363636365
1467,NW-flex,5,1.0
1467,BWA-no-clip,6,0.9090909090909091
1467,BWA-std,6,0.45454545454545453
1467,NW-flex,6,1.0
1467,BWA-no-clip,7,0.9090909090909091
1467,BWA-std,7,0.45454545454545453
1467,NW-flex,7,1.0
1467,BWA-no-clip,8,0.9090909090909091
1467,BWA-std,8,0.6363636363636364
1467,NW-flex,8,1.0
1467,BWA-no-clip,9,0.9090909090909091
1467,BWA-std,9,0.6363636363636364
1467,NW-flex,9,1.0
1467,BWA-no-clip,10,1.0
1467,BWA-std,10,0.8181818181818182
1467,NW-flex,10,1.0
1468,BWA-no-clip,1,0.45454545454545453
1468,BWA-std,1,0.09090909090909091
1468,NW-flex,1,1.0
1468,BWA-no-clip,2,0.45454545454545453
1468,BWA-std,2,0.09090909090909091
1468,NW-flex,2,1.0
1468,BWA-no-clip,3,0.6363636363636364
1468,BWA-std,3,0.18181818181818182
1468,NW-flex,3,1.0
1468,BWA-no-clip,4,0.6363636363636364
1468,BWA-std,4,0.2727272727272727
1468,NW-flex,4,1.0
1468,BWA-no-clip,5,0.9090909090909091
1468,BWA-std,5,0.36363636363636365
1468,NW-flex,5,1.0
1468,BWA-no-clip,6,0.9090909090909091
1468,BWA-std,6,0.45454545454545453
1468,NW-flex,6,1.0
1468,BWA-no-clip,7,0.9090909090909091
1468,BWA-std,7,0.45454545454545453
1468,NW-flex,7,1.0
1468,BWA-no-clip,8,1.0
1468,BWA-std,8,0.6363636363636364
1468,NW-flex,8,1.0
1468,BWA-no-clip,9,1.0
1468,BWA-std,9,0.6363636363636364
1468,NW-flex,9,1.0
1468,BWA-no-clip,10,1.0
1468,BWA-std,10,0.8181818181818182
1468,NW-flex,10,1.0
1469,BWA-no-clip,1,0.45454545454545453
1469,BWA-std,1,0.09090909090909091
1469,NW-flex,1,1.0
1469,BWA-no-clip,2,0.7272727272727273
1469,BWA-std,2,0.18181818181818182
1469,NW-flex,2,1.0
1469,BWA-no-clip,3,0.7272727272727273
1469,BWA-std,3,0.18181818181818182
1469,NW-flex,3,1.0
1469,BWA-no-clip,4,0.7272727272727273
1469,BWA-std,4,0.36363636363636365
1469,NW-flex,4,1.0
1469,BWA-no-clip,5,0.9090909090909091
1469,BWA-std,5,0.36363636363636365
1469,NW-flex,5,1.0
1469,BWA-no-clip,6,1.0
1469,BWA-std,6,0.45454545454545453
1469,NW-flex,6,1.0
1469,BWA-no-clip,7,1.0
1469,BWA-std,7,0.45454545454545453
1469,NW-flex,7,1.0
1469,BWA-no-clip,8,1.0
1469,BWA-std,8,0.6363636363636364
1469,NW-flex,8,1.0
1469,BWA-no-clip,9,1.0
1469,BWA-std,9,0.6363636363636364
1469,NW-flex,9,1.0
1469,BWA-no-clip,10,1.0
1469,BWA-std,10,0.8181818181818182
1469,NW-flex,10,1.0
1470,BWA-no-clip,1,0.18181818181818182
1470,BWA-std,1,0.09090909090909091
1470,NW-flex,1,1.0
1470,BWA-no-clip,2,0.6363636363636364
1470,BWA-std,2,0.18181818181818182
1470,NW-flex,2,1.0
1470,BWA-no-clip,3,0.8181818181818182
1470,BWA-std,3,0.18181818181818182
1470,NW-flex,3,1.0
1470,BWA-no-clip,4,0.9090909090909091
1470,BWA-std,4,0.36363636363636365
1470,NW-flex,4,1.0
1470,BWA-no-clip,5,1.0
1470,BWA-std,5,0.36363636363636365
1470,NW-flex,5,1.0
1470,BWA-no-clip,6,1.0
1470,BWA-std,6,0.45454545454545453
1470,NW-flex,6,1.0
1470,BWA-no-clip,7,1.0
1470,BWA-std,7,0.45454545454545453
1470,NW-flex,7,1.0
1470,BWA-no-clip,8,1.0
1470,BWA-std,8,0.6363636363636364
1470,NW-flex,8,1.0
1470,BWA-no-clip,9,1.0
1470,BWA-std,9,0.6363636363636364
1470,NW-flex,9,1.0
1470,BWA-no-clip,10,1.0
1470,BWA-std,10,0.8181818181818182
1470,NW-flex,10,1.0
1471,BWA-no-clip,1,0.5454545454545454
1471,BWA-std,1,0.09090909090909091
1471,NW-flex,1,1.0
1471,BWA-no-clip,2,0.7272727272727273
1471,BWA-std,2,0.18181818181818182
1471,NW-flex,2,1.0
1471,BWA-no-clip,3,0.7272727272727273
1471,BWA-std,3,0.18181818181818182
1471,NW-flex,3,1.0
1471,BWA-no-clip,4,0.7272727272727273
1471,BWA-std,4,0.36363636363636365
1471,NW-flex,4,1.0
1471,BWA-no-clip,5,0.9090909090909091
1471,BWA-std,5,0.36363636363636365
1471,NW-flex,5,1.0
1471,BWA-no-clip,6,1.0
1471,BWA-std,6,0.45454545454545453
1471,NW-flex,6,1.0
1471,BWA-no-clip,7,1.0
1471,BWA-std,7,0.45454545454545453
1471,NW-flex,7,1.0
1471,BWA-no-clip,8,1.0
1471,BWA-std,8,0.6363636363636364
1471,NW-flex,8,1.0
1471,BWA-no-clip,9,1.0
1471,BWA-std,9,0.6363636363636364
1471,NW-flex,9,1.0
1471,BWA-no-clip,10,1.0
1471,BWA-std,10,0.8181818181818182
1471,NW-flex,10,1.0
1472,BWA-no-clip,1,0.5454545454545454
1472,BWA-std,1,0.09090909090909091
1472,NW-flex,1,1.0
1472,BWA-no-clip,2,0.7272727272727273
1472,BWA-std,2,0.18181818181818182
1472,NW-flex,2,1.0
1472,BWA-no-clip,3,0.9090909090909091
1472,BWA-std,3,0.18181818181818182
1472,NW-flex,3,1.0
1472,BWA-no-clip,4,1.0
1472,BWA-std,4,0.36363636363636365
1472,NW-flex,4,1.0
1472,BWA-no-clip,5,1.0
1472,BWA-std,5,0.36363636363636365
1472,NW-flex,5,1.0
1472,BWA-no-clip,6,1.0
1472,BWA-std,6,0.45454545454545453
1472,NW-flex,6,1.0
1472,BWA-no-clip,7,1.0
1472,BWA-std,7,0.45454545454545453
1472,NW-flex,7,1.0
1472,BWA-no-clip,8,1.0
1472,BWA-std,8,0.6363636363636364
1472,NW-flex,8,1.0
1472,BWA-no-clip,9,1.0
1472,BWA-std,9,0.6363636363636364
1472,NW-flex,9,1.0
1472,BWA-no-clip,10,1.0
1472,BWA-std,10,0.8181818181818182
1472,NW-flex,10,1.0
1473,BWA-no-clip,1,0.09090909090909091
1473,BWA-std,1,0.09090909090909091
1473,NW-flex,1,1.0
1473,BWA-no-clip,2,0.09090909090909091
1473,BWA-std,2,0.09090909090909091
1473,NW-flex,2,1.0
1473,BWA-no-clip,3,0.12121212121212122
1473,BWA-std,3,0.18181818181818182
1473,NW-flex,3,1.0
1473,BWA-no-clip,4,0.12121212121212122
1473,BWA-std,4,0.18181818181818182
1473,NW-flex,4,1.0
1473,BWA-no-clip,5,0.12121212121212122
1473,BWA-std,5,0.18181818181818182
1473,NW-flex,5,1.0
1473,BWA-no-clip,6,0.12121212121212122
1473,BWA-std,6,0.12121212121212122
1473,NW-flex,6,1.0
1473,BWA-no-clip,7,0.5757575757575758
1473,BWA-std,7,0.30303030303030304
1473,NW-flex,7,1.0
1473,BWA-no-clip,8,1.0
1473,BWA-std,8,0.6363636363636364
1473,NW-flex,8,1.0
1473,BWA-no-clip,9,1.0
1473,BWA-std,9,0.6363636363636364
1473,NW-flex,9,1.0
1473,BWA-no-clip,10,1.0
1473,BWA-std,10,0.8181818181818182
1473,NW-flex,10,1.0
1474,BWA-no-clip,1,0.45454545454545453
1474,BWA-std,1,0.09090909090909091
1474,NW-flex,1,1.0
1474,BWA-no-clip,2,0.5454545454545454
1474,BWA-std,2,0.09090909090909091
1474,NW-flex,2,1.0
1474,BWA-no-clip,3,0.6363636363636364
1474,BWA-std,3,0.09090909090909091
1474,NW-flex,3,1.0
1474,BWA-no-clip,4,0.7272727272727273
1474,BWA-std,4,0.36363636363636365
1474,NW-flex,4,1.0
1474,BWA-no-clip,5,0.7272727272727273
1474,BWA-std,5,0.36363636363636365
1474,NW-flex,5,1.0
1474,BWA-no-clip,6,0.9090909090909091
1474,BWA-std,6,0.45454545454545453
1474,NW-flex,6,1.0
1474,BWA-no-clip,7,1.0
1474,BWA-std,7,0.45454545454545453
1474,NW-flex,7,1.0
1474,BWA-no-clip,8,1.0
1474,BWA-std,8,0.6363636363636364
1474,NW-flex,8,1.0
1474,BWA-no-clip,9,1.0
1474,BWA-std,9,0.6363636363636364
1474,NW-flex,9,1.0
1474,BWA-no-clip,10,1.0
1474,BWA-std,10,0.8181818181818182
1474,NW-flex,10,1.0
1475,BWA-no-clip,1,0.5454545454545454
1475,BWA-std,1,0.09090909090909091
1475,NW-flex,1,1.0
1475,BWA-no-clip,2,0.7272727272727273
1475,BWA-std,2,0.18181818181818182
1475,NW-flex,2,1.0
1475,BWA-no-clip,3,0.9090909090909091
1475,BWA-std,3,0.18181818181818182
1475,NW-flex,3,1.0
1475,BWA-no-clip,4,0.8181818181818182
1475,BWA-std,4,0.36363636363636365
1475,NW-flex,4,1.0
1475,BWA-no-clip,5,0.8181818181818182
1475,BWA-std,5,0.36363636363636365
1475,NW-flex,5,1.0
1475,BWA-no-clip,6,0.8181818181818182
1475,BWA-std,6,0.45454545454545453
1475,NW-flex,6,1.0
1475,BWA-no-clip,7,1.0
1475,BWA-std,7,0.45454545454545453
1475,NW-flex,7,1.0
1475,BWA-no-clip,8,1.0
1475,BWA-std,8,0.6363636363636364
1475,NW-flex,8,1.0
1475,BWA-no-clip,9,1.0
1475,BWA-std,9,0.6363636363636364
1475,NW-flex,9,1.0
1475,BWA-no-clip,10,1.0
1475,BWA-std,10,0.8181818181818182
1475,NW-flex,10,1.0
1476,BWA-no-clip,1,0.5454545454545454
1476,BWA-std,1,0.09090909090909091
1476,NW-flex,1,1.0
1476,BWA-no-clip,2,0.7272727272727273
1476,BWA-std,2,0.18181818181818182
1476,NW-flex,2,1.0
1476,BWA-no-clip,3,0.7272727272727273
1476,BWA-std,3,0.18181818181818182
1476,NW-flex,3,1.0
1476,BWA-no-clip,4,0.9090909090909091
1476,BWA-std,4,0.36363636363636365
1476,NW-flex,4,1.0
1476,BWA-no-clip,5,1.0
1476,BWA-std,5,0.36363636363636365
1476,NW-flex,5,1.0
1476,BWA-no-clip,6,1.0
1476,BWA-std,6,0.45454545454545453
1476,NW-flex,6,1.0
1476,BWA-no-clip,7,1.0
1476,BWA-std,7,0.45454545454545453
1476,NW-flex,7,1.0
1476,BWA-no-clip,8,1.0
1476,BWA-std,8,0.6363636363636364
1476,NW-flex,8,1.0
1476,BWA-no-clip,9,1.0
1476,BWA-std,9,0.6363636363636364
1476,NW-flex,9,1.0
1476,BWA-no-clip,10,1.0
1476,BWA-std,10,0.8181818181818182
1476,NW-flex,10,1.0
1477,BWA-no-clip,1,0.5454545454545454
1477,BWA-std,1,0.09090909090909091
1477,NW-flex,1,1.0
1477,BWA-no-clip,2,0.6363636363636364
1477,BWA-std,2,0.18181818181818182
1477,NW-flex,2,1.0
1477,BWA-no-clip,3,0.7272727272727273
1477,BWA-std,3,0.18181818181818182
1477,NW-flex,3,1.0
1477,BWA-no-clip,4,0.9090909090909091
1477,BWA-std,4,0.36363636363636365
1477,NW-flex,4,1.0
1477,BWA-no-clip,5,1.0
1477,BWA-std,5,0.36363636363636365
1477,NW-flex,5,1.0
1477,BWA-no-clip,6,1.0
1477,BWA-std,6,0.45454545454545453
1477,NW-flex,6,1.0
1477,BWA-no-clip,7,1.0
1477,BWA-std,7,0.45454545454545453
1477,NW-flex,7,1.0
1477,BWA-no-clip,8,1.0
1477,BWA-std,8,0.6363636363636364
1477,NW-flex,8,1.0
1477,BWA-no-clip,9,1.0
1477,BWA-std,9,0.6363636363636364
1477,NW-flex,9,1.0
1477,BWA-no-clip,10,1.0
1477,BWA-std,10,0.8181818181818182
1477,NW-flex,10,1.0
1478,BWA-no-clip,1,0.5454545454545454
1478,BWA-std,1,0.09090909090909091
1478,NW-flex,1,1.0
1478,BWA-no-clip,2,0.7272727272727273
1478,BWA-std,2,0.18181818181818182
1478,NW-flex,2,1.0
1478,BWA-no-clip,3,0.8181818181818182
1478,BWA-std,3,0.18181818181818182
1478,NW-flex,3,1.0
1478,BWA-no-clip,4,0.8181818181818182
1478,BWA-std,4,0.36363636363636365
1478,NW-flex,4,1.0
1478,BWA-no-clip,5,1.0
1478,BWA-std,5,0.36363636363636365
1478,NW-flex,5,1.0
1478,BWA-no-clip,6,1.0
1478,BWA-std,6,0.45454545454545453
1478,NW-flex,6,1.0
1478,BWA-no-clip,7,1.0
1478,BWA-std,7,0.45454545454545453
1478,NW-flex,7,1.0
1478,BWA-no-clip,8,1.0
1478,BWA-std,8,0.6363636363636364
1478,NW-flex,8,1.0
1478,BWA-no-clip,9,1.0
1478,BWA-std,9,0.6363636363636364
1478,NW-flex,9,1.0
1478,BWA-no-clip,10,1.0
1478,BWA-std,10,0.8181818181818182
1478,NW-flex,10,1.0
1479,BWA-no-clip,1,0.5454545454545454
1479,BWA-std,1,0.09090909090909091
1479,NW-flex,1,1.0
1479,BWA-no-clip,2,0.7272727272727273
1479,BWA-std,2,0.18181818181818182
1479,NW-flex,2,1.0
1479,BWA-no-clip,3,0.7272727272727273
1479,BWA-std,3,0.18181818181818182
1479,NW-flex,3,1.0
1479,BWA-no-clip,4,0.8181818181818182
1479,BWA-std,4,0.36363636363636365
1479,NW-flex,4,1.0
1479,BWA-no-clip,5,1.0
1479,BWA-std,5,0.36363636363636365
1479,NW-flex,5,1.0
1479,BWA-no-clip,6,1.0
1479,BWA-std,6,0.45454545454545453
1479,NW-flex,6,1.0
1479,BWA-no-clip,7,1.0
1479,BWA-std,7,0.45454545454545453
1479,NW-flex,7,1.0
1479,BWA-no-clip,8,1.0
1479,BWA-std,8,0.6363636363636364
1479,NW-flex,8,1.0
1479,BWA-no-clip,9,1.0
1479,BWA-std,9,0.6363636363636364
1479,NW-flex,9,1.0
1479,BWA-no-clip,10,1.0
1479,BWA-std,10,0.8181818181818182
1479,NW-flex,10,1.0
