pind,arm,snv_offset,correct
400,BWA-no-clip,0,0.6272727272727273
400,BWA-std,0,0.12727272727272726
400,NW-flex,0,1.0
400,BWA-no-clip,1,0.6636363636363637
400,BWA-std,1,0.12727272727272726
400,NW-flex,1,1.0
400,BWA-no-clip,10,0.8181818181818182
400,BWA-std,10,0.41818181818181815
400,NW-flex,10,1.0
400,BWA-no-clip,2,0.7515151515151515
400,BWA-std,2,0.13636363636363635
400,NW-flex,2,1.0
400,BWA-no-clip,3,0.7636363636363637
400,BWA-std,3,0.14545454545454545
400,NW-flex,3,1.0
400,BWA-no-clip,5,0.7909090909090909
400,BWA-std,5,0.2
400,NW-flex,5,1.0
400,BWA-no-clip,-1,0.8181818181818182
400,BWA-std,-1,0.41818181818181815
400,NW-flex,-1,1.0
401,BWA-no-clip,0,0.5272727272727272
401,BWA-std,0,0.13636363636363635
401,NW-flex,0,0.996969696969697
401,BWA-no-clip,1,0.6727272727272727
401,BWA-std,1,0.12727272727272726
401,NW-flex,1,1.0
401,BWA-no-clip,10,0.8272727272727273
401,BWA-std,10,0.4090909090909091
401,NW-flex,10,1.0
401,BWA-no-clip,2,0.6272727272727273
401,BWA-std,2,0.12727272727272726
401,NW-flex,2,1.0
401,BWA-no-clip,3,0.7454545454545455
401,BWA-std,3,0.13636363636363635
401,NW-flex,3,1.0
401,BWA-no-clip,5,0.7909090909090909
401,BWA-std,5,0.19090909090909092
401,NW-flex,5,1.0
401,BWA-no-clip,-1,0.8272727272727273
401,BWA-std,-1,0.4090909090909091
401,NW-flex,-1,1.0
402,BWA-no-clip,0,0.6272727272727273
402,BWA-std,0,0.12727272727272726
402,NW-flex,0,1.0
402,BWA-no-clip,1,0.6636363636363637
402,BWA-std,1,0.12727272727272726
402,NW-flex,1,1.0
402,BWA-no-clip,10,0.8181818181818182
402,BWA-std,10,0.41818181818181815
402,NW-flex,10,1.0
402,BWA-no-clip,2,0.7515151515151515
402,BWA-std,2,0.13636363636363635
402,NW-flex,2,1.0
402,BWA-no-clip,3,0.7636363636363637
402,BWA-std,3,0.14545454545454545
402,NW-flex,3,1.0
402,BWA-no-clip,5,0.7909090909090909
402,BWA-std,5,0.2
402,NW-flex,5,1.0
402,BWA-no-clip,-1,0.8181818181818182
402,BWA-std,-1,0.41818181818181815
402,NW-flex,-1,1.0
403,BWA-no-clip,0,0.6181818181818182
403,BWA-std,0,0.12727272727272726
403,NW-flex,0,0.996969696969697
403,BWA-no-clip,1,0.7
403,BWA-std,1,0.12727272727272726
403,NW-flex,1,1.0
403,BWA-no-clip,10,0.8272727272727273
403,BWA-std,10,0.4
403,NW-flex,10,1.0
403,BWA-no-clip,2,0.7727272727272727
403,BWA-std,2,0.12727272727272726
403,NW-flex,2,1.0
403,BWA-no-clip,3,0.7454545454545455
403,BWA-std,3,0.12727272727272726
403,NW-flex,3,1.0
403,BWA-no-clip,5,0.7818181818181819
403,BWA-std,5,0.18181818181818182
403,NW-flex,5,1.0
403,BWA-no-clip,-1,0.8272727272727273
403,BWA-std,-1,0.4
403,NW-flex,-1,1.0
404,BWA-no-clip,0,0.6363636363636364
404,BWA-std,0,0.12727272727272726
404,NW-flex,0,1.0
404,BWA-no-clip,1,0.8
404,BWA-std,1,0.12727272727272726
404,NW-flex,1,1.0
404,BWA-no-clip,10,0.8454545454545455
404,BWA-std,10,0.4090909090909091
404,NW-flex,10,1.0
404,BWA-no-clip,2,0.7272727272727273
404,BWA-std,2,0.12727272727272726
404,NW-flex,2,1.0
404,BWA-no-clip,3,0.8090909090909091
404,BWA-std,3,0.13636363636363635
404,NW-flex,3,1.0
404,BWA-no-clip,5,0.8
404,BWA-std,5,0.19090909090909092
404,NW-flex,5,1.0
404,BWA-no-clip,-1,0.8454545454545455
404,BWA-std,-1,0.4090909090909091
404,NW-flex,-1,1.0
405,BWA-no-clip,0,0.6818181818181818
405,BWA-std,0,0.12727272727272726
405,NW-flex,0,0.996969696969697
405,BWA-no-clip,1,0.7727272727272727
405,BWA-std,1,0.12727272727272726
405,NW-flex,1,1.0
405,BWA-no-clip,10,0.8272727272727273
405,BWA-std,10,0.4
405,NW-flex,10,1.0
405,BWA-no-clip,2,0.7545454545454545
405,BWA-std,2,0.12727272727272726
405,NW-flex,2,1.0
405,BWA-no-clip,3,0.7727272727272727
405,BWA-std,3,0.12727272727272726
405,NW-flex,3,1.0
405,BWA-no-clip,5,0.7909090909090909
405,BWA-std,5,0.18181818181818182
405,NW-flex,5,1.0
405,BWA-no-clip,-1,0.8272727272727273
405,BWA-std,-1,0.4
405,NW-flex,-1,1.0
406,BWA-no-clip,0,0.41818181818181815
406,BWA-std,0,0.10909090909090909
406,NW-flex,0,0.9
406,BWA-no-clip,1,0.7181818181818181
406,BWA-std,1,0.12727272727272726
406,NW-flex,1,1.0
406,BWA-no-clip,10,0.8909090909090909
406,BWA-std,10,0.41818181818181815
406,NW-flex,10,1.0
406,BWA-no-clip,2,0.8181818181818182
406,BWA-std,2,0.13636363636363635
406,NW-flex,2,1.0
406,BWA-no-clip,3,0.8272727272727273
406,BWA-std,3,0.14545454545454545
406,NW-flex,3,1.0
406,BWA-no-clip,5,0.8909090909090909
406,BWA-std,5,0.2
406,NW-flex,5,1.0
406,BWA-no-clip,-1,0.8909090909090909
406,BWA-std,-1,0.41818181818181815
406,NW-flex,-1,1.0
407,BWA-no-clip,0,0.5363636363636364
407,BWA-std,0,0.10909090909090909
407,NW-flex,0,0.9
407,BWA-no-clip,1,0.7090909090909091
407,BWA-std,1,0.12727272727272726
407,NW-flex,1,0.996969696969697
407,BWA-no-clip,10,0.8909090909090909
407,BWA-std,10,0.41818181818181815
407,NW-flex,10,1.0
407,BWA-no-clip,2,0.8545454545454545
407,BWA-std,2,0.13636363636363635
407,NW-flex,2,1.0
407,BWA-no-clip,3,0.8545454545454545
407,BWA-std,3,0.14545454545454545
407,NW-flex,3,1.0
407,BWA-no-clip,5,0.8818181818181818
407,BWA-std,5,0.2
407,NW-flex,5,1.0
407,BWA-no-clip,-1,0.8909090909090909
407,BWA-std,-1,0.41818181818181815
407,NW-flex,-1,1.0
408,BWA-no-clip,0,0.4636363636363636
408,BWA-std,0,0.10909090909090909
408,NW-flex,0,0.9
408,BWA-no-clip,1,0.7515151515151515
408,BWA-std,1,0.12727272727272726
408,NW-flex,1,1.0
408,BWA-no-clip,10,0.9
408,BWA-std,10,0.41818181818181815
408,NW-flex,10,1.0
408,BWA-no-clip,2,0.7818181818181819
408,BWA-std,2,0.13636363636363635
408,NW-flex,2,1.0
408,BWA-no-clip,3,0.7818181818181819
408,BWA-std,3,0.14545454545454545
408,NW-flex,3,1.0
408,BWA-no-clip,5,0.8636363636363636
408,BWA-std,5,0.2
408,NW-flex,5,1.0
408,BWA-no-clip,-1,0.9
408,BWA-std,-1,0.41818181818181815
408,NW-flex,-1,1.0
409,BWA-no-clip,0,0.7181818181818181
409,BWA-std,0,0.12727272727272726
409,NW-flex,0,0.996969696969697
409,BWA-no-clip,1,0.6727272727272727
409,BWA-std,1,0.12727272727272726
409,NW-flex,1,1.0
409,BWA-no-clip,10,0.9181818181818182
409,BWA-std,10,0.41818181818181815
409,NW-flex,10,1.0
409,BWA-no-clip,2,0.8363636363636363
409,BWA-std,2,0.13636363636363635
409,NW-flex,2,1.0
409,BWA-no-clip,3,0.8636363636363636
409,BWA-std,3,0.14545454545454545
409,NW-flex,3,1.0
409,BWA-no-clip,5,0.8818181818181818
409,BWA-std,5,0.2
409,NW-flex,5,1.0
409,BWA-no-clip,-1,0.9181818181818182
409,BWA-std,-1,0.41818181818181815
409,NW-flex,-1,1.0
410,BWA-no-clip,0,0.4636363636363636
410,BWA-std,0,0.10909090909090909
410,NW-flex,0,0.7
410,BWA-no-clip,1,0.6636363636363637
410,BWA-std,1,0.12727272727272726
410,NW-flex,1,0.9939393939393939
410,BWA-no-clip,10,0.7666666666666667
410,BWA-std,10,0.4090909090909091
410,NW-flex,10,1.0
410,BWA-no-clip,2,0.6090909090909091
410,BWA-std,2,0.12727272727272726
410,NW-flex,2,1.0
410,BWA-no-clip,3,0.5969696969696969
410,BWA-std,3,0.13636363636363635
410,NW-flex,3,0.996969696969697
410,BWA-no-clip,5,0.7121212121212122
410,BWA-std,5,0.19090909090909092
410,NW-flex,5,1.0
410,BWA-no-clip,-1,0.7666666666666667
410,BWA-std,-1,0.4090909090909091
410,NW-flex,-1,1.0
411,BWA-no-clip,0,0.8090909090909091
411,BWA-std,0,0.12727272727272726
411,NW-flex,0,0.9939393939393939
411,BWA-no-clip,1,0.7818181818181819
411,BWA-std,1,0.12727272727272726
411,NW-flex,1,1.0
411,BWA-no-clip,10,0.9
411,BWA-std,10,0.41818181818181815
411,NW-flex,10,1.0
411,BWA-no-clip,2,0.7727272727272727
411,BWA-std,2,0.13636363636363635
411,NW-flex,2,1.0
411,BWA-no-clip,3,0.8363636363636363
411,BWA-std,3,0.14545454545454545
411,NW-flex,3,1.0
411,BWA-no-clip,5,0.8636363636363636
411,BWA-std,5,0.2
411,NW-flex,5,1.0
411,BWA-no-clip,-1,0.9
411,BWA-std,-1,0.41818181818181815
411,NW-flex,-1,1.0
412,BWA-no-clip,0,0.7090909090909091
412,BWA-std,0,0.12727272727272726
412,NW-flex,0,1.0
412,BWA-no-clip,1,0.6636363636363637
412,BWA-std,1,0.12727272727272726
412,NW-flex,1,1.0
412,BWA-no-clip,10,0.8727272727272727
412,BWA-std,10,0.41818181818181815
412,NW-flex,10,1.0
412,BWA-no-clip,2,0.7363636363636363
412,BWA-std,2,0.13636363636363635
412,NW-flex,2,1.0
412,BWA-no-clip,3,0.8090909090909091
412,BWA-std,3,0.14545454545454545
412,NW-flex,3,1.0
412,BWA-no-clip,5,0.8636363636363636
412,BWA-std,5,0.2
412,NW-flex,5,1.0
412,BWA-no-clip,-1,0.8727272727272727
412,BWA-std,-1,0.41818181818181815
412,NW-flex,-1,1.0
413,BWA-no-clip,0,0.4303030303030303
413,BWA-std,0,0.10909090909090909
413,NW-flex,0,0.7
413,BWA-no-clip,1,0.6545454545454545
413,BWA-std,1,0.12727272727272726
413,NW-flex,1,0.9939393939393939
413,BWA-no-clip,10,0.7666666666666667
413,BWA-std,10,0.4090909090909091
413,NW-flex,10,1.0
413,BWA-no-clip,2,0.5454545454545454
413,BWA-std,2,0.12727272727272726
413,NW-flex,2,1.0
413,BWA-no-clip,3,0.6757575757575758
413,BWA-std,3,0.13636363636363635
413,NW-flex,3,1.0
413,BWA-no-clip,5,0.6848484848484848
413,BWA-std,5,0.19090909090909092
413,NW-flex,5,1.0
413,BWA-no-clip,-1,0.7666666666666667
413,BWA-std,-1,0.4090909090909091
413,NW-flex,-1,1.0
414,BWA-no-clip,0,0.4636363636363636
414,BWA-std,0,0.10909090909090909
414,NW-flex,0,0.8
414,BWA-no-clip,1,0.6727272727272727
414,BWA-std,1,0.12727272727272726
414,NW-flex,1,0.996969696969697
414,BWA-no-clip,10,0.8
414,BWA-std,10,0.4090909090909091
414,NW-flex,10,1.0
414,BWA-no-clip,2,0.6636363636363637
414,BWA-std,2,0.12727272727272726
414,NW-flex,2,0.996969696969697
414,BWA-no-clip,3,0.7818181818181819
414,BWA-std,3,0.13636363636363635
414,NW-flex,3,1.0
414,BWA-no-clip,5,0.7818181818181819
414,BWA-std,5,0.19090909090909092
414,NW-flex,5,1.0
414,BWA-no-clip,-1,0.8
414,BWA-std,-1,0.4090909090909091
414,NW-flex,-1,1.0
415,BWA-no-clip,0,0.34545454545454546
415,BWA-std,0,0.10909090909090909
415,NW-flex,0,0.5
415,BWA-no-clip,1,0.4727272727272727
415,BWA-std,1,0.12727272727272726
415,NW-flex,1,0.9878787878787879
415,BWA-no-clip,10,0.6
415,BWA-std,10,0.38181818181818183
415,NW-flex,10,1.0
415,BWA-no-clip,2,0.5181818181818182
415,BWA-std,2,0.12727272727272726
415,NW-flex,2,1.0
415,BWA-no-clip,3,0.49393939393939396
415,BWA-std,3,0.12727272727272726
415,NW-flex,3,1.0
415,BWA-no-clip,5,0.5545454545454546
415,BWA-std,5,0.16363636363636364
415,NW-flex,5,1.0
415,BWA-no-clip,-1,0.6
415,BWA-std,-1,0.38181818181818183
415,NW-flex,-1,1.0
416,BWA-no-clip,0,0.7
416,BWA-std,0,0.12727272727272726
416,NW-flex,0,0.996969696969697
416,BWA-no-clip,1,0.7545454545454545
416,BWA-std,1,0.12727272727272726
416,NW-flex,1,1.0
416,BWA-no-clip,10,0.8545454545454545
416,BWA-std,10,0.4090909090909091
416,NW-flex,10,1.0
416,BWA-no-clip,2,0.7181818181818181
416,BWA-std,2,0.12727272727272726
416,NW-flex,2,1.0
416,BWA-no-clip,3,0.7
416,BWA-std,3,0.13636363636363635
416,NW-flex,3,1.0
416,BWA-no-clip,5,0.8363636363636363
416,BWA-std,5,0.19090909090909092
416,NW-flex,5,1.0
416,BWA-no-clip,-1,0.8545454545454545
416,BWA-std,-1,0.4090909090909091
416,NW-flex,-1,1.0
417,BWA-no-clip,0,0.5363636363636364
417,BWA-std,0,0.12727272727272726
417,NW-flex,0,1.0
417,BWA-no-clip,1,0.6272727272727273
417,BWA-std,1,0.12727272727272726
417,NW-flex,1,1.0
417,BWA-no-clip,10,0.7727272727272727
417,BWA-std,10,0.4
417,NW-flex,10,1.0
417,BWA-no-clip,2,0.6272727272727273
417,BWA-std,2,0.12727272727272726
417,NW-flex,2,1.0
417,BWA-no-clip,3,0.7454545454545455
417,BWA-std,3,0.13636363636363635
417,NW-flex,3,1.0
417,BWA-no-clip,5,0.6545454545454545
417,BWA-std,5,0.18181818181818182
417,NW-flex,5,1.0
417,BWA-no-clip,-1,0.7727272727272727
417,BWA-std,-1,0.4
417,NW-flex,-1,1.0
418,BWA-no-clip,0,0.7272727272727273
418,BWA-std,0,0.12727272727272726
418,NW-flex,0,1.0
418,BWA-no-clip,1,0.7545454545454545
418,BWA-std,1,0.12727272727272726
418,NW-flex,1,1.0
418,BWA-no-clip,10,0.9090909090909091
418,BWA-std,10,0.41818181818181815
418,NW-flex,10,1.0
418,BWA-no-clip,2,0.8545454545454545
418,BWA-std,2,0.13636363636363635
418,NW-flex,2,1.0
418,BWA-no-clip,3,0.8454545454545455
418,BWA-std,3,0.14545454545454545
418,NW-flex,3,1.0
418,BWA-no-clip,5,0.8818181818181818
418,BWA-std,5,0.2
418,NW-flex,5,1.0
418,BWA-no-clip,-1,0.9090909090909091
418,BWA-std,-1,0.41818181818181815
418,NW-flex,-1,1.0
419,BWA-no-clip,0,0.42727272727272725
419,BWA-std,0,0.10909090909090909
419,NW-flex,0,0.8
419,BWA-no-clip,1,0.5818181818181818
419,BWA-std,1,0.12727272727272726
419,NW-flex,1,0.996969696969697
419,BWA-no-clip,10,0.8181818181818182
419,BWA-std,10,0.4090909090909091
419,NW-flex,10,1.0
419,BWA-no-clip,2,0.6121212121212121
419,BWA-std,2,0.12727272727272726
419,NW-flex,2,1.0
419,BWA-no-clip,3,0.7
419,BWA-std,3,0.13636363636363635
419,NW-flex,3,1.0
419,BWA-no-clip,5,0.7181818181818181
419,BWA-std,5,0.19090909090909092
419,NW-flex,5,1.0
419,BWA-no-clip,-1,0.8181818181818182
419,BWA-std,-1,0.4090909090909091
419,NW-flex,-1,1.0
420,BWA-no-clip,0,0.7545454545454545
420,BWA-std,0,0.12727272727272726
420,NW-flex,0,0.9939393939393939
420,BWA-no-clip,1,0.7454545454545455
420,BWA-std,1,0.12727272727272726
420,NW-flex,1,1.0
420,BWA-no-clip,10,0.8909090909090909
420,BWA-std,10,0.41818181818181815
420,NW-flex,10,1.0
420,BWA-no-clip,2,0.8454545454545455
420,BWA-std,2,0.13636363636363635
420,NW-flex,2,1.0
420,BWA-no-clip,3,0.8363636363636363
420,BWA-std,3,0.14545454545454545
420,NW-flex,3,1.0
420,BWA-no-clip,5,0.8909090909090909
420,BWA-std,5,0.2
420,NW-flex,5,1.0
420,BWA-no-clip,-1,0.8909090909090909
420,BWA-std,-1,0.41818181818181815
420,NW-flex,-1,1.0
421,BWA-no-clip,0,0.5909090909090909
421,BWA-std,0,0.12727272727272726
421,NW-flex,0,0.996969696969697
421,BWA-no-clip,1,0.5545454545454546
421,BWA-std,1,0.12727272727272726
421,NW-flex,1,1.0
421,BWA-no-clip,10,0.8090909090909091
421,BWA-std,10,0.41818181818181815
421,NW-flex,10,1.0
421,BWA-no-clip,2,0.6545454545454545
421,BWA-std,2,0.13636363636363635
421,NW-flex,2,1.0
421,BWA-no-clip,3,0.6636363636363637
421,BWA-std,3,0.14545454545454545
421,NW-flex,3,1.0
421,BWA-no-clip,5,0.7818181818181819
421,BWA-std,5,0.2
421,NW-flex,5,1.0
421,BWA-no-clip,-1,0.8090909090909091
421,BWA-std,-1,0.41818181818181815
421,NW-flex,-1,1.0
422,BWA-no-clip,0,0.7363636363636363
422,BWA-std,0,0.12727272727272726
422,NW-flex,0,0.996969696969697
422,BWA-no-clip,1,0.7090909090909091
422,BWA-std,1,0.12727272727272726
422,NW-flex,1,1.0
422,BWA-no-clip,10,0.9
422,BWA-std,10,0.41818181818181815
422,NW-flex,10,1.0
422,BWA-no-clip,2,0.8181818181818182
422,BWA-std,2,0.13636363636363635
422,NW-flex,2,1.0
422,BWA-no-clip,3,0.8272727272727273
422,BWA-std,3,0.14545454545454545
422,NW-flex,3,1.0
422,BWA-no-clip,5,0.8909090909090909
422,BWA-std,5,0.2
422,NW-flex,5,1.0
422,BWA-no-clip,-1,0.9
422,BWA-std,-1,0.41818181818181815
422,NW-flex,-1,1.0
423,BWA-no-clip,0,0.6363636363636364
423,BWA-std,0,0.12727272727272726
423,NW-flex,0,1.0
423,BWA-no-clip,1,0.8
423,BWA-std,1,0.12727272727272726
423,NW-flex,1,1.0
423,BWA-no-clip,10,0.8454545454545455
423,BWA-std,10,0.4090909090909091
423,NW-flex,10,1.0
423,BWA-no-clip,2,0.7272727272727273
423,BWA-std,2,0.12727272727272726
423,NW-flex,2,1.0
423,BWA-no-clip,3,0.8090909090909091
423,BWA-std,3,0.13636363636363635
423,NW-flex,3,1.0
423,BWA-no-clip,5,0.8
423,BWA-std,5,0.19090909090909092
423,NW-flex,5,1.0
423,BWA-no-clip,-1,0.8454545454545455
423,BWA-std,-1,0.4090909090909091
423,NW-flex,-1,1.0
424,BWA-no-clip,0,0.39090909090909093
424,BWA-std,0,0.10909090909090909
424,NW-flex,0,0.6
424,BWA-no-clip,1,0.5909090909090909
424,BWA-std,1,0.12727272727272726
424,NW-flex,1,0.990909090909091
424,BWA-no-clip,10,0.6515151515151515
424,BWA-std,10,0.4
424,NW-flex,10,1.0
424,BWA-no-clip,2,0.5454545454545454
424,BWA-std,2,0.12727272727272726
424,NW-flex,2,1.0
424,BWA-no-clip,3,0.5606060606060606
424,BWA-std,3,0.13636363636363635
424,NW-flex,3,0.9030303030303031
424,BWA-no-clip,5,0.6060606060606061
424,BWA-std,5,0.18181818181818182
424,NW-flex,5,1.0
424,BWA-no-clip,-1,0.6515151515151515
424,BWA-std,-1,0.4
424,NW-flex,-1,1.0
425,BWA-no-clip,0,0.4484848484848485
425,BWA-std,0,0.10909090909090909
425,NW-flex,0,0.7
425,BWA-no-clip,1,0.6636363636363637
425,BWA-std,1,0.12727272727272726
425,NW-flex,1,0.9939393939393939
425,BWA-no-clip,10,0.7666666666666667
425,BWA-std,10,0.4090909090909091
425,NW-flex,10,1.0
425,BWA-no-clip,2,0.5727272727272728
425,BWA-std,2,0.12727272727272726
425,NW-flex,2,1.0
425,BWA-no-clip,3,0.6848484848484848
425,BWA-std,3,0.13636363636363635
425,NW-flex,3,1.0
425,BWA-no-clip,5,0.7393939393939394
425,BWA-std,5,0.19090909090909092
425,NW-flex,5,1.0
425,BWA-no-clip,-1,0.7666666666666667
425,BWA-std,-1,0.4090909090909091
425,NW-flex,-1,1.0
426,BWA-no-clip,0,0.5545454545454546
426,BWA-std,0,0.12727272727272726
426,NW-flex,0,0.996969696969697
426,BWA-no-clip,1,0.6636363636363637
426,BWA-std,1,0.12727272727272726
426,NW-flex,1,1.0
426,BWA-no-clip,10,0.7636363636363637
426,BWA-std,10,0.4090909090909091
426,NW-flex,10,1.0
426,BWA-no-clip,2,0.4
426,BWA-std,2,0.12727272727272726
426,NW-flex,2,1.0
426,BWA-no-clip,3,0.6818181818181818
426,BWA-std,3,0.13636363636363635
426,NW-flex,3,1.0
426,BWA-no-clip,5,0.7272727272727273
426,BWA-std,5,0.19090909090909092
426,NW-flex,5,1.0
426,BWA-no-clip,-1,0.7636363636363637
426,BWA-std,-1,0.4090909090909091
426,NW-flex,-1,1.0
427,BWA-no-clip,0,0.44545454545454544
427,BWA-std,0,0.10909090909090909
427,NW-flex,0,0.7
427,BWA-no-clip,1,0.6636363636363637
427,BWA-std,1,0.12727272727272726
427,NW-flex,1,0.9939393939393939
427,BWA-no-clip,10,0.7666666666666667
427,BWA-std,10,0.4090909090909091
427,NW-flex,10,1.0
427,BWA-no-clip,2,0.5363636363636364
427,BWA-std,2,0.12727272727272726
427,NW-flex,2,1.0
427,BWA-no-clip,3,0.4727272727272727
427,BWA-std,3,0.13636363636363635
427,NW-flex,3,0.990909090909091
427,BWA-no-clip,5,0.7121212121212122
427,BWA-std,5,0.19090909090909092
427,NW-flex,5,1.0
427,BWA-no-clip,-1,0.7666666666666667
427,BWA-std,-1,0.4090909090909091
427,NW-flex,-1,1.0
428,BWA-no-clip,0,0.4727272727272727
428,BWA-std,0,0.12727272727272726
428,NW-flex,0,1.0
428,BWA-no-clip,1,0.6454545454545455
428,BWA-std,1,0.12727272727272726
428,NW-flex,1,1.0
428,BWA-no-clip,10,0.7090909090909091
428,BWA-std,10,0.4
428,NW-flex,10,1.0
428,BWA-no-clip,2,0.4909090909090909
428,BWA-std,2,0.10909090909090909
428,NW-flex,2,1.0
428,BWA-no-clip,3,0.6909090909090909
428,BWA-std,3,0.13636363636363635
428,NW-flex,3,1.0
428,BWA-no-clip,5,0.6909090909090909
428,BWA-std,5,0.18181818181818182
428,NW-flex,5,1.0
428,BWA-no-clip,-1,0.7090909090909091
428,BWA-std,-1,0.4
428,NW-flex,-1,1.0
429,BWA-no-clip,0,0.6090909090909091
429,BWA-std,0,0.12727272727272726
429,NW-flex,0,0.9939393939393939
429,BWA-no-clip,1,0.7181818181818181
429,BWA-std,1,0.12727272727272726
429,NW-flex,1,1.0
429,BWA-no-clip,10,0.8636363636363636
429,BWA-std,10,0.41818181818181815
429,NW-flex,10,1.0
429,BWA-no-clip,2,0.7363636363636363
429,BWA-std,2,0.13636363636363635
429,NW-flex,2,1.0
429,BWA-no-clip,3,0.7636363636363637
429,BWA-std,3,0.14545454545454545
429,NW-flex,3,1.0
429,BWA-no-clip,5,0.8181818181818182
429,BWA-std,5,0.2
429,NW-flex,5,1.0
429,BWA-no-clip,-1,0.8636363636363636
429,BWA-std,-1,0.41818181818181815
429,NW-flex,-1,1.0
430,BWA-no-clip,0,0.6363636363636364
430,BWA-std,0,0.12727272727272726
430,NW-flex,0,0.996969696969697
430,BWA-no-clip,1,0.7727272727272727
430,BWA-std,1,0.12727272727272726
430,NW-flex,1,1.0
430,BWA-no-clip,10,0.8454545454545455
430,BWA-std,10,0.4090909090909091
430,NW-flex,10,1.0
430,BWA-no-clip,2,0.7
430,BWA-std,2,0.12727272727272726
430,NW-flex,2,1.0
430,BWA-no-clip,3,0.7909090909090909
430,BWA-std,3,0.13636363636363635
430,NW-flex,3,1.0
430,BWA-no-clip,5,0.7818181818181819
430,BWA-std,5,0.19090909090909092
430,NW-flex,5,1.0
430,BWA-no-clip,-1,0.8454545454545455
430,BWA-std,-1,0.4090909090909091
430,NW-flex,-1,1.0
431,BWA-no-clip,0,0.6636363636363637
431,BWA-std,0,0.12727272727272726
431,NW-flex,0,1.0
431,BWA-no-clip,1,0.7181818181818181
431,BWA-std,1,0.12727272727272726
431,NW-flex,1,1.0
431,BWA-no-clip,10,0.8636363636363636
431,BWA-std,10,0.4090909090909091
431,NW-flex,10,1.0
431,BWA-no-clip,2,0.6818181818181818
431,BWA-std,2,0.12727272727272726
431,NW-flex,2,1.0
431,BWA-no-clip,3,0.8
431,BWA-std,3,0.13636363636363635
431,NW-flex,3,1.0
431,BWA-no-clip,5,0.8181818181818182
431,BWA-std,5,0.19090909090909092
431,NW-flex,5,1.0
431,BWA-no-clip,-1,0.8636363636363636
431,BWA-std,-1,0.4090909090909091
431,NW-flex,-1,1.0
432,BWA-no-clip,0,0.6454545454545455
432,BWA-std,0,0.12727272727272726
432,NW-flex,0,0.996969696969697
432,BWA-no-clip,1,0.6272727272727273
432,BWA-std,1,0.12727272727272726
432,NW-flex,1,1.0
432,BWA-no-clip,10,0.8272727272727273
432,BWA-std,10,0.4090909090909091
432,NW-flex,10,1.0
432,BWA-no-clip,2,0.7272727272727273
432,BWA-std,2,0.12727272727272726
432,NW-flex,2,1.0
432,BWA-no-clip,3,0.7454545454545455
432,BWA-std,3,0.13636363636363635
432,NW-flex,3,1.0
432,BWA-no-clip,5,0.8090909090909091
432,BWA-std,5,0.19090909090909092
432,NW-flex,5,1.0
432,BWA-no-clip,-1,0.8272727272727273
432,BWA-std,-1,0.4090909090909091
432,NW-flex,-1,1.0
433,BWA-no-clip,0,0.3
433,BWA-std,0,0.10909090909090909
433,NW-flex,0,0.4
433,BWA-no-clip,1,0.4303030303030303
433,BWA-std,1,0.12727272727272726
433,NW-flex,1,0.9848484848484849
433,BWA-no-clip,10,0.5121212121212121
433,BWA-std,10,0.3575757575757576
433,NW-flex,10,1.0
433,BWA-no-clip,2,0.45454545454545453
433,BWA-std,2,0.13636363636363635
433,NW-flex,2,1.0
433,BWA-no-clip,3,0.503030303030303
433,BWA-std,3,0.13636363636363635
433,NW-flex,3,1.0
433,BWA-no-clip,5,0.4666666666666667
433,BWA-std,5,0.15454545454545454
433,NW-flex,5,1.0
433,BWA-no-clip,-1,0.5121212121212121
433,BWA-std,-1,0.3575757575757576
433,NW-flex,-1,1.0
434,BWA-no-clip,0,0.4636363636363636
434,BWA-std,0,0.12727272727272726
434,NW-flex,0,0.996969696969697
434,BWA-no-clip,1,0.4818181818181818
434,BWA-std,1,0.12727272727272726
434,NW-flex,1,1.0
434,BWA-no-clip,10,0.7
434,BWA-std,10,0.4
434,NW-flex,10,1.0
434,BWA-no-clip,2,0.5272727272727272
434,BWA-std,2,0.12727272727272726
434,NW-flex,2,1.0
434,BWA-no-clip,3,0.5363636363636364
434,BWA-std,3,0.13636363636363635
434,NW-flex,3,1.0
434,BWA-no-clip,5,0.7
434,BWA-std,5,0.18181818181818182
434,NW-flex,5,1.0
434,BWA-no-clip,-1,0.7
434,BWA-std,-1,0.4
434,NW-flex,-1,1.0
435,BWA-no-clip,0,0.4727272727272727
435,BWA-std,0,0.10909090909090909
435,NW-flex,0,0.8
435,BWA-no-clip,1,0.6545454545454545
435,BWA-std,1,0.12727272727272726
435,NW-flex,1,0.996969696969697
435,BWA-no-clip,10,0.7636363636363637
435,BWA-std,10,0.4090909090909091
435,NW-flex,10,1.0
435,BWA-no-clip,2,0.6818181818181818
435,BWA-std,2,0.12727272727272726
435,NW-flex,2,1.0
435,BWA-no-clip,3,0.7090909090909091
435,BWA-std,3,0.13636363636363635
435,NW-flex,3,1.0
435,BWA-no-clip,5,0.7272727272727273
435,BWA-std,5,0.19090909090909092
435,NW-flex,5,1.0
435,BWA-no-clip,-1,0.7636363636363637
435,BWA-std,-1,0.4090909090909091
435,NW-flex,-1,1.0
436,BWA-no-clip,0,0.6909090909090909
436,BWA-std,0,0.12727272727272726
436,NW-flex,0,0.990909090909091
436,BWA-no-clip,1,0.7727272727272727
436,BWA-std,1,0.12727272727272726
436,NW-flex,1,1.0
436,BWA-no-clip,10,0.8636363636363636
436,BWA-std,10,0.41818181818181815
436,NW-flex,10,1.0
436,BWA-no-clip,2,0.7727272727272727
436,BWA-std,2,0.13636363636363635
436,NW-flex,2,1.0
436,BWA-no-clip,3,0.7454545454545455
436,BWA-std,3,0.14545454545454545
436,NW-flex,3,1.0
436,BWA-no-clip,5,0.8363636363636363
436,BWA-std,5,0.2
436,NW-flex,5,1.0
436,BWA-no-clip,-1,0.8636363636363636
436,BWA-std,-1,0.41818181818181815
436,NW-flex,-1,1.0
437,BWA-no-clip,0,0.6727272727272727
437,BWA-std,0,0.12727272727272726
437,NW-flex,0,0.996969696969697
437,BWA-no-clip,1,0.8
437,BWA-std,1,0.12727272727272726
437,NW-flex,1,1.0
437,BWA-no-clip,10,0.8454545454545455
437,BWA-std,10,0.4090909090909091
437,NW-flex,10,1.0
437,BWA-no-clip,2,0.6636363636363637
437,BWA-std,2,0.12727272727272726
437,NW-flex,2,1.0
437,BWA-no-clip,3,0.7363636363636363
437,BWA-std,3,0.13636363636363635
437,NW-flex,3,1.0
437,BWA-no-clip,5,0.7818181818181819
437,BWA-std,5,0.19090909090909092
437,NW-flex,5,1.0
437,BWA-no-clip,-1,0.8454545454545455
437,BWA-std,-1,0.4090909090909091
437,NW-flex,-1,1.0
438,BWA-no-clip,0,0.5454545454545454
438,BWA-std,0,0.10909090909090909
438,NW-flex,0,0.9
438,BWA-no-clip,1,0.8
438,BWA-std,1,0.12727272727272726
438,NW-flex,1,1.0
438,BWA-no-clip,10,0.9090909090909091
438,BWA-std,10,0.41818181818181815
438,NW-flex,10,1.0
438,BWA-no-clip,2,0.7393939393939394
438,BWA-std,2,0.13636363636363635
438,NW-flex,2,1.0
438,BWA-no-clip,3,0.8545454545454545
438,BWA-std,3,0.14545454545454545
438,NW-flex,3,1.0
438,BWA-no-clip,5,0.9
438,BWA-std,5,0.2
438,NW-flex,5,1.0
438,BWA-no-clip,-1,0.9090909090909091
438,BWA-std,-1,0.41818181818181815
438,NW-flex,-1,1.0
439,BWA-no-clip,0,0.6454545454545455
439,BWA-std,0,0.12727272727272726
439,NW-flex,0,0.996969696969697
439,BWA-no-clip,1,0.7363636363636363
439,BWA-std,1,0.12727272727272726
439,NW-flex,1,1.0
439,BWA-no-clip,10,0.8
439,BWA-std,10,0.4
439,NW-flex,10,1.0
439,BWA-no-clip,2,0.7727272727272727
439,BWA-std,2,0.12727272727272726
439,NW-flex,2,1.0
439,BWA-no-clip,3,0.6272727272727273
439,BWA-std,3,0.12727272727272726
439,NW-flex,3,1.0
439,BWA-no-clip,5,0.7090909090909091
439,BWA-std,5,0.18181818181818182
439,NW-flex,5,1.0
439,BWA-no-clip,-1,0.8
439,BWA-std,-1,0.4
439,NW-flex,-1,1.0
440,BWA-no-clip,0,0.45454545454545453
440,BWA-std,0,0.10909090909090909
440,NW-flex,0,0.7
440,BWA-no-clip,1,0.6636363636363637
440,BWA-std,1,0.12727272727272726
440,NW-flex,1,0.9939393939393939
440,BWA-no-clip,10,0.7666666666666667
440,BWA-std,10,0.4090909090909091
440,NW-flex,10,1.0
440,BWA-no-clip,2,0.6090909090909091
440,BWA-std,2,0.12727272727272726
440,NW-flex,2,1.0
440,BWA-no-clip,3,0.6606060606060606
440,BWA-std,3,0.13636363636363635
440,NW-flex,3,1.0
440,BWA-no-clip,5,0.7393939393939394
440,BWA-std,5,0.19090909090909092
440,NW-flex,5,1.0
440,BWA-no-clip,-1,0.7666666666666667
440,BWA-std,-1,0.4090909090909091
440,NW-flex,-1,1.0
441,BWA-no-clip,0,0.32727272727272727
441,BWA-std,0,0.10909090909090909
441,NW-flex,0,0.6090909090909091
441,BWA-no-clip,1,0.7272727272727273
441,BWA-std,1,0.12727272727272726
441,NW-flex,1,1.0
441,BWA-no-clip,10,0.8636363636363636
441,BWA-std,10,0.41818181818181815
441,NW-flex,10,1.0
441,BWA-no-clip,2,0.7545454545454545
441,BWA-std,2,0.13636363636363635
441,NW-flex,2,1.0
441,BWA-no-clip,3,0.7818181818181819
441,BWA-std,3,0.14545454545454545
441,NW-flex,3,1.0
441,BWA-no-clip,5,0.7727272727272727
441,BWA-std,5,0.2
441,NW-flex,5,1.0
441,BWA-no-clip,-1,0.8636363636363636
441,BWA-std,-1,0.41818181818181815
441,NW-flex,-1,1.0
442,BWA-no-clip,0,0.6363636363636364
442,BWA-std,0,0.12727272727272726
442,NW-flex,0,0.996969696969697
442,BWA-no-clip,1,0.7454545454545455
442,BWA-std,1,0.12727272727272726
442,NW-flex,1,1.0
442,BWA-no-clip,10,0.7818181818181819
442,BWA-std,10,0.4
442,NW-flex,10,1.0
442,BWA-no-clip,2,0.6545454545454545
442,BWA-std,2,0.12727272727272726
442,NW-flex,2,1.0
442,BWA-no-clip,3,0.6727272727272727
442,BWA-std,3,0.12727272727272726
442,NW-flex,3,1.0
442,BWA-no-clip,5,0.7454545454545455
442,BWA-std,5,0.18181818181818182
442,NW-flex,5,1.0
442,BWA-no-clip,-1,0.7818181818181819
442,BWA-std,-1,0.4
442,NW-flex,-1,1.0
443,BWA-no-clip,0,0.4909090909090909
443,BWA-std,0,0.10909090909090909
443,NW-flex,0,0.8
443,BWA-no-clip,1,0.6818181818181818
443,BWA-std,1,0.12727272727272726
443,NW-flex,1,0.996969696969697
443,BWA-no-clip,10,0.8272727272727273
443,BWA-std,10,0.4090909090909091
443,NW-flex,10,1.0
443,BWA-no-clip,2,0.6272727272727273
443,BWA-std,2,0.12727272727272726
443,NW-flex,2,0.9939393939393939
443,BWA-no-clip,3,0.6818181818181818
443,BWA-std,3,0.13636363636363635
443,NW-flex,3,1.0
443,BWA-no-clip,5,0.8
443,BWA-std,5,0.19090909090909092
443,NW-flex,5,1.0
443,BWA-no-clip,-1,0.8272727272727273
443,BWA-std,-1,0.4090909090909091
443,NW-flex,-1,1.0
444,BWA-no-clip,0,0.6363636363636364
444,BWA-std,0,0.12727272727272726
444,NW-flex,0,0.996969696969697
444,BWA-no-clip,1,0.8
444,BWA-std,1,0.12727272727272726
444,NW-flex,1,1.0
444,BWA-no-clip,10,0.8272727272727273
444,BWA-std,10,0.4090909090909091
444,NW-flex,10,1.0
444,BWA-no-clip,2,0.6272727272727273
444,BWA-std,2,0.12727272727272726
444,NW-flex,2,1.0
444,BWA-no-clip,3,0.7636363636363637
444,BWA-std,3,0.13636363636363635
444,NW-flex,3,1.0
444,BWA-no-clip,5,0.8090909090909091
444,BWA-std,5,0.19090909090909092
444,NW-flex,5,1.0
444,BWA-no-clip,-1,0.8272727272727273
444,BWA-std,-1,0.4090909090909091
444,NW-flex,-1,1.0
445,BWA-no-clip,0,0.6363636363636364
445,BWA-std,0,0.12727272727272726
445,NW-flex,0,1.0
445,BWA-no-clip,1,0.8
445,BWA-std,1,0.12727272727272726
445,NW-flex,1,1.0
445,BWA-no-clip,10,0.8454545454545455
445,BWA-std,10,0.4090909090909091
445,NW-flex,10,1.0
445,BWA-no-clip,2,0.7272727272727273
445,BWA-std,2,0.12727272727272726
445,NW-flex,2,1.0
445,BWA-no-clip,3,0.8090909090909091
445,BWA-std,3,0.13636363636363635
445,NW-flex,3,1.0
445,BWA-no-clip,5,0.8
445,BWA-std,5,0.19090909090909092
445,NW-flex,5,1.0
445,BWA-no-clip,-1,0.8454545454545455
445,BWA-std,-1,0.4090909090909091
445,NW-flex,-1,1.0
446,BWA-no-clip,0,0.43636363636363634
446,BWA-std,0,0.10909090909090909
446,NW-flex,0,0.7
446,BWA-no-clip,1,0.6090909090909091
446,BWA-std,1,0.12727272727272726
446,NW-flex,1,0.990909090909091
446,BWA-no-clip,10,0.7484848484848485
446,BWA-std,10,0.4090909090909091
446,NW-flex,10,1.0
446,BWA-no-clip,2,0.48484848484848486
446,BWA-std,2,0.12727272727272726
446,NW-flex,2,0.806060606060606
446,BWA-no-clip,3,0.6787878787878788
446,BWA-std,3,0.13636363636363635
446,NW-flex,3,1.0
446,BWA-no-clip,5,0.703030303030303
446,BWA-std,5,0.19090909090909092
446,NW-flex,5,1.0
446,BWA-no-clip,-1,0.7484848484848485
446,BWA-std,-1,0.4090909090909091
446,NW-flex,-1,1.0
447,BWA-no-clip,0,0.5818181818181818
447,BWA-std,0,0.12727272727272726
447,NW-flex,0,0.996969696969697
447,BWA-no-clip,1,0.6909090909090909
447,BWA-std,1,0.12727272727272726
447,NW-flex,1,1.0
447,BWA-no-clip,10,0.8090909090909091
447,BWA-std,10,0.4
447,NW-flex,10,1.0
447,BWA-no-clip,2,0.6909090909090909
447,BWA-std,2,0.12727272727272726
447,NW-flex,2,1.0
447,BWA-no-clip,3,0.6727272727272727
447,BWA-std,3,0.13636363636363635
447,NW-flex,3,1.0
447,BWA-no-clip,5,0.7454545454545455
447,BWA-std,5,0.18181818181818182
447,NW-flex,5,1.0
447,BWA-no-clip,-1,0.8090909090909091
447,BWA-std,-1,0.4
447,NW-flex,-1,1.0
448,BWA-no-clip,0,0.5272727272727272
448,BWA-std,0,0.10909090909090909
448,NW-flex,0,0.9
448,BWA-no-clip,1,0.7727272727272727
448,BWA-std,1,0.12727272727272726
448,NW-flex,1,1.0
448,BWA-no-clip,10,0.9090909090909091
448,BWA-std,10,0.41818181818181815
448,NW-flex,10,1.0
448,BWA-no-clip,2,0.7636363636363637
448,BWA-std,2,0.13636363636363635
448,NW-flex,2,1.0
448,BWA-no-clip,3,0.7545454545454545
448,BWA-std,3,0.14545454545454545
448,NW-flex,3,1.0
448,BWA-no-clip,5,0.8818181818181818
448,BWA-std,5,0.2
448,NW-flex,5,1.0
448,BWA-no-clip,-1,0.9090909090909091
448,BWA-std,-1,0.41818181818181815
448,NW-flex,-1,1.0
449,BWA-no-clip,0,0.6272727272727273
449,BWA-std,0,0.12727272727272726
449,NW-flex,0,0.996969696969697
449,BWA-no-clip,1,0.6363636363636364
449,BWA-std,1,0.12727272727272726
449,NW-flex,1,1.0
449,BWA-no-clip,10,0.8272727272727273
449,BWA-std,10,0.4
449,NW-flex,10,1.0
449,BWA-no-clip,2,0.7636363636363637
449,BWA-std,2,0.12727272727272726
449,NW-flex,2,1.0
449,BWA-no-clip,3,0.7545454545454545
449,BWA-std,3,0.12727272727272726
449,NW-flex,3,1.0
449,BWA-no-clip,5,0.8
449,BWA-std,5,0.18181818181818182
449,NW-flex,5,1.0
449,BWA-no-clip,-1,0.8272727272727273
449,BWA-std,-1,0.4
449,NW-flex,-1,1.0
450,BWA-no-clip,0,0.5909090909090909
450,BWA-std,0,0.12727272727272726
450,NW-flex,0,1.0
450,BWA-no-clip,1,0.6272727272727273
450,BWA-std,1,0.12727272727272726
450,NW-flex,1,1.0
450,BWA-no-clip,10,0.8272727272727273
450,BWA-std,10,0.4090909090909091
450,NW-flex,10,1.0
450,BWA-no-clip,2,0.6727272727272727
450,BWA-std,2,0.12727272727272726
450,NW-flex,2,1.0
450,BWA-no-clip,3,0.6090909090909091
450,BWA-std,3,0.13636363636363635
450,NW-flex,3,1.0
450,BWA-no-clip,5,0.7818181818181819
450,BWA-std,5,0.19090909090909092
450,NW-flex,5,1.0
450,BWA-no-clip,-1,0.8272727272727273
450,BWA-std,-1,0.4090909090909091
450,NW-flex,-1,1.0
451,BWA-no-clip,0,0.4636363636363636
451,BWA-std,0,0.10909090909090909
451,NW-flex,0,0.7
451,BWA-no-clip,1,0.6454545454545455
451,BWA-std,1,0.12727272727272726
451,NW-flex,1,0.9
451,BWA-no-clip,10,0.7636363636363637
451,BWA-std,10,0.4
451,NW-flex,10,1.0
451,BWA-no-clip,2,0.7363636363636363
451,BWA-std,2,0.12727272727272726
451,NW-flex,2,1.0
451,BWA-no-clip,3,0.6303030303030303
451,BWA-std,3,0.12727272727272726
451,NW-flex,3,1.0
451,BWA-no-clip,5,0.6909090909090909
451,BWA-std,5,0.18181818181818182
451,NW-flex,5,1.0
451,BWA-no-clip,-1,0.7636363636363637
451,BWA-std,-1,0.4
451,NW-flex,-1,1.0
452,BWA-no-clip,0,0.6545454545454545
452,BWA-std,0,0.12727272727272726
452,NW-flex,0,1.0
452,BWA-no-clip,1,0.5818181818181818
452,BWA-std,1,0.12727272727272726
452,NW-flex,1,1.0
452,BWA-no-clip,10,0.8090909090909091
452,BWA-std,10,0.41818181818181815
452,NW-flex,10,1.0
452,BWA-no-clip,2,0.7272727272727273
452,BWA-std,2,0.13636363636363635
452,NW-flex,2,1.0
452,BWA-no-clip,3,0.7727272727272727
452,BWA-std,3,0.14545454545454545
452,NW-flex,3,1.0
452,BWA-no-clip,5,0.7727272727272727
452,BWA-std,5,0.2
452,NW-flex,5,1.0
452,BWA-no-clip,-1,0.8090909090909091
452,BWA-std,-1,0.41818181818181815
452,NW-flex,-1,1.0
453,BWA-no-clip,0,0.4727272727272727
453,BWA-std,0,0.10909090909090909
453,NW-flex,0,0.9
453,BWA-no-clip,1,0.8181818181818182
453,BWA-std,1,0.12727272727272726
453,NW-flex,1,1.0
453,BWA-no-clip,10,0.9
453,BWA-std,10,0.41818181818181815
453,NW-flex,10,1.0
453,BWA-no-clip,2,0.7090909090909091
453,BWA-std,2,0.13636363636363635
453,NW-flex,2,0.996969696969697
453,BWA-no-clip,3,0.8363636363636363
453,BWA-std,3,0.14545454545454545
453,NW-flex,3,1.0
453,BWA-no-clip,5,0.9
453,BWA-std,5,0.2
453,NW-flex,5,1.0
453,BWA-no-clip,-1,0.9
453,BWA-std,-1,0.41818181818181815
453,NW-flex,-1,1.0
454,BWA-no-clip,0,0.41818181818181815
454,BWA-std,0,0.10909090909090909
454,NW-flex,0,0.9
454,BWA-no-clip,1,0.7272727272727273
454,BWA-std,1,0.12727272727272726
454,NW-flex,1,1.0
454,BWA-no-clip,10,0.8818181818181818
454,BWA-std,10,0.41818181818181815
454,NW-flex,10,1.0
454,BWA-no-clip,2,0.7909090909090909
454,BWA-std,2,0.13636363636363635
454,NW-flex,2,1.0
454,BWA-no-clip,3,0.7909090909090909
454,BWA-std,3,0.14545454545454545
454,NW-flex,3,1.0
454,BWA-no-clip,5,0.8727272727272727
454,BWA-std,5,0.2
454,NW-flex,5,1.0
454,BWA-no-clip,-1,0.8818181818181818
454,BWA-std,-1,0.41818181818181815
454,NW-flex,-1,1.0
455,BWA-no-clip,0,0.7363636363636363
455,BWA-std,0,0.12727272727272726
455,NW-flex,0,1.0
455,BWA-no-clip,1,0.7818181818181819
455,BWA-std,1,0.12727272727272726
455,NW-flex,1,1.0
455,BWA-no-clip,10,0.9090909090909091
455,BWA-std,10,0.41818181818181815
455,NW-flex,10,1.0
455,BWA-no-clip,2,0.8545454545454545
455,BWA-std,2,0.13636363636363635
455,NW-flex,2,1.0
455,BWA-no-clip,3,0.7818181818181819
455,BWA-std,3,0.14545454545454545
455,NW-flex,3,1.0
455,BWA-no-clip,5,0.9090909090909091
455,BWA-std,5,0.2
455,NW-flex,5,1.0
455,BWA-no-clip,-1,0.9090909090909091
455,BWA-std,-1,0.41818181818181815
455,NW-flex,-1,1.0
456,BWA-no-clip,0,0.7636363636363637
456,BWA-std,0,0.12727272727272726
456,NW-flex,0,1.0
456,BWA-no-clip,1,0.7363636363636363
456,BWA-std,1,0.12727272727272726
456,NW-flex,1,1.0
456,BWA-no-clip,10,0.9090909090909091
456,BWA-std,10,0.41818181818181815
456,NW-flex,10,1.0
456,BWA-no-clip,2,0.8090909090909091
456,BWA-std,2,0.13636363636363635
456,NW-flex,2,1.0
456,BWA-no-clip,3,0.8454545454545455
456,BWA-std,3,0.14545454545454545
456,NW-flex,3,1.0
456,BWA-no-clip,5,0.9090909090909091
456,BWA-std,5,0.2
456,NW-flex,5,1.0
456,BWA-no-clip,-1,0.9090909090909091
456,BWA-std,-1,0.41818181818181815
456,NW-flex,-1,1.0
457,BWA-no-clip,0,0.7090909090909091
457,BWA-std,0,0.12727272727272726
457,NW-flex,0,1.0
457,BWA-no-clip,1,0.6636363636363637
457,BWA-std,1,0.12727272727272726
457,NW-flex,1,1.0
457,BWA-no-clip,10,0.8545454545454545
457,BWA-std,10,0.41818181818181815
457,NW-flex,10,1.0
457,BWA-no-clip,2,0.7818181818181819
457,BWA-std,2,0.13636363636363635
457,NW-flex,2,1.0
457,BWA-no-clip,3,0.8181818181818182
457,BWA-std,3,0.14545454545454545
457,NW-flex,3,1.0
457,BWA-no-clip,5,0.8181818181818182
457,BWA-std,5,0.2
457,NW-flex,5,1.0
457,BWA-no-clip,-1,0.8545454545454545
457,BWA-std,-1,0.41818181818181815
457,NW-flex,-1,1.0
458,BWA-no-clip,0,0.43636363636363634
458,BWA-std,0,0.10909090909090909
458,NW-flex,0,0.7
458,BWA-no-clip,1,0.6272727272727273
458,BWA-std,1,0.12727272727272726
458,NW-flex,1,0.9939393939393939
458,BWA-no-clip,10,0.7666666666666667
458,BWA-std,10,0.4090909090909091
458,NW-flex,10,1.0
458,BWA-no-clip,2,0.6090909090909091
458,BWA-std,2,0.12727272727272726
458,NW-flex,2,1.0
458,BWA-no-clip,3,0.5878787878787879
458,BWA-std,3,0.13636363636363635
458,NW-flex,3,0.996969696969697
458,BWA-no-clip,5,0.7212121212121212
458,BWA-std,5,0.19090909090909092
458,NW-flex,5,1.0
458,BWA-no-clip,-1,0.7666666666666667
458,BWA-std,-1,0.4090909090909091
458,NW-flex,-1,1.0
459,BWA-no-clip,0,0.7636363636363637
459,BWA-std,0,0.12727272727272726
459,NW-flex,0,0.996969696969697
459,BWA-no-clip,1,0.7181818181818181
459,BWA-std,1,0.12727272727272726
459,NW-flex,1,1.0
459,BWA-no-clip,10,0.9090909090909091
459,BWA-std,10,0.41818181818181815
459,NW-flex,10,1.0
459,BWA-no-clip,2,0.8272727272727273
459,BWA-std,2,0.13636363636363635
459,NW-flex,2,1.0
459,BWA-no-clip,3,0.8272727272727273
459,BWA-std,3,0.14545454545454545
459,NW-flex,3,1.0
459,BWA-no-clip,5,0.9090909090909091
459,BWA-std,5,0.2
459,NW-flex,5,1.0
459,BWA-no-clip,-1,0.9090909090909091
459,BWA-std,-1,0.41818181818181815
459,NW-flex,-1,1.0
460,BWA-no-clip,0,0.7
460,BWA-std,0,0.12727272727272726
460,NW-flex,0,1.0
460,BWA-no-clip,1,0.6727272727272727
460,BWA-std,1,0.12727272727272726
460,NW-flex,1,1.0
460,BWA-no-clip,10,0.8
460,BWA-std,10,0.4090909090909091
460,NW-flex,10,1.0
460,BWA-no-clip,2,0.6090909090909091
460,BWA-std,2,0.12727272727272726
460,NW-flex,2,1.0
460,BWA-no-clip,3,0.7545454545454545
460,BWA-std,3,0.13636363636363635
460,NW-flex,3,1.0
460,BWA-no-clip,5,0.7909090909090909
460,BWA-std,5,0.19090909090909092
460,NW-flex,5,1.0
460,BWA-no-clip,-1,0.8
460,BWA-std,-1,0.4090909090909091
460,NW-flex,-1,1.0
461,BWA-no-clip,0,0.7
461,BWA-std,0,0.12727272727272726
461,NW-flex,0,1.0
461,BWA-no-clip,1,0.6727272727272727
461,BWA-std,1,0.12727272727272726
461,NW-flex,1,1.0
461,BWA-no-clip,10,0.8
461,BWA-std,10,0.4090909090909091
461,NW-flex,10,1.0
461,BWA-no-clip,2,0.6090909090909091
461,BWA-std,2,0.12727272727272726
461,NW-flex,2,1.0
461,BWA-no-clip,3,0.7545454545454545
461,BWA-std,3,0.13636363636363635
461,NW-flex,3,1.0
461,BWA-no-clip,5,0.7909090909090909
461,BWA-std,5,0.19090909090909092
461,NW-flex,5,1.0
461,BWA-no-clip,-1,0.8
461,BWA-std,-1,0.4090909090909091
461,NW-flex,-1,1.0
462,BWA-no-clip,0,0.7
462,BWA-std,0,0.12727272727272726
462,NW-flex,0,0.996969696969697
462,BWA-no-clip,1,0.7636363636363637
462,BWA-std,1,0.12727272727272726
462,NW-flex,1,1.0
462,BWA-no-clip,10,0.8545454545454545
462,BWA-std,10,0.4090909090909091
462,NW-flex,10,1.0
462,BWA-no-clip,2,0.7666666666666667
462,BWA-std,2,0.12727272727272726
462,NW-flex,2,1.0
462,BWA-no-clip,3,0.6363636363636364
462,BWA-std,3,0.12727272727272726
462,NW-flex,3,1.0
462,BWA-no-clip,5,0.8090909090909091
462,BWA-std,5,0.18181818181818182
462,NW-flex,5,1.0
462,BWA-no-clip,-1,0.8545454545454545
462,BWA-std,-1,0.4090909090909091
462,NW-flex,-1,1.0
463,BWA-no-clip,0,0.6818181818181818
463,BWA-std,0,0.12727272727272726
463,NW-flex,0,0.996969696969697
463,BWA-no-clip,1,0.6636363636363637
463,BWA-std,1,0.12727272727272726
463,NW-flex,1,1.0
463,BWA-no-clip,10,0.8909090909090909
463,BWA-std,10,0.41818181818181815
463,NW-flex,10,1.0
463,BWA-no-clip,2,0.7363636363636363
463,BWA-std,2,0.13636363636363635
463,NW-flex,2,1.0
463,BWA-no-clip,3,0.7727272727272727
463,BWA-std,3,0.14545454545454545
463,NW-flex,3,1.0
463,BWA-no-clip,5,0.8
463,BWA-std,5,0.2
463,NW-flex,5,1.0
463,BWA-no-clip,-1,0.8909090909090909
463,BWA-std,-1,0.41818181818181815
463,NW-flex,-1,1.0
464,BWA-no-clip,0,0.5909090909090909
464,BWA-std,0,0.12727272727272726
464,NW-flex,0,1.0
464,BWA-no-clip,1,0.7181818181818181
464,BWA-std,1,0.12727272727272726
464,NW-flex,1,1.0
464,BWA-no-clip,10,0.8454545454545455
464,BWA-std,10,0.4090909090909091
464,NW-flex,10,1.0
464,BWA-no-clip,2,0.6727272727272727
464,BWA-std,2,0.12727272727272726
464,NW-flex,2,1.0
464,BWA-no-clip,3,0.7636363636363637
464,BWA-std,3,0.13636363636363635
464,NW-flex,3,1.0
464,BWA-no-clip,5,0.8272727272727273
464,BWA-std,5,0.19090909090909092
464,NW-flex,5,1.0
464,BWA-no-clip,-1,0.8454545454545455
464,BWA-std,-1,0.4090909090909091
464,NW-flex,-1,1.0
465,BWA-no-clip,0,0.6545454545454545
465,BWA-std,0,0.12727272727272726
465,NW-flex,0,1.0
465,BWA-no-clip,1,0.6363636363636364
465,BWA-std,1,0.12727272727272726
465,NW-flex,1,1.0
465,BWA-no-clip,10,0.8
465,BWA-std,10,0.4
465,NW-flex,10,1.0
465,BWA-no-clip,2,0.6363636363636364
465,BWA-std,2,0.12727272727272726
465,NW-flex,2,1.0
465,BWA-no-clip,3,0.7090909090909091
465,BWA-std,3,0.12727272727272726
465,NW-flex,3,1.0
465,BWA-no-clip,5,0.7636363636363637
465,BWA-std,5,0.18181818181818182
465,NW-flex,5,1.0
465,BWA-no-clip,-1,0.8
465,BWA-std,-1,0.4
465,NW-flex,-1,1.0
466,BWA-no-clip,0,0.45454545454545453
466,BWA-std,0,0.10909090909090909
466,NW-flex,0,0.803030303030303
466,BWA-no-clip,1,0.6272727272727273
466,BWA-std,1,0.12727272727272726
466,NW-flex,1,1.0
466,BWA-no-clip,10,0.7727272727272727
466,BWA-std,10,0.41818181818181815
466,NW-flex,10,1.0
466,BWA-no-clip,2,0.6818181818181818
466,BWA-std,2,0.13636363636363635
466,NW-flex,2,1.0
466,BWA-no-clip,3,0.41818181818181815
466,BWA-std,3,0.14545454545454545
466,NW-flex,3,1.0
466,BWA-no-clip,5,0.7
466,BWA-std,5,0.2
466,NW-flex,5,1.0
466,BWA-no-clip,-1,0.7727272727272727
466,BWA-std,-1,0.41818181818181815
466,NW-flex,-1,1.0
467,BWA-no-clip,0,0.44545454545454544
467,BWA-std,0,0.10909090909090909
467,NW-flex,0,0.7
467,BWA-no-clip,1,0.5636363636363636
467,BWA-std,1,0.12727272727272726
467,NW-flex,1,0.9
467,BWA-no-clip,10,0.7636363636363637
467,BWA-std,10,0.4
467,NW-flex,10,1.0
467,BWA-no-clip,2,0.7363636363636363
467,BWA-std,2,0.12727272727272726
467,NW-flex,2,1.0
467,BWA-no-clip,3,0.603030303030303
467,BWA-std,3,0.12727272727272726
467,NW-flex,3,1.0
467,BWA-no-clip,5,0.6454545454545455
467,BWA-std,5,0.18181818181818182
467,NW-flex,5,1.0
467,BWA-no-clip,-1,0.7636363636363637
467,BWA-std,-1,0.4
467,NW-flex,-1,1.0
468,BWA-no-clip,0,0.42727272727272725
468,BWA-std,0,0.10909090909090909
468,NW-flex,0,0.9
468,BWA-no-clip,1,0.6484848484848484
468,BWA-std,1,0.12727272727272726
468,NW-flex,1,1.0
468,BWA-no-clip,10,0.9181818181818182
468,BWA-std,10,0.41818181818181815
468,NW-flex,10,1.0
468,BWA-no-clip,2,0.7
468,BWA-std,2,0.13636363636363635
468,NW-flex,2,1.0
468,BWA-no-clip,3,0.7727272727272727
468,BWA-std,3,0.14545454545454545
468,NW-flex,3,1.0
468,BWA-no-clip,5,0.9
468,BWA-std,5,0.2
468,NW-flex,5,1.0
468,BWA-no-clip,-1,0.9181818181818182
468,BWA-std,-1,0.41818181818181815
468,NW-flex,-1,1.0
469,BWA-no-clip,0,0.5272727272727272
469,BWA-std,0,0.10909090909090909
469,NW-flex,0,0.9
469,BWA-no-clip,1,0.7727272727272727
469,BWA-std,1,0.12727272727272726
469,NW-flex,1,1.0
469,BWA-no-clip,10,0.9181818181818182
469,BWA-std,10,0.41818181818181815
469,NW-flex,10,1.0
469,BWA-no-clip,2,0.7181818181818181
469,BWA-std,2,0.13636363636363635
469,NW-flex,2,1.0
469,BWA-no-clip,3,0.8545454545454545
469,BWA-std,3,0.14545454545454545
469,NW-flex,3,1.0
469,BWA-no-clip,5,0.8727272727272727
469,BWA-std,5,0.2
469,NW-flex,5,1.0
469,BWA-no-clip,-1,0.9181818181818182
469,BWA-std,-1,0.41818181818181815
469,NW-flex,-1,1.0
470,BWA-no-clip,0,0.7727272727272727
470,BWA-std,0,0.12727272727272726
470,NW-flex,0,0.996969696969697
470,BWA-no-clip,1,0.7545454545454545
470,BWA-std,1,0.12727272727272726
470,NW-flex,1,1.0
470,BWA-no-clip,10,0.8909090909090909
470,BWA-std,10,0.41818181818181815
470,NW-flex,10,1.0
470,BWA-no-clip,2,0.8090909090909091
470,BWA-std,2,0.13636363636363635
470,NW-flex,2,1.0
470,BWA-no-clip,3,0.8727272727272727
470,BWA-std,3,0.14545454545454545
470,NW-flex,3,1.0
470,BWA-no-clip,5,0.8636363636363636
470,BWA-std,5,0.2
470,NW-flex,5,1.0
470,BWA-no-clip,-1,0.8909090909090909
470,BWA-std,-1,0.41818181818181815
470,NW-flex,-1,1.0
471,BWA-no-clip,0,0.4909090909090909
471,BWA-std,0,0.10909090909090909
471,NW-flex,0,0.9
471,BWA-no-clip,1,0.7545454545454545
471,BWA-std,1,0.12727272727272726
471,NW-flex,1,1.0
471,BWA-no-clip,10,0.8818181818181818
471,BWA-std,10,0.41818181818181815
471,NW-flex,10,1.0
471,BWA-no-clip,2,0.7878787878787878
471,BWA-std,2,0.13636363636363635
471,NW-flex,2,1.0
471,BWA-no-clip,3,0.7909090909090909
471,BWA-std,3,0.14545454545454545
471,NW-flex,3,1.0
471,BWA-no-clip,5,0.8545454545454545
471,BWA-std,5,0.2
471,NW-flex,5,1.0
471,BWA-no-clip,-1,0.8818181818181818
471,BWA-std,-1,0.41818181818181815
471,NW-flex,-1,1.0
472,BWA-no-clip,0,0.6727272727272727
472,BWA-std,0,0.12727272727272726
472,NW-flex,0,0.9939393939393939
472,BWA-no-clip,1,0.6818181818181818
472,BWA-std,1,0.12727272727272726
472,NW-flex,1,1.0
472,BWA-no-clip,10,0.8818181818181818
472,BWA-std,10,0.41818181818181815
472,NW-flex,10,1.0
472,BWA-no-clip,2,0.6333333333333333
472,BWA-std,2,0.13636363636363635
472,NW-flex,2,1.0
472,BWA-no-clip,3,0.7545454545454545
472,BWA-std,3,0.14545454545454545
472,NW-flex,3,1.0
472,BWA-no-clip,5,0.8545454545454545
472,BWA-std,5,0.2
472,NW-flex,5,1.0
472,BWA-no-clip,-1,0.8818181818181818
472,BWA-std,-1,0.41818181818181815
472,NW-flex,-1,1.0
473,BWA-no-clip,0,0.5363636363636364
473,BWA-std,0,0.10909090909090909
473,NW-flex,0,0.9
473,BWA-no-clip,1,0.7181818181818181
473,BWA-std,1,0.12727272727272726
473,NW-flex,1,1.0
473,BWA-no-clip,10,0.8454545454545455
473,BWA-std,10,0.41818181818181815
473,NW-flex,10,1.0
473,BWA-no-clip,2,0.7787878787878788
473,BWA-std,2,0.13636363636363635
473,NW-flex,2,1.0
473,BWA-no-clip,3,0.7727272727272727
473,BWA-std,3,0.14545454545454545
473,NW-flex,3,1.0
473,BWA-no-clip,5,0.8363636363636363
473,BWA-std,5,0.2
473,NW-flex,5,1.0
473,BWA-no-clip,-1,0.8454545454545455
473,BWA-std,-1,0.41818181818181815
473,NW-flex,-1,1.0
474,BWA-no-clip,0,0.7727272727272727
474,BWA-std,0,0.12727272727272726
474,NW-flex,0,0.996969696969697
474,BWA-no-clip,1,0.6303030303030303
474,BWA-std,1,0.12727272727272726
474,NW-flex,1,1.0
474,BWA-no-clip,10,0.9181818181818182
474,BWA-std,10,0.41818181818181815
474,NW-flex,10,1.0
474,BWA-no-clip,2,0.7090909090909091
474,BWA-std,2,0.13636363636363635
474,NW-flex,2,1.0
474,BWA-no-clip,3,0.8363636363636363
474,BWA-std,3,0.14545454545454545
474,NW-flex,3,1.0
474,BWA-no-clip,5,0.8636363636363636
474,BWA-std,5,0.2
474,NW-flex,5,1.0
474,BWA-no-clip,-1,0.9181818181818182
474,BWA-std,-1,0.41818181818181815
474,NW-flex,-1,1.0
475,BWA-no-clip,0,0.4727272727272727
475,BWA-std,0,0.10909090909090909
475,NW-flex,0,0.9
475,BWA-no-clip,1,0.7909090909090909
475,BWA-std,1,0.12727272727272726
475,NW-flex,1,1.0
475,BWA-no-clip,10,0.9090909090909091
475,BWA-std,10,0.41818181818181815
475,NW-flex,10,1.0
475,BWA-no-clip,2,0.8272727272727273
475,BWA-std,2,0.13636363636363635
475,NW-flex,2,1.0
475,BWA-no-clip,3,0.8454545454545455
475,BWA-std,3,0.14545454545454545
475,NW-flex,3,1.0
475,BWA-no-clip,5,0.9
475,BWA-std,5,0.2
475,NW-flex,5,1.0
475,BWA-no-clip,-1,0.9090909090909091
475,BWA-std,-1,0.41818181818181815
475,NW-flex,-1,1.0
476,BWA-no-clip,0,0.7636363636363637
476,BWA-std,0,0.12727272727272726
476,NW-flex,0,0.996969696969697
476,BWA-no-clip,1,0.8363636363636363
476,BWA-std,1,0.12727272727272726
476,NW-flex,1,1.0
476,BWA-no-clip,10,0.8727272727272727
476,BWA-std,10,0.4090909090909091
476,NW-flex,10,1.0
476,BWA-no-clip,2,0.7454545454545455
476,BWA-std,2,0.12727272727272726
476,NW-flex,2,1.0
476,BWA-no-clip,3,0.8272727272727273
476,BWA-std,3,0.13636363636363635
476,NW-flex,3,1.0
476,BWA-no-clip,5,0.8454545454545455
476,BWA-std,5,0.19090909090909092
476,NW-flex,5,1.0
476,BWA-no-clip,-1,0.8727272727272727
476,BWA-std,-1,0.4090909090909091
476,NW-flex,-1,1.0
477,BWA-no-clip,0,0.4909090909090909
477,BWA-std,0,0.10909090909090909
477,NW-flex,0,0.8
477,BWA-no-clip,1,0.7454545454545455
477,BWA-std,1,0.12727272727272726
477,NW-flex,1,0.996969696969697
477,BWA-no-clip,10,0.8272727272727273
477,BWA-std,10,0.4090909090909091
477,NW-flex,10,1.0
477,BWA-no-clip,2,0.6848484848484848
477,BWA-std,2,0.12727272727272726
477,NW-flex,2,0.996969696969697
477,BWA-no-clip,3,0.7454545454545455
477,BWA-std,3,0.13636363636363635
477,NW-flex,3,1.0
477,BWA-no-clip,5,0.7727272727272727
477,BWA-std,5,0.19090909090909092
477,NW-flex,5,1.0
477,BWA-no-clip,-1,0.8272727272727273
477,BWA-std,-1,0.4090909090909091
477,NW-flex,-1,1.0
478,BWA-no-clip,0,0.42727272727272725
478,BWA-std,0,0.10909090909090909
478,NW-flex,0,0.9
478,BWA-no-clip,1,0.5363636363636364
478,BWA-std,1,0.12727272727272726
478,NW-flex,1,1.0
478,BWA-no-clip,10,0.8
478,BWA-std,10,0.41818181818181815
478,NW-flex,10,1.0
478,BWA-no-clip,2,0.6454545454545455
478,BWA-std,2,0.13636363636363635
478,NW-flex,2,1.0
478,BWA-no-clip,3,0.6818181818181818
478,BWA-std,3,0.14545454545454545
478,NW-flex,3,1.0
478,BWA-no-clip,5,0.7454545454545455
478,BWA-std,5,0.2
478,NW-flex,5,1.0
478,BWA-no-clip,-1,0.8
478,BWA-std,-1,0.41818181818181815
478,NW-flex,-1,1.0
479,BWA-no-clip,0,0.43636363636363634
479,BWA-std,0,0.10909090909090909
479,NW-flex,0,0.803030303030303
479,BWA-no-clip,1,0.7818181818181819
479,BWA-std,1,0.12727272727272726
479,NW-flex,1,1.0
479,BWA-no-clip,10,0.8727272727272727
479,BWA-std,10,0.41818181818181815
479,NW-flex,10,1.0
479,BWA-no-clip,2,0.8090909090909091
479,BWA-std,2,0.13636363636363635
479,NW-flex,2,1.0
479,BWA-no-clip,3,0.7636363636363637
479,BWA-std,3,0.14545454545454545
479,NW-flex,3,1.0
479,BWA-no-clip,5,0.8181818181818182
479,BWA-std,5,0.2
479,NW-flex,5,1.0
479,BWA-no-clip,-1,0.8727272727272727
479,BWA-std,-1,0.41818181818181815
479,NW-flex,-1,1.0
480,BWA-no-clip,0,0.6909090909090909
480,BWA-std,0,0.12727272727272726
480,NW-flex,0,1.0
480,BWA-no-clip,1,0.8090909090909091
480,BWA-std,1,0.12727272727272726
480,NW-flex,1,1.0
480,BWA-no-clip,10,0.8727272727272727
480,BWA-std,10,0.4090909090909091
480,NW-flex,10,1.0
480,BWA-no-clip,2,0.7787878787878788
480,BWA-std,2,0.12727272727272726
480,NW-flex,2,1.0
480,BWA-no-clip,3,0.7818181818181819
480,BWA-std,3,0.13636363636363635
480,NW-flex,3,1.0
480,BWA-no-clip,5,0.8636363636363636
480,BWA-std,5,0.19090909090909092
480,NW-flex,5,1.0
480,BWA-no-clip,-1,0.8727272727272727
480,BWA-std,-1,0.4090909090909091
480,NW-flex,-1,1.0
481,BWA-no-clip,0,0.6
481,BWA-std,0,0.12727272727272726
481,NW-flex,0,0.996969696969697
481,BWA-no-clip,1,0.7454545454545455
481,BWA-std,1,0.12727272727272726
481,NW-flex,1,1.0
481,BWA-no-clip,10,0.8454545454545455
481,BWA-std,10,0.4090909090909091
481,NW-flex,10,1.0
481,BWA-no-clip,2,0.6909090909090909
481,BWA-std,2,0.12727272727272726
481,NW-flex,2,1.0
481,BWA-no-clip,3,0.7363636363636363
481,BWA-std,3,0.13636363636363635
481,NW-flex,3,1.0
481,BWA-no-clip,5,0.7515151515151515
481,BWA-std,5,0.19090909090909092
481,NW-flex,5,1.0
481,BWA-no-clip,-1,0.8454545454545455
481,BWA-std,-1,0.4090909090909091
481,NW-flex,-1,1.0
482,BWA-no-clip,0,0.6363636363636364
482,BWA-std,0,0.12727272727272726
482,NW-flex,0,1.0
482,BWA-no-clip,1,0.8
482,BWA-std,1,0.12727272727272726
482,NW-flex,1,1.0
482,BWA-no-clip,10,0.8454545454545455
482,BWA-std,10,0.4090909090909091
482,NW-flex,10,1.0
482,BWA-no-clip,2,0.7272727272727273
482,BWA-std,2,0.12727272727272726
482,NW-flex,2,1.0
482,BWA-no-clip,3,0.8090909090909091
482,BWA-std,3,0.13636363636363635
482,NW-flex,3,1.0
482,BWA-no-clip,5,0.8
482,BWA-std,5,0.19090909090909092
482,NW-flex,5,1.0
482,BWA-no-clip,-1,0.8454545454545455
482,BWA-std,-1,0.4090909090909091
482,NW-flex,-1,1.0
483,BWA-no-clip,0,0.4909090909090909
483,BWA-std,0,0.10909090909090909
483,NW-flex,0,0.9
483,BWA-no-clip,1,0.6727272727272727
483,BWA-std,1,0.12727272727272726
483,NW-flex,1,1.0
483,BWA-no-clip,10,0.8636363636363636
483,BWA-std,10,0.41818181818181815
483,NW-flex,10,1.0
483,BWA-no-clip,2,0.6727272727272727
483,BWA-std,2,0.13636363636363635
483,NW-flex,2,1.0
483,BWA-no-clip,3,0.8454545454545455
483,BWA-std,3,0.14545454545454545
483,NW-flex,3,1.0
483,BWA-no-clip,5,0.8545454545454545
483,BWA-std,5,0.2
483,NW-flex,5,1.0
483,BWA-no-clip,-1,0.8636363636363636
483,BWA-std,-1,0.41818181818181815
483,NW-flex,-1,1.0
484,BWA-no-clip,0,0.4090909090909091
484,BWA-std,0,0.10909090909090909
484,NW-flex,0,0.7
484,BWA-no-clip,1,0.6363636363636364
484,BWA-std,1,0.12727272727272726
484,NW-flex,1,0.9
484,BWA-no-clip,10,0.7363636363636363
484,BWA-std,10,0.4
484,NW-flex,10,1.0
484,BWA-no-clip,2,0.6636363636363637
484,BWA-std,2,0.12727272727272726
484,NW-flex,2,1.0
484,BWA-no-clip,3,0.6090909090909091
484,BWA-std,3,0.12727272727272726
484,NW-flex,3,1.0
484,BWA-no-clip,5,0.7
484,BWA-std,5,0.18181818181818182
484,NW-flex,5,1.0
484,BWA-no-clip,-1,0.7363636363636363
484,BWA-std,-1,0.4
484,NW-flex,-1,1.0
485,BWA-no-clip,0,0.4909090909090909
485,BWA-std,0,0.10909090909090909
485,NW-flex,0,0.8
485,BWA-no-clip,1,0.7454545454545455
485,BWA-std,1,0.12727272727272726
485,NW-flex,1,0.996969696969697
485,BWA-no-clip,10,0.8272727272727273
485,BWA-std,10,0.4090909090909091
485,NW-flex,10,1.0
485,BWA-no-clip,2,0.6696969696969697
485,BWA-std,2,0.12727272727272726
485,NW-flex,2,0.996969696969697
485,BWA-no-clip,3,0.7575757575757576
485,BWA-std,3,0.13636363636363635
485,NW-flex,3,1.0
485,BWA-no-clip,5,0.8090909090909091
485,BWA-std,5,0.19090909090909092
485,NW-flex,5,1.0
485,BWA-no-clip,-1,0.8272727272727273
485,BWA-std,-1,0.4090909090909091
485,NW-flex,-1,1.0
486,BWA-no-clip,0,0.6636363636363637
486,BWA-std,0,0.12727272727272726
486,NW-flex,0,0.996969696969697
486,BWA-no-clip,1,0.6545454545454545
486,BWA-std,1,0.12727272727272726
486,NW-flex,1,1.0
486,BWA-no-clip,10,0.8454545454545455
486,BWA-std,10,0.4090909090909091
486,NW-flex,10,1.0
486,BWA-no-clip,2,0.7454545454545455
486,BWA-std,2,0.12727272727272726
486,NW-flex,2,1.0
486,BWA-no-clip,3,0.7636363636363637
486,BWA-std,3,0.13636363636363635
486,NW-flex,3,1.0
486,BWA-no-clip,5,0.8
486,BWA-std,5,0.19090909090909092
486,NW-flex,5,1.0
486,BWA-no-clip,-1,0.8454545454545455
486,BWA-std,-1,0.4090909090909091
486,NW-flex,-1,1.0
487,BWA-no-clip,0,0.7454545454545455
487,BWA-std,0,0.12727272727272726
487,NW-flex,0,0.996969696969697
487,BWA-no-clip,1,0.7909090909090909
487,BWA-std,1,0.12727272727272726
487,NW-flex,1,1.0
487,BWA-no-clip,10,0.8727272727272727
487,BWA-std,10,0.4090909090909091
487,NW-flex,10,1.0
487,BWA-no-clip,2,0.7363636363636363
487,BWA-std,2,0.12727272727272726
487,NW-flex,2,1.0
487,BWA-no-clip,3,0.7727272727272727
487,BWA-std,3,0.13636363636363635
487,NW-flex,3,1.0
487,BWA-no-clip,5,0.8636363636363636
487,BWA-std,5,0.19090909090909092
487,NW-flex,5,1.0
487,BWA-no-clip,-1,0.8727272727272727
487,BWA-std,-1,0.4090909090909091
487,NW-flex,-1,1.0
488,BWA-no-clip,0,0.6090909090909091
488,BWA-std,0,0.12727272727272726
488,NW-flex,0,1.0
488,BWA-no-clip,1,0.7454545454545455
488,BWA-std,1,0.12727272727272726
488,NW-flex,1,1.0
488,BWA-no-clip,10,0.8
488,BWA-std,10,0.4
488,NW-flex,10,1.0
488,BWA-no-clip,2,0.7181818181818181
488,BWA-std,2,0.12727272727272726
488,NW-flex,2,1.0
488,BWA-no-clip,3,0.7
488,BWA-std,3,0.12727272727272726
488,NW-flex,3,1.0
488,BWA-no-clip,5,0.7454545454545455
488,BWA-std,5,0.18181818181818182
488,NW-flex,5,1.0
488,BWA-no-clip,-1,0.8
488,BWA-std,-1,0.4
488,NW-flex,-1,1.0
489,BWA-no-clip,0,0.33636363636363636
489,BWA-std,0,0.10909090909090909
489,NW-flex,0,0.803030303030303
489,BWA-no-clip,1,0.6
489,BWA-std,1,0.12727272727272726
489,NW-flex,1,1.0
489,BWA-no-clip,10,0.8
489,BWA-std,10,0.41818181818181815
489,NW-flex,10,1.0
489,BWA-no-clip,2,0.7272727272727273
489,BWA-std,2,0.13636363636363635
489,NW-flex,2,1.0
489,BWA-no-clip,3,0.6727272727272727
489,BWA-std,3,0.14545454545454545
489,NW-flex,3,1.0
489,BWA-no-clip,5,0.7272727272727273
489,BWA-std,5,0.2
489,NW-flex,5,1.0
489,BWA-no-clip,-1,0.8
489,BWA-std,-1,0.41818181818181815
489,NW-flex,-1,1.0
490,BWA-no-clip,0,0.4727272727272727
490,BWA-std,0,0.10909090909090909
490,NW-flex,0,0.7
490,BWA-no-clip,1,0.6818181818181818
490,BWA-std,1,0.12727272727272726
490,NW-flex,1,0.9
490,BWA-no-clip,10,0.7727272727272727
490,BWA-std,10,0.4
490,NW-flex,10,1.0
490,BWA-no-clip,2,0.6909090909090909
490,BWA-std,2,0.12727272727272726
490,NW-flex,2,1.0
490,BWA-no-clip,3,0.6818181818181818
490,BWA-std,3,0.12727272727272726
490,NW-flex,3,1.0
490,BWA-no-clip,5,0.7181818181818181
490,BWA-std,5,0.18181818181818182
490,NW-flex,5,1.0
490,BWA-no-clip,-1,0.7727272727272727
490,BWA-std,-1,0.4
490,NW-flex,-1,1.0
491,BWA-no-clip,0,0.5636363636363636
491,BWA-std,0,0.12727272727272726
491,NW-flex,0,0.996969696969697
491,BWA-no-clip,1,0.6272727272727273
491,BWA-std,1,0.12727272727272726
491,NW-flex,1,1.0
491,BWA-no-clip,10,0.7818181818181819
491,BWA-std,10,0.39090909090909093
491,NW-flex,10,1.0
491,BWA-no-clip,2,0.7272727272727273
491,BWA-std,2,0.12727272727272726
491,NW-flex,2,1.0
491,BWA-no-clip,3,0.7272727272727273
491,BWA-std,3,0.13636363636363635
491,NW-flex,3,1.0
491,BWA-no-clip,5,0.7545454545454545
491,BWA-std,5,0.17272727272727273
491,NW-flex,5,1.0
491,BWA-no-clip,-1,0.7818181818181819
491,BWA-std,-1,0.39090909090909093
491,NW-flex,-1,1.0
492,BWA-no-clip,0,0.3
492,BWA-std,0,0.10909090909090909
492,NW-flex,0,0.7
492,BWA-no-clip,1,0.45151515151515154
492,BWA-std,1,0.12727272727272726
492,NW-flex,1,0.803030303030303
492,BWA-no-clip,10,0.6454545454545455
492,BWA-std,10,0.4
492,NW-flex,10,1.0
492,BWA-no-clip,2,0.5181818181818182
492,BWA-std,2,0.12727272727272726
492,NW-flex,2,1.0
492,BWA-no-clip,3,0.45454545454545453
492,BWA-std,3,0.12727272727272726
492,NW-flex,3,1.0
492,BWA-no-clip,5,0.5
492,BWA-std,5,0.18181818181818182
492,NW-flex,5,1.0
492,BWA-no-clip,-1,0.6454545454545455
492,BWA-std,-1,0.4
492,NW-flex,-1,1.0
493,BWA-no-clip,0,0.7636363636363637
493,BWA-std,0,0.12727272727272726
493,NW-flex,0,0.996969696969697
493,BWA-no-clip,1,0.6696969696969697
493,BWA-std,1,0.12727272727272726
493,NW-flex,1,1.0
493,BWA-no-clip,10,0.9090909090909091
493,BWA-std,10,0.41818181818181815
493,NW-flex,10,1.0
493,BWA-no-clip,2,0.7363636363636363
493,BWA-std,2,0.13636363636363635
493,NW-flex,2,1.0
493,BWA-no-clip,3,0.8
493,BWA-std,3,0.14545454545454545
493,NW-flex,3,1.0
493,BWA-no-clip,5,0.8090909090909091
493,BWA-std,5,0.2
493,NW-flex,5,1.0
493,BWA-no-clip,-1,0.9090909090909091
493,BWA-std,-1,0.41818181818181815
493,NW-flex,-1,1.0
494,BWA-no-clip,0,0.6818181818181818
494,BWA-std,0,0.12727272727272726
494,NW-flex,0,1.0
494,BWA-no-clip,1,0.6424242424242425
494,BWA-std,1,0.12727272727272726
494,NW-flex,1,1.0
494,BWA-no-clip,10,0.8363636363636363
494,BWA-std,10,0.41818181818181815
494,NW-flex,10,1.0
494,BWA-no-clip,2,0.7545454545454545
494,BWA-std,2,0.13636363636363635
494,NW-flex,2,1.0
494,BWA-no-clip,3,0.7727272727272727
494,BWA-std,3,0.14545454545454545
494,NW-flex,3,1.0
494,BWA-no-clip,5,0.8181818181818182
494,BWA-std,5,0.2
494,NW-flex,5,1.0
494,BWA-no-clip,-1,0.8363636363636363
494,BWA-std,-1,0.41818181818181815
494,NW-flex,-1,1.0
495,BWA-no-clip,0,0.6090909090909091
495,BWA-std,0,0.12727272727272726
495,NW-flex,0,0.9878787878787879
495,BWA-no-clip,1,0.6727272727272727
495,BWA-std,1,0.12727272727272726
495,NW-flex,1,1.0
495,BWA-no-clip,10,0.7545454545454545
495,BWA-std,10,0.41818181818181815
495,NW-flex,10,1.0
495,BWA-no-clip,2,0.6363636363636364
495,BWA-std,2,0.13636363636363635
495,NW-flex,2,1.0
495,BWA-no-clip,3,0.6727272727272727
495,BWA-std,3,0.14545454545454545
495,NW-flex,3,1.0
495,BWA-no-clip,5,0.7545454545454545
495,BWA-std,5,0.2
495,NW-flex,5,1.0
495,BWA-no-clip,-1,0.7545454545454545
495,BWA-std,-1,0.41818181818181815
495,NW-flex,-1,1.0
496,BWA-no-clip,0,0.4636363636363636
496,BWA-std,0,0.10909090909090909
496,NW-flex,0,0.9
496,BWA-no-clip,1,0.7545454545454545
496,BWA-std,1,0.12727272727272726
496,NW-flex,1,1.0
496,BWA-no-clip,10,0.8545454545454545
496,BWA-std,10,0.41818181818181815
496,NW-flex,10,1.0
496,BWA-no-clip,2,0.5636363636363636
496,BWA-std,2,0.13636363636363635
496,NW-flex,2,0.9939393939393939
496,BWA-no-clip,3,0.6909090909090909
496,BWA-std,3,0.14545454545454545
496,NW-flex,3,1.0
496,BWA-no-clip,5,0.7818181818181819
496,BWA-std,5,0.2
496,NW-flex,5,1.0
496,BWA-no-clip,-1,0.8545454545454545
496,BWA-std,-1,0.41818181818181815
496,NW-flex,-1,1.0
497,BWA-no-clip,0,0.33636363636363636
497,BWA-std,0,0.10909090909090909
497,NW-flex,0,0.6090909090909091
497,BWA-no-clip,1,0.7363636363636363
497,BWA-std,1,0.12727272727272726
497,NW-flex,1,1.0
497,BWA-no-clip,10,0.8636363636363636
497,BWA-std,10,0.41818181818181815
497,NW-flex,10,1.0
497,BWA-no-clip,2,0.7727272727272727
497,BWA-std,2,0.13636363636363635
497,NW-flex,2,1.0
497,BWA-no-clip,3,0.8
497,BWA-std,3,0.14545454545454545
497,NW-flex,3,1.0
497,BWA-no-clip,5,0.7818181818181819
497,BWA-std,5,0.2
497,NW-flex,5,1.0
497,BWA-no-clip,-1,0.8636363636363636
497,BWA-std,-1,0.41818181818181815
497,NW-flex,-1,1.0
498,BWA-no-clip,0,0.44545454545454544
498,BWA-std,0,0.10909090909090909
498,NW-flex,0,0.8
498,BWA-no-clip,1,0.7
498,BWA-std,1,0.12727272727272726
498,NW-flex,1,0.996969696969697
498,BWA-no-clip,10,0.7909090909090909
498,BWA-std,10,0.4090909090909091
498,NW-flex,10,1.0
498,BWA-no-clip,2,0.47575757575757577
498,BWA-std,2,0.11818181818181818
498,NW-flex,2,0.996969696969697
498,BWA-no-clip,3,0.7545454545454545
498,BWA-std,3,0.13636363636363635
498,NW-flex,3,1.0
498,BWA-no-clip,5,0.7181818181818181
498,BWA-std,5,0.19090909090909092
498,NW-flex,5,1.0
498,BWA-no-clip,-1,0.7909090909090909
498,BWA-std,-1,0.4090909090909091
498,NW-flex,-1,1.0
499,BWA-no-clip,0,0.5181818181818182
499,BWA-std,0,0.10909090909090909
499,NW-flex,0,0.9
499,BWA-no-clip,1,0.6727272727272727
499,BWA-std,1,0.12727272727272726
499,NW-flex,1,0.996969696969697
499,BWA-no-clip,10,0.9090909090909091
499,BWA-std,10,0.41818181818181815
499,NW-flex,10,1.0
499,BWA-no-clip,2,0.7696969696969697
499,BWA-std,2,0.13636363636363635
499,NW-flex,2,1.0
499,BWA-no-clip,3,0.7727272727272727
499,BWA-std,3,0.14545454545454545
499,NW-flex,3,1.0
499,BWA-no-clip,5,0.8545454545454545
499,BWA-std,5,0.2
499,NW-flex,5,1.0
499,BWA-no-clip,-1,0.9090909090909091
499,BWA-std,-1,0.41818181818181815
499,NW-flex,-1,1.0
500,BWA-no-clip,0,0.5333333333333333
500,BWA-std,0,0.10909090909090909
500,NW-flex,0,0.9
500,BWA-no-clip,1,0.7090909090909091
500,BWA-std,1,0.12727272727272726
500,NW-flex,1,1.0
500,BWA-no-clip,10,0.8818181818181818
500,BWA-std,10,0.41818181818181815
500,NW-flex,10,1.0
500,BWA-no-clip,2,0.7363636363636363
500,BWA-std,2,0.13636363636363635
500,NW-flex,2,1.0
500,BWA-no-clip,3,0.8090909090909091
500,BWA-std,3,0.14545454545454545
500,NW-flex,3,1.0
500,BWA-no-clip,5,0.8818181818181818
500,BWA-std,5,0.2
500,NW-flex,5,1.0
500,BWA-no-clip,-1,0.8818181818181818
500,BWA-std,-1,0.41818181818181815
500,NW-flex,-1,1.0
501,BWA-no-clip,0,0.5787878787878787
501,BWA-std,0,0.10909090909090909
501,NW-flex,0,0.9
501,BWA-no-clip,1,0.6848484848484848
501,BWA-std,1,0.12727272727272726
501,NW-flex,1,1.0
501,BWA-no-clip,10,0.796969696969697
501,BWA-std,10,0.3878787878787879
501,NW-flex,10,1.0
501,BWA-no-clip,2,0.7181818181818181
501,BWA-std,2,0.13636363636363635
501,NW-flex,2,1.0
501,BWA-no-clip,3,0.7090909090909091
501,BWA-std,3,0.14545454545454545
501,NW-flex,3,1.0
501,BWA-no-clip,5,0.7606060606060606
501,BWA-std,5,0.19393939393939394
501,NW-flex,5,1.0
501,BWA-no-clip,-1,0.796969696969697
501,BWA-std,-1,0.3878787878787879
501,NW-flex,-1,1.0
502,BWA-no-clip,0,0.7363636363636363
502,BWA-std,0,0.12727272727272726
502,NW-flex,0,1.0
502,BWA-no-clip,1,0.7
502,BWA-std,1,0.12727272727272726
502,NW-flex,1,0.996969696969697
502,BWA-no-clip,10,0.8818181818181818
502,BWA-std,10,0.41818181818181815
502,NW-flex,10,1.0
502,BWA-no-clip,2,0.8151515151515152
502,BWA-std,2,0.13636363636363635
502,NW-flex,2,1.0
502,BWA-no-clip,3,0.8
502,BWA-std,3,0.14545454545454545
502,NW-flex,3,1.0
502,BWA-no-clip,5,0.8272727272727273
502,BWA-std,5,0.2
502,NW-flex,5,1.0
502,BWA-no-clip,-1,0.8818181818181818
502,BWA-std,-1,0.41818181818181815
502,NW-flex,-1,1.0
503,BWA-no-clip,0,0.4727272727272727
503,BWA-std,0,0.10909090909090909
503,NW-flex,0,0.9
503,BWA-no-clip,1,0.5909090909090909
503,BWA-std,1,0.12727272727272726
503,NW-flex,1,1.0
503,BWA-no-clip,10,0.8
503,BWA-std,10,0.41818181818181815
503,NW-flex,10,1.0
503,BWA-no-clip,2,0.7727272727272727
503,BWA-std,2,0.13636363636363635
503,NW-flex,2,1.0
503,BWA-no-clip,3,0.7363636363636363
503,BWA-std,3,0.14545454545454545
503,NW-flex,3,1.0
503,BWA-no-clip,5,0.7454545454545455
503,BWA-std,5,0.2
503,NW-flex,5,1.0
503,BWA-no-clip,-1,0.8
503,BWA-std,-1,0.41818181818181815
503,NW-flex,-1,1.0
504,BWA-no-clip,0,0.6
504,BWA-std,0,0.12727272727272726
504,NW-flex,0,1.0
504,BWA-no-clip,1,0.5606060606060606
504,BWA-std,1,0.12727272727272726
504,NW-flex,1,0.9030303030303031
504,BWA-no-clip,10,0.8
504,BWA-std,10,0.4090909090909091
504,NW-flex,10,1.0
504,BWA-no-clip,2,0.5454545454545454
504,BWA-std,2,0.12727272727272726
504,NW-flex,2,1.0
504,BWA-no-clip,3,0.7090909090909091
504,BWA-std,3,0.13636363636363635
504,NW-flex,3,1.0
504,BWA-no-clip,5,0.7818181818181819
504,BWA-std,5,0.19090909090909092
504,NW-flex,5,1.0
504,BWA-no-clip,-1,0.8
504,BWA-std,-1,0.4090909090909091
504,NW-flex,-1,1.0
505,BWA-no-clip,0,0.5272727272727272
505,BWA-std,0,0.10909090909090909
505,NW-flex,0,0.9
505,BWA-no-clip,1,0.7545454545454545
505,BWA-std,1,0.12727272727272726
505,NW-flex,1,1.0
505,BWA-no-clip,10,0.8181818181818182
505,BWA-std,10,0.41818181818181815
505,NW-flex,10,1.0
505,BWA-no-clip,2,0.7545454545454545
505,BWA-std,2,0.13636363636363635
505,NW-flex,2,1.0
505,BWA-no-clip,3,0.7090909090909091
505,BWA-std,3,0.14545454545454545
505,NW-flex,3,1.0
505,BWA-no-clip,5,0.8090909090909091
505,BWA-std,5,0.2
505,NW-flex,5,1.0
505,BWA-no-clip,-1,0.8181818181818182
505,BWA-std,-1,0.41818181818181815
505,NW-flex,-1,1.0
506,BWA-no-clip,0,0.5363636363636364
506,BWA-std,0,0.10909090909090909
506,NW-flex,0,0.8
506,BWA-no-clip,1,0.8090909090909091
506,BWA-std,1,0.12727272727272726
506,NW-flex,1,1.0
506,BWA-no-clip,10,0.9181818181818182
506,BWA-std,10,0.41818181818181815
506,NW-flex,10,1.0
506,BWA-no-clip,2,0.8272727272727273
506,BWA-std,2,0.13636363636363635
506,NW-flex,2,1.0
506,BWA-no-clip,3,0.8454545454545455
506,BWA-std,3,0.14545454545454545
506,NW-flex,3,1.0
506,BWA-no-clip,5,0.8636363636363636
506,BWA-std,5,0.2
506,NW-flex,5,1.0
506,BWA-no-clip,-1,0.9181818181818182
506,BWA-std,-1,0.41818181818181815
506,NW-flex,-1,1.0
507,BWA-no-clip,0,0.5363636363636364
507,BWA-std,0,0.10909090909090909
507,NW-flex,0,0.8
507,BWA-no-clip,1,0.8
507,BWA-std,1,0.12727272727272726
507,NW-flex,1,1.0
507,BWA-no-clip,10,0.9090909090909091
507,BWA-std,10,0.41818181818181815
507,NW-flex,10,1.0
507,BWA-no-clip,2,0.8151515151515152
507,BWA-std,2,0.13636363636363635
507,NW-flex,2,1.0
507,BWA-no-clip,3,0.8727272727272727
507,BWA-std,3,0.14545454545454545
507,NW-flex,3,1.0
507,BWA-no-clip,5,0.8818181818181818
507,BWA-std,5,0.2
507,NW-flex,5,1.0
507,BWA-no-clip,-1,0.9090909090909091
507,BWA-std,-1,0.41818181818181815
507,NW-flex,-1,1.0
508,BWA-no-clip,0,0.6181818181818182
508,BWA-std,0,0.12727272727272726
508,NW-flex,0,1.0
508,BWA-no-clip,1,0.6151515151515151
508,BWA-std,1,0.12727272727272726
508,NW-flex,1,0.9030303030303031
508,BWA-no-clip,10,0.8
508,BWA-std,10,0.4090909090909091
508,NW-flex,10,1.0
508,BWA-no-clip,2,0.5818181818181818
508,BWA-std,2,0.12727272727272726
508,NW-flex,2,1.0
508,BWA-no-clip,3,0.7636363636363637
508,BWA-std,3,0.13636363636363635
508,NW-flex,3,1.0
508,BWA-no-clip,5,0.7454545454545455
508,BWA-std,5,0.19090909090909092
508,NW-flex,5,1.0
508,BWA-no-clip,-1,0.8
508,BWA-std,-1,0.4090909090909091
508,NW-flex,-1,1.0
509,BWA-no-clip,0,0.5181818181818182
509,BWA-std,0,0.10909090909090909
509,NW-flex,0,0.9
509,BWA-no-clip,1,0.8272727272727273
509,BWA-std,1,0.12727272727272726
509,NW-flex,1,1.0
509,BWA-no-clip,10,0.8454545454545455
509,BWA-std,10,0.41818181818181815
509,NW-flex,10,1.0
509,BWA-no-clip,2,0.7818181818181819
509,BWA-std,2,0.13636363636363635
509,NW-flex,2,1.0
509,BWA-no-clip,3,0.7818181818181819
509,BWA-std,3,0.14545454545454545
509,NW-flex,3,1.0
509,BWA-no-clip,5,0.8272727272727273
509,BWA-std,5,0.2
509,NW-flex,5,1.0
509,BWA-no-clip,-1,0.8454545454545455
509,BWA-std,-1,0.41818181818181815
509,NW-flex,-1,1.0
510,BWA-no-clip,0,0.5818181818181818
510,BWA-std,0,0.10909090909090909
510,NW-flex,0,0.9
510,BWA-no-clip,1,0.7787878787878788
510,BWA-std,1,0.12727272727272726
510,NW-flex,1,1.0
510,BWA-no-clip,10,0.9090909090909091
510,BWA-std,10,0.41818181818181815
510,NW-flex,10,1.0
510,BWA-no-clip,2,0.8272727272727273
510,BWA-std,2,0.13636363636363635
510,NW-flex,2,1.0
510,BWA-no-clip,3,0.8454545454545455
510,BWA-std,3,0.14545454545454545
510,NW-flex,3,1.0
510,BWA-no-clip,5,0.8636363636363636
510,BWA-std,5,0.2
510,NW-flex,5,1.0
510,BWA-no-clip,-1,0.9090909090909091
510,BWA-std,-1,0.41818181818181815
510,NW-flex,-1,1.0
511,BWA-no-clip,0,0.5545454545454546
511,BWA-std,0,0.12727272727272726
511,NW-flex,0,0.9030303030303031
511,BWA-no-clip,1,0.5818181818181818
511,BWA-std,1,0.12727272727272726
511,NW-flex,1,0.996969696969697
511,BWA-no-clip,10,0.8
511,BWA-std,10,0.41818181818181815
511,NW-flex,10,1.0
511,BWA-no-clip,2,0.7454545454545455
511,BWA-std,2,0.13636363636363635
511,NW-flex,2,1.0
511,BWA-no-clip,3,0.6909090909090909
511,BWA-std,3,0.14545454545454545
511,NW-flex,3,1.0
511,BWA-no-clip,5,0.7363636363636363
511,BWA-std,5,0.2
511,NW-flex,5,1.0
511,BWA-no-clip,-1,0.8
511,BWA-std,-1,0.41818181818181815
511,NW-flex,-1,1.0
512,BWA-no-clip,0,0.5272727272727272
512,BWA-std,0,0.12727272727272726
512,NW-flex,0,1.0
512,BWA-no-clip,1,0.7272727272727273
512,BWA-std,1,0.12727272727272726
512,NW-flex,1,1.0
512,BWA-no-clip,10,0.8636363636363636
512,BWA-std,10,0.41818181818181815
512,NW-flex,10,1.0
512,BWA-no-clip,2,0.7727272727272727
512,BWA-std,2,0.13636363636363635
512,NW-flex,2,1.0
512,BWA-no-clip,3,0.7636363636363637
512,BWA-std,3,0.14545454545454545
512,NW-flex,3,1.0
512,BWA-no-clip,5,0.8090909090909091
512,BWA-std,5,0.2
512,NW-flex,5,1.0
512,BWA-no-clip,-1,0.8636363636363636
512,BWA-std,-1,0.41818181818181815
512,NW-flex,-1,1.0
513,BWA-no-clip,0,0.5818181818181818
513,BWA-std,0,0.10909090909090909
513,NW-flex,0,0.9
513,BWA-no-clip,1,0.7454545454545455
513,BWA-std,1,0.12727272727272726
513,NW-flex,1,1.0
513,BWA-no-clip,10,0.9
513,BWA-std,10,0.41818181818181815
513,NW-flex,10,1.0
513,BWA-no-clip,2,0.7909090909090909
513,BWA-std,2,0.13636363636363635
513,NW-flex,2,1.0
513,BWA-no-clip,3,0.7909090909090909
513,BWA-std,3,0.14545454545454545
513,NW-flex,3,1.0
513,BWA-no-clip,5,0.9
513,BWA-std,5,0.2
513,NW-flex,5,1.0
513,BWA-no-clip,-1,0.9
513,BWA-std,-1,0.41818181818181815
513,NW-flex,-1,1.0
514,BWA-no-clip,0,0.42727272727272725
514,BWA-std,0,0.10909090909090909
514,NW-flex,0,0.7
514,BWA-no-clip,1,0.5454545454545454
514,BWA-std,1,0.12727272727272726
514,NW-flex,1,1.0
514,BWA-no-clip,10,0.8090909090909091
514,BWA-std,10,0.41818181818181815
514,NW-flex,10,1.0
514,BWA-no-clip,2,0.6
514,BWA-std,2,0.13636363636363635
514,NW-flex,2,1.0
514,BWA-no-clip,3,0.7545454545454545
514,BWA-std,3,0.14545454545454545
514,NW-flex,3,1.0
514,BWA-no-clip,5,0.8090909090909091
514,BWA-std,5,0.2
514,NW-flex,5,1.0
514,BWA-no-clip,-1,0.8090909090909091
514,BWA-std,-1,0.41818181818181815
514,NW-flex,-1,1.0
515,BWA-no-clip,0,0.6272727272727273
515,BWA-std,0,0.12727272727272726
515,NW-flex,0,1.0
515,BWA-no-clip,1,0.5696969696969697
515,BWA-std,1,0.12727272727272726
515,NW-flex,1,0.9030303030303031
515,BWA-no-clip,10,0.8
515,BWA-std,10,0.4090909090909091
515,NW-flex,10,1.0
515,BWA-no-clip,2,0.5545454545454546
515,BWA-std,2,0.12727272727272726
515,NW-flex,2,1.0
515,BWA-no-clip,3,0.7181818181818181
515,BWA-std,3,0.13636363636363635
515,NW-flex,3,1.0
515,BWA-no-clip,5,0.7909090909090909
515,BWA-std,5,0.19090909090909092
515,NW-flex,5,1.0
515,BWA-no-clip,-1,0.8
515,BWA-std,-1,0.4090909090909091
515,NW-flex,-1,1.0
516,BWA-no-clip,0,0.6181818181818182
516,BWA-std,0,0.12727272727272726
516,NW-flex,0,1.0
516,BWA-no-clip,1,0.5606060606060606
516,BWA-std,1,0.12727272727272726
516,NW-flex,1,0.9030303030303031
516,BWA-no-clip,10,0.8
516,BWA-std,10,0.4090909090909091
516,NW-flex,10,1.0
516,BWA-no-clip,2,0.5454545454545454
516,BWA-std,2,0.12727272727272726
516,NW-flex,2,1.0
516,BWA-no-clip,3,0.7090909090909091
516,BWA-std,3,0.13636363636363635
516,NW-flex,3,1.0
516,BWA-no-clip,5,0.7818181818181819
516,BWA-std,5,0.19090909090909092
516,NW-flex,5,1.0
516,BWA-no-clip,-1,0.8
516,BWA-std,-1,0.4090909090909091
516,NW-flex,-1,1.0
517,BWA-no-clip,0,0.43636363636363634
517,BWA-std,0,0.11818181818181818
517,NW-flex,0,1.0
517,BWA-no-clip,1,0.4727272727272727
517,BWA-std,1,0.12727272727272726
517,NW-flex,1,1.0
517,BWA-no-clip,10,0.5121212121212121
517,BWA-std,10,0.3575757575757576
517,NW-flex,10,1.0
517,BWA-no-clip,2,0.4909090909090909
517,BWA-std,2,0.12727272727272726
517,NW-flex,2,1.0
517,BWA-no-clip,3,0.5303030303030303
517,BWA-std,3,0.13636363636363635
517,NW-flex,3,1.0
517,BWA-no-clip,5,0.45454545454545453
517,BWA-std,5,0.15151515151515152
517,NW-flex,5,0.9030303030303031
517,BWA-no-clip,-1,0.5121212121212121
517,BWA-std,-1,0.3575757575757576
517,NW-flex,-1,1.0
518,BWA-no-clip,0,0.4727272727272727
518,BWA-std,0,0.10909090909090909
518,NW-flex,0,0.8
518,BWA-no-clip,1,0.7818181818181819
518,BWA-std,1,0.12727272727272726
518,NW-flex,1,1.0
518,BWA-no-clip,10,0.8181818181818182
518,BWA-std,10,0.4090909090909091
518,NW-flex,10,1.0
518,BWA-no-clip,2,0.6454545454545455
518,BWA-std,2,0.12727272727272726
518,NW-flex,2,1.0
518,BWA-no-clip,3,0.8
518,BWA-std,3,0.13636363636363635
518,NW-flex,3,1.0
518,BWA-no-clip,5,0.8181818181818182
518,BWA-std,5,0.19090909090909092
518,NW-flex,5,1.0
518,BWA-no-clip,-1,0.8181818181818182
518,BWA-std,-1,0.4090909090909091
518,NW-flex,-1,1.0
519,BWA-no-clip,0,0.5181818181818182
519,BWA-std,0,0.10909090909090909
519,NW-flex,0,0.9
519,BWA-no-clip,1,0.7090909090909091
519,BWA-std,1,0.12727272727272726
519,NW-flex,1,1.0
519,BWA-no-clip,10,0.8636363636363636
519,BWA-std,10,0.41818181818181815
519,NW-flex,10,1.0
519,BWA-no-clip,2,0.7818181818181819
519,BWA-std,2,0.13636363636363635
519,NW-flex,2,1.0
519,BWA-no-clip,3,0.8545454545454545
519,BWA-std,3,0.14545454545454545
519,NW-flex,3,1.0
519,BWA-no-clip,5,0.8
519,BWA-std,5,0.2
519,NW-flex,5,1.0
519,BWA-no-clip,-1,0.8636363636363636
519,BWA-std,-1,0.41818181818181815
519,NW-flex,-1,1.0
520,BWA-no-clip,0,0.18181818181818182
520,BWA-std,0,0.10909090909090909
520,NW-flex,0,0.2
520,BWA-no-clip,1,0.43636363636363634
520,BWA-std,1,0.12727272727272726
520,NW-flex,1,1.0
520,BWA-no-clip,10,0.6727272727272727
520,BWA-std,10,0.33636363636363636
520,NW-flex,10,1.0
520,BWA-no-clip,2,0.42727272727272725
520,BWA-std,2,0.12727272727272726
520,NW-flex,2,1.0
520,BWA-no-clip,3,0.6545454545454545
520,BWA-std,3,0.13636363636363635
520,NW-flex,3,1.0
520,BWA-no-clip,5,0.6727272727272727
520,BWA-std,5,0.14545454545454545
520,NW-flex,5,1.0
520,BWA-no-clip,-1,0.6727272727272727
520,BWA-std,-1,0.33636363636363636
520,NW-flex,-1,1.0
521,BWA-no-clip,0,0.7636363636363637
521,BWA-std,0,0.12727272727272726
521,NW-flex,0,0.996969696969697
521,BWA-no-clip,1,0.7636363636363637
521,BWA-std,1,0.12727272727272726
521,NW-flex,1,1.0
521,BWA-no-clip,10,0.8727272727272727
521,BWA-std,10,0.4090909090909091
521,NW-flex,10,1.0
521,BWA-no-clip,2,0.7636363636363637
521,BWA-std,2,0.12727272727272726
521,NW-flex,2,1.0
521,BWA-no-clip,3,0.8090909090909091
521,BWA-std,3,0.13636363636363635
521,NW-flex,3,1.0
521,BWA-no-clip,5,0.8636363636363636
521,BWA-std,5,0.19090909090909092
521,NW-flex,5,1.0
521,BWA-no-clip,-1,0.8727272727272727
521,BWA-std,-1,0.4090909090909091
521,NW-flex,-1,1.0
522,BWA-no-clip,0,0.5818181818181818
522,BWA-std,0,0.12727272727272726
522,NW-flex,0,0.7090909090909091
522,BWA-no-clip,1,0.7787878787878788
522,BWA-std,1,0.12727272727272726
522,NW-flex,1,0.996969696969697
522,BWA-no-clip,10,0.9181818181818182
522,BWA-std,10,0.41818181818181815
522,NW-flex,10,1.0
522,BWA-no-clip,2,0.8090909090909091
522,BWA-std,2,0.13636363636363635
522,NW-flex,2,1.0
522,BWA-no-clip,3,0.7818181818181819
522,BWA-std,3,0.14545454545454545
522,NW-flex,3,1.0
522,BWA-no-clip,5,0.9
522,BWA-std,5,0.2
522,NW-flex,5,1.0
522,BWA-no-clip,-1,0.9181818181818182
522,BWA-std,-1,0.41818181818181815
522,NW-flex,-1,1.0
523,BWA-no-clip,0,0.39090909090909093
523,BWA-std,0,0.12727272727272726
523,NW-flex,0,1.0
523,BWA-no-clip,1,0.4
523,BWA-std,1,0.12727272727272726
523,NW-flex,1,1.0
523,BWA-no-clip,10,0.7545454545454545
523,BWA-std,10,0.4
523,NW-flex,10,1.0
523,BWA-no-clip,2,0.5818181818181818
523,BWA-std,2,0.12727272727272726
523,NW-flex,2,1.0
523,BWA-no-clip,3,0.6909090909090909
523,BWA-std,3,0.12727272727272726
523,NW-flex,3,1.0
523,BWA-no-clip,5,0.7090909090909091
523,BWA-std,5,0.18181818181818182
523,NW-flex,5,1.0
523,BWA-no-clip,-1,0.7545454545454545
523,BWA-std,-1,0.4
523,NW-flex,-1,1.0
524,BWA-no-clip,0,0.5
524,BWA-std,0,0.10909090909090909
524,NW-flex,0,0.7
524,BWA-no-clip,1,0.7454545454545455
524,BWA-std,1,0.12727272727272726
524,NW-flex,1,1.0
524,BWA-no-clip,10,0.8545454545454545
524,BWA-std,10,0.4090909090909091
524,NW-flex,10,1.0
524,BWA-no-clip,2,0.7454545454545455
524,BWA-std,2,0.12727272727272726
524,NW-flex,2,1.0
524,BWA-no-clip,3,0.7181818181818181
524,BWA-std,3,0.13636363636363635
524,NW-flex,3,1.0
524,BWA-no-clip,5,0.8454545454545455
524,BWA-std,5,0.19090909090909092
524,NW-flex,5,1.0
524,BWA-no-clip,-1,0.8545454545454545
524,BWA-std,-1,0.4090909090909091
524,NW-flex,-1,1.0
525,BWA-no-clip,0,0.7363636363636363
525,BWA-std,0,0.12727272727272726
525,NW-flex,0,0.9878787878787879
525,BWA-no-clip,1,0.6181818181818182
525,BWA-std,1,0.12727272727272726
525,NW-flex,1,1.0
525,BWA-no-clip,10,0.8181818181818182
525,BWA-std,10,0.41818181818181815
525,NW-flex,10,1.0
525,BWA-no-clip,2,0.8090909090909091
525,BWA-std,2,0.13636363636363635
525,NW-flex,2,1.0
525,BWA-no-clip,3,0.7727272727272727
525,BWA-std,3,0.14545454545454545
525,NW-flex,3,1.0
525,BWA-no-clip,5,0.8090909090909091
525,BWA-std,5,0.2
525,NW-flex,5,1.0
525,BWA-no-clip,-1,0.8181818181818182
525,BWA-std,-1,0.41818181818181815
525,NW-flex,-1,1.0
526,BWA-no-clip,0,0.7636363636363637
526,BWA-std,0,0.12727272727272726
526,NW-flex,0,0.996969696969697
526,BWA-no-clip,1,0.7454545454545455
526,BWA-std,1,0.12727272727272726
526,NW-flex,1,1.0
526,BWA-no-clip,10,0.8909090909090909
526,BWA-std,10,0.41818181818181815
526,NW-flex,10,1.0
526,BWA-no-clip,2,0.8
526,BWA-std,2,0.13636363636363635
526,NW-flex,2,1.0
526,BWA-no-clip,3,0.7818181818181819
526,BWA-std,3,0.14545454545454545
526,NW-flex,3,1.0
526,BWA-no-clip,5,0.8909090909090909
526,BWA-std,5,0.2
526,NW-flex,5,1.0
526,BWA-no-clip,-1,0.8909090909090909
526,BWA-std,-1,0.41818181818181815
526,NW-flex,-1,1.0
527,BWA-no-clip,0,0.5272727272727272
527,BWA-std,0,0.10909090909090909
527,NW-flex,0,0.9
527,BWA-no-clip,1,0.8454545454545455
527,BWA-std,1,0.12727272727272726
527,NW-flex,1,1.0
527,BWA-no-clip,10,0.8909090909090909
527,BWA-std,10,0.41818181818181815
527,NW-flex,10,1.0
527,BWA-no-clip,2,0.8090909090909091
527,BWA-std,2,0.13636363636363635
527,NW-flex,2,1.0
527,BWA-no-clip,3,0.8727272727272727
527,BWA-std,3,0.14545454545454545
527,NW-flex,3,1.0
527,BWA-no-clip,5,0.8636363636363636
527,BWA-std,5,0.2
527,NW-flex,5,1.0
527,BWA-no-clip,-1,0.8909090909090909
527,BWA-std,-1,0.41818181818181815
527,NW-flex,-1,1.0
528,BWA-no-clip,0,0.4909090909090909
528,BWA-std,0,0.10909090909090909
528,NW-flex,0,0.9
528,BWA-no-clip,1,0.5545454545454546
528,BWA-std,1,0.12727272727272726
528,NW-flex,1,1.0
528,BWA-no-clip,10,0.8363636363636363
528,BWA-std,10,0.41818181818181815
528,NW-flex,10,1.0
528,BWA-no-clip,2,0.8363636363636363
528,BWA-std,2,0.13636363636363635
528,NW-flex,2,1.0
528,BWA-no-clip,3,0.8363636363636363
528,BWA-std,3,0.14545454545454545
528,NW-flex,3,1.0
528,BWA-no-clip,5,0.8363636363636363
528,BWA-std,5,0.2
528,NW-flex,5,1.0
528,BWA-no-clip,-1,0.8363636363636363
528,BWA-std,-1,0.41818181818181815
528,NW-flex,-1,1.0
529,BWA-no-clip,0,0.5454545454545454
529,BWA-std,0,0.12727272727272726
529,NW-flex,0,0.996969696969697
529,BWA-no-clip,1,0.6909090909090909
529,BWA-std,1,0.12727272727272726
529,NW-flex,1,1.0
529,BWA-no-clip,10,0.7636363636363637
529,BWA-std,10,0.4090909090909091
529,NW-flex,10,1.0
529,BWA-no-clip,2,0.45454545454545453
529,BWA-std,2,0.12727272727272726
529,NW-flex,2,1.0
529,BWA-no-clip,3,0.7363636363636363
529,BWA-std,3,0.13636363636363635
529,NW-flex,3,1.0
529,BWA-no-clip,5,0.7454545454545455
529,BWA-std,5,0.19090909090909092
529,NW-flex,5,1.0
529,BWA-no-clip,-1,0.7636363636363637
529,BWA-std,-1,0.4090909090909091
529,NW-flex,-1,1.0
530,BWA-no-clip,0,0.5454545454545454
530,BWA-std,0,0.10909090909090909
530,NW-flex,0,0.9
530,BWA-no-clip,1,0.8545454545454545
530,BWA-std,1,0.12727272727272726
530,NW-flex,1,1.0
530,BWA-no-clip,10,0.9
530,BWA-std,10,0.41818181818181815
530,NW-flex,10,1.0
530,BWA-no-clip,2,0.8090909090909091
530,BWA-std,2,0.13636363636363635
530,NW-flex,2,1.0
530,BWA-no-clip,3,0.8636363636363636
530,BWA-std,3,0.14545454545454545
530,NW-flex,3,1.0
530,BWA-no-clip,5,0.8454545454545455
530,BWA-std,5,0.2
530,NW-flex,5,1.0
530,BWA-no-clip,-1,0.9
530,BWA-std,-1,0.41818181818181815
530,NW-flex,-1,1.0
531,BWA-no-clip,0,0.5181818181818182
531,BWA-std,0,0.10909090909090909
531,NW-flex,0,0.9
531,BWA-no-clip,1,0.8363636363636363
531,BWA-std,1,0.12727272727272726
531,NW-flex,1,1.0
531,BWA-no-clip,10,0.8909090909090909
531,BWA-std,10,0.41818181818181815
531,NW-flex,10,1.0
531,BWA-no-clip,2,0.8090909090909091
531,BWA-std,2,0.13636363636363635
531,NW-flex,2,1.0
531,BWA-no-clip,3,0.8636363636363636
531,BWA-std,3,0.14545454545454545
531,NW-flex,3,1.0
531,BWA-no-clip,5,0.8909090909090909
531,BWA-std,5,0.2
531,NW-flex,5,1.0
531,BWA-no-clip,-1,0.8909090909090909
531,BWA-std,-1,0.41818181818181815
531,NW-flex,-1,1.0
532,BWA-no-clip,0,0.5909090909090909
532,BWA-std,0,0.12727272727272726
532,NW-flex,0,0.996969696969697
532,BWA-no-clip,1,0.7545454545454545
532,BWA-std,1,0.12727272727272726
532,NW-flex,1,1.0
532,BWA-no-clip,10,0.8363636363636363
532,BWA-std,10,0.4090909090909091
532,NW-flex,10,1.0
532,BWA-no-clip,2,0.7
532,BWA-std,2,0.12727272727272726
532,NW-flex,2,1.0
532,BWA-no-clip,3,0.7636363636363637
532,BWA-std,3,0.13636363636363635
532,NW-flex,3,1.0
532,BWA-no-clip,5,0.7909090909090909
532,BWA-std,5,0.19090909090909092
532,NW-flex,5,1.0
532,BWA-no-clip,-1,0.8363636363636363
532,BWA-std,-1,0.4090909090909091
532,NW-flex,-1,1.0
533,BWA-no-clip,0,0.6272727272727273
533,BWA-std,0,0.12727272727272726
533,NW-flex,0,0.996969696969697
533,BWA-no-clip,1,0.6818181818181818
533,BWA-std,1,0.12727272727272726
533,NW-flex,1,1.0
533,BWA-no-clip,10,0.8272727272727273
533,BWA-std,10,0.4
533,NW-flex,10,1.0
533,BWA-no-clip,2,0.7090909090909091
533,BWA-std,2,0.12727272727272726
533,NW-flex,2,1.0
533,BWA-no-clip,3,0.7727272727272727
533,BWA-std,3,0.12727272727272726
533,NW-flex,3,1.0
533,BWA-no-clip,5,0.7545454545454545
533,BWA-std,5,0.18181818181818182
533,NW-flex,5,1.0
533,BWA-no-clip,-1,0.8272727272727273
533,BWA-std,-1,0.4
533,NW-flex,-1,1.0
534,BWA-no-clip,0,0.6727272727272727
534,BWA-std,0,0.12727272727272726
534,NW-flex,0,1.0
534,BWA-no-clip,1,0.7363636363636363
534,BWA-std,1,0.12727272727272726
534,NW-flex,1,1.0
534,BWA-no-clip,10,0.7909090909090909
534,BWA-std,10,0.4
534,NW-flex,10,1.0
534,BWA-no-clip,2,0.7181818181818181
534,BWA-std,2,0.12727272727272726
534,NW-flex,2,1.0
534,BWA-no-clip,3,0.6909090909090909
534,BWA-std,3,0.12727272727272726
534,NW-flex,3,1.0
534,BWA-no-clip,5,0.7454545454545455
534,BWA-std,5,0.18181818181818182
534,NW-flex,5,1.0
534,BWA-no-clip,-1,0.7909090909090909
534,BWA-std,-1,0.4
534,NW-flex,-1,1.0
535,BWA-no-clip,0,0.5636363636363636
535,BWA-std,0,0.12727272727272726
535,NW-flex,0,1.0
535,BWA-no-clip,1,0.7090909090909091
535,BWA-std,1,0.12727272727272726
535,NW-flex,1,1.0
535,BWA-no-clip,10,0.7727272727272727
535,BWA-std,10,0.4
535,NW-flex,10,1.0
535,BWA-no-clip,2,0.7
535,BWA-std,2,0.12727272727272726
535,NW-flex,2,1.0
535,BWA-no-clip,3,0.6363636363636364
535,BWA-std,3,0.12727272727272726
535,NW-flex,3,1.0
535,BWA-no-clip,5,0.7545454545454545
535,BWA-std,5,0.18181818181818182
535,NW-flex,5,1.0
535,BWA-no-clip,-1,0.7727272727272727
535,BWA-std,-1,0.4
535,NW-flex,-1,1.0
536,BWA-no-clip,0,0.5181818181818182
536,BWA-std,0,0.10909090909090909
536,NW-flex,0,0.8
536,BWA-no-clip,1,0.7454545454545455
536,BWA-std,1,0.12727272727272726
536,NW-flex,1,1.0
536,BWA-no-clip,10,0.8909090909090909
536,BWA-std,10,0.41818181818181815
536,NW-flex,10,1.0
536,BWA-no-clip,2,0.8363636363636363
536,BWA-std,2,0.13636363636363635
536,NW-flex,2,1.0
536,BWA-no-clip,3,0.7909090909090909
536,BWA-std,3,0.14545454545454545
536,NW-flex,3,1.0
536,BWA-no-clip,5,0.8545454545454545
536,BWA-std,5,0.2
536,NW-flex,5,1.0
536,BWA-no-clip,-1,0.8909090909090909
536,BWA-std,-1,0.41818181818181815
536,NW-flex,-1,1.0
537,BWA-no-clip,0,0.5909090909090909
537,BWA-std,0,0.12727272727272726
537,NW-flex,0,1.0
537,BWA-no-clip,1,0.6272727272727273
537,BWA-std,1,0.12727272727272726
537,NW-flex,1,1.0
537,BWA-no-clip,10,0.6787878787878788
537,BWA-std,10,0.4
537,NW-flex,10,1.0
537,BWA-no-clip,2,0.6181818181818182
537,BWA-std,2,0.12727272727272726
537,NW-flex,2,1.0
537,BWA-no-clip,3,0.5878787878787879
537,BWA-std,3,0.13636363636363635
537,NW-flex,3,0.9030303030303031
537,BWA-no-clip,5,0.6151515151515151
537,BWA-std,5,0.18181818181818182
537,NW-flex,5,1.0
537,BWA-no-clip,-1,0.6787878787878788
537,BWA-std,-1,0.4
537,NW-flex,-1,1.0
538,BWA-no-clip,0,0.5545454545454546
538,BWA-std,0,0.10909090909090909
538,NW-flex,0,0.9
538,BWA-no-clip,1,0.8
538,BWA-std,1,0.12727272727272726
538,NW-flex,1,1.0
538,BWA-no-clip,10,0.9
538,BWA-std,10,0.41818181818181815
538,NW-flex,10,1.0
538,BWA-no-clip,2,0.7454545454545455
538,BWA-std,2,0.13636363636363635
538,NW-flex,2,1.0
538,BWA-no-clip,3,0.7818181818181819
538,BWA-std,3,0.14545454545454545
538,NW-flex,3,1.0
538,BWA-no-clip,5,0.9
538,BWA-std,5,0.2
538,NW-flex,5,1.0
538,BWA-no-clip,-1,0.9
538,BWA-std,-1,0.41818181818181815
538,NW-flex,-1,1.0
539,BWA-no-clip,0,0.4818181818181818
539,BWA-std,0,0.10909090909090909
539,NW-flex,0,0.7
539,BWA-no-clip,1,0.7727272727272727
539,BWA-std,1,0.12727272727272726
539,NW-flex,1,1.0
539,BWA-no-clip,10,0.9090909090909091
539,BWA-std,10,0.41818181818181815
539,NW-flex,10,1.0
539,BWA-no-clip,2,0.8
539,BWA-std,2,0.13636363636363635
539,NW-flex,2,1.0
539,BWA-no-clip,3,0.7484848484848485
539,BWA-std,3,0.14545454545454545
539,NW-flex,3,1.0
539,BWA-no-clip,5,0.8545454545454545
539,BWA-std,5,0.2
539,NW-flex,5,1.0
539,BWA-no-clip,-1,0.9090909090909091
539,BWA-std,-1,0.41818181818181815
539,NW-flex,-1,1.0
540,BWA-no-clip,0,0.7363636363636363
540,BWA-std,0,0.12727272727272726
540,NW-flex,0,0.9878787878787879
540,BWA-no-clip,1,0.5727272727272728
540,BWA-std,1,0.12727272727272726
540,NW-flex,1,1.0
540,BWA-no-clip,10,0.8181818181818182
540,BWA-std,10,0.41818181818181815
540,NW-flex,10,1.0
540,BWA-no-clip,2,0.8090909090909091
540,BWA-std,2,0.13636363636363635
540,NW-flex,2,1.0
540,BWA-no-clip,3,0.7727272727272727
540,BWA-std,3,0.14545454545454545
540,NW-flex,3,1.0
540,BWA-no-clip,5,0.8090909090909091
540,BWA-std,5,0.2
540,NW-flex,5,1.0
540,BWA-no-clip,-1,0.8181818181818182
540,BWA-std,-1,0.41818181818181815
540,NW-flex,-1,1.0
541,BWA-no-clip,0,0.5272727272727272
541,BWA-std,0,0.12727272727272726
541,NW-flex,0,1.0
541,BWA-no-clip,1,0.5515151515151515
541,BWA-std,1,0.12727272727272726
541,NW-flex,1,1.0
541,BWA-no-clip,10,0.6
541,BWA-std,10,0.38181818181818183
541,NW-flex,10,1.0
541,BWA-no-clip,2,0.5818181818181818
541,BWA-std,2,0.12727272727272726
541,NW-flex,2,1.0
541,BWA-no-clip,3,0.5969696969696969
541,BWA-std,3,0.13636363636363635
541,NW-flex,3,1.0
541,BWA-no-clip,5,0.37575757575757573
541,BWA-std,5,0.15454545454545454
541,NW-flex,5,0.9939393939393939
541,BWA-no-clip,-1,0.6
541,BWA-std,-1,0.38181818181818183
541,NW-flex,-1,1.0
542,BWA-no-clip,0,0.5909090909090909
542,BWA-std,0,0.12727272727272726
542,NW-flex,0,0.9030303030303031
542,BWA-no-clip,1,0.6363636363636364
542,BWA-std,1,0.12727272727272726
542,NW-flex,1,0.996969696969697
542,BWA-no-clip,10,0.8727272727272727
542,BWA-std,10,0.41818181818181815
542,NW-flex,10,1.0
542,BWA-no-clip,2,0.8090909090909091
542,BWA-std,2,0.13636363636363635
542,NW-flex,2,1.0
542,BWA-no-clip,3,0.8272727272727273
542,BWA-std,3,0.14545454545454545
542,NW-flex,3,1.0
542,BWA-no-clip,5,0.8272727272727273
542,BWA-std,5,0.2
542,NW-flex,5,1.0
542,BWA-no-clip,-1,0.8727272727272727
542,BWA-std,-1,0.41818181818181815
542,NW-flex,-1,1.0
543,BWA-no-clip,0,0.6
543,BWA-std,0,0.12727272727272726
543,NW-flex,0,1.0
543,BWA-no-clip,1,0.5696969696969697
543,BWA-std,1,0.12727272727272726
543,NW-flex,1,0.9030303030303031
543,BWA-no-clip,10,0.8
543,BWA-std,10,0.4090909090909091
543,NW-flex,10,1.0
543,BWA-no-clip,2,0.5363636363636364
543,BWA-std,2,0.12727272727272726
543,NW-flex,2,1.0
543,BWA-no-clip,3,0.7181818181818181
543,BWA-std,3,0.13636363636363635
543,NW-flex,3,1.0
543,BWA-no-clip,5,0.8
543,BWA-std,5,0.19090909090909092
543,NW-flex,5,1.0
543,BWA-no-clip,-1,0.8
543,BWA-std,-1,0.4090909090909091
543,NW-flex,-1,1.0
544,BWA-no-clip,0,0.4818181818181818
544,BWA-std,0,0.10909090909090909
544,NW-flex,0,0.7
544,BWA-no-clip,1,0.7818181818181819
544,BWA-std,1,0.12727272727272726
544,NW-flex,1,1.0
544,BWA-no-clip,10,0.9181818181818182
544,BWA-std,10,0.41818181818181815
544,NW-flex,10,1.0
544,BWA-no-clip,2,0.8363636363636363
544,BWA-std,2,0.13636363636363635
544,NW-flex,2,1.0
544,BWA-no-clip,3,0.8727272727272727
544,BWA-std,3,0.14545454545454545
544,NW-flex,3,1.0
544,BWA-no-clip,5,0.8909090909090909
544,BWA-std,5,0.2
544,NW-flex,5,1.0
544,BWA-no-clip,-1,0.9181818181818182
544,BWA-std,-1,0.41818181818181815
544,NW-flex,-1,1.0
545,BWA-no-clip,0,0.5818181818181818
545,BWA-std,0,0.12727272727272726
545,NW-flex,0,1.0
545,BWA-no-clip,1,0.6242424242424243
545,BWA-std,1,0.12727272727272726
545,NW-flex,1,0.9030303030303031
545,BWA-no-clip,10,0.7363636363636363
545,BWA-std,10,0.4090909090909091
545,NW-flex,10,1.0
545,BWA-no-clip,2,0.5545454545454546
545,BWA-std,2,0.12727272727272726
545,NW-flex,2,1.0
545,BWA-no-clip,3,0.6848484848484848
545,BWA-std,3,0.13636363636363635
545,NW-flex,3,1.0
545,BWA-no-clip,5,0.6272727272727273
545,BWA-std,5,0.19090909090909092
545,NW-flex,5,1.0
545,BWA-no-clip,-1,0.7363636363636363
545,BWA-std,-1,0.4090909090909091
545,NW-flex,-1,1.0
546,BWA-no-clip,0,0.5909090909090909
546,BWA-std,0,0.12727272727272726
546,NW-flex,0,0.9030303030303031
546,BWA-no-clip,1,0.6
546,BWA-std,1,0.12727272727272726
546,NW-flex,1,0.9848484848484849
546,BWA-no-clip,10,0.8727272727272727
546,BWA-std,10,0.41818181818181815
546,NW-flex,10,1.0
546,BWA-no-clip,2,0.7515151515151515
546,BWA-std,2,0.13636363636363635
546,NW-flex,2,1.0
546,BWA-no-clip,3,0.8454545454545455
546,BWA-std,3,0.14545454545454545
546,NW-flex,3,1.0
546,BWA-no-clip,5,0.8
546,BWA-std,5,0.2
546,NW-flex,5,1.0
546,BWA-no-clip,-1,0.8727272727272727
546,BWA-std,-1,0.41818181818181815
546,NW-flex,-1,1.0
547,BWA-no-clip,0,0.7272727272727273
547,BWA-std,0,0.12727272727272726
547,NW-flex,0,0.9939393939393939
547,BWA-no-clip,1,0.7272727272727273
547,BWA-std,1,0.12727272727272726
547,NW-flex,1,1.0
547,BWA-no-clip,10,0.8818181818181818
547,BWA-std,10,0.41818181818181815
547,NW-flex,10,1.0
547,BWA-no-clip,2,0.706060606060606
547,BWA-std,2,0.13636363636363635
547,NW-flex,2,1.0
547,BWA-no-clip,3,0.8363636363636363
547,BWA-std,3,0.14545454545454545
547,NW-flex,3,1.0
547,BWA-no-clip,5,0.8636363636363636
547,BWA-std,5,0.2
547,NW-flex,5,1.0
547,BWA-no-clip,-1,0.8818181818181818
547,BWA-std,-1,0.41818181818181815
547,NW-flex,-1,1.0
548,BWA-no-clip,0,0.6454545454545455
548,BWA-std,0,0.12727272727272726
548,NW-flex,0,0.996969696969697
548,BWA-no-clip,1,0.6818181818181818
548,BWA-std,1,0.12727272727272726
548,NW-flex,1,1.0
548,BWA-no-clip,10,0.8818181818181818
548,BWA-std,10,0.41818181818181815
548,NW-flex,10,1.0
548,BWA-no-clip,2,0.7636363636363637
548,BWA-std,2,0.13636363636363635
548,NW-flex,2,1.0
548,BWA-no-clip,3,0.8181818181818182
548,BWA-std,3,0.14545454545454545
548,NW-flex,3,1.0
548,BWA-no-clip,5,0.8818181818181818
548,BWA-std,5,0.2
548,NW-flex,5,1.0
548,BWA-no-clip,-1,0.8818181818181818
548,BWA-std,-1,0.41818181818181815
548,NW-flex,-1,1.0
549,BWA-no-clip,0,0.7636363636363637
549,BWA-std,0,0.12727272727272726
549,NW-flex,0,1.0
549,BWA-no-clip,1,0.8090909090909091
549,BWA-std,1,0.12727272727272726
549,NW-flex,1,1.0
549,BWA-no-clip,10,0.9
549,BWA-std,10,0.41818181818181815
549,NW-flex,10,1.0
549,BWA-no-clip,2,0.7636363636363637
549,BWA-std,2,0.13636363636363635
549,NW-flex,2,0.996969696969697
549,BWA-no-clip,3,0.8363636363636363
549,BWA-std,3,0.14545454545454545
549,NW-flex,3,1.0
549,BWA-no-clip,5,0.8727272727272727
549,BWA-std,5,0.2
549,NW-flex,5,1.0
549,BWA-no-clip,-1,0.9
549,BWA-std,-1,0.41818181818181815
549,NW-flex,-1,1.0
550,BWA-no-clip,0,0.5363636363636364
550,BWA-std,0,0.10909090909090909
550,NW-flex,0,0.8
550,BWA-no-clip,1,0.7909090909090909
550,BWA-std,1,0.12727272727272726
550,NW-flex,1,1.0
550,BWA-no-clip,10,0.9090909090909091
550,BWA-std,10,0.41818181818181815
550,NW-flex,10,1.0
550,BWA-no-clip,2,0.8090909090909091
550,BWA-std,2,0.13636363636363635
550,NW-flex,2,1.0
550,BWA-no-clip,3,0.8272727272727273
550,BWA-std,3,0.14545454545454545
550,NW-flex,3,1.0
550,BWA-no-clip,5,0.8272727272727273
550,BWA-std,5,0.2
550,NW-flex,5,1.0
550,BWA-no-clip,-1,0.9090909090909091
550,BWA-std,-1,0.41818181818181815
550,NW-flex,-1,1.0
551,BWA-no-clip,0,0.6272727272727273
551,BWA-std,0,0.12727272727272726
551,NW-flex,0,1.0
551,BWA-no-clip,1,0.47878787878787876
551,BWA-std,1,0.12727272727272726
551,NW-flex,1,0.9848484848484849
551,BWA-no-clip,10,0.9181818181818182
551,BWA-std,10,0.41818181818181815
551,NW-flex,10,1.0
551,BWA-no-clip,2,0.6454545454545455
551,BWA-std,2,0.13636363636363635
551,NW-flex,2,1.0
551,BWA-no-clip,3,0.8818181818181818
551,BWA-std,3,0.14545454545454545
551,NW-flex,3,1.0
551,BWA-no-clip,5,0.9090909090909091
551,BWA-std,5,0.2
551,NW-flex,5,1.0
551,BWA-no-clip,-1,0.9181818181818182
551,BWA-std,-1,0.41818181818181815
551,NW-flex,-1,1.0
552,BWA-no-clip,0,0.7363636363636363
552,BWA-std,0,0.12727272727272726
552,NW-flex,0,1.0
552,BWA-no-clip,1,0.7909090909090909
552,BWA-std,1,0.12727272727272726
552,NW-flex,1,1.0
552,BWA-no-clip,10,0.8818181818181818
552,BWA-std,10,0.41818181818181815
552,NW-flex,10,1.0
552,BWA-no-clip,2,0.6727272727272727
552,BWA-std,2,0.13636363636363635
552,NW-flex,2,1.0
552,BWA-no-clip,3,0.8090909090909091
552,BWA-std,3,0.14545454545454545
552,NW-flex,3,1.0
552,BWA-no-clip,5,0.8727272727272727
552,BWA-std,5,0.2
552,NW-flex,5,1.0
552,BWA-no-clip,-1,0.8818181818181818
552,BWA-std,-1,0.41818181818181815
552,NW-flex,-1,1.0
553,BWA-no-clip,0,0.44545454545454544
553,BWA-std,0,0.10909090909090909
553,NW-flex,0,0.9
553,BWA-no-clip,1,0.6818181818181818
553,BWA-std,1,0.12727272727272726
553,NW-flex,1,1.0
553,BWA-no-clip,10,0.8272727272727273
553,BWA-std,10,0.41818181818181815
553,NW-flex,10,1.0
553,BWA-no-clip,2,0.7181818181818181
553,BWA-std,2,0.13636363636363635
553,NW-flex,2,1.0
553,BWA-no-clip,3,0.8
553,BWA-std,3,0.14545454545454545
553,NW-flex,3,1.0
553,BWA-no-clip,5,0.7909090909090909
553,BWA-std,5,0.2
553,NW-flex,5,1.0
553,BWA-no-clip,-1,0.8272727272727273
553,BWA-std,-1,0.41818181818181815
553,NW-flex,-1,1.0
554,BWA-no-clip,0,0.4727272727272727
554,BWA-std,0,0.10909090909090909
554,NW-flex,0,0.8
554,BWA-no-clip,1,0.5909090909090909
554,BWA-std,1,0.12727272727272726
554,NW-flex,1,1.0
554,BWA-no-clip,10,0.8272727272727273
554,BWA-std,10,0.41818181818181815
554,NW-flex,10,1.0
554,BWA-no-clip,2,0.7363636363636363
554,BWA-std,2,0.13636363636363635
554,NW-flex,2,1.0
554,BWA-no-clip,3,0.7090909090909091
554,BWA-std,3,0.14545454545454545
554,NW-flex,3,1.0
554,BWA-no-clip,5,0.8272727272727273
554,BWA-std,5,0.2
554,NW-flex,5,1.0
554,BWA-no-clip,-1,0.8272727272727273
554,BWA-std,-1,0.41818181818181815
554,NW-flex,-1,1.0
555,BWA-no-clip,0,0.4818181818181818
555,BWA-std,0,0.10909090909090909
555,NW-flex,0,0.9
555,BWA-no-clip,1,0.7909090909090909
555,BWA-std,1,0.12727272727272726
555,NW-flex,1,1.0
555,BWA-no-clip,10,0.8818181818181818
555,BWA-std,10,0.41818181818181815
555,NW-flex,10,1.0
555,BWA-no-clip,2,0.8545454545454545
555,BWA-std,2,0.13636363636363635
555,NW-flex,2,1.0
555,BWA-no-clip,3,0.8090909090909091
555,BWA-std,3,0.14545454545454545
555,NW-flex,3,1.0
555,BWA-no-clip,5,0.8272727272727273
555,BWA-std,5,0.2
555,NW-flex,5,1.0
555,BWA-no-clip,-1,0.8818181818181818
555,BWA-std,-1,0.41818181818181815
555,NW-flex,-1,1.0
556,BWA-no-clip,0,0.6090909090909091
556,BWA-std,0,0.12727272727272726
556,NW-flex,0,1.0
556,BWA-no-clip,1,0.6727272727272727
556,BWA-std,1,0.12727272727272726
556,NW-flex,1,1.0
556,BWA-no-clip,10,0.7454545454545455
556,BWA-std,10,0.4
556,NW-flex,10,1.0
556,BWA-no-clip,2,0.6818181818181818
556,BWA-std,2,0.12727272727272726
556,NW-flex,2,1.0
556,BWA-no-clip,3,0.5727272727272728
556,BWA-std,3,0.13636363636363635
556,NW-flex,3,1.0
556,BWA-no-clip,5,0.7181818181818181
556,BWA-std,5,0.18181818181818182
556,NW-flex,5,1.0
556,BWA-no-clip,-1,0.7454545454545455
556,BWA-std,-1,0.4
556,NW-flex,-1,1.0
557,BWA-no-clip,0,0.7272727272727273
557,BWA-std,0,0.12727272727272726
557,NW-flex,0,0.996969696969697
557,BWA-no-clip,1,0.7090909090909091
557,BWA-std,1,0.12727272727272726
557,NW-flex,1,1.0
557,BWA-no-clip,10,0.8636363636363636
557,BWA-std,10,0.4090909090909091
557,NW-flex,10,1.0
557,BWA-no-clip,2,0.7454545454545455
557,BWA-std,2,0.12727272727272726
557,NW-flex,2,1.0
557,BWA-no-clip,3,0.7727272727272727
557,BWA-std,3,0.13636363636363635
557,NW-flex,3,1.0
557,BWA-no-clip,5,0.8545454545454545
557,BWA-std,5,0.19090909090909092
557,NW-flex,5,1.0
557,BWA-no-clip,-1,0.8636363636363636
557,BWA-std,-1,0.4090909090909091
557,NW-flex,-1,1.0
558,BWA-no-clip,0,0.39090909090909093
558,BWA-std,0,0.11818181818181818
558,NW-flex,0,1.0
558,BWA-no-clip,1,0.4727272727272727
558,BWA-std,1,0.12727272727272726
558,NW-flex,1,1.0
558,BWA-no-clip,10,0.5121212121212121
558,BWA-std,10,0.3575757575757576
558,NW-flex,10,1.0
558,BWA-no-clip,2,0.4090909090909091
558,BWA-std,2,0.12727272727272726
558,NW-flex,2,1.0
558,BWA-no-clip,3,0.3787878787878788
558,BWA-std,3,0.13636363636363635
558,NW-flex,3,1.0
558,BWA-no-clip,5,0.3181818181818182
558,BWA-std,5,0.14242424242424243
558,NW-flex,5,0.9030303030303031
558,BWA-no-clip,-1,0.5121212121212121
558,BWA-std,-1,0.3575757575757576
558,NW-flex,-1,1.0
559,BWA-no-clip,0,0.5363636363636364
559,BWA-std,0,0.12727272727272726
559,NW-flex,0,0.9030303030303031
559,BWA-no-clip,1,0.5636363636363636
559,BWA-std,1,0.12727272727272726
559,NW-flex,1,0.996969696969697
559,BWA-no-clip,10,0.7727272727272727
559,BWA-std,10,0.41818181818181815
559,NW-flex,10,1.0
559,BWA-no-clip,2,0.7181818181818181
559,BWA-std,2,0.13636363636363635
559,NW-flex,2,1.0
559,BWA-no-clip,3,0.7181818181818181
559,BWA-std,3,0.14545454545454545
559,NW-flex,3,1.0
559,BWA-no-clip,5,0.7
559,BWA-std,5,0.2
559,NW-flex,5,1.0
559,BWA-no-clip,-1,0.7727272727272727
559,BWA-std,-1,0.41818181818181815
559,NW-flex,-1,1.0
560,BWA-no-clip,0,0.5909090909090909
560,BWA-std,0,0.12727272727272726
560,NW-flex,0,1.0
560,BWA-no-clip,1,0.4909090909090909
560,BWA-std,1,0.12727272727272726
560,NW-flex,1,1.0
560,BWA-no-clip,10,0.7393939393939394
560,BWA-std,10,0.4090909090909091
560,NW-flex,10,1.0
560,BWA-no-clip,2,0.509090909090909
560,BWA-std,2,0.12727272727272726
560,NW-flex,2,1.0
560,BWA-no-clip,3,0.6333333333333333
560,BWA-std,3,0.13636363636363635
560,NW-flex,3,1.0
560,BWA-no-clip,5,0.7393939393939394
560,BWA-std,5,0.19090909090909092
560,NW-flex,5,1.0
560,BWA-no-clip,-1,0.7393939393939394
560,BWA-std,-1,0.4090909090909091
560,NW-flex,-1,1.0
561,BWA-no-clip,0,0.5818181818181818
561,BWA-std,0,0.12727272727272726
561,NW-flex,0,1.0
561,BWA-no-clip,1,0.5909090909090909
561,BWA-std,1,0.12727272727272726
561,NW-flex,1,1.0
561,BWA-no-clip,10,0.7393939393939394
561,BWA-std,10,0.4090909090909091
561,NW-flex,10,1.0
561,BWA-no-clip,2,0.5363636363636364
561,BWA-std,2,0.12727272727272726
561,NW-flex,2,1.0
561,BWA-no-clip,3,0.6242424242424243
561,BWA-std,3,0.13636363636363635
561,NW-flex,3,1.0
561,BWA-no-clip,5,0.7303030303030303
561,BWA-std,5,0.19090909090909092
561,NW-flex,5,1.0
561,BWA-no-clip,-1,0.7393939393939394
561,BWA-std,-1,0.4090909090909091
561,NW-flex,-1,1.0
562,BWA-no-clip,0,0.6454545454545455
562,BWA-std,0,0.12727272727272726
562,NW-flex,0,1.0
562,BWA-no-clip,1,0.6818181818181818
562,BWA-std,1,0.12727272727272726
562,NW-flex,1,1.0
562,BWA-no-clip,10,0.7666666666666667
562,BWA-std,10,0.4090909090909091
562,NW-flex,10,1.0
562,BWA-no-clip,2,0.5181818181818182
562,BWA-std,2,0.12727272727272726
562,NW-flex,2,1.0
562,BWA-no-clip,3,0.37272727272727274
562,BWA-std,3,0.13636363636363635
562,NW-flex,3,0.9878787878787879
562,BWA-no-clip,5,0.7393939393939394
562,BWA-std,5,0.19090909090909092
562,NW-flex,5,1.0
562,BWA-no-clip,-1,0.7666666666666667
562,BWA-std,-1,0.4090909090909091
562,NW-flex,-1,1.0
563,BWA-no-clip,0,0.5181818181818182
563,BWA-std,0,0.10909090909090909
563,NW-flex,0,0.8
563,BWA-no-clip,1,0.7363636363636363
563,BWA-std,1,0.12727272727272726
563,NW-flex,1,1.0
563,BWA-no-clip,10,0.8909090909090909
563,BWA-std,10,0.41818181818181815
563,NW-flex,10,1.0
563,BWA-no-clip,2,0.7545454545454545
563,BWA-std,2,0.13636363636363635
563,NW-flex,2,1.0
563,BWA-no-clip,3,0.8090909090909091
563,BWA-std,3,0.14545454545454545
563,NW-flex,3,1.0
563,BWA-no-clip,5,0.8818181818181818
563,BWA-std,5,0.2
563,NW-flex,5,1.0
563,BWA-no-clip,-1,0.8909090909090909
563,BWA-std,-1,0.41818181818181815
563,NW-flex,-1,1.0
564,BWA-no-clip,0,0.5181818181818182
564,BWA-std,0,0.10909090909090909
564,NW-flex,0,0.9
564,BWA-no-clip,1,0.7
564,BWA-std,1,0.12727272727272726
564,NW-flex,1,1.0
564,BWA-no-clip,10,0.9090909090909091
564,BWA-std,10,0.41818181818181815
564,NW-flex,10,1.0
564,BWA-no-clip,2,0.7727272727272727
564,BWA-std,2,0.13636363636363635
564,NW-flex,2,1.0
564,BWA-no-clip,3,0.8454545454545455
564,BWA-std,3,0.14545454545454545
564,NW-flex,3,1.0
564,BWA-no-clip,5,0.9
564,BWA-std,5,0.2
564,NW-flex,5,1.0
564,BWA-no-clip,-1,0.9090909090909091
564,BWA-std,-1,0.41818181818181815
564,NW-flex,-1,1.0
565,BWA-no-clip,0,0.5363636363636364
565,BWA-std,0,0.10909090909090909
565,NW-flex,0,0.8
565,BWA-no-clip,1,0.8272727272727273
565,BWA-std,1,0.12727272727272726
565,NW-flex,1,1.0
565,BWA-no-clip,10,0.9181818181818182
565,BWA-std,10,0.41818181818181815
565,NW-flex,10,1.0
565,BWA-no-clip,2,0.8454545454545455
565,BWA-std,2,0.13636363636363635
565,NW-flex,2,1.0
565,BWA-no-clip,3,0.7818181818181819
565,BWA-std,3,0.14545454545454545
565,NW-flex,3,1.0
565,BWA-no-clip,5,0.8818181818181818
565,BWA-std,5,0.2
565,NW-flex,5,1.0
565,BWA-no-clip,-1,0.9181818181818182
565,BWA-std,-1,0.41818181818181815
565,NW-flex,-1,1.0
566,BWA-no-clip,0,0.4090909090909091
566,BWA-std,0,0.11818181818181818
566,NW-flex,0,1.0
566,BWA-no-clip,1,0.44545454545454544
566,BWA-std,1,0.12727272727272726
566,NW-flex,1,1.0
566,BWA-no-clip,10,0.503030303030303
566,BWA-std,10,0.3575757575757576
566,NW-flex,10,1.0
566,BWA-no-clip,2,0.4636363636363636
566,BWA-std,2,0.12727272727272726
566,NW-flex,2,1.0
566,BWA-no-clip,3,0.503030303030303
566,BWA-std,3,0.13636363636363635
566,NW-flex,3,1.0
566,BWA-no-clip,5,0.3090909090909091
566,BWA-std,5,0.15454545454545454
566,NW-flex,5,1.0
566,BWA-no-clip,-1,0.503030303030303
566,BWA-std,-1,0.3575757575757576
566,NW-flex,-1,1.0
567,BWA-no-clip,0,0.7363636363636363
567,BWA-std,0,0.12727272727272726
567,NW-flex,0,1.0
567,BWA-no-clip,1,0.7818181818181819
567,BWA-std,1,0.12727272727272726
567,NW-flex,1,1.0
567,BWA-no-clip,10,0.9
567,BWA-std,10,0.41818181818181815
567,NW-flex,10,1.0
567,BWA-no-clip,2,0.7363636363636363
567,BWA-std,2,0.13636363636363635
567,NW-flex,2,0.996969696969697
567,BWA-no-clip,3,0.8090909090909091
567,BWA-std,3,0.14545454545454545
567,NW-flex,3,1.0
567,BWA-no-clip,5,0.8454545454545455
567,BWA-std,5,0.2
567,NW-flex,5,1.0
567,BWA-no-clip,-1,0.9
567,BWA-std,-1,0.41818181818181815
567,NW-flex,-1,1.0
568,BWA-no-clip,0,0.5181818181818182
568,BWA-std,0,0.12727272727272726
568,NW-flex,0,1.0
568,BWA-no-clip,1,0.509090909090909
568,BWA-std,1,0.12727272727272726
568,NW-flex,1,1.0
568,BWA-no-clip,10,0.6909090909090909
568,BWA-std,10,0.4
568,NW-flex,10,1.0
568,BWA-no-clip,2,0.6
568,BWA-std,2,0.12727272727272726
568,NW-flex,2,1.0
568,BWA-no-clip,3,0.5454545454545454
568,BWA-std,3,0.13636363636363635
568,NW-flex,3,1.0
568,BWA-no-clip,5,0.6909090909090909
568,BWA-std,5,0.18181818181818182
568,NW-flex,5,1.0
568,BWA-no-clip,-1,0.6909090909090909
568,BWA-std,-1,0.4
568,NW-flex,-1,1.0
569,BWA-no-clip,0,0.4909090909090909
569,BWA-std,0,0.10909090909090909
569,NW-flex,0,0.9
569,BWA-no-clip,1,0.8272727272727273
569,BWA-std,1,0.12727272727272726
569,NW-flex,1,1.0
569,BWA-no-clip,10,0.8454545454545455
569,BWA-std,10,0.41818181818181815
569,NW-flex,10,1.0
569,BWA-no-clip,2,0.7818181818181819
569,BWA-std,2,0.13636363636363635
569,NW-flex,2,1.0
569,BWA-no-clip,3,0.7545454545454545
569,BWA-std,3,0.14545454545454545
569,NW-flex,3,1.0
569,BWA-no-clip,5,0.7909090909090909
569,BWA-std,5,0.2
569,NW-flex,5,1.0
569,BWA-no-clip,-1,0.8454545454545455
569,BWA-std,-1,0.41818181818181815
569,NW-flex,-1,1.0
570,BWA-no-clip,0,0.6
570,BWA-std,0,0.10909090909090909
570,NW-flex,0,0.9
570,BWA-no-clip,1,0.7909090909090909
570,BWA-std,1,0.12727272727272726
570,NW-flex,1,1.0
570,BWA-no-clip,10,0.9181818181818182
570,BWA-std,10,0.41818181818181815
570,NW-flex,10,1.0
570,BWA-no-clip,2,0.8363636363636363
570,BWA-std,2,0.13636363636363635
570,NW-flex,2,1.0
570,BWA-no-clip,3,0.8272727272727273
570,BWA-std,3,0.14545454545454545
570,NW-flex,3,1.0
570,BWA-no-clip,5,0.9181818181818182
570,BWA-std,5,0.2
570,NW-flex,5,1.0
570,BWA-no-clip,-1,0.9181818181818182
570,BWA-std,-1,0.41818181818181815
570,NW-flex,-1,1.0
571,BWA-no-clip,0,0.7727272727272727
571,BWA-std,0,0.12727272727272726
571,NW-flex,0,0.9939393939393939
571,BWA-no-clip,1,0.6909090909090909
571,BWA-std,1,0.12727272727272726
571,NW-flex,1,1.0
571,BWA-no-clip,10,0.8727272727272727
571,BWA-std,10,0.41818181818181815
571,NW-flex,10,1.0
571,BWA-no-clip,2,0.7636363636363637
571,BWA-std,2,0.13636363636363635
571,NW-flex,2,1.0
571,BWA-no-clip,3,0.7636363636363637
571,BWA-std,3,0.14545454545454545
571,NW-flex,3,1.0
571,BWA-no-clip,5,0.8181818181818182
571,BWA-std,5,0.2
571,NW-flex,5,1.0
571,BWA-no-clip,-1,0.8727272727272727
571,BWA-std,-1,0.41818181818181815
571,NW-flex,-1,1.0
572,BWA-no-clip,0,0.5818181818181818
572,BWA-std,0,0.10909090909090909
572,NW-flex,0,0.9
572,BWA-no-clip,1,0.7636363636363637
572,BWA-std,1,0.12727272727272726
572,NW-flex,1,1.0
572,BWA-no-clip,10,0.9181818181818182
572,BWA-std,10,0.41818181818181815
572,NW-flex,10,1.0
572,BWA-no-clip,2,0.8
572,BWA-std,2,0.13636363636363635
572,NW-flex,2,1.0
572,BWA-no-clip,3,0.7181818181818181
572,BWA-std,3,0.14545454545454545
572,NW-flex,3,1.0
572,BWA-no-clip,5,0.9181818181818182
572,BWA-std,5,0.2
572,NW-flex,5,1.0
572,BWA-no-clip,-1,0.9181818181818182
572,BWA-std,-1,0.41818181818181815
572,NW-flex,-1,1.0
573,BWA-no-clip,0,0.5909090909090909
573,BWA-std,0,0.12727272727272726
573,NW-flex,0,1.0
573,BWA-no-clip,1,0.6606060606060606
573,BWA-std,1,0.12727272727272726
573,NW-flex,1,0.9030303030303031
573,BWA-no-clip,10,0.8
573,BWA-std,10,0.4090909090909091
573,NW-flex,10,1.0
573,BWA-no-clip,2,0.6363636363636364
573,BWA-std,2,0.12727272727272726
573,NW-flex,2,1.0
573,BWA-no-clip,3,0.7484848484848485
573,BWA-std,3,0.13636363636363635
573,NW-flex,3,1.0
573,BWA-no-clip,5,0.7454545454545455
573,BWA-std,5,0.19090909090909092
573,NW-flex,5,1.0
573,BWA-no-clip,-1,0.8
573,BWA-std,-1,0.4090909090909091
573,NW-flex,-1,1.0
574,BWA-no-clip,0,0.43636363636363634
574,BWA-std,0,0.11818181818181818
574,NW-flex,0,1.0
574,BWA-no-clip,1,0.4727272727272727
574,BWA-std,1,0.12727272727272726
574,NW-flex,1,1.0
574,BWA-no-clip,10,0.5121212121212121
574,BWA-std,10,0.3575757575757576
574,NW-flex,10,1.0
574,BWA-no-clip,2,0.4909090909090909
574,BWA-std,2,0.12727272727272726
574,NW-flex,2,1.0
574,BWA-no-clip,3,0.5303030303030303
574,BWA-std,3,0.13636363636363635
574,NW-flex,3,1.0
574,BWA-no-clip,5,0.38181818181818183
574,BWA-std,5,0.15454545454545454
574,NW-flex,5,1.0
574,BWA-no-clip,-1,0.5121212121212121
574,BWA-std,-1,0.3575757575757576
574,NW-flex,-1,1.0
575,BWA-no-clip,0,0.6363636363636364
575,BWA-std,0,0.12727272727272726
575,NW-flex,0,0.996969696969697
575,BWA-no-clip,1,0.6818181818181818
575,BWA-std,1,0.12727272727272726
575,NW-flex,1,1.0
575,BWA-no-clip,10,0.8272727272727273
575,BWA-std,10,0.4090909090909091
575,NW-flex,10,1.0
575,BWA-no-clip,2,0.7090909090909091
575,BWA-std,2,0.12727272727272726
575,NW-flex,2,1.0
575,BWA-no-clip,3,0.7818181818181819
575,BWA-std,3,0.13636363636363635
575,NW-flex,3,1.0
575,BWA-no-clip,5,0.7909090909090909
575,BWA-std,5,0.19090909090909092
575,NW-flex,5,1.0
575,BWA-no-clip,-1,0.8272727272727273
575,BWA-std,-1,0.4090909090909091
575,NW-flex,-1,1.0
576,BWA-no-clip,0,0.4909090909090909
576,BWA-std,0,0.10909090909090909
576,NW-flex,0,0.9
576,BWA-no-clip,1,0.7181818181818181
576,BWA-std,1,0.12727272727272726
576,NW-flex,1,1.0
576,BWA-no-clip,10,0.8454545454545455
576,BWA-std,10,0.41818181818181815
576,NW-flex,10,1.0
576,BWA-no-clip,2,0.7545454545454545
576,BWA-std,2,0.13636363636363635
576,NW-flex,2,1.0
576,BWA-no-clip,3,0.8090909090909091
576,BWA-std,3,0.14545454545454545
576,NW-flex,3,1.0
576,BWA-no-clip,5,0.8272727272727273
576,BWA-std,5,0.2
576,NW-flex,5,1.0
576,BWA-no-clip,-1,0.8454545454545455
576,BWA-std,-1,0.41818181818181815
576,NW-flex,-1,1.0
577,BWA-no-clip,0,0.7181818181818181
577,BWA-std,0,0.12727272727272726
577,NW-flex,0,0.996969696969697
577,BWA-no-clip,1,0.8181818181818182
577,BWA-std,1,0.12727272727272726
577,NW-flex,1,1.0
577,BWA-no-clip,10,0.8727272727272727
577,BWA-std,10,0.4090909090909091
577,NW-flex,10,1.0
577,BWA-no-clip,2,0.7636363636363637
577,BWA-std,2,0.12727272727272726
577,NW-flex,2,1.0
577,BWA-no-clip,3,0.8090909090909091
577,BWA-std,3,0.13636363636363635
577,NW-flex,3,1.0
577,BWA-no-clip,5,0.8181818181818182
577,BWA-std,5,0.19090909090909092
577,NW-flex,5,1.0
577,BWA-no-clip,-1,0.8727272727272727
577,BWA-std,-1,0.4090909090909091
577,NW-flex,-1,1.0
578,BWA-no-clip,0,0.5272727272727272
578,BWA-std,0,0.12727272727272726
578,NW-flex,0,1.0
578,BWA-no-clip,1,0.5909090909090909
578,BWA-std,1,0.12727272727272726
578,NW-flex,1,1.0
578,BWA-no-clip,10,0.7545454545454545
578,BWA-std,10,0.4
578,NW-flex,10,1.0
578,BWA-no-clip,2,0.6909090909090909
578,BWA-std,2,0.12727272727272726
578,NW-flex,2,1.0
578,BWA-no-clip,3,0.6454545454545455
578,BWA-std,3,0.12727272727272726
578,NW-flex,3,1.0
578,BWA-no-clip,5,0.7272727272727273
578,BWA-std,5,0.18181818181818182
578,NW-flex,5,1.0
578,BWA-no-clip,-1,0.7545454545454545
578,BWA-std,-1,0.4
578,NW-flex,-1,1.0
579,BWA-no-clip,0,0.7181818181818181
579,BWA-std,0,0.12727272727272726
579,NW-flex,0,0.996969696969697
579,BWA-no-clip,1,0.8272727272727273
579,BWA-std,1,0.12727272727272726
579,NW-flex,1,1.0
579,BWA-no-clip,10,0.8727272727272727
579,BWA-std,10,0.4090909090909091
579,NW-flex,10,1.0
579,BWA-no-clip,2,0.7636363636363637
579,BWA-std,2,0.12727272727272726
579,NW-flex,2,1.0
579,BWA-no-clip,3,0.8090909090909091
579,BWA-std,3,0.13636363636363635
579,NW-flex,3,1.0
579,BWA-no-clip,5,0.8636363636363636
579,BWA-std,5,0.19090909090909092
579,NW-flex,5,1.0
579,BWA-no-clip,-1,0.8727272727272727
579,BWA-std,-1,0.4090909090909091
579,NW-flex,-1,1.0
580,BWA-no-clip,0,0.4818181818181818
580,BWA-std,0,0.10909090909090909
580,NW-flex,0,0.7
580,BWA-no-clip,1,0.7454545454545455
580,BWA-std,1,0.12727272727272726
580,NW-flex,1,1.0
580,BWA-no-clip,10,0.9181818181818182
580,BWA-std,10,0.41818181818181815
580,NW-flex,10,1.0
580,BWA-no-clip,2,0.8
580,BWA-std,2,0.13636363636363635
580,NW-flex,2,1.0
580,BWA-no-clip,3,0.8363636363636363
580,BWA-std,3,0.14545454545454545
580,NW-flex,3,1.0
580,BWA-no-clip,5,0.9090909090909091
580,BWA-std,5,0.2
580,NW-flex,5,1.0
580,BWA-no-clip,-1,0.9181818181818182
580,BWA-std,-1,0.41818181818181815
580,NW-flex,-1,1.0
581,BWA-no-clip,0,0.42727272727272725
581,BWA-std,0,0.10909090909090909
581,NW-flex,0,0.9
581,BWA-no-clip,1,0.7272727272727273
581,BWA-std,1,0.12727272727272726
581,NW-flex,1,1.0
581,BWA-no-clip,10,0.8545454545454545
581,BWA-std,10,0.41818181818181815
581,NW-flex,10,1.0
581,BWA-no-clip,2,0.7454545454545455
581,BWA-std,2,0.13636363636363635
581,NW-flex,2,1.0
581,BWA-no-clip,3,0.8
581,BWA-std,3,0.14545454545454545
581,NW-flex,3,1.0
581,BWA-no-clip,5,0.7545454545454545
581,BWA-std,5,0.2
581,NW-flex,5,1.0
581,BWA-no-clip,-1,0.8545454545454545
581,BWA-std,-1,0.41818181818181815
581,NW-flex,-1,1.0
582,BWA-no-clip,0,0.5272727272727272
582,BWA-std,0,0.10909090909090909
582,NW-flex,0,0.8
582,BWA-no-clip,1,0.8454545454545455
582,BWA-std,1,0.12727272727272726
582,NW-flex,1,1.0
582,BWA-no-clip,10,0.9181818181818182
582,BWA-std,10,0.41818181818181815
582,NW-flex,10,1.0
582,BWA-no-clip,2,0.8636363636363636
582,BWA-std,2,0.13636363636363635
582,NW-flex,2,1.0
582,BWA-no-clip,3,0.8818181818181818
582,BWA-std,3,0.14545454545454545
582,NW-flex,3,1.0
582,BWA-no-clip,5,0.9090909090909091
582,BWA-std,5,0.2
582,NW-flex,5,1.0
582,BWA-no-clip,-1,0.9181818181818182
582,BWA-std,-1,0.41818181818181815
582,NW-flex,-1,1.0
583,BWA-no-clip,0,0.5909090909090909
583,BWA-std,0,0.12727272727272726
583,NW-flex,0,0.9030303030303031
583,BWA-no-clip,1,0.6363636363636364
583,BWA-std,1,0.12727272727272726
583,NW-flex,1,0.996969696969697
583,BWA-no-clip,10,0.8727272727272727
583,BWA-std,10,0.41818181818181815
583,NW-flex,10,1.0
583,BWA-no-clip,2,0.8090909090909091
583,BWA-std,2,0.13636363636363635
583,NW-flex,2,1.0
583,BWA-no-clip,3,0.8272727272727273
583,BWA-std,3,0.14545454545454545
583,NW-flex,3,1.0
583,BWA-no-clip,5,0.8272727272727273
583,BWA-std,5,0.2
583,NW-flex,5,1.0
583,BWA-no-clip,-1,0.8727272727272727
583,BWA-std,-1,0.41818181818181815
583,NW-flex,-1,1.0
584,BWA-no-clip,0,0.5909090909090909
584,BWA-std,0,0.12727272727272726
584,NW-flex,0,1.0
584,BWA-no-clip,1,0.6272727272727273
584,BWA-std,1,0.12727272727272726
584,NW-flex,1,1.0
584,BWA-no-clip,10,0.6787878787878788
584,BWA-std,10,0.4
584,NW-flex,10,1.0
584,BWA-no-clip,2,0.6454545454545455
584,BWA-std,2,0.12727272727272726
584,NW-flex,2,1.0
584,BWA-no-clip,3,0.6151515151515151
584,BWA-std,3,0.13636363636363635
584,NW-flex,3,1.0
584,BWA-no-clip,5,0.6515151515151515
584,BWA-std,5,0.18181818181818182
584,NW-flex,5,1.0
584,BWA-no-clip,-1,0.6787878787878788
584,BWA-std,-1,0.4
584,NW-flex,-1,1.0
585,BWA-no-clip,0,0.7
585,BWA-std,0,0.12727272727272726
585,NW-flex,0,0.996969696969697
585,BWA-no-clip,1,0.8090909090909091
585,BWA-std,1,0.12727272727272726
585,NW-flex,1,1.0
585,BWA-no-clip,10,0.8636363636363636
585,BWA-std,10,0.4090909090909091
585,NW-flex,10,1.0
585,BWA-no-clip,2,0.7909090909090909
585,BWA-std,2,0.12727272727272726
585,NW-flex,2,1.0
585,BWA-no-clip,3,0.8181818181818182
585,BWA-std,3,0.13636363636363635
585,NW-flex,3,1.0
585,BWA-no-clip,5,0.8545454545454545
585,BWA-std,5,0.19090909090909092
585,NW-flex,5,1.0
585,BWA-no-clip,-1,0.8636363636363636
585,BWA-std,-1,0.4090909090909091
585,NW-flex,-1,1.0
586,BWA-no-clip,0,0.8
586,BWA-std,0,0.12727272727272726
586,NW-flex,0,0.996969696969697
586,BWA-no-clip,1,0.8181818181818182
586,BWA-std,1,0.12727272727272726
586,NW-flex,1,1.0
586,BWA-no-clip,10,0.8909090909090909
586,BWA-std,10,0.41818181818181815
586,NW-flex,10,1.0
586,BWA-no-clip,2,0.8090909090909091
586,BWA-std,2,0.13636363636363635
586,NW-flex,2,1.0
586,BWA-no-clip,3,0.8181818181818182
586,BWA-std,3,0.14545454545454545
586,NW-flex,3,1.0
586,BWA-no-clip,5,0.8363636363636363
586,BWA-std,5,0.2
586,NW-flex,5,1.0
586,BWA-no-clip,-1,0.8909090909090909
586,BWA-std,-1,0.41818181818181815
586,NW-flex,-1,1.0
587,BWA-no-clip,0,0.509090909090909
587,BWA-std,0,0.12727272727272726
587,NW-flex,0,0.9030303030303031
587,BWA-no-clip,1,0.5545454545454546
587,BWA-std,1,0.12727272727272726
587,NW-flex,1,0.996969696969697
587,BWA-no-clip,10,0.8545454545454545
587,BWA-std,10,0.41818181818181815
587,NW-flex,10,1.0
587,BWA-no-clip,2,0.7272727272727273
587,BWA-std,2,0.13636363636363635
587,NW-flex,2,1.0
587,BWA-no-clip,3,0.7454545454545455
587,BWA-std,3,0.14545454545454545
587,NW-flex,3,1.0
587,BWA-no-clip,5,0.8454545454545455
587,BWA-std,5,0.2
587,NW-flex,5,1.0
587,BWA-no-clip,-1,0.8545454545454545
587,BWA-std,-1,0.41818181818181815
587,NW-flex,-1,1.0
588,BWA-no-clip,0,0.5454545454545454
588,BWA-std,0,0.10909090909090909
588,NW-flex,0,0.9
588,BWA-no-clip,1,0.7272727272727273
588,BWA-std,1,0.12727272727272726
588,NW-flex,1,1.0
588,BWA-no-clip,10,0.8
588,BWA-std,10,0.41818181818181815
588,NW-flex,10,1.0
588,BWA-no-clip,2,0.5636363636363636
588,BWA-std,2,0.13636363636363635
588,NW-flex,2,1.0
588,BWA-no-clip,3,0.6454545454545455
588,BWA-std,3,0.14545454545454545
588,NW-flex,3,1.0
588,BWA-no-clip,5,0.7545454545454545
588,BWA-std,5,0.2
588,NW-flex,5,1.0
588,BWA-no-clip,-1,0.8
588,BWA-std,-1,0.41818181818181815
588,NW-flex,-1,1.0
589,BWA-no-clip,0,0.6818181818181818
589,BWA-std,0,0.12727272727272726
589,NW-flex,0,0.996969696969697
589,BWA-no-clip,1,0.6727272727272727
589,BWA-std,1,0.12727272727272726
589,NW-flex,1,1.0
589,BWA-no-clip,10,0.8454545454545455
589,BWA-std,10,0.41818181818181815
589,NW-flex,10,1.0
589,BWA-no-clip,2,0.6818181818181818
589,BWA-std,2,0.13636363636363635
589,NW-flex,2,1.0
589,BWA-no-clip,3,0.8181818181818182
589,BWA-std,3,0.14545454545454545
589,NW-flex,3,1.0
589,BWA-no-clip,5,0.8272727272727273
589,BWA-std,5,0.2
589,NW-flex,5,1.0
589,BWA-no-clip,-1,0.8454545454545455
589,BWA-std,-1,0.41818181818181815
589,NW-flex,-1,1.0
590,BWA-no-clip,0,0.5181818181818182
590,BWA-std,0,0.10909090909090909
590,NW-flex,0,0.8
590,BWA-no-clip,1,0.7727272727272727
590,BWA-std,1,0.12727272727272726
590,NW-flex,1,1.0
590,BWA-no-clip,10,0.9090909090909091
590,BWA-std,10,0.41818181818181815
590,NW-flex,10,1.0
590,BWA-no-clip,2,0.7909090909090909
590,BWA-std,2,0.13636363636363635
590,NW-flex,2,1.0
590,BWA-no-clip,3,0.8090909090909091
590,BWA-std,3,0.14545454545454545
590,NW-flex,3,1.0
590,BWA-no-clip,5,0.7818181818181819
590,BWA-std,5,0.2
590,NW-flex,5,1.0
590,BWA-no-clip,-1,0.9090909090909091
590,BWA-std,-1,0.41818181818181815
590,NW-flex,-1,1.0
591,BWA-no-clip,0,0.6272727272727273
591,BWA-std,0,0.12727272727272726
591,NW-flex,0,1.0
591,BWA-no-clip,1,0.5787878787878787
591,BWA-std,1,0.12727272727272726
591,NW-flex,1,0.9030303030303031
591,BWA-no-clip,10,0.8
591,BWA-std,10,0.4090909090909091
591,NW-flex,10,1.0
591,BWA-no-clip,2,0.6272727272727273
591,BWA-std,2,0.12727272727272726
591,NW-flex,2,1.0
591,BWA-no-clip,3,0.7818181818181819
591,BWA-std,3,0.13636363636363635
591,NW-flex,3,1.0
591,BWA-no-clip,5,0.6909090909090909
591,BWA-std,5,0.19090909090909092
591,NW-flex,5,1.0
591,BWA-no-clip,-1,0.8
591,BWA-std,-1,0.4090909090909091
591,NW-flex,-1,1.0
592,BWA-no-clip,0,0.6181818181818182
592,BWA-std,0,0.12727272727272726
592,NW-flex,0,1.0
592,BWA-no-clip,1,0.6454545454545455
592,BWA-std,1,0.12727272727272726
592,NW-flex,1,1.0
592,BWA-no-clip,10,0.7666666666666667
592,BWA-std,10,0.4090909090909091
592,NW-flex,10,1.0
592,BWA-no-clip,2,0.5878787878787879
592,BWA-std,2,0.12727272727272726
592,NW-flex,2,0.9030303030303031
592,BWA-no-clip,3,0.6212121212121212
592,BWA-std,3,0.13636363636363635
592,NW-flex,3,1.0
592,BWA-no-clip,5,0.7575757575757576
592,BWA-std,5,0.19090909090909092
592,NW-flex,5,1.0
592,BWA-no-clip,-1,0.7666666666666667
592,BWA-std,-1,0.4090909090909091
592,NW-flex,-1,1.0
593,BWA-no-clip,0,0.45454545454545453
593,BWA-std,0,0.10909090909090909
593,NW-flex,0,0.7
593,BWA-no-clip,1,0.7090909090909091
593,BWA-std,1,0.12727272727272726
593,NW-flex,1,1.0
593,BWA-no-clip,10,0.8454545454545455
593,BWA-std,10,0.4090909090909091
593,NW-flex,10,1.0
593,BWA-no-clip,2,0.7090909090909091
593,BWA-std,2,0.12727272727272726
593,NW-flex,2,1.0
593,BWA-no-clip,3,0.7909090909090909
593,BWA-std,3,0.13636363636363635
593,NW-flex,3,1.0
593,BWA-no-clip,5,0.8181818181818182
593,BWA-std,5,0.19090909090909092
593,NW-flex,5,1.0
593,BWA-no-clip,-1,0.8454545454545455
593,BWA-std,-1,0.4090909090909091
593,NW-flex,-1,1.0
594,BWA-no-clip,0,0.5727272727272728
594,BWA-std,0,0.10909090909090909
594,NW-flex,0,0.9
594,BWA-no-clip,1,0.7363636363636363
594,BWA-std,1,0.12727272727272726
594,NW-flex,1,1.0
594,BWA-no-clip,10,0.9
594,BWA-std,10,0.41818181818181815
594,NW-flex,10,1.0
594,BWA-no-clip,2,0.6818181818181818
594,BWA-std,2,0.13636363636363635
594,NW-flex,2,1.0
594,BWA-no-clip,3,0.8272727272727273
594,BWA-std,3,0.14545454545454545
594,NW-flex,3,1.0
594,BWA-no-clip,5,0.8636363636363636
594,BWA-std,5,0.2
594,NW-flex,5,1.0
594,BWA-no-clip,-1,0.9
594,BWA-std,-1,0.41818181818181815
594,NW-flex,-1,1.0
595,BWA-no-clip,0,0.5727272727272728
595,BWA-std,0,0.12727272727272726
595,NW-flex,0,0.9848484848484849
595,BWA-no-clip,1,0.6181818181818182
595,BWA-std,1,0.12727272727272726
595,NW-flex,1,1.0
595,BWA-no-clip,10,0.9181818181818182
595,BWA-std,10,0.41818181818181815
595,NW-flex,10,1.0
595,BWA-no-clip,2,0.8636363636363636
595,BWA-std,2,0.13636363636363635
595,NW-flex,2,1.0
595,BWA-no-clip,3,0.8636363636363636
595,BWA-std,3,0.14545454545454545
595,NW-flex,3,1.0
595,BWA-no-clip,5,0.9090909090909091
595,BWA-std,5,0.2
595,NW-flex,5,1.0
595,BWA-no-clip,-1,0.9181818181818182
595,BWA-std,-1,0.41818181818181815
595,NW-flex,-1,1.0
596,BWA-no-clip,0,0.6545454545454545
596,BWA-std,0,0.12727272727272726
596,NW-flex,0,0.9030303030303031
596,BWA-no-clip,1,0.8272727272727273
596,BWA-std,1,0.12727272727272726
596,NW-flex,1,0.996969696969697
596,BWA-no-clip,10,0.9181818181818182
596,BWA-std,10,0.41818181818181815
596,NW-flex,10,1.0
596,BWA-no-clip,2,0.7909090909090909
596,BWA-std,2,0.13636363636363635
596,NW-flex,2,1.0
596,BWA-no-clip,3,0.8636363636363636
596,BWA-std,3,0.14545454545454545
596,NW-flex,3,1.0
596,BWA-no-clip,5,0.8727272727272727
596,BWA-std,5,0.2
596,NW-flex,5,1.0
596,BWA-no-clip,-1,0.9181818181818182
596,BWA-std,-1,0.41818181818181815
596,NW-flex,-1,1.0
597,BWA-no-clip,0,0.6909090909090909
597,BWA-std,0,0.12727272727272726
597,NW-flex,0,0.9939393939393939
597,BWA-no-clip,1,0.6636363636363637
597,BWA-std,1,0.12727272727272726
597,NW-flex,1,1.0
597,BWA-no-clip,10,0.8545454545454545
597,BWA-std,10,0.41818181818181815
597,NW-flex,10,1.0
597,BWA-no-clip,2,0.7545454545454545
597,BWA-std,2,0.13636363636363635
597,NW-flex,2,1.0
597,BWA-no-clip,3,0.8181818181818182
597,BWA-std,3,0.14545454545454545
597,NW-flex,3,1.0
597,BWA-no-clip,5,0.7818181818181819
597,BWA-std,5,0.2
597,NW-flex,5,1.0
597,BWA-no-clip,-1,0.8545454545454545
597,BWA-std,-1,0.41818181818181815
597,NW-flex,-1,1.0
598,BWA-no-clip,0,0.43636363636363634
598,BWA-std,0,0.10909090909090909
598,NW-flex,0,0.9
598,BWA-no-clip,1,0.6636363636363637
598,BWA-std,1,0.12727272727272726
598,NW-flex,1,1.0
598,BWA-no-clip,10,0.8181818181818182
598,BWA-std,10,0.41818181818181815
598,NW-flex,10,1.0
598,BWA-no-clip,2,0.6727272727272727
598,BWA-std,2,0.13636363636363635
598,NW-flex,2,1.0
598,BWA-no-clip,3,0.6545454545454545
598,BWA-std,3,0.14545454545454545
598,NW-flex,3,1.0
598,BWA-no-clip,5,0.8181818181818182
598,BWA-std,5,0.2
598,NW-flex,5,1.0
598,BWA-no-clip,-1,0.8181818181818182
598,BWA-std,-1,0.41818181818181815
598,NW-flex,-1,1.0
599,BWA-no-clip,0,0.5636363636363636
599,BWA-std,0,0.12727272727272726
599,NW-flex,0,0.806060606060606
599,BWA-no-clip,1,0.7272727272727273
599,BWA-std,1,0.12727272727272726
599,NW-flex,1,0.996969696969697
599,BWA-no-clip,10,0.8818181818181818
599,BWA-std,10,0.41818181818181815
599,NW-flex,10,1.0
599,BWA-no-clip,2,0.6545454545454545
599,BWA-std,2,0.13636363636363635
599,NW-flex,2,1.0
599,BWA-no-clip,3,0.8090909090909091
599,BWA-std,3,0.14545454545454545
599,NW-flex,3,1.0
599,BWA-no-clip,5,0.8818181818181818
599,BWA-std,5,0.2
599,NW-flex,5,1.0
599,BWA-no-clip,-1,0.8818181818181818
599,BWA-std,-1,0.41818181818181815
599,NW-flex,-1,1.0
600,BWA-no-clip,0,0.7
600,BWA-std,0,0.12727272727272726
600,NW-flex,0,1.0
600,BWA-no-clip,1,0.7363636363636363
600,BWA-std,1,0.12727272727272726
600,NW-flex,1,0.996969696969697
600,BWA-no-clip,10,0.8818181818181818
600,BWA-std,10,0.41818181818181815
600,NW-flex,10,1.0
600,BWA-no-clip,2,0.8
600,BWA-std,2,0.13636363636363635
600,NW-flex,2,1.0
600,BWA-no-clip,3,0.8363636363636363
600,BWA-std,3,0.14545454545454545
600,NW-flex,3,1.0
600,BWA-no-clip,5,0.8727272727272727
600,BWA-std,5,0.2
600,NW-flex,5,1.0
600,BWA-no-clip,-1,0.8818181818181818
600,BWA-std,-1,0.41818181818181815
600,NW-flex,-1,1.0
601,BWA-no-clip,0,0.4090909090909091
601,BWA-std,0,0.11818181818181818
601,NW-flex,0,1.0
601,BWA-no-clip,1,0.4727272727272727
601,BWA-std,1,0.12727272727272726
601,NW-flex,1,1.0
601,BWA-no-clip,10,0.5121212121212121
601,BWA-std,10,0.3575757575757576
601,NW-flex,10,1.0
601,BWA-no-clip,2,0.4818181818181818
601,BWA-std,2,0.12727272727272726
601,NW-flex,2,1.0
601,BWA-no-clip,3,0.4575757575757576
601,BWA-std,3,0.13636363636363635
601,NW-flex,3,1.0
601,BWA-no-clip,5,0.4484848484848485
601,BWA-std,5,0.1484848484848485
601,NW-flex,5,0.9030303030303031
601,BWA-no-clip,-1,0.5121212121212121
601,BWA-std,-1,0.3575757575757576
601,NW-flex,-1,1.0
602,BWA-no-clip,0,0.4727272727272727
602,BWA-std,0,0.12727272727272726
602,NW-flex,0,1.0
602,BWA-no-clip,1,0.48787878787878786
602,BWA-std,1,0.12727272727272726
602,NW-flex,1,1.0
602,BWA-no-clip,10,0.6
602,BWA-std,10,0.38181818181818183
602,NW-flex,10,1.0
602,BWA-no-clip,2,0.5272727272727272
602,BWA-std,2,0.12727272727272726
602,NW-flex,2,1.0
602,BWA-no-clip,3,0.5424242424242425
602,BWA-std,3,0.13636363636363635
602,NW-flex,3,1.0
602,BWA-no-clip,5,0.3303030303030303
602,BWA-std,5,0.15454545454545454
602,NW-flex,5,0.9939393939393939
602,BWA-no-clip,-1,0.6
602,BWA-std,-1,0.38181818181818183
602,NW-flex,-1,1.0
603,BWA-no-clip,0,0.6090909090909091
603,BWA-std,0,0.12727272727272726
603,NW-flex,0,1.0
603,BWA-no-clip,1,0.6060606060606061
603,BWA-std,1,0.12727272727272726
603,NW-flex,1,0.9030303030303031
603,BWA-no-clip,10,0.8181818181818182
603,BWA-std,10,0.4090909090909091
603,NW-flex,10,1.0
603,BWA-no-clip,2,0.6727272727272727
603,BWA-std,2,0.12727272727272726
603,NW-flex,2,1.0
603,BWA-no-clip,3,0.6636363636363637
603,BWA-std,3,0.13636363636363635
603,NW-flex,3,1.0
603,BWA-no-clip,5,0.8
603,BWA-std,5,0.19090909090909092
603,NW-flex,5,1.0
603,BWA-no-clip,-1,0.8181818181818182
603,BWA-std,-1,0.4090909090909091
603,NW-flex,-1,1.0
604,BWA-no-clip,0,0.6818181818181818
604,BWA-std,0,0.12727272727272726
604,NW-flex,0,0.9030303030303031
604,BWA-no-clip,1,0.7272727272727273
604,BWA-std,1,0.12727272727272726
604,NW-flex,1,1.0
604,BWA-no-clip,10,0.8909090909090909
604,BWA-std,10,0.41818181818181815
604,NW-flex,10,1.0
604,BWA-no-clip,2,0.7727272727272727
604,BWA-std,2,0.13636363636363635
604,NW-flex,2,1.0
604,BWA-no-clip,3,0.8272727272727273
604,BWA-std,3,0.14545454545454545
604,NW-flex,3,1.0
604,BWA-no-clip,5,0.8636363636363636
604,BWA-std,5,0.2
604,NW-flex,5,1.0
604,BWA-no-clip,-1,0.8909090909090909
604,BWA-std,-1,0.41818181818181815
604,NW-flex,-1,1.0
605,BWA-no-clip,0,0.5363636363636364
605,BWA-std,0,0.12727272727272726
605,NW-flex,0,1.0
605,BWA-no-clip,1,0.5545454545454546
605,BWA-std,1,0.12727272727272726
605,NW-flex,1,1.0
605,BWA-no-clip,10,0.6424242424242425
605,BWA-std,10,0.4
605,NW-flex,10,1.0
605,BWA-no-clip,2,0.5909090909090909
605,BWA-std,2,0.12727272727272726
605,NW-flex,2,1.0
605,BWA-no-clip,3,0.4696969696969697
605,BWA-std,3,0.13636363636363635
605,NW-flex,3,1.0
605,BWA-no-clip,5,0.5424242424242425
605,BWA-std,5,0.18181818181818182
605,NW-flex,5,1.0
605,BWA-no-clip,-1,0.6424242424242425
605,BWA-std,-1,0.4
605,NW-flex,-1,1.0
606,BWA-no-clip,0,0.4636363636363636
606,BWA-std,0,0.10909090909090909
606,NW-flex,0,0.7
606,BWA-no-clip,1,0.7181818181818181
606,BWA-std,1,0.12727272727272726
606,NW-flex,1,1.0
606,BWA-no-clip,10,0.9
606,BWA-std,10,0.41818181818181815
606,NW-flex,10,1.0
606,BWA-no-clip,2,0.7545454545454545
606,BWA-std,2,0.13636363636363635
606,NW-flex,2,1.0
606,BWA-no-clip,3,0.8272727272727273
606,BWA-std,3,0.14545454545454545
606,NW-flex,3,1.0
606,BWA-no-clip,5,0.8454545454545455
606,BWA-std,5,0.2
606,NW-flex,5,1.0
606,BWA-no-clip,-1,0.9
606,BWA-std,-1,0.41818181818181815
606,NW-flex,-1,1.0
607,BWA-no-clip,0,0.38484848484848483
607,BWA-std,0,0.10909090909090909
607,NW-flex,0,0.6
607,BWA-no-clip,1,0.7
607,BWA-std,1,0.12727272727272726
607,NW-flex,1,1.0
607,BWA-no-clip,10,0.8
607,BWA-std,10,0.4
607,NW-flex,10,1.0
607,BWA-no-clip,2,0.6424242424242425
607,BWA-std,2,0.12727272727272726
607,NW-flex,2,1.0
607,BWA-no-clip,3,0.7909090909090909
607,BWA-std,3,0.13636363636363635
607,NW-flex,3,1.0
607,BWA-no-clip,5,0.8
607,BWA-std,5,0.18181818181818182
607,NW-flex,5,1.0
607,BWA-no-clip,-1,0.8
607,BWA-std,-1,0.4
607,NW-flex,-1,1.0
608,BWA-no-clip,0,0.4636363636363636
608,BWA-std,0,0.12727272727272726
608,NW-flex,0,1.0
608,BWA-no-clip,1,0.5606060606060606
608,BWA-std,1,0.12727272727272726
608,NW-flex,1,0.9030303030303031
608,BWA-no-clip,10,0.6545454545454545
608,BWA-std,10,0.4
608,NW-flex,10,1.0
608,BWA-no-clip,2,0.43636363636363634
608,BWA-std,2,0.12727272727272726
608,NW-flex,2,1.0
608,BWA-no-clip,3,0.5757575757575758
608,BWA-std,3,0.13636363636363635
608,NW-flex,3,1.0
608,BWA-no-clip,5,0.5636363636363636
608,BWA-std,5,0.19090909090909092
608,NW-flex,5,1.0
608,BWA-no-clip,-1,0.6545454545454545
608,BWA-std,-1,0.4
608,NW-flex,-1,1.0
609,BWA-no-clip,0,0.6
609,BWA-std,0,0.12727272727272726
609,NW-flex,0,1.0
609,BWA-no-clip,1,0.6818181818181818
609,BWA-std,1,0.12727272727272726
609,NW-flex,1,1.0
609,BWA-no-clip,10,0.7727272727272727
609,BWA-std,10,0.4090909090909091
609,NW-flex,10,1.0
609,BWA-no-clip,2,0.41818181818181815
609,BWA-std,2,0.12727272727272726
609,NW-flex,2,1.0
609,BWA-no-clip,3,0.6272727272727273
609,BWA-std,3,0.13636363636363635
609,NW-flex,3,1.0
609,BWA-no-clip,5,0.7
609,BWA-std,5,0.19090909090909092
609,NW-flex,5,1.0
609,BWA-no-clip,-1,0.7727272727272727
609,BWA-std,-1,0.4090909090909091
609,NW-flex,-1,1.0
610,BWA-no-clip,0,0.2636363636363636
610,BWA-std,0,0.10909090909090909
610,NW-flex,0,1.0
610,BWA-no-clip,1,0.3090909090909091
610,BWA-std,1,0.12727272727272726
610,NW-flex,1,1.0
610,BWA-no-clip,10,0.3333333333333333
610,BWA-std,10,0.2787878787878788
610,NW-flex,10,1.0
610,BWA-no-clip,2,0.3151515151515151
610,BWA-std,2,0.12727272727272726
610,NW-flex,2,1.0
610,BWA-no-clip,3,0.3878787878787879
610,BWA-std,3,0.13636363636363635
610,NW-flex,3,1.0
610,BWA-no-clip,5,0.34545454545454546
610,BWA-std,5,0.14545454545454545
610,NW-flex,5,1.0
610,BWA-no-clip,-1,0.3333333333333333
610,BWA-std,-1,0.2787878787878788
610,NW-flex,-1,1.0
611,BWA-no-clip,0,0.6363636363636364
611,BWA-std,0,0.12727272727272726
611,NW-flex,0,1.0
611,BWA-no-clip,1,0.6636363636363637
611,BWA-std,1,0.12727272727272726
611,NW-flex,1,1.0
611,BWA-no-clip,10,0.8454545454545455
611,BWA-std,10,0.41818181818181815
611,NW-flex,10,1.0
611,BWA-no-clip,2,0.6727272727272727
611,BWA-std,2,0.13636363636363635
611,NW-flex,2,1.0
611,BWA-no-clip,3,0.7181818181818181
611,BWA-std,3,0.14545454545454545
611,NW-flex,3,1.0
611,BWA-no-clip,5,0.7818181818181819
611,BWA-std,5,0.2
611,NW-flex,5,1.0
611,BWA-no-clip,-1,0.8454545454545455
611,BWA-std,-1,0.41818181818181815
611,NW-flex,-1,1.0
612,BWA-no-clip,0,0.4727272727272727
612,BWA-std,0,0.12727272727272726
612,NW-flex,0,1.0
612,BWA-no-clip,1,0.48787878787878786
612,BWA-std,1,0.12727272727272726
612,NW-flex,1,1.0
612,BWA-no-clip,10,0.6
612,BWA-std,10,0.38181818181818183
612,NW-flex,10,1.0
612,BWA-no-clip,2,0.5272727272727272
612,BWA-std,2,0.12727272727272726
612,NW-flex,2,1.0
612,BWA-no-clip,3,0.5424242424242425
612,BWA-std,3,0.13636363636363635
612,NW-flex,3,1.0
612,BWA-no-clip,5,0.36666666666666664
612,BWA-std,5,0.15454545454545454
612,NW-flex,5,0.9939393939393939
612,BWA-no-clip,-1,0.6
612,BWA-std,-1,0.38181818181818183
612,NW-flex,-1,1.0
613,BWA-no-clip,0,0.5636363636363636
613,BWA-std,0,0.12727272727272726
613,NW-flex,0,1.0
613,BWA-no-clip,1,0.5909090909090909
613,BWA-std,1,0.12727272727272726
613,NW-flex,1,1.0
613,BWA-no-clip,10,0.6787878787878788
613,BWA-std,10,0.4
613,NW-flex,10,1.0
613,BWA-no-clip,2,0.5909090909090909
613,BWA-std,2,0.12727272727272726
613,NW-flex,2,1.0
613,BWA-no-clip,3,0.5606060606060606
613,BWA-std,3,0.13636363636363635
613,NW-flex,3,0.9030303030303031
613,BWA-no-clip,5,0.6060606060606061
613,BWA-std,5,0.18181818181818182
613,NW-flex,5,1.0
613,BWA-no-clip,-1,0.6787878787878788
613,BWA-std,-1,0.4
613,NW-flex,-1,1.0
614,BWA-no-clip,0,0.5363636363636364
614,BWA-std,0,0.10909090909090909
614,NW-flex,0,0.9
614,BWA-no-clip,1,0.7727272727272727
614,BWA-std,1,0.12727272727272726
614,NW-flex,1,1.0
614,BWA-no-clip,10,0.9
614,BWA-std,10,0.41818181818181815
614,NW-flex,10,1.0
614,BWA-no-clip,2,0.7545454545454545
614,BWA-std,2,0.13636363636363635
614,NW-flex,2,1.0
614,BWA-no-clip,3,0.8272727272727273
614,BWA-std,3,0.14545454545454545
614,NW-flex,3,1.0
614,BWA-no-clip,5,0.8727272727272727
614,BWA-std,5,0.2
614,NW-flex,5,1.0
614,BWA-no-clip,-1,0.9
614,BWA-std,-1,0.41818181818181815
614,NW-flex,-1,1.0
615,BWA-no-clip,0,0.5272727272727272
615,BWA-std,0,0.12727272727272726
615,NW-flex,0,1.0
615,BWA-no-clip,1,0.6
615,BWA-std,1,0.12727272727272726
615,NW-flex,1,1.0
615,BWA-no-clip,10,0.7393939393939394
615,BWA-std,10,0.4090909090909091
615,NW-flex,10,1.0
615,BWA-no-clip,2,0.5272727272727272
615,BWA-std,2,0.12727272727272726
615,NW-flex,2,1.0
615,BWA-no-clip,3,0.5575757575757576
615,BWA-std,3,0.13636363636363635
615,NW-flex,3,0.996969696969697
615,BWA-no-clip,5,0.703030303030303
615,BWA-std,5,0.19090909090909092
615,NW-flex,5,1.0
615,BWA-no-clip,-1,0.7393939393939394
615,BWA-std,-1,0.4090909090909091
615,NW-flex,-1,1.0
616,BWA-no-clip,0,0.5545454545454546
616,BWA-std,0,0.12727272727272726
616,NW-flex,0,1.0
616,BWA-no-clip,1,0.5363636363636364
616,BWA-std,1,0.12727272727272726
616,NW-flex,1,1.0
616,BWA-no-clip,10,0.7727272727272727
616,BWA-std,10,0.41818181818181815
616,NW-flex,10,1.0
616,BWA-no-clip,2,0.6818181818181818
616,BWA-std,2,0.13636363636363635
616,NW-flex,2,1.0
616,BWA-no-clip,3,0.7272727272727273
616,BWA-std,3,0.14545454545454545
616,NW-flex,3,1.0
616,BWA-no-clip,5,0.7363636363636363
616,BWA-std,5,0.2
616,NW-flex,5,1.0
616,BWA-no-clip,-1,0.7727272727272727
616,BWA-std,-1,0.41818181818181815
616,NW-flex,-1,1.0
617,BWA-no-clip,0,0.5363636363636364
617,BWA-std,0,0.10909090909090909
617,NW-flex,0,0.8
617,BWA-no-clip,1,0.7181818181818181
617,BWA-std,1,0.12727272727272726
617,NW-flex,1,1.0
617,BWA-no-clip,10,0.8727272727272727
617,BWA-std,10,0.4090909090909091
617,NW-flex,10,1.0
617,BWA-no-clip,2,0.7454545454545455
617,BWA-std,2,0.12727272727272726
617,NW-flex,2,1.0
617,BWA-no-clip,3,0.8272727272727273
617,BWA-std,3,0.13636363636363635
617,NW-flex,3,1.0
617,BWA-no-clip,5,0.8454545454545455
617,BWA-std,5,0.19090909090909092
617,NW-flex,5,1.0
617,BWA-no-clip,-1,0.8727272727272727
617,BWA-std,-1,0.4090909090909091
617,NW-flex,-1,1.0
618,BWA-no-clip,0,0.6272727272727273
618,BWA-std,0,0.12727272727272726
618,NW-flex,0,1.0
618,BWA-no-clip,1,0.6272727272727273
618,BWA-std,1,0.12727272727272726
618,NW-flex,1,1.0
618,BWA-no-clip,10,0.8
618,BWA-std,10,0.4090909090909091
618,NW-flex,10,1.0
618,BWA-no-clip,2,0.509090909090909
618,BWA-std,2,0.12727272727272726
618,NW-flex,2,1.0
618,BWA-no-clip,3,0.6181818181818182
618,BWA-std,3,0.13636363636363635
618,NW-flex,3,1.0
618,BWA-no-clip,5,0.8
618,BWA-std,5,0.19090909090909092
618,NW-flex,5,1.0
618,BWA-no-clip,-1,0.8
618,BWA-std,-1,0.4090909090909091
618,NW-flex,-1,1.0
619,BWA-no-clip,0,0.6454545454545455
619,BWA-std,0,0.12727272727272726
619,NW-flex,0,1.0
619,BWA-no-clip,1,0.6545454545454545
619,BWA-std,1,0.12727272727272726
619,NW-flex,1,1.0
619,BWA-no-clip,10,0.7636363636363637
619,BWA-std,10,0.4
619,NW-flex,10,1.0
619,BWA-no-clip,2,0.6787878787878788
619,BWA-std,2,0.12727272727272726
619,NW-flex,2,0.996969696969697
619,BWA-no-clip,3,0.7
619,BWA-std,3,0.12727272727272726
619,NW-flex,3,1.0
619,BWA-no-clip,5,0.7181818181818181
619,BWA-std,5,0.18181818181818182
619,NW-flex,5,1.0
619,BWA-no-clip,-1,0.7636363636363637
619,BWA-std,-1,0.4
619,NW-flex,-1,1.0
620,BWA-no-clip,0,0.6
620,BWA-std,0,0.12727272727272726
620,NW-flex,0,1.0
620,BWA-no-clip,1,0.7272727272727273
620,BWA-std,1,0.12727272727272726
620,NW-flex,1,1.0
620,BWA-no-clip,10,0.7636363636363637
620,BWA-std,10,0.4090909090909091
620,NW-flex,10,1.0
620,BWA-no-clip,2,0.5181818181818182
620,BWA-std,2,0.12727272727272726
620,NW-flex,2,1.0
620,BWA-no-clip,3,0.7090909090909091
620,BWA-std,3,0.13636363636363635
620,NW-flex,3,1.0
620,BWA-no-clip,5,0.7636363636363637
620,BWA-std,5,0.19090909090909092
620,NW-flex,5,1.0
620,BWA-no-clip,-1,0.7636363636363637
620,BWA-std,-1,0.4090909090909091
620,NW-flex,-1,1.0
621,BWA-no-clip,0,0.6818181818181818
621,BWA-std,0,0.12727272727272726
621,NW-flex,0,1.0
621,BWA-no-clip,1,0.6333333333333333
621,BWA-std,1,0.12727272727272726
621,NW-flex,1,1.0
621,BWA-no-clip,10,0.8454545454545455
621,BWA-std,10,0.41818181818181815
621,NW-flex,10,1.0
621,BWA-no-clip,2,0.7454545454545455
621,BWA-std,2,0.13636363636363635
621,NW-flex,2,1.0
621,BWA-no-clip,3,0.8272727272727273
621,BWA-std,3,0.14545454545454545
621,NW-flex,3,1.0
621,BWA-no-clip,5,0.8363636363636363
621,BWA-std,5,0.2
621,NW-flex,5,1.0
621,BWA-no-clip,-1,0.8454545454545455
621,BWA-std,-1,0.41818181818181815
621,NW-flex,-1,1.0
622,BWA-no-clip,0,0.7181818181818181
622,BWA-std,0,0.12727272727272726
622,NW-flex,0,1.0
622,BWA-no-clip,1,0.7
622,BWA-std,1,0.12727272727272726
622,NW-flex,1,1.0
622,BWA-no-clip,10,0.8727272727272727
622,BWA-std,10,0.41818181818181815
622,NW-flex,10,1.0
622,BWA-no-clip,2,0.7363636363636363
622,BWA-std,2,0.13636363636363635
622,NW-flex,2,1.0
622,BWA-no-clip,3,0.8545454545454545
622,BWA-std,3,0.14545454545454545
622,NW-flex,3,1.0
622,BWA-no-clip,5,0.8363636363636363
622,BWA-std,5,0.2
622,NW-flex,5,1.0
622,BWA-no-clip,-1,0.8727272727272727
622,BWA-std,-1,0.41818181818181815
622,NW-flex,-1,1.0
623,BWA-no-clip,0,0.41818181818181815
623,BWA-std,0,0.11818181818181818
623,NW-flex,0,1.0
623,BWA-no-clip,1,0.45454545454545453
623,BWA-std,1,0.12727272727272726
623,NW-flex,1,1.0
623,BWA-no-clip,10,0.503030303030303
623,BWA-std,10,0.3575757575757576
623,NW-flex,10,1.0
623,BWA-no-clip,2,0.4727272727272727
623,BWA-std,2,0.12727272727272726
623,NW-flex,2,1.0
623,BWA-no-clip,3,0.5121212121212121
623,BWA-std,3,0.13636363636363635
623,NW-flex,3,1.0
623,BWA-no-clip,5,0.45454545454545453
623,BWA-std,5,0.14545454545454545
623,NW-flex,5,1.0
623,BWA-no-clip,-1,0.503030303030303
623,BWA-std,-1,0.3575757575757576
623,NW-flex,-1,1.0
624,BWA-no-clip,0,0.7
624,BWA-std,0,0.12727272727272726
624,NW-flex,0,1.0
624,BWA-no-clip,1,0.6090909090909091
624,BWA-std,1,0.12727272727272726
624,NW-flex,1,0.996969696969697
624,BWA-no-clip,10,0.8727272727272727
624,BWA-std,10,0.41818181818181815
624,NW-flex,10,1.0
624,BWA-no-clip,2,0.7181818181818181
624,BWA-std,2,0.13636363636363635
624,NW-flex,2,1.0
624,BWA-no-clip,3,0.7454545454545455
624,BWA-std,3,0.14545454545454545
624,NW-flex,3,1.0
624,BWA-no-clip,5,0.8181818181818182
624,BWA-std,5,0.2
624,NW-flex,5,1.0
624,BWA-no-clip,-1,0.8727272727272727
624,BWA-std,-1,0.41818181818181815
624,NW-flex,-1,1.0
625,BWA-no-clip,0,0.4636363636363636
625,BWA-std,0,0.10909090909090909
625,NW-flex,0,0.7
625,BWA-no-clip,1,0.7181818181818181
625,BWA-std,1,0.12727272727272726
625,NW-flex,1,1.0
625,BWA-no-clip,10,0.8545454545454545
625,BWA-std,10,0.4090909090909091
625,NW-flex,10,1.0
625,BWA-no-clip,2,0.6545454545454545
625,BWA-std,2,0.12727272727272726
625,NW-flex,2,1.0
625,BWA-no-clip,3,0.6727272727272727
625,BWA-std,3,0.13636363636363635
625,NW-flex,3,1.0
625,BWA-no-clip,5,0.8454545454545455
625,BWA-std,5,0.19090909090909092
625,NW-flex,5,1.0
625,BWA-no-clip,-1,0.8545454545454545
625,BWA-std,-1,0.4090909090909091
625,NW-flex,-1,1.0
626,BWA-no-clip,0,0.6363636363636364
626,BWA-std,0,0.12727272727272726
626,NW-flex,0,1.0
626,BWA-no-clip,1,0.6818181818181818
626,BWA-std,1,0.12727272727272726
626,NW-flex,1,1.0
626,BWA-no-clip,10,0.8545454545454545
626,BWA-std,10,0.4090909090909091
626,NW-flex,10,1.0
626,BWA-no-clip,2,0.7545454545454545
626,BWA-std,2,0.12727272727272726
626,NW-flex,2,1.0
626,BWA-no-clip,3,0.7545454545454545
626,BWA-std,3,0.13636363636363635
626,NW-flex,3,1.0
626,BWA-no-clip,5,0.8454545454545455
626,BWA-std,5,0.19090909090909092
626,NW-flex,5,1.0
626,BWA-no-clip,-1,0.8545454545454545
626,BWA-std,-1,0.4090909090909091
626,NW-flex,-1,1.0
627,BWA-no-clip,0,0.37575757575757573
627,BWA-std,0,0.10909090909090909
627,NW-flex,0,0.8
627,BWA-no-clip,1,0.7636363636363637
627,BWA-std,1,0.12727272727272726
627,NW-flex,1,1.0
627,BWA-no-clip,10,0.8454545454545455
627,BWA-std,10,0.4090909090909091
627,NW-flex,10,1.0
627,BWA-no-clip,2,0.7090909090909091
627,BWA-std,2,0.12727272727272726
627,NW-flex,2,1.0
627,BWA-no-clip,3,0.7727272727272727
627,BWA-std,3,0.13636363636363635
627,NW-flex,3,1.0
627,BWA-no-clip,5,0.7212121212121212
627,BWA-std,5,0.19090909090909092
627,NW-flex,5,1.0
627,BWA-no-clip,-1,0.8454545454545455
627,BWA-std,-1,0.4090909090909091
627,NW-flex,-1,1.0
628,BWA-no-clip,0,0.6181818181818182
628,BWA-std,0,0.12727272727272726
628,NW-flex,0,1.0
628,BWA-no-clip,1,0.6363636363636364
628,BWA-std,1,0.12727272727272726
628,NW-flex,1,0.990909090909091
628,BWA-no-clip,10,0.8727272727272727
628,BWA-std,10,0.41818181818181815
628,NW-flex,10,1.0
628,BWA-no-clip,2,0.7636363636363637
628,BWA-std,2,0.13636363636363635
628,NW-flex,2,1.0
628,BWA-no-clip,3,0.7818181818181819
628,BWA-std,3,0.14545454545454545
628,NW-flex,3,1.0
628,BWA-no-clip,5,0.8727272727272727
628,BWA-std,5,0.2
628,NW-flex,5,1.0
628,BWA-no-clip,-1,0.8727272727272727
628,BWA-std,-1,0.41818181818181815
628,NW-flex,-1,1.0
629,BWA-no-clip,0,0.37575757575757573
629,BWA-std,0,0.10909090909090909
629,NW-flex,0,0.8
629,BWA-no-clip,1,0.7636363636363637
629,BWA-std,1,0.12727272727272726
629,NW-flex,1,1.0
629,BWA-no-clip,10,0.8454545454545455
629,BWA-std,10,0.4090909090909091
629,NW-flex,10,1.0
629,BWA-no-clip,2,0.7090909090909091
629,BWA-std,2,0.12727272727272726
629,NW-flex,2,1.0
629,BWA-no-clip,3,0.7727272727272727
629,BWA-std,3,0.13636363636363635
629,NW-flex,3,1.0
629,BWA-no-clip,5,0.7212121212121212
629,BWA-std,5,0.19090909090909092
629,NW-flex,5,1.0
629,BWA-no-clip,-1,0.8454545454545455
629,BWA-std,-1,0.4090909090909091
629,NW-flex,-1,1.0
630,BWA-no-clip,0,0.396969696969697
630,BWA-std,0,0.10909090909090909
630,NW-flex,0,0.8
630,BWA-no-clip,1,0.6727272727272727
630,BWA-std,1,0.12727272727272726
630,NW-flex,1,1.0
630,BWA-no-clip,10,0.7818181818181819
630,BWA-std,10,0.4090909090909091
630,NW-flex,10,1.0
630,BWA-no-clip,2,0.6454545454545455
630,BWA-std,2,0.12727272727272726
630,NW-flex,2,1.0
630,BWA-no-clip,3,0.7272727272727273
630,BWA-std,3,0.13636363636363635
630,NW-flex,3,1.0
630,BWA-no-clip,5,0.7727272727272727
630,BWA-std,5,0.19090909090909092
630,NW-flex,5,1.0
630,BWA-no-clip,-1,0.7818181818181819
630,BWA-std,-1,0.4090909090909091
630,NW-flex,-1,1.0
631,BWA-no-clip,0,0.6363636363636364
631,BWA-std,0,0.12727272727272726
631,NW-flex,0,1.0
631,BWA-no-clip,1,0.5454545454545454
631,BWA-std,1,0.12727272727272726
631,NW-flex,1,1.0
631,BWA-no-clip,10,0.7575757575757576
631,BWA-std,10,0.4090909090909091
631,NW-flex,10,1.0
631,BWA-no-clip,2,0.6363636363636364
631,BWA-std,2,0.12727272727272726
631,NW-flex,2,1.0
631,BWA-no-clip,3,0.5787878787878787
631,BWA-std,3,0.13636363636363635
631,NW-flex,3,0.996969696969697
631,BWA-no-clip,5,0.7303030303030303
631,BWA-std,5,0.19090909090909092
631,NW-flex,5,1.0
631,BWA-no-clip,-1,0.7575757575757576
631,BWA-std,-1,0.4090909090909091
631,NW-flex,-1,1.0
632,BWA-no-clip,0,0.6454545454545455
632,BWA-std,0,0.12727272727272726
632,NW-flex,0,1.0
632,BWA-no-clip,1,0.5787878787878787
632,BWA-std,1,0.12727272727272726
632,NW-flex,1,0.9030303030303031
632,BWA-no-clip,10,0.8
632,BWA-std,10,0.4090909090909091
632,NW-flex,10,1.0
632,BWA-no-clip,2,0.6909090909090909
632,BWA-std,2,0.12727272727272726
632,NW-flex,2,1.0
632,BWA-no-clip,3,0.6818181818181818
632,BWA-std,3,0.13636363636363635
632,NW-flex,3,1.0
632,BWA-no-clip,5,0.8
632,BWA-std,5,0.19090909090909092
632,NW-flex,5,1.0
632,BWA-no-clip,-1,0.8
632,BWA-std,-1,0.4090909090909091
632,NW-flex,-1,1.0
633,BWA-no-clip,0,0.6818181818181818
633,BWA-std,0,0.12727272727272726
633,NW-flex,0,0.806060606060606
633,BWA-no-clip,1,0.806060606060606
633,BWA-std,1,0.12727272727272726
633,NW-flex,1,1.0
633,BWA-no-clip,10,0.9090909090909091
633,BWA-std,10,0.41818181818181815
633,NW-flex,10,1.0
633,BWA-no-clip,2,0.7909090909090909
633,BWA-std,2,0.13636363636363635
633,NW-flex,2,1.0
633,BWA-no-clip,3,0.8272727272727273
633,BWA-std,3,0.14545454545454545
633,NW-flex,3,1.0
633,BWA-no-clip,5,0.9
633,BWA-std,5,0.2
633,NW-flex,5,1.0
633,BWA-no-clip,-1,0.9090909090909091
633,BWA-std,-1,0.41818181818181815
633,NW-flex,-1,1.0
634,BWA-no-clip,0,0.6090909090909091
634,BWA-std,0,0.12727272727272726
634,NW-flex,0,1.0
634,BWA-no-clip,1,0.7
634,BWA-std,1,0.12727272727272726
634,NW-flex,1,1.0
634,BWA-no-clip,10,0.8272727272727273
634,BWA-std,10,0.41818181818181815
634,NW-flex,10,1.0
634,BWA-no-clip,2,0.7272727272727273
634,BWA-std,2,0.13636363636363635
634,NW-flex,2,1.0
634,BWA-no-clip,3,0.7363636363636363
634,BWA-std,3,0.14545454545454545
634,NW-flex,3,1.0
634,BWA-no-clip,5,0.8
634,BWA-std,5,0.2
634,NW-flex,5,1.0
634,BWA-no-clip,-1,0.8272727272727273
634,BWA-std,-1,0.41818181818181815
634,NW-flex,-1,1.0
635,BWA-no-clip,0,0.6181818181818182
635,BWA-std,0,0.12727272727272726
635,NW-flex,0,1.0
635,BWA-no-clip,1,0.6636363636363637
635,BWA-std,1,0.12727272727272726
635,NW-flex,1,1.0
635,BWA-no-clip,10,0.8545454545454545
635,BWA-std,10,0.4090909090909091
635,NW-flex,10,1.0
635,BWA-no-clip,2,0.6909090909090909
635,BWA-std,2,0.12727272727272726
635,NW-flex,2,1.0
635,BWA-no-clip,3,0.7454545454545455
635,BWA-std,3,0.13636363636363635
635,NW-flex,3,1.0
635,BWA-no-clip,5,0.8545454545454545
635,BWA-std,5,0.19090909090909092
635,NW-flex,5,1.0
635,BWA-no-clip,-1,0.8545454545454545
635,BWA-std,-1,0.4090909090909091
635,NW-flex,-1,1.0
636,BWA-no-clip,0,0.5909090909090909
636,BWA-std,0,0.12727272727272726
636,NW-flex,0,1.0
636,BWA-no-clip,1,0.6515151515151515
636,BWA-std,1,0.12727272727272726
636,NW-flex,1,0.9030303030303031
636,BWA-no-clip,10,0.7636363636363637
636,BWA-std,10,0.4090909090909091
636,NW-flex,10,1.0
636,BWA-no-clip,2,0.6727272727272727
636,BWA-std,2,0.12727272727272726
636,NW-flex,2,1.0
636,BWA-no-clip,3,0.7212121212121212
636,BWA-std,3,0.13636363636363635
636,NW-flex,3,1.0
636,BWA-no-clip,5,0.7181818181818181
636,BWA-std,5,0.19090909090909092
636,NW-flex,5,1.0
636,BWA-no-clip,-1,0.7636363636363637
636,BWA-std,-1,0.4090909090909091
636,NW-flex,-1,1.0
637,BWA-no-clip,0,0.5727272727272728
637,BWA-std,0,0.12727272727272726
637,NW-flex,0,1.0
637,BWA-no-clip,1,0.5818181818181818
637,BWA-std,1,0.12727272727272726
637,NW-flex,1,1.0
637,BWA-no-clip,10,0.7909090909090909
637,BWA-std,10,0.4
637,NW-flex,10,1.0
637,BWA-no-clip,2,0.5363636363636364
637,BWA-std,2,0.12727272727272726
637,NW-flex,2,1.0
637,BWA-no-clip,3,0.5454545454545454
637,BWA-std,3,0.12727272727272726
637,NW-flex,3,1.0
637,BWA-no-clip,5,0.6454545454545455
637,BWA-std,5,0.18181818181818182
637,NW-flex,5,1.0
637,BWA-no-clip,-1,0.7909090909090909
637,BWA-std,-1,0.4
637,NW-flex,-1,1.0
638,BWA-no-clip,0,0.6363636363636364
638,BWA-std,0,0.12727272727272726
638,NW-flex,0,1.0
638,BWA-no-clip,1,0.6545454545454545
638,BWA-std,1,0.12727272727272726
638,NW-flex,1,0.996969696969697
638,BWA-no-clip,10,0.8818181818181818
638,BWA-std,10,0.41818181818181815
638,NW-flex,10,1.0
638,BWA-no-clip,2,0.6818181818181818
638,BWA-std,2,0.13636363636363635
638,NW-flex,2,1.0
638,BWA-no-clip,3,0.8272727272727273
638,BWA-std,3,0.14545454545454545
638,NW-flex,3,1.0
638,BWA-no-clip,5,0.8272727272727273
638,BWA-std,5,0.2
638,NW-flex,5,1.0
638,BWA-no-clip,-1,0.8818181818181818
638,BWA-std,-1,0.41818181818181815
638,NW-flex,-1,1.0
639,BWA-no-clip,0,0.6181818181818182
639,BWA-std,0,0.12727272727272726
639,NW-flex,0,1.0
639,BWA-no-clip,1,0.6181818181818182
639,BWA-std,1,0.12727272727272726
639,NW-flex,1,1.0
639,BWA-no-clip,10,0.7393939393939394
639,BWA-std,10,0.4090909090909091
639,NW-flex,10,1.0
639,BWA-no-clip,2,0.5272727272727272
639,BWA-std,2,0.12727272727272726
639,NW-flex,2,1.0
639,BWA-no-clip,3,0.4484848484848485
639,BWA-std,3,0.13636363636363635
639,NW-flex,3,0.990909090909091
639,BWA-no-clip,5,0.693939393939394
639,BWA-std,5,0.19090909090909092
639,NW-flex,5,1.0
639,BWA-no-clip,-1,0.7393939393939394
639,BWA-std,-1,0.4090909090909091
639,NW-flex,-1,1.0
640,BWA-no-clip,0,0.24242424242424243
640,BWA-std,0,0.10909090909090909
640,NW-flex,0,1.0
640,BWA-no-clip,1,0.3090909090909091
640,BWA-std,1,0.12727272727272726
640,NW-flex,1,1.0
640,BWA-no-clip,10,0.3333333333333333
640,BWA-std,10,0.2787878787878788
640,NW-flex,10,1.0
640,BWA-no-clip,2,0.30606060606060603
640,BWA-std,2,0.12727272727272726
640,NW-flex,2,1.0
640,BWA-no-clip,3,0.37575757575757573
640,BWA-std,3,0.13636363636363635
640,NW-flex,3,1.0
640,BWA-no-clip,5,0.34545454545454546
640,BWA-std,5,0.14545454545454545
640,NW-flex,5,1.0
640,BWA-no-clip,-1,0.3333333333333333
640,BWA-std,-1,0.2787878787878788
640,NW-flex,-1,1.0
641,BWA-no-clip,0,0.5363636363636364
641,BWA-std,0,0.12727272727272726
641,NW-flex,0,1.0
641,BWA-no-clip,1,0.5545454545454546
641,BWA-std,1,0.12727272727272726
641,NW-flex,1,1.0
641,BWA-no-clip,10,0.7363636363636363
641,BWA-std,10,0.4
641,NW-flex,10,1.0
641,BWA-no-clip,2,0.5060606060606061
641,BWA-std,2,0.12727272727272726
641,NW-flex,2,0.990909090909091
641,BWA-no-clip,3,0.5909090909090909
641,BWA-std,3,0.12727272727272726
641,NW-flex,3,1.0
641,BWA-no-clip,5,0.6909090909090909
641,BWA-std,5,0.18181818181818182
641,NW-flex,5,1.0
641,BWA-no-clip,-1,0.7363636363636363
641,BWA-std,-1,0.4
641,NW-flex,-1,1.0
642,BWA-no-clip,0,0.5272727272727272
642,BWA-std,0,0.12727272727272726
642,NW-flex,0,1.0
642,BWA-no-clip,1,0.5515151515151515
642,BWA-std,1,0.12727272727272726
642,NW-flex,1,1.0
642,BWA-no-clip,10,0.6
642,BWA-std,10,0.38181818181818183
642,NW-flex,10,1.0
642,BWA-no-clip,2,0.4727272727272727
642,BWA-std,2,0.12727272727272726
642,NW-flex,2,1.0
642,BWA-no-clip,3,0.5696969696969697
642,BWA-std,3,0.13636363636363635
642,NW-flex,3,1.0
642,BWA-no-clip,5,0.5181818181818182
642,BWA-std,5,0.16363636363636364
642,NW-flex,5,1.0
642,BWA-no-clip,-1,0.6
642,BWA-std,-1,0.38181818181818183
642,NW-flex,-1,1.0
643,BWA-no-clip,0,0.7181818181818181
643,BWA-std,0,0.12727272727272726
643,NW-flex,0,1.0
643,BWA-no-clip,1,0.706060606060606
643,BWA-std,1,0.12727272727272726
643,NW-flex,1,0.9030303030303031
643,BWA-no-clip,10,0.8272727272727273
643,BWA-std,10,0.4090909090909091
643,NW-flex,10,1.0
643,BWA-no-clip,2,0.7181818181818181
643,BWA-std,2,0.12727272727272726
643,NW-flex,2,1.0
643,BWA-no-clip,3,0.7090909090909091
643,BWA-std,3,0.13636363636363635
643,NW-flex,3,1.0
643,BWA-no-clip,5,0.8181818181818182
643,BWA-std,5,0.19090909090909092
643,NW-flex,5,1.0
643,BWA-no-clip,-1,0.8272727272727273
643,BWA-std,-1,0.4090909090909091
643,NW-flex,-1,1.0
644,BWA-no-clip,0,0.6090909090909091
644,BWA-std,0,0.12727272727272726
644,NW-flex,0,1.0
644,BWA-no-clip,1,0.6
644,BWA-std,1,0.12727272727272726
644,NW-flex,1,1.0
644,BWA-no-clip,10,0.8090909090909091
644,BWA-std,10,0.4090909090909091
644,NW-flex,10,1.0
644,BWA-no-clip,2,0.6090909090909091
644,BWA-std,2,0.12727272727272726
644,NW-flex,2,1.0
644,BWA-no-clip,3,0.7
644,BWA-std,3,0.13636363636363635
644,NW-flex,3,1.0
644,BWA-no-clip,5,0.7272727272727273
644,BWA-std,5,0.19090909090909092
644,NW-flex,5,1.0
644,BWA-no-clip,-1,0.8090909090909091
644,BWA-std,-1,0.4090909090909091
644,NW-flex,-1,1.0
645,BWA-no-clip,0,0.8090909090909091
645,BWA-std,0,0.12727272727272726
645,NW-flex,0,1.0
645,BWA-no-clip,1,0.7818181818181819
645,BWA-std,1,0.12727272727272726
645,NW-flex,1,1.0
645,BWA-no-clip,10,0.8909090909090909
645,BWA-std,10,0.41818181818181815
645,NW-flex,10,1.0
645,BWA-no-clip,2,0.7818181818181819
645,BWA-std,2,0.13636363636363635
645,NW-flex,2,1.0
645,BWA-no-clip,3,0.8545454545454545
645,BWA-std,3,0.14545454545454545
645,NW-flex,3,1.0
645,BWA-no-clip,5,0.8818181818181818
645,BWA-std,5,0.2
645,NW-flex,5,1.0
645,BWA-no-clip,-1,0.8909090909090909
645,BWA-std,-1,0.41818181818181815
645,NW-flex,-1,1.0
646,BWA-no-clip,0,0.5
646,BWA-std,0,0.10909090909090909
646,NW-flex,0,0.9
646,BWA-no-clip,1,0.6909090909090909
646,BWA-std,1,0.12727272727272726
646,NW-flex,1,1.0
646,BWA-no-clip,10,0.9
646,BWA-std,10,0.41818181818181815
646,NW-flex,10,1.0
646,BWA-no-clip,2,0.7727272727272727
646,BWA-std,2,0.13636363636363635
646,NW-flex,2,1.0
646,BWA-no-clip,3,0.6727272727272727
646,BWA-std,3,0.14545454545454545
646,NW-flex,3,1.0
646,BWA-no-clip,5,0.8545454545454545
646,BWA-std,5,0.2
646,NW-flex,5,1.0
646,BWA-no-clip,-1,0.9
646,BWA-std,-1,0.41818181818181815
646,NW-flex,-1,1.0
647,BWA-no-clip,0,0.7090909090909091
647,BWA-std,0,0.12727272727272726
647,NW-flex,0,0.806060606060606
647,BWA-no-clip,1,0.8333333333333334
647,BWA-std,1,0.12727272727272726
647,NW-flex,1,1.0
647,BWA-no-clip,10,0.9181818181818182
647,BWA-std,10,0.41818181818181815
647,NW-flex,10,1.0
647,BWA-no-clip,2,0.8181818181818182
647,BWA-std,2,0.13636363636363635
647,NW-flex,2,1.0
647,BWA-no-clip,3,0.8090909090909091
647,BWA-std,3,0.14545454545454545
647,NW-flex,3,1.0
647,BWA-no-clip,5,0.9181818181818182
647,BWA-std,5,0.2
647,NW-flex,5,1.0
647,BWA-no-clip,-1,0.9181818181818182
647,BWA-std,-1,0.41818181818181815
647,NW-flex,-1,1.0
648,BWA-no-clip,0,0.6090909090909091
648,BWA-std,0,0.12727272727272726
648,NW-flex,0,1.0
648,BWA-no-clip,1,0.6090909090909091
648,BWA-std,1,0.12727272727272726
648,NW-flex,1,1.0
648,BWA-no-clip,10,0.7575757575757576
648,BWA-std,10,0.4090909090909091
648,NW-flex,10,1.0
648,BWA-no-clip,2,0.5787878787878787
648,BWA-std,2,0.12727272727272726
648,NW-flex,2,0.9030303030303031
648,BWA-no-clip,3,0.6515151515151515
648,BWA-std,3,0.13636363636363635
648,NW-flex,3,1.0
648,BWA-no-clip,5,0.7121212121212122
648,BWA-std,5,0.19090909090909092
648,NW-flex,5,1.0
648,BWA-no-clip,-1,0.7575757575757576
648,BWA-std,-1,0.4090909090909091
648,NW-flex,-1,1.0
649,BWA-no-clip,0,0.5636363636363636
649,BWA-std,0,0.12727272727272726
649,NW-flex,0,1.0
649,BWA-no-clip,1,0.5909090909090909
649,BWA-std,1,0.12727272727272726
649,NW-flex,1,1.0
649,BWA-no-clip,10,0.7636363636363637
649,BWA-std,10,0.4
649,NW-flex,10,1.0
649,BWA-no-clip,2,0.5515151515151515
649,BWA-std,2,0.12727272727272726
649,NW-flex,2,0.990909090909091
649,BWA-no-clip,3,0.6454545454545455
649,BWA-std,3,0.12727272727272726
649,NW-flex,3,1.0
649,BWA-no-clip,5,0.7181818181818181
649,BWA-std,5,0.18181818181818182
649,NW-flex,5,1.0
649,BWA-no-clip,-1,0.7636363636363637
649,BWA-std,-1,0.4
649,NW-flex,-1,1.0
650,BWA-no-clip,0,0.5727272727272728
650,BWA-std,0,0.12727272727272726
650,NW-flex,0,1.0
650,BWA-no-clip,1,0.6272727272727273
650,BWA-std,1,0.12727272727272726
650,NW-flex,1,1.0
650,BWA-no-clip,10,0.7454545454545455
650,BWA-std,10,0.4
650,NW-flex,10,1.0
650,BWA-no-clip,2,0.6242424242424243
650,BWA-std,2,0.12727272727272726
650,NW-flex,2,0.996969696969697
650,BWA-no-clip,3,0.6181818181818182
650,BWA-std,3,0.12727272727272726
650,NW-flex,3,1.0
650,BWA-no-clip,5,0.6181818181818182
650,BWA-std,5,0.18181818181818182
650,NW-flex,5,1.0
650,BWA-no-clip,-1,0.7454545454545455
650,BWA-std,-1,0.4
650,NW-flex,-1,1.0
651,BWA-no-clip,0,0.5454545454545454
651,BWA-std,0,0.10909090909090909
651,NW-flex,0,0.9
651,BWA-no-clip,1,0.7454545454545455
651,BWA-std,1,0.12727272727272726
651,NW-flex,1,1.0
651,BWA-no-clip,10,0.8818181818181818
651,BWA-std,10,0.41818181818181815
651,NW-flex,10,1.0
651,BWA-no-clip,2,0.6272727272727273
651,BWA-std,2,0.13636363636363635
651,NW-flex,2,1.0
651,BWA-no-clip,3,0.8272727272727273
651,BWA-std,3,0.14545454545454545
651,NW-flex,3,1.0
651,BWA-no-clip,5,0.8181818181818182
651,BWA-std,5,0.2
651,NW-flex,5,1.0
651,BWA-no-clip,-1,0.8818181818181818
651,BWA-std,-1,0.41818181818181815
651,NW-flex,-1,1.0
652,BWA-no-clip,0,0.6181818181818182
652,BWA-std,0,0.12727272727272726
652,NW-flex,0,1.0
652,BWA-no-clip,1,0.6818181818181818
652,BWA-std,1,0.12727272727272726
652,NW-flex,1,1.0
652,BWA-no-clip,10,0.7666666666666667
652,BWA-std,10,0.4090909090909091
652,NW-flex,10,1.0
652,BWA-no-clip,2,0.6727272727272727
652,BWA-std,2,0.12727272727272726
652,NW-flex,2,1.0
652,BWA-no-clip,3,0.6393939393939394
652,BWA-std,3,0.13636363636363635
652,NW-flex,3,1.0
652,BWA-no-clip,5,0.7575757575757576
652,BWA-std,5,0.19090909090909092
652,NW-flex,5,1.0
652,BWA-no-clip,-1,0.7666666666666667
652,BWA-std,-1,0.4090909090909091
652,NW-flex,-1,1.0
653,BWA-no-clip,0,0.4090909090909091
653,BWA-std,0,0.12727272727272726
653,NW-flex,0,1.0
653,BWA-no-clip,1,0.2787878787878788
653,BWA-std,1,0.11818181818181818
653,NW-flex,1,0.9787878787878788
653,BWA-no-clip,10,0.8636363636363636
653,BWA-std,10,0.41818181818181815
653,NW-flex,10,1.0
653,BWA-no-clip,2,0.3787878787878788
653,BWA-std,2,0.13636363636363635
653,NW-flex,2,0.9818181818181818
653,BWA-no-clip,3,0.7
653,BWA-std,3,0.14545454545454545
653,NW-flex,3,1.0
653,BWA-no-clip,5,0.7818181818181819
653,BWA-std,5,0.2
653,NW-flex,5,1.0
653,BWA-no-clip,-1,0.8636363636363636
653,BWA-std,-1,0.41818181818181815
653,NW-flex,-1,1.0
654,BWA-no-clip,0,0.7
654,BWA-std,0,0.12727272727272726
654,NW-flex,0,1.0
654,BWA-no-clip,1,0.6818181818181818
654,BWA-std,1,0.12727272727272726
654,NW-flex,1,1.0
654,BWA-no-clip,10,0.8454545454545455
654,BWA-std,10,0.41818181818181815
654,NW-flex,10,1.0
654,BWA-no-clip,2,0.7
654,BWA-std,2,0.13636363636363635
654,NW-flex,2,1.0
654,BWA-no-clip,3,0.8272727272727273
654,BWA-std,3,0.14545454545454545
654,NW-flex,3,1.0
654,BWA-no-clip,5,0.8181818181818182
654,BWA-std,5,0.2
654,NW-flex,5,1.0
654,BWA-no-clip,-1,0.8454545454545455
654,BWA-std,-1,0.41818181818181815
654,NW-flex,-1,1.0
655,BWA-no-clip,0,0.6272727272727273
655,BWA-std,0,0.12727272727272726
655,NW-flex,0,1.0
655,BWA-no-clip,1,0.6
655,BWA-std,1,0.12727272727272726
655,NW-flex,1,0.806060606060606
655,BWA-no-clip,10,0.7818181818181819
655,BWA-std,10,0.4090909090909091
655,NW-flex,10,1.0
655,BWA-no-clip,2,0.6606060606060606
655,BWA-std,2,0.12727272727272726
655,NW-flex,2,1.0
655,BWA-no-clip,3,0.6909090909090909
655,BWA-std,3,0.13636363636363635
655,NW-flex,3,1.0
655,BWA-no-clip,5,0.6
655,BWA-std,5,0.19090909090909092
655,NW-flex,5,1.0
655,BWA-no-clip,-1,0.7818181818181819
655,BWA-std,-1,0.4090909090909091
655,NW-flex,-1,1.0
656,BWA-no-clip,0,0.6545454545454545
656,BWA-std,0,0.12727272727272726
656,NW-flex,0,1.0
656,BWA-no-clip,1,0.6636363636363637
656,BWA-std,1,0.12727272727272726
656,NW-flex,1,1.0
656,BWA-no-clip,10,0.7575757575757576
656,BWA-std,10,0.4090909090909091
656,NW-flex,10,1.0
656,BWA-no-clip,2,0.6545454545454545
656,BWA-std,2,0.12727272727272726
656,NW-flex,2,1.0
656,BWA-no-clip,3,0.603030303030303
656,BWA-std,3,0.13636363636363635
656,NW-flex,3,0.996969696969697
656,BWA-no-clip,5,0.7484848484848485
656,BWA-std,5,0.19090909090909092
656,NW-flex,5,1.0
656,BWA-no-clip,-1,0.7575757575757576
656,BWA-std,-1,0.4090909090909091
656,NW-flex,-1,1.0
657,BWA-no-clip,0,0.5818181818181818
657,BWA-std,0,0.12727272727272726
657,NW-flex,0,1.0
657,BWA-no-clip,1,0.6181818181818182
657,BWA-std,1,0.12727272727272726
657,NW-flex,1,1.0
657,BWA-no-clip,10,0.6787878787878788
657,BWA-std,10,0.4
657,NW-flex,10,1.0
657,BWA-no-clip,2,0.5818181818181818
657,BWA-std,2,0.12727272727272726
657,NW-flex,2,1.0
657,BWA-no-clip,3,0.5363636363636364
657,BWA-std,3,0.14242424242424243
657,NW-flex,3,0.806060606060606
657,BWA-no-clip,5,0.6606060606060606
657,BWA-std,5,0.18181818181818182
657,NW-flex,5,1.0
657,BWA-no-clip,-1,0.6787878787878788
657,BWA-std,-1,0.4
657,NW-flex,-1,1.0
658,BWA-no-clip,0,0.5272727272727272
658,BWA-std,0,0.12727272727272726
658,NW-flex,0,1.0
658,BWA-no-clip,1,0.5636363636363636
658,BWA-std,1,0.12727272727272726
658,NW-flex,1,1.0
658,BWA-no-clip,10,0.6606060606060606
658,BWA-std,10,0.4
658,NW-flex,10,1.0
658,BWA-no-clip,2,0.5363636363636364
658,BWA-std,2,0.12727272727272726
658,NW-flex,2,1.0
658,BWA-no-clip,3,0.5696969696969697
658,BWA-std,3,0.13636363636363635
658,NW-flex,3,0.9030303030303031
658,BWA-no-clip,5,0.6212121212121212
658,BWA-std,5,0.18181818181818182
658,NW-flex,5,1.0
658,BWA-no-clip,-1,0.6606060606060606
658,BWA-std,-1,0.4
658,NW-flex,-1,1.0
659,BWA-no-clip,0,0.7090909090909091
659,BWA-std,0,0.12727272727272726
659,NW-flex,0,1.0
659,BWA-no-clip,1,0.7363636363636363
659,BWA-std,1,0.12727272727272726
659,NW-flex,1,1.0
659,BWA-no-clip,10,0.8818181818181818
659,BWA-std,10,0.41818181818181815
659,NW-flex,10,1.0
659,BWA-no-clip,2,0.7727272727272727
659,BWA-std,2,0.13636363636363635
659,NW-flex,2,1.0
659,BWA-no-clip,3,0.8727272727272727
659,BWA-std,3,0.14545454545454545
659,NW-flex,3,1.0
659,BWA-no-clip,5,0.8272727272727273
659,BWA-std,5,0.2
659,NW-flex,5,1.0
659,BWA-no-clip,-1,0.8818181818181818
659,BWA-std,-1,0.41818181818181815
659,NW-flex,-1,1.0
660,BWA-no-clip,0,0.6363636363636364
660,BWA-std,0,0.12727272727272726
660,NW-flex,0,1.0
660,BWA-no-clip,1,0.7
660,BWA-std,1,0.12727272727272726
660,NW-flex,1,1.0
660,BWA-no-clip,10,0.8727272727272727
660,BWA-std,10,0.41818181818181815
660,NW-flex,10,1.0
660,BWA-no-clip,2,0.7272727272727273
660,BWA-std,2,0.13636363636363635
660,NW-flex,2,1.0
660,BWA-no-clip,3,0.7363636363636363
660,BWA-std,3,0.14545454545454545
660,NW-flex,3,1.0
660,BWA-no-clip,5,0.8181818181818182
660,BWA-std,5,0.2
660,NW-flex,5,1.0
660,BWA-no-clip,-1,0.8727272727272727
660,BWA-std,-1,0.41818181818181815
660,NW-flex,-1,1.0
661,BWA-no-clip,0,0.509090909090909
661,BWA-std,0,0.12727272727272726
661,NW-flex,0,1.0
661,BWA-no-clip,1,0.5333333333333333
661,BWA-std,1,0.12727272727272726
661,NW-flex,1,1.0
661,BWA-no-clip,10,0.6
661,BWA-std,10,0.38181818181818183
661,NW-flex,10,1.0
661,BWA-no-clip,2,0.5636363636363636
661,BWA-std,2,0.12727272727272726
661,NW-flex,2,1.0
661,BWA-no-clip,3,0.5515151515151515
661,BWA-std,3,0.12727272727272726
661,NW-flex,3,1.0
661,BWA-no-clip,5,0.5454545454545454
661,BWA-std,5,0.16363636363636364
661,NW-flex,5,1.0
661,BWA-no-clip,-1,0.6
661,BWA-std,-1,0.38181818181818183
661,NW-flex,-1,1.0
662,BWA-no-clip,0,0.6181818181818182
662,BWA-std,0,0.12727272727272726
662,NW-flex,0,1.0
662,BWA-no-clip,1,0.6181818181818182
662,BWA-std,1,0.12727272727272726
662,NW-flex,1,1.0
662,BWA-no-clip,10,0.7575757575757576
662,BWA-std,10,0.4090909090909091
662,NW-flex,10,1.0
662,BWA-no-clip,2,0.6181818181818182
662,BWA-std,2,0.12727272727272726
662,NW-flex,2,1.0
662,BWA-no-clip,3,0.5878787878787879
662,BWA-std,3,0.13636363636363635
662,NW-flex,3,0.996969696969697
662,BWA-no-clip,5,0.7303030303030303
662,BWA-std,5,0.19090909090909092
662,NW-flex,5,1.0
662,BWA-no-clip,-1,0.7575757575757576
662,BWA-std,-1,0.4090909090909091
662,NW-flex,-1,1.0
663,BWA-no-clip,0,0.6363636363636364
663,BWA-std,0,0.12727272727272726
663,NW-flex,0,1.0
663,BWA-no-clip,1,0.6363636363636364
663,BWA-std,1,0.12727272727272726
663,NW-flex,1,1.0
663,BWA-no-clip,10,0.7484848484848485
663,BWA-std,10,0.4090909090909091
663,NW-flex,10,1.0
663,BWA-no-clip,2,0.5545454545454546
663,BWA-std,2,0.12727272727272726
663,NW-flex,2,1.0
663,BWA-no-clip,3,0.503030303030303
663,BWA-std,3,0.13636363636363635
663,NW-flex,3,0.9939393939393939
663,BWA-no-clip,5,0.6575757575757576
663,BWA-std,5,0.19090909090909092
663,NW-flex,5,1.0
663,BWA-no-clip,-1,0.7484848484848485
663,BWA-std,-1,0.4090909090909091
663,NW-flex,-1,1.0
664,BWA-no-clip,0,0.6909090909090909
664,BWA-std,0,0.12727272727272726
664,NW-flex,0,1.0
664,BWA-no-clip,1,0.6818181818181818
664,BWA-std,1,0.12727272727272726
664,NW-flex,1,1.0
664,BWA-no-clip,10,0.8727272727272727
664,BWA-std,10,0.41818181818181815
664,NW-flex,10,1.0
664,BWA-no-clip,2,0.6575757575757576
664,BWA-std,2,0.13636363636363635
664,NW-flex,2,1.0
664,BWA-no-clip,3,0.8
664,BWA-std,3,0.14545454545454545
664,NW-flex,3,1.0
664,BWA-no-clip,5,0.8727272727272727
664,BWA-std,5,0.2
664,NW-flex,5,1.0
664,BWA-no-clip,-1,0.8727272727272727
664,BWA-std,-1,0.41818181818181815
664,NW-flex,-1,1.0
665,BWA-no-clip,0,0.7545454545454545
665,BWA-std,0,0.12727272727272726
665,NW-flex,0,1.0
665,BWA-no-clip,1,0.7363636363636363
665,BWA-std,1,0.12727272727272726
665,NW-flex,1,1.0
665,BWA-no-clip,10,0.9
665,BWA-std,10,0.41818181818181815
665,NW-flex,10,1.0
665,BWA-no-clip,2,0.7545454545454545
665,BWA-std,2,0.13636363636363635
665,NW-flex,2,1.0
665,BWA-no-clip,3,0.7909090909090909
665,BWA-std,3,0.14545454545454545
665,NW-flex,3,1.0
665,BWA-no-clip,5,0.8363636363636363
665,BWA-std,5,0.2
665,NW-flex,5,1.0
665,BWA-no-clip,-1,0.9
665,BWA-std,-1,0.41818181818181815
665,NW-flex,-1,1.0
666,BWA-no-clip,0,0.5363636363636364
666,BWA-std,0,0.12727272727272726
666,NW-flex,0,1.0
666,BWA-no-clip,1,0.5909090909090909
666,BWA-std,1,0.12727272727272726
666,NW-flex,1,1.0
666,BWA-no-clip,10,0.6515151515151515
666,BWA-std,10,0.4
666,NW-flex,10,1.0
666,BWA-no-clip,2,0.5454545454545454
666,BWA-std,2,0.12727272727272726
666,NW-flex,2,1.0
666,BWA-no-clip,3,0.5969696969696969
666,BWA-std,3,0.13636363636363635
666,NW-flex,3,1.0
666,BWA-no-clip,5,0.6060606060606061
666,BWA-std,5,0.18181818181818182
666,NW-flex,5,1.0
666,BWA-no-clip,-1,0.6515151515151515
666,BWA-std,-1,0.4
666,NW-flex,-1,1.0
667,BWA-no-clip,0,0.7181818181818181
667,BWA-std,0,0.12727272727272726
667,NW-flex,0,0.9030303030303031
667,BWA-no-clip,1,0.7636363636363637
667,BWA-std,1,0.12727272727272726
667,NW-flex,1,1.0
667,BWA-no-clip,10,0.9181818181818182
667,BWA-std,10,0.41818181818181815
667,NW-flex,10,1.0
667,BWA-no-clip,2,0.8454545454545455
667,BWA-std,2,0.13636363636363635
667,NW-flex,2,1.0
667,BWA-no-clip,3,0.8545454545454545
667,BWA-std,3,0.14545454545454545
667,NW-flex,3,1.0
667,BWA-no-clip,5,0.9181818181818182
667,BWA-std,5,0.2
667,NW-flex,5,1.0
667,BWA-no-clip,-1,0.9181818181818182
667,BWA-std,-1,0.41818181818181815
667,NW-flex,-1,1.0
668,BWA-no-clip,0,0.5818181818181818
668,BWA-std,0,0.12727272727272726
668,NW-flex,0,1.0
668,BWA-no-clip,1,0.5909090909090909
668,BWA-std,1,0.12727272727272726
668,NW-flex,1,1.0
668,BWA-no-clip,10,0.7393939393939394
668,BWA-std,10,0.4090909090909091
668,NW-flex,10,1.0
668,BWA-no-clip,2,0.5363636363636364
668,BWA-std,2,0.12727272727272726
668,NW-flex,2,1.0
668,BWA-no-clip,3,0.47878787878787876
668,BWA-std,3,0.13636363636363635
668,NW-flex,3,0.9939393939393939
668,BWA-no-clip,5,0.7303030303030303
668,BWA-std,5,0.19090909090909092
668,NW-flex,5,1.0
668,BWA-no-clip,-1,0.7393939393939394
668,BWA-std,-1,0.4090909090909091
668,NW-flex,-1,1.0
669,BWA-no-clip,0,0.7909090909090909
669,BWA-std,0,0.12727272727272726
669,NW-flex,0,1.0
669,BWA-no-clip,1,0.8090909090909091
669,BWA-std,1,0.12727272727272726
669,NW-flex,1,1.0
669,BWA-no-clip,10,0.9090909090909091
669,BWA-std,10,0.41818181818181815
669,NW-flex,10,1.0
669,BWA-no-clip,2,0.7636363636363637
669,BWA-std,2,0.13636363636363635
669,NW-flex,2,1.0
669,BWA-no-clip,3,0.8909090909090909
669,BWA-std,3,0.14545454545454545
669,NW-flex,3,1.0
669,BWA-no-clip,5,0.9090909090909091
669,BWA-std,5,0.2
669,NW-flex,5,1.0
669,BWA-no-clip,-1,0.9090909090909091
669,BWA-std,-1,0.41818181818181815
669,NW-flex,-1,1.0
670,BWA-no-clip,0,0.4727272727272727
670,BWA-std,0,0.12727272727272726
670,NW-flex,0,1.0
670,BWA-no-clip,1,0.48787878787878786
670,BWA-std,1,0.12727272727272726
670,NW-flex,1,1.0
670,BWA-no-clip,10,0.6
670,BWA-std,10,0.38181818181818183
670,NW-flex,10,1.0
670,BWA-no-clip,2,0.5272727272727272
670,BWA-std,2,0.12727272727272726
670,NW-flex,2,1.0
670,BWA-no-clip,3,0.5424242424242425
670,BWA-std,3,0.13636363636363635
670,NW-flex,3,1.0
670,BWA-no-clip,5,0.3303030303030303
670,BWA-std,5,0.15454545454545454
670,NW-flex,5,0.9939393939393939
670,BWA-no-clip,-1,0.6
670,BWA-std,-1,0.38181818181818183
670,NW-flex,-1,1.0
671,BWA-no-clip,0,0.6090909090909091
671,BWA-std,0,0.12727272727272726
671,NW-flex,0,1.0
671,BWA-no-clip,1,0.4636363636363636
671,BWA-std,1,0.12727272727272726
671,NW-flex,1,0.9939393939393939
671,BWA-no-clip,10,0.7818181818181819
671,BWA-std,10,0.41818181818181815
671,NW-flex,10,1.0
671,BWA-no-clip,2,0.45454545454545453
671,BWA-std,2,0.13636363636363635
671,NW-flex,2,0.9939393939393939
671,BWA-no-clip,3,0.7181818181818181
671,BWA-std,3,0.14545454545454545
671,NW-flex,3,1.0
671,BWA-no-clip,5,0.7636363636363637
671,BWA-std,5,0.2
671,NW-flex,5,1.0
671,BWA-no-clip,-1,0.7818181818181819
671,BWA-std,-1,0.41818181818181815
671,NW-flex,-1,1.0
672,BWA-no-clip,0,0.4636363636363636
672,BWA-std,0,0.10909090909090909
672,NW-flex,0,0.8
672,BWA-no-clip,1,0.7181818181818181
672,BWA-std,1,0.12727272727272726
672,NW-flex,1,1.0
672,BWA-no-clip,10,0.7636363636363637
672,BWA-std,10,0.4090909090909091
672,NW-flex,10,1.0
672,BWA-no-clip,2,0.7
672,BWA-std,2,0.12727272727272726
672,NW-flex,2,1.0
672,BWA-no-clip,3,0.5727272727272728
672,BWA-std,3,0.13636363636363635
672,NW-flex,3,1.0
672,BWA-no-clip,5,0.7181818181818181
672,BWA-std,5,0.19090909090909092
672,NW-flex,5,1.0
672,BWA-no-clip,-1,0.7636363636363637
672,BWA-std,-1,0.4090909090909091
672,NW-flex,-1,1.0
673,BWA-no-clip,0,0.6727272727272727
673,BWA-std,0,0.12727272727272726
673,NW-flex,0,1.0
673,BWA-no-clip,1,0.7545454545454545
673,BWA-std,1,0.12727272727272726
673,NW-flex,1,1.0
673,BWA-no-clip,10,0.8636363636363636
673,BWA-std,10,0.41818181818181815
673,NW-flex,10,1.0
673,BWA-no-clip,2,0.8090909090909091
673,BWA-std,2,0.13636363636363635
673,NW-flex,2,1.0
673,BWA-no-clip,3,0.8181818181818182
673,BWA-std,3,0.14545454545454545
673,NW-flex,3,1.0
673,BWA-no-clip,5,0.8090909090909091
673,BWA-std,5,0.2
673,NW-flex,5,1.0
673,BWA-no-clip,-1,0.8636363636363636
673,BWA-std,-1,0.41818181818181815
673,NW-flex,-1,1.0
674,BWA-no-clip,0,0.5636363636363636
674,BWA-std,0,0.12727272727272726
674,NW-flex,0,1.0
674,BWA-no-clip,1,0.5909090909090909
674,BWA-std,1,0.12727272727272726
674,NW-flex,1,1.0
674,BWA-no-clip,10,0.6787878787878788
674,BWA-std,10,0.4
674,NW-flex,10,1.0
674,BWA-no-clip,2,0.5909090909090909
674,BWA-std,2,0.12727272727272726
674,NW-flex,2,1.0
674,BWA-no-clip,3,0.5606060606060606
674,BWA-std,3,0.13636363636363635
674,NW-flex,3,0.9030303030303031
674,BWA-no-clip,5,0.6060606060606061
674,BWA-std,5,0.18181818181818182
674,NW-flex,5,1.0
674,BWA-no-clip,-1,0.6787878787878788
674,BWA-std,-1,0.4
674,NW-flex,-1,1.0
675,BWA-no-clip,0,0.7181818181818181
675,BWA-std,0,0.12727272727272726
675,NW-flex,0,1.0
675,BWA-no-clip,1,0.7090909090909091
675,BWA-std,1,0.12727272727272726
675,NW-flex,1,1.0
675,BWA-no-clip,10,0.8272727272727273
675,BWA-std,10,0.4090909090909091
675,NW-flex,10,1.0
675,BWA-no-clip,2,0.6727272727272727
675,BWA-std,2,0.12727272727272726
675,NW-flex,2,1.0
675,BWA-no-clip,3,0.7636363636363637
675,BWA-std,3,0.13636363636363635
675,NW-flex,3,1.0
675,BWA-no-clip,5,0.8181818181818182
675,BWA-std,5,0.19090909090909092
675,NW-flex,5,1.0
675,BWA-no-clip,-1,0.8272727272727273
675,BWA-std,-1,0.4090909090909091
675,NW-flex,-1,1.0
676,BWA-no-clip,0,0.23333333333333334
676,BWA-std,0,0.10909090909090909
676,NW-flex,0,0.8
676,BWA-no-clip,1,0.8181818181818182
676,BWA-std,1,0.12727272727272726
676,NW-flex,1,1.0
676,BWA-no-clip,10,0.8363636363636363
676,BWA-std,10,0.4090909090909091
676,NW-flex,10,1.0
676,BWA-no-clip,2,0.7
676,BWA-std,2,0.12727272727272726
676,NW-flex,2,1.0
676,BWA-no-clip,3,0.8272727272727273
676,BWA-std,3,0.13636363636363635
676,NW-flex,3,1.0
676,BWA-no-clip,5,0.8
676,BWA-std,5,0.19090909090909092
676,NW-flex,5,1.0
676,BWA-no-clip,-1,0.8363636363636363
676,BWA-std,-1,0.4090909090909091
676,NW-flex,-1,1.0
677,BWA-no-clip,0,0.4909090909090909
677,BWA-std,0,0.12727272727272726
677,NW-flex,0,1.0
677,BWA-no-clip,1,0.5151515151515151
677,BWA-std,1,0.12727272727272726
677,NW-flex,1,1.0
677,BWA-no-clip,10,0.6
677,BWA-std,10,0.38181818181818183
677,NW-flex,10,1.0
677,BWA-no-clip,2,0.5454545454545454
677,BWA-std,2,0.12727272727272726
677,NW-flex,2,1.0
677,BWA-no-clip,3,0.5424242424242425
677,BWA-std,3,0.13636363636363635
677,NW-flex,3,1.0
677,BWA-no-clip,5,0.5272727272727272
677,BWA-std,5,0.16363636363636364
677,NW-flex,5,1.0
677,BWA-no-clip,-1,0.6
677,BWA-std,-1,0.38181818181818183
677,NW-flex,-1,1.0
678,BWA-no-clip,0,0.5909090909090909
678,BWA-std,0,0.12727272727272726
678,NW-flex,0,1.0
678,BWA-no-clip,1,0.7
678,BWA-std,1,0.12727272727272726
678,NW-flex,1,1.0
678,BWA-no-clip,10,0.8545454545454545
678,BWA-std,10,0.41818181818181815
678,NW-flex,10,1.0
678,BWA-no-clip,2,0.6454545454545455
678,BWA-std,2,0.13636363636363635
678,NW-flex,2,1.0
678,BWA-no-clip,3,0.7545454545454545
678,BWA-std,3,0.14545454545454545
678,NW-flex,3,1.0
678,BWA-no-clip,5,0.7454545454545455
678,BWA-std,5,0.2
678,NW-flex,5,1.0
678,BWA-no-clip,-1,0.8545454545454545
678,BWA-std,-1,0.41818181818181815
678,NW-flex,-1,1.0
679,BWA-no-clip,0,0.5181818181818182
679,BWA-std,0,0.10909090909090909
679,NW-flex,0,0.8
679,BWA-no-clip,1,0.7545454545454545
679,BWA-std,1,0.12727272727272726
679,NW-flex,1,1.0
679,BWA-no-clip,10,0.8909090909090909
679,BWA-std,10,0.41818181818181815
679,NW-flex,10,1.0
679,BWA-no-clip,2,0.8363636363636363
679,BWA-std,2,0.13636363636363635
679,NW-flex,2,1.0
679,BWA-no-clip,3,0.8363636363636363
679,BWA-std,3,0.14545454545454545
679,NW-flex,3,1.0
679,BWA-no-clip,5,0.8818181818181818
679,BWA-std,5,0.2
679,NW-flex,5,1.0
679,BWA-no-clip,-1,0.8909090909090909
679,BWA-std,-1,0.41818181818181815
679,NW-flex,-1,1.0
680,BWA-no-clip,0,0.45454545454545453
680,BWA-std,0,0.12727272727272726
680,NW-flex,0,1.0
680,BWA-no-clip,1,0.47878787878787876
680,BWA-std,1,0.12727272727272726
680,NW-flex,1,1.0
680,BWA-no-clip,10,0.6
680,BWA-std,10,0.38181818181818183
680,NW-flex,10,1.0
680,BWA-no-clip,2,0.4090909090909091
680,BWA-std,2,0.12727272727272726
680,NW-flex,2,1.0
680,BWA-no-clip,3,0.5242424242424243
680,BWA-std,3,0.13636363636363635
680,NW-flex,3,1.0
680,BWA-no-clip,5,0.30606060606060603
680,BWA-std,5,0.14545454545454545
680,NW-flex,5,0.996969696969697
680,BWA-no-clip,-1,0.6
680,BWA-std,-1,0.38181818181818183
680,NW-flex,-1,1.0
681,BWA-no-clip,0,0.4818181818181818
681,BWA-std,0,0.10909090909090909
681,NW-flex,0,0.7
681,BWA-no-clip,1,0.7545454545454545
681,BWA-std,1,0.12727272727272726
681,NW-flex,1,1.0
681,BWA-no-clip,10,0.9
681,BWA-std,10,0.41818181818181815
681,NW-flex,10,1.0
681,BWA-no-clip,2,0.7727272727272727
681,BWA-std,2,0.13636363636363635
681,NW-flex,2,1.0
681,BWA-no-clip,3,0.8727272727272727
681,BWA-std,3,0.14545454545454545
681,NW-flex,3,1.0
681,BWA-no-clip,5,0.9
681,BWA-std,5,0.2
681,NW-flex,5,1.0
681,BWA-no-clip,-1,0.9
681,BWA-std,-1,0.41818181818181815
681,NW-flex,-1,1.0
682,BWA-no-clip,0,0.43636363636363634
682,BWA-std,0,0.10909090909090909
682,NW-flex,0,0.7
682,BWA-no-clip,1,0.7
682,BWA-std,1,0.12727272727272726
682,NW-flex,1,1.0
682,BWA-no-clip,10,0.8272727272727273
682,BWA-std,10,0.4090909090909091
682,NW-flex,10,1.0
682,BWA-no-clip,2,0.7181818181818181
682,BWA-std,2,0.12727272727272726
682,NW-flex,2,1.0
682,BWA-no-clip,3,0.7272727272727273
682,BWA-std,3,0.13636363636363635
682,NW-flex,3,1.0
682,BWA-no-clip,5,0.7909090909090909
682,BWA-std,5,0.19090909090909092
682,NW-flex,5,1.0
682,BWA-no-clip,-1,0.8272727272727273
682,BWA-std,-1,0.4090909090909091
682,NW-flex,-1,1.0
683,BWA-no-clip,0,0.6818181818181818
683,BWA-std,0,0.12727272727272726
683,NW-flex,0,1.0
683,BWA-no-clip,1,0.7
683,BWA-std,1,0.12727272727272726
683,NW-flex,1,1.0
683,BWA-no-clip,10,0.8545454545454545
683,BWA-std,10,0.4090909090909091
683,NW-flex,10,1.0
683,BWA-no-clip,2,0.7727272727272727
683,BWA-std,2,0.12727272727272726
683,NW-flex,2,1.0
683,BWA-no-clip,3,0.7727272727272727
683,BWA-std,3,0.13636363636363635
683,NW-flex,3,1.0
683,BWA-no-clip,5,0.8181818181818182
683,BWA-std,5,0.19090909090909092
683,NW-flex,5,1.0
683,BWA-no-clip,-1,0.8545454545454545
683,BWA-std,-1,0.4090909090909091
683,NW-flex,-1,1.0
684,BWA-no-clip,0,0.4818181818181818
684,BWA-std,0,0.10909090909090909
684,NW-flex,0,0.7
684,BWA-no-clip,1,0.7363636363636363
684,BWA-std,1,0.12727272727272726
684,NW-flex,1,1.0
684,BWA-no-clip,10,0.8454545454545455
684,BWA-std,10,0.4090909090909091
684,NW-flex,10,1.0
684,BWA-no-clip,2,0.7
684,BWA-std,2,0.12727272727272726
684,NW-flex,2,1.0
684,BWA-no-clip,3,0.6181818181818182
684,BWA-std,3,0.13636363636363635
684,NW-flex,3,1.0
684,BWA-no-clip,5,0.8363636363636363
684,BWA-std,5,0.19090909090909092
684,NW-flex,5,1.0
684,BWA-no-clip,-1,0.8454545454545455
684,BWA-std,-1,0.4090909090909091
684,NW-flex,-1,1.0
685,BWA-no-clip,0,0.6
685,BWA-std,0,0.12727272727272726
685,NW-flex,0,0.9030303030303031
685,BWA-no-clip,1,0.6545454545454545
685,BWA-std,1,0.12727272727272726
685,NW-flex,1,1.0
685,BWA-no-clip,10,0.8909090909090909
685,BWA-std,10,0.41818181818181815
685,NW-flex,10,1.0
685,BWA-no-clip,2,0.7606060606060606
685,BWA-std,2,0.13636363636363635
685,NW-flex,2,1.0
685,BWA-no-clip,3,0.8
685,BWA-std,3,0.14545454545454545
685,NW-flex,3,1.0
685,BWA-no-clip,5,0.8454545454545455
685,BWA-std,5,0.2
685,NW-flex,5,1.0
685,BWA-no-clip,-1,0.8909090909090909
685,BWA-std,-1,0.41818181818181815
685,NW-flex,-1,1.0
686,BWA-no-clip,0,0.6
686,BWA-std,0,0.12727272727272726
686,NW-flex,0,1.0
686,BWA-no-clip,1,0.6
686,BWA-std,1,0.12727272727272726
686,NW-flex,1,1.0
686,BWA-no-clip,10,0.7484848484848485
686,BWA-std,10,0.4090909090909091
686,NW-flex,10,1.0
686,BWA-no-clip,2,0.5545454545454546
686,BWA-std,2,0.12727272727272726
686,NW-flex,2,1.0
686,BWA-no-clip,3,0.503030303030303
686,BWA-std,3,0.13636363636363635
686,NW-flex,3,0.9939393939393939
686,BWA-no-clip,5,0.703030303030303
686,BWA-std,5,0.19090909090909092
686,NW-flex,5,1.0
686,BWA-no-clip,-1,0.7484848484848485
686,BWA-std,-1,0.4090909090909091
686,NW-flex,-1,1.0
687,BWA-no-clip,0,0.6454545454545455
687,BWA-std,0,0.12727272727272726
687,NW-flex,0,1.0
687,BWA-no-clip,1,0.6636363636363637
687,BWA-std,1,0.12727272727272726
687,NW-flex,1,1.0
687,BWA-no-clip,10,0.8181818181818182
687,BWA-std,10,0.4090909090909091
687,NW-flex,10,1.0
687,BWA-no-clip,2,0.6363636363636364
687,BWA-std,2,0.12727272727272726
687,NW-flex,2,1.0
687,BWA-no-clip,3,0.6818181818181818
687,BWA-std,3,0.13636363636363635
687,NW-flex,3,1.0
687,BWA-no-clip,5,0.7727272727272727
687,BWA-std,5,0.19090909090909092
687,NW-flex,5,1.0
687,BWA-no-clip,-1,0.8181818181818182
687,BWA-std,-1,0.4090909090909091
687,NW-flex,-1,1.0
688,BWA-no-clip,0,0.48787878787878786
688,BWA-std,0,0.10909090909090909
688,NW-flex,0,0.8
688,BWA-no-clip,1,0.7090909090909091
688,BWA-std,1,0.12727272727272726
688,NW-flex,1,1.0
688,BWA-no-clip,10,0.8636363636363636
688,BWA-std,10,0.4090909090909091
688,NW-flex,10,1.0
688,BWA-no-clip,2,0.6909090909090909
688,BWA-std,2,0.12727272727272726
688,NW-flex,2,1.0
688,BWA-no-clip,3,0.7363636363636363
688,BWA-std,3,0.13636363636363635
688,NW-flex,3,1.0
688,BWA-no-clip,5,0.8181818181818182
688,BWA-std,5,0.19090909090909092
688,NW-flex,5,1.0
688,BWA-no-clip,-1,0.8636363636363636
688,BWA-std,-1,0.4090909090909091
688,NW-flex,-1,1.0
689,BWA-no-clip,0,0.4818181818181818
689,BWA-std,0,0.10909090909090909
689,NW-flex,0,0.7
689,BWA-no-clip,1,0.7090909090909091
689,BWA-std,1,0.12727272727272726
689,NW-flex,1,1.0
689,BWA-no-clip,10,0.8454545454545455
689,BWA-std,10,0.4090909090909091
689,NW-flex,10,1.0
689,BWA-no-clip,2,0.7181818181818181
689,BWA-std,2,0.12727272727272726
689,NW-flex,2,1.0
689,BWA-no-clip,3,0.5878787878787879
689,BWA-std,3,0.12727272727272726
689,NW-flex,3,1.0
689,BWA-no-clip,5,0.8363636363636363
689,BWA-std,5,0.19090909090909092
689,NW-flex,5,1.0
689,BWA-no-clip,-1,0.8454545454545455
689,BWA-std,-1,0.4090909090909091
689,NW-flex,-1,1.0
690,BWA-no-clip,0,0.7272727272727273
690,BWA-std,0,0.12727272727272726
690,NW-flex,0,1.0
690,BWA-no-clip,1,0.7727272727272727
690,BWA-std,1,0.12727272727272726
690,NW-flex,1,1.0
690,BWA-no-clip,10,0.8636363636363636
690,BWA-std,10,0.4090909090909091
690,NW-flex,10,1.0
690,BWA-no-clip,2,0.7454545454545455
690,BWA-std,2,0.12727272727272726
690,NW-flex,2,1.0
690,BWA-no-clip,3,0.7909090909090909
690,BWA-std,3,0.13636363636363635
690,NW-flex,3,1.0
690,BWA-no-clip,5,0.8545454545454545
690,BWA-std,5,0.19090909090909092
690,NW-flex,5,1.0
690,BWA-no-clip,-1,0.8636363636363636
690,BWA-std,-1,0.4090909090909091
690,NW-flex,-1,1.0
691,BWA-no-clip,0,0.5818181818181818
691,BWA-std,0,0.10909090909090909
691,NW-flex,0,0.8
691,BWA-no-clip,1,0.7909090909090909
691,BWA-std,1,0.12727272727272726
691,NW-flex,1,1.0
691,BWA-no-clip,10,0.8727272727272727
691,BWA-std,10,0.4090909090909091
691,NW-flex,10,1.0
691,BWA-no-clip,2,0.7545454545454545
691,BWA-std,2,0.12727272727272726
691,NW-flex,2,1.0
691,BWA-no-clip,3,0.7727272727272727
691,BWA-std,3,0.13636363636363635
691,NW-flex,3,1.0
691,BWA-no-clip,5,0.8636363636363636
691,BWA-std,5,0.19090909090909092
691,NW-flex,5,1.0
691,BWA-no-clip,-1,0.8727272727272727
691,BWA-std,-1,0.4090909090909091
691,NW-flex,-1,1.0
692,BWA-no-clip,0,0.5363636363636364
692,BWA-std,0,0.10909090909090909
692,NW-flex,0,0.8
692,BWA-no-clip,1,0.8
692,BWA-std,1,0.12727272727272726
692,NW-flex,1,1.0
692,BWA-no-clip,10,0.9090909090909091
692,BWA-std,10,0.41818181818181815
692,NW-flex,10,1.0
692,BWA-no-clip,2,0.8727272727272727
692,BWA-std,2,0.13636363636363635
692,NW-flex,2,1.0
692,BWA-no-clip,3,0.8818181818181818
692,BWA-std,3,0.14545454545454545
692,NW-flex,3,1.0
692,BWA-no-clip,5,0.8545454545454545
692,BWA-std,5,0.2
692,NW-flex,5,1.0
692,BWA-no-clip,-1,0.9090909090909091
692,BWA-std,-1,0.41818181818181815
692,NW-flex,-1,1.0
693,BWA-no-clip,0,0.6272727272727273
693,BWA-std,0,0.12727272727272726
693,NW-flex,0,1.0
693,BWA-no-clip,1,0.6272727272727273
693,BWA-std,1,0.12727272727272726
693,NW-flex,1,1.0
693,BWA-no-clip,10,0.7484848484848485
693,BWA-std,10,0.4090909090909091
693,NW-flex,10,1.0
693,BWA-no-clip,2,0.5818181818181818
693,BWA-std,2,0.12727272727272726
693,NW-flex,2,1.0
693,BWA-no-clip,3,0.503030303030303
693,BWA-std,3,0.13636363636363635
693,NW-flex,3,0.9939393939393939
693,BWA-no-clip,5,0.7303030303030303
693,BWA-std,5,0.19090909090909092
693,NW-flex,5,1.0
693,BWA-no-clip,-1,0.7484848484848485
693,BWA-std,-1,0.4090909090909091
693,NW-flex,-1,1.0
694,BWA-no-clip,0,0.5818181818181818
694,BWA-std,0,0.12727272727272726
694,NW-flex,0,1.0
694,BWA-no-clip,1,0.6242424242424243
694,BWA-std,1,0.12727272727272726
694,NW-flex,1,0.9030303030303031
694,BWA-no-clip,10,0.7454545454545455
694,BWA-std,10,0.4090909090909091
694,NW-flex,10,1.0
694,BWA-no-clip,2,0.6181818181818182
694,BWA-std,2,0.12727272727272726
694,NW-flex,2,1.0
694,BWA-no-clip,3,0.6848484848484848
694,BWA-std,3,0.13636363636363635
694,NW-flex,3,1.0
694,BWA-no-clip,5,0.6909090909090909
694,BWA-std,5,0.19090909090909092
694,NW-flex,5,1.0
694,BWA-no-clip,-1,0.7454545454545455
694,BWA-std,-1,0.4090909090909091
694,NW-flex,-1,1.0
695,BWA-no-clip,0,0.5818181818181818
695,BWA-std,0,0.12727272727272726
695,NW-flex,0,1.0
695,BWA-no-clip,1,0.6909090909090909
695,BWA-std,1,0.12727272727272726
695,NW-flex,1,1.0
695,BWA-no-clip,10,0.7545454545454545
695,BWA-std,10,0.4090909090909091
695,NW-flex,10,1.0
695,BWA-no-clip,2,0.4818181818181818
695,BWA-std,2,0.12727272727272726
695,NW-flex,2,1.0
695,BWA-no-clip,3,0.7272727272727273
695,BWA-std,3,0.13636363636363635
695,NW-flex,3,1.0
695,BWA-no-clip,5,0.7363636363636363
695,BWA-std,5,0.19090909090909092
695,NW-flex,5,1.0
695,BWA-no-clip,-1,0.7545454545454545
695,BWA-std,-1,0.4090909090909091
695,NW-flex,-1,1.0
696,BWA-no-clip,0,0.7303030303030303
696,BWA-std,0,0.12727272727272726
696,NW-flex,0,1.0
696,BWA-no-clip,1,0.6212121212121212
696,BWA-std,1,0.12727272727272726
696,NW-flex,1,0.996969696969697
696,BWA-no-clip,10,0.8545454545454545
696,BWA-std,10,0.41818181818181815
696,NW-flex,10,1.0
696,BWA-no-clip,2,0.7424242424242424
696,BWA-std,2,0.13636363636363635
696,NW-flex,2,1.0
696,BWA-no-clip,3,0.7909090909090909
696,BWA-std,3,0.14545454545454545
696,NW-flex,3,1.0
696,BWA-no-clip,5,0.8212121212121212
696,BWA-std,5,0.2
696,NW-flex,5,1.0
696,BWA-no-clip,-1,0.8545454545454545
696,BWA-std,-1,0.41818181818181815
696,NW-flex,-1,1.0
697,BWA-no-clip,0,0.6636363636363637
697,BWA-std,0,0.12727272727272726
697,NW-flex,0,1.0
697,BWA-no-clip,1,0.6363636363636364
697,BWA-std,1,0.12727272727272726
697,NW-flex,1,0.9939393939393939
697,BWA-no-clip,10,0.8818181818181818
697,BWA-std,10,0.41818181818181815
697,NW-flex,10,1.0
697,BWA-no-clip,2,0.7090909090909091
697,BWA-std,2,0.13636363636363635
697,NW-flex,2,0.996969696969697
697,BWA-no-clip,3,0.8181818181818182
697,BWA-std,3,0.14545454545454545
697,NW-flex,3,1.0
697,BWA-no-clip,5,0.8727272727272727
697,BWA-std,5,0.2
697,NW-flex,5,1.0
697,BWA-no-clip,-1,0.8818181818181818
697,BWA-std,-1,0.41818181818181815
697,NW-flex,-1,1.0
698,BWA-no-clip,0,0.6181818181818182
698,BWA-std,0,0.12727272727272726
698,NW-flex,0,1.0
698,BWA-no-clip,1,0.6454545454545455
698,BWA-std,1,0.12727272727272726
698,NW-flex,1,1.0
698,BWA-no-clip,10,0.8272727272727273
698,BWA-std,10,0.41818181818181815
698,NW-flex,10,1.0
698,BWA-no-clip,2,0.7363636363636363
698,BWA-std,2,0.13636363636363635
698,NW-flex,2,1.0
698,BWA-no-clip,3,0.8
698,BWA-std,3,0.14545454545454545
698,NW-flex,3,1.0
698,BWA-no-clip,5,0.7818181818181819
698,BWA-std,5,0.2
698,NW-flex,5,1.0
698,BWA-no-clip,-1,0.8272727272727273
698,BWA-std,-1,0.41818181818181815
698,NW-flex,-1,1.0
699,BWA-no-clip,0,0.5818181818181818
699,BWA-std,0,0.12727272727272726
699,NW-flex,0,1.0
699,BWA-no-clip,1,0.6090909090909091
699,BWA-std,1,0.12727272727272726
699,NW-flex,1,1.0
699,BWA-no-clip,10,0.7666666666666667
699,BWA-std,10,0.4090909090909091
699,NW-flex,10,1.0
699,BWA-no-clip,2,0.6
699,BWA-std,2,0.12727272727272726
699,NW-flex,2,1.0
699,BWA-no-clip,3,0.5393939393939394
699,BWA-std,3,0.13636363636363635
699,NW-flex,3,1.0
699,BWA-no-clip,5,0.7484848484848485
699,BWA-std,5,0.19090909090909092
699,NW-flex,5,1.0
699,BWA-no-clip,-1,0.7666666666666667
699,BWA-std,-1,0.4090909090909091
699,NW-flex,-1,1.0
700,BWA-no-clip,0,0.8090909090909091
700,BWA-std,0,0.12727272727272726
700,NW-flex,0,1.0
700,BWA-no-clip,1,0.8454545454545455
700,BWA-std,1,0.12727272727272726
700,NW-flex,1,0.996969696969697
700,BWA-no-clip,10,0.9181818181818182
700,BWA-std,10,0.41818181818181815
700,NW-flex,10,1.0
700,BWA-no-clip,2,0.8606060606060606
700,BWA-std,2,0.13636363636363635
700,NW-flex,2,1.0
700,BWA-no-clip,3,0.8545454545454545
700,BWA-std,3,0.14545454545454545
700,NW-flex,3,1.0
700,BWA-no-clip,5,0.8636363636363636
700,BWA-std,5,0.2
700,NW-flex,5,1.0
700,BWA-no-clip,-1,0.9181818181818182
700,BWA-std,-1,0.41818181818181815
700,NW-flex,-1,1.0
701,BWA-no-clip,0,0.6090909090909091
701,BWA-std,0,0.12727272727272726
701,NW-flex,0,0.9030303030303031
701,BWA-no-clip,1,0.7454545454545455
701,BWA-std,1,0.12727272727272726
701,NW-flex,1,1.0
701,BWA-no-clip,10,0.8818181818181818
701,BWA-std,10,0.41818181818181815
701,NW-flex,10,1.0
701,BWA-no-clip,2,0.6181818181818182
701,BWA-std,2,0.13636363636363635
701,NW-flex,2,1.0
701,BWA-no-clip,3,0.7818181818181819
701,BWA-std,3,0.14545454545454545
701,NW-flex,3,1.0
701,BWA-no-clip,5,0.8
701,BWA-std,5,0.2
701,NW-flex,5,1.0
701,BWA-no-clip,-1,0.8818181818181818
701,BWA-std,-1,0.41818181818181815
701,NW-flex,-1,1.0
702,BWA-no-clip,0,0.7363636363636363
702,BWA-std,0,0.12727272727272726
702,NW-flex,0,0.9030303030303031
702,BWA-no-clip,1,0.7818181818181819
702,BWA-std,1,0.12727272727272726
702,NW-flex,1,1.0
702,BWA-no-clip,10,0.9090909090909091
702,BWA-std,10,0.41818181818181815
702,NW-flex,10,1.0
702,BWA-no-clip,2,0.7272727272727273
702,BWA-std,2,0.13636363636363635
702,NW-flex,2,1.0
702,BWA-no-clip,3,0.8727272727272727
702,BWA-std,3,0.14545454545454545
702,NW-flex,3,1.0
702,BWA-no-clip,5,0.9090909090909091
702,BWA-std,5,0.2
702,NW-flex,5,1.0
702,BWA-no-clip,-1,0.9090909090909091
702,BWA-std,-1,0.41818181818181815
702,NW-flex,-1,1.0
703,BWA-no-clip,0,0.8
703,BWA-std,0,0.12727272727272726
703,NW-flex,0,1.0
703,BWA-no-clip,1,0.7636363636363637
703,BWA-std,1,0.12727272727272726
703,NW-flex,1,1.0
703,BWA-no-clip,10,0.8818181818181818
703,BWA-std,10,0.41818181818181815
703,NW-flex,10,1.0
703,BWA-no-clip,2,0.8
703,BWA-std,2,0.13636363636363635
703,NW-flex,2,1.0
703,BWA-no-clip,3,0.8454545454545455
703,BWA-std,3,0.14545454545454545
703,NW-flex,3,1.0
703,BWA-no-clip,5,0.8818181818181818
703,BWA-std,5,0.2
703,NW-flex,5,1.0
703,BWA-no-clip,-1,0.8818181818181818
703,BWA-std,-1,0.41818181818181815
703,NW-flex,-1,1.0
704,BWA-no-clip,0,0.6090909090909091
704,BWA-std,0,0.12727272727272726
704,NW-flex,0,1.0
704,BWA-no-clip,1,0.6
704,BWA-std,1,0.12727272727272726
704,NW-flex,1,0.990909090909091
704,BWA-no-clip,10,0.8909090909090909
704,BWA-std,10,0.41818181818181815
704,NW-flex,10,1.0
704,BWA-no-clip,2,0.7636363636363637
704,BWA-std,2,0.13636363636363635
704,NW-flex,2,1.0
704,BWA-no-clip,3,0.7727272727272727
704,BWA-std,3,0.14545454545454545
704,NW-flex,3,1.0
704,BWA-no-clip,5,0.8909090909090909
704,BWA-std,5,0.2
704,NW-flex,5,1.0
704,BWA-no-clip,-1,0.8909090909090909
704,BWA-std,-1,0.41818181818181815
704,NW-flex,-1,1.0
705,BWA-no-clip,0,0.6909090909090909
705,BWA-std,0,0.12727272727272726
705,NW-flex,0,1.0
705,BWA-no-clip,1,0.7636363636363637
705,BWA-std,1,0.12727272727272726
705,NW-flex,1,1.0
705,BWA-no-clip,10,0.8818181818181818
705,BWA-std,10,0.41818181818181815
705,NW-flex,10,1.0
705,BWA-no-clip,2,0.7727272727272727
705,BWA-std,2,0.13636363636363635
705,NW-flex,2,1.0
705,BWA-no-clip,3,0.8727272727272727
705,BWA-std,3,0.14545454545454545
705,NW-flex,3,1.0
705,BWA-no-clip,5,0.8272727272727273
705,BWA-std,5,0.2
705,NW-flex,5,1.0
705,BWA-no-clip,-1,0.8818181818181818
705,BWA-std,-1,0.41818181818181815
705,NW-flex,-1,1.0
706,BWA-no-clip,0,0.5
706,BWA-std,0,0.10909090909090909
706,NW-flex,0,0.7
706,BWA-no-clip,1,0.7909090909090909
706,BWA-std,1,0.12727272727272726
706,NW-flex,1,1.0
706,BWA-no-clip,10,0.9181818181818182
706,BWA-std,10,0.41818181818181815
706,NW-flex,10,1.0
706,BWA-no-clip,2,0.8454545454545455
706,BWA-std,2,0.13636363636363635
706,NW-flex,2,1.0
706,BWA-no-clip,3,0.6606060606060606
706,BWA-std,3,0.14545454545454545
706,NW-flex,3,1.0
706,BWA-no-clip,5,0.9181818181818182
706,BWA-std,5,0.2
706,NW-flex,5,1.0
706,BWA-no-clip,-1,0.9181818181818182
706,BWA-std,-1,0.41818181818181815
706,NW-flex,-1,1.0
707,BWA-no-clip,0,0.36363636363636365
707,BWA-std,0,0.11818181818181818
707,NW-flex,0,1.0
707,BWA-no-clip,1,0.43636363636363634
707,BWA-std,1,0.12727272727272726
707,NW-flex,1,1.0
707,BWA-no-clip,10,0.49393939393939396
707,BWA-std,10,0.3575757575757576
707,NW-flex,10,1.0
707,BWA-no-clip,2,0.41818181818181815
707,BWA-std,2,0.12727272727272726
707,NW-flex,2,1.0
707,BWA-no-clip,3,0.4575757575757576
707,BWA-std,3,0.13636363636363635
707,NW-flex,3,1.0
707,BWA-no-clip,5,0.43636363636363634
707,BWA-std,5,0.15454545454545454
707,NW-flex,5,1.0
707,BWA-no-clip,-1,0.49393939393939396
707,BWA-std,-1,0.3575757575757576
707,NW-flex,-1,1.0
708,BWA-no-clip,0,0.6545454545454545
708,BWA-std,0,0.12727272727272726
708,NW-flex,0,1.0
708,BWA-no-clip,1,0.6727272727272727
708,BWA-std,1,0.12727272727272726
708,NW-flex,1,1.0
708,BWA-no-clip,10,0.8909090909090909
708,BWA-std,10,0.41818181818181815
708,NW-flex,10,1.0
708,BWA-no-clip,2,0.7636363636363637
708,BWA-std,2,0.13636363636363635
708,NW-flex,2,1.0
708,BWA-no-clip,3,0.7909090909090909
708,BWA-std,3,0.14545454545454545
708,NW-flex,3,1.0
708,BWA-no-clip,5,0.8090909090909091
708,BWA-std,5,0.2
708,NW-flex,5,1.0
708,BWA-no-clip,-1,0.8909090909090909
708,BWA-std,-1,0.41818181818181815
708,NW-flex,-1,1.0
709,BWA-no-clip,0,0.6727272727272727
709,BWA-std,0,0.12727272727272726
709,NW-flex,0,1.0
709,BWA-no-clip,1,0.7181818181818181
709,BWA-std,1,0.12727272727272726
709,NW-flex,1,1.0
709,BWA-no-clip,10,0.9
709,BWA-std,10,0.41818181818181815
709,NW-flex,10,1.0
709,BWA-no-clip,2,0.7636363636363637
709,BWA-std,2,0.13636363636363635
709,NW-flex,2,1.0
709,BWA-no-clip,3,0.7818181818181819
709,BWA-std,3,0.14545454545454545
709,NW-flex,3,1.0
709,BWA-no-clip,5,0.8909090909090909
709,BWA-std,5,0.2
709,NW-flex,5,1.0
709,BWA-no-clip,-1,0.9
709,BWA-std,-1,0.41818181818181815
709,NW-flex,-1,1.0
710,BWA-no-clip,0,0.6818181818181818
710,BWA-std,0,0.12727272727272726
710,NW-flex,0,1.0
710,BWA-no-clip,1,0.6090909090909091
710,BWA-std,1,0.12727272727272726
710,NW-flex,1,0.990909090909091
710,BWA-no-clip,10,0.8636363636363636
710,BWA-std,10,0.41818181818181815
710,NW-flex,10,1.0
710,BWA-no-clip,2,0.7909090909090909
710,BWA-std,2,0.13636363636363635
710,NW-flex,2,1.0
710,BWA-no-clip,3,0.7727272727272727
710,BWA-std,3,0.14545454545454545
710,NW-flex,3,1.0
710,BWA-no-clip,5,0.8454545454545455
710,BWA-std,5,0.2
710,NW-flex,5,1.0
710,BWA-no-clip,-1,0.8636363636363636
710,BWA-std,-1,0.41818181818181815
710,NW-flex,-1,1.0
711,BWA-no-clip,0,0.7909090909090909
711,BWA-std,0,0.12727272727272726
711,NW-flex,0,1.0
711,BWA-no-clip,1,0.7909090909090909
711,BWA-std,1,0.12727272727272726
711,NW-flex,1,1.0
711,BWA-no-clip,10,0.9090909090909091
711,BWA-std,10,0.41818181818181815
711,NW-flex,10,1.0
711,BWA-no-clip,2,0.8090909090909091
711,BWA-std,2,0.13636363636363635
711,NW-flex,2,1.0
711,BWA-no-clip,3,0.8727272727272727
711,BWA-std,3,0.14545454545454545
711,NW-flex,3,1.0
711,BWA-no-clip,5,0.9090909090909091
711,BWA-std,5,0.2
711,NW-flex,5,1.0
711,BWA-no-clip,-1,0.9090909090909091
711,BWA-std,-1,0.41818181818181815
711,NW-flex,-1,1.0
712,BWA-no-clip,0,0.6363636363636364
712,BWA-std,0,0.12727272727272726
712,NW-flex,0,1.0
712,BWA-no-clip,1,0.6727272727272727
712,BWA-std,1,0.12727272727272726
712,NW-flex,1,1.0
712,BWA-no-clip,10,0.8909090909090909
712,BWA-std,10,0.41818181818181815
712,NW-flex,10,1.0
712,BWA-no-clip,2,0.7545454545454545
712,BWA-std,2,0.13636363636363635
712,NW-flex,2,1.0
712,BWA-no-clip,3,0.7181818181818181
712,BWA-std,3,0.14545454545454545
712,NW-flex,3,1.0
712,BWA-no-clip,5,0.8727272727272727
712,BWA-std,5,0.2
712,NW-flex,5,1.0
712,BWA-no-clip,-1,0.8909090909090909
712,BWA-std,-1,0.41818181818181815
712,NW-flex,-1,1.0
713,BWA-no-clip,0,0.7454545454545455
713,BWA-std,0,0.12727272727272726
713,NW-flex,0,1.0
713,BWA-no-clip,1,0.7818181818181819
713,BWA-std,1,0.12727272727272726
713,NW-flex,1,1.0
713,BWA-no-clip,10,0.8909090909090909
713,BWA-std,10,0.41818181818181815
713,NW-flex,10,1.0
713,BWA-no-clip,2,0.7727272727272727
713,BWA-std,2,0.13636363636363635
713,NW-flex,2,1.0
713,BWA-no-clip,3,0.8272727272727273
713,BWA-std,3,0.14545454545454545
713,NW-flex,3,1.0
713,BWA-no-clip,5,0.8636363636363636
713,BWA-std,5,0.2
713,NW-flex,5,1.0
713,BWA-no-clip,-1,0.8909090909090909
713,BWA-std,-1,0.41818181818181815
713,NW-flex,-1,1.0
714,BWA-no-clip,0,0.6545454545454545
714,BWA-std,0,0.12727272727272726
714,NW-flex,0,1.0
714,BWA-no-clip,1,0.7181818181818181
714,BWA-std,1,0.12727272727272726
714,NW-flex,1,1.0
714,BWA-no-clip,10,0.9
714,BWA-std,10,0.41818181818181815
714,NW-flex,10,1.0
714,BWA-no-clip,2,0.7636363636363637
714,BWA-std,2,0.13636363636363635
714,NW-flex,2,1.0
714,BWA-no-clip,3,0.7818181818181819
714,BWA-std,3,0.14545454545454545
714,NW-flex,3,1.0
714,BWA-no-clip,5,0.9
714,BWA-std,5,0.2
714,NW-flex,5,1.0
714,BWA-no-clip,-1,0.9
714,BWA-std,-1,0.41818181818181815
714,NW-flex,-1,1.0
715,BWA-no-clip,0,0.37272727272727274
715,BWA-std,0,0.10909090909090909
715,NW-flex,0,1.0
715,BWA-no-clip,1,0.4909090909090909
715,BWA-std,1,0.12727272727272726
715,NW-flex,1,1.0
715,BWA-no-clip,10,0.7090909090909091
715,BWA-std,10,0.35454545454545455
715,NW-flex,10,1.0
715,BWA-no-clip,2,0.6090909090909091
715,BWA-std,2,0.12727272727272726
715,NW-flex,2,1.0
715,BWA-no-clip,3,0.6636363636363637
715,BWA-std,3,0.13636363636363635
715,NW-flex,3,1.0
715,BWA-no-clip,5,0.6909090909090909
715,BWA-std,5,0.13636363636363635
715,NW-flex,5,1.0
715,BWA-no-clip,-1,0.7090909090909091
715,BWA-std,-1,0.35454545454545455
715,NW-flex,-1,1.0
716,BWA-no-clip,0,0.5909090909090909
716,BWA-std,0,0.10909090909090909
716,NW-flex,0,0.9
716,BWA-no-clip,1,0.7727272727272727
716,BWA-std,1,0.12727272727272726
716,NW-flex,1,1.0
716,BWA-no-clip,10,0.9
716,BWA-std,10,0.41818181818181815
716,NW-flex,10,1.0
716,BWA-no-clip,2,0.8454545454545455
716,BWA-std,2,0.13636363636363635
716,NW-flex,2,1.0
716,BWA-no-clip,3,0.8636363636363636
716,BWA-std,3,0.14545454545454545
716,NW-flex,3,1.0
716,BWA-no-clip,5,0.8545454545454545
716,BWA-std,5,0.2
716,NW-flex,5,1.0
716,BWA-no-clip,-1,0.9
716,BWA-std,-1,0.41818181818181815
716,NW-flex,-1,1.0
717,BWA-no-clip,0,0.5636363636363636
717,BWA-std,0,0.10909090909090909
717,NW-flex,0,0.9
717,BWA-no-clip,1,0.7818181818181819
717,BWA-std,1,0.12727272727272726
717,NW-flex,1,1.0
717,BWA-no-clip,10,0.8909090909090909
717,BWA-std,10,0.41818181818181815
717,NW-flex,10,1.0
717,BWA-no-clip,2,0.8636363636363636
717,BWA-std,2,0.13636363636363635
717,NW-flex,2,1.0
717,BWA-no-clip,3,0.8636363636363636
717,BWA-std,3,0.14545454545454545
717,NW-flex,3,1.0
717,BWA-no-clip,5,0.8636363636363636
717,BWA-std,5,0.2
717,NW-flex,5,1.0
717,BWA-no-clip,-1,0.8909090909090909
717,BWA-std,-1,0.41818181818181815
717,NW-flex,-1,1.0
718,BWA-no-clip,0,0.5272727272727272
718,BWA-std,0,0.10909090909090909
718,NW-flex,0,0.8
718,BWA-no-clip,1,0.7727272727272727
718,BWA-std,1,0.12727272727272726
718,NW-flex,1,1.0
718,BWA-no-clip,10,0.9
718,BWA-std,10,0.41818181818181815
718,NW-flex,10,1.0
718,BWA-no-clip,2,0.6878787878787879
718,BWA-std,2,0.13636363636363635
718,NW-flex,2,1.0
718,BWA-no-clip,3,0.7909090909090909
718,BWA-std,3,0.14545454545454545
718,NW-flex,3,1.0
718,BWA-no-clip,5,0.9
718,BWA-std,5,0.2
718,NW-flex,5,1.0
718,BWA-no-clip,-1,0.9
718,BWA-std,-1,0.41818181818181815
718,NW-flex,-1,1.0
719,BWA-no-clip,0,0.6909090909090909
719,BWA-std,0,0.12727272727272726
719,NW-flex,0,1.0
719,BWA-no-clip,1,0.7272727272727273
719,BWA-std,1,0.12727272727272726
719,NW-flex,1,0.996969696969697
719,BWA-no-clip,10,0.9
719,BWA-std,10,0.41818181818181815
719,NW-flex,10,1.0
719,BWA-no-clip,2,0.8
719,BWA-std,2,0.13636363636363635
719,NW-flex,2,1.0
719,BWA-no-clip,3,0.7
719,BWA-std,3,0.14545454545454545
719,NW-flex,3,1.0
719,BWA-no-clip,5,0.8636363636363636
719,BWA-std,5,0.2
719,NW-flex,5,1.0
719,BWA-no-clip,-1,0.9
719,BWA-std,-1,0.41818181818181815
719,NW-flex,-1,1.0
720,BWA-no-clip,0,0.4909090909090909
720,BWA-std,0,0.12727272727272726
720,NW-flex,0,0.9030303030303031
720,BWA-no-clip,1,0.6090909090909091
720,BWA-std,1,0.12727272727272726
720,NW-flex,1,1.0
720,BWA-no-clip,10,0.8636363636363636
720,BWA-std,10,0.41818181818181815
720,NW-flex,10,1.0
720,BWA-no-clip,2,0.6606060606060606
720,BWA-std,2,0.13636363636363635
720,NW-flex,2,1.0
720,BWA-no-clip,3,0.5545454545454546
720,BWA-std,3,0.14545454545454545
720,NW-flex,3,1.0
720,BWA-no-clip,5,0.8636363636363636
720,BWA-std,5,0.2
720,NW-flex,5,1.0
720,BWA-no-clip,-1,0.8636363636363636
720,BWA-std,-1,0.41818181818181815
720,NW-flex,-1,1.0
721,BWA-no-clip,0,0.4727272727272727
721,BWA-std,0,0.10909090909090909
721,NW-flex,0,0.7
721,BWA-no-clip,1,0.7636363636363637
721,BWA-std,1,0.12727272727272726
721,NW-flex,1,1.0
721,BWA-no-clip,10,0.8545454545454545
721,BWA-std,10,0.4090909090909091
721,NW-flex,10,1.0
721,BWA-no-clip,2,0.7363636363636363
721,BWA-std,2,0.12727272727272726
721,NW-flex,2,1.0
721,BWA-no-clip,3,0.7363636363636363
721,BWA-std,3,0.13636363636363635
721,NW-flex,3,1.0
721,BWA-no-clip,5,0.8454545454545455
721,BWA-std,5,0.19090909090909092
721,NW-flex,5,1.0
721,BWA-no-clip,-1,0.8545454545454545
721,BWA-std,-1,0.4090909090909091
721,NW-flex,-1,1.0
722,BWA-no-clip,0,0.6909090909090909
722,BWA-std,0,0.12727272727272726
722,NW-flex,0,1.0
722,BWA-no-clip,1,0.7363636363636363
722,BWA-std,1,0.12727272727272726
722,NW-flex,1,1.0
722,BWA-no-clip,10,0.8727272727272727
722,BWA-std,10,0.41818181818181815
722,NW-flex,10,1.0
722,BWA-no-clip,2,0.7818181818181819
722,BWA-std,2,0.13636363636363635
722,NW-flex,2,1.0
722,BWA-no-clip,3,0.7636363636363637
722,BWA-std,3,0.14545454545454545
722,NW-flex,3,1.0
722,BWA-no-clip,5,0.8636363636363636
722,BWA-std,5,0.2
722,NW-flex,5,1.0
722,BWA-no-clip,-1,0.8727272727272727
722,BWA-std,-1,0.41818181818181815
722,NW-flex,-1,1.0
723,BWA-no-clip,0,0.5545454545454546
723,BWA-std,0,0.10909090909090909
723,NW-flex,0,0.9
723,BWA-no-clip,1,0.7545454545454545
723,BWA-std,1,0.12727272727272726
723,NW-flex,1,1.0
723,BWA-no-clip,10,0.8636363636363636
723,BWA-std,10,0.41818181818181815
723,NW-flex,10,1.0
723,BWA-no-clip,2,0.8181818181818182
723,BWA-std,2,0.13636363636363635
723,NW-flex,2,1.0
723,BWA-no-clip,3,0.7909090909090909
723,BWA-std,3,0.14545454545454545
723,NW-flex,3,1.0
723,BWA-no-clip,5,0.8090909090909091
723,BWA-std,5,0.2
723,NW-flex,5,1.0
723,BWA-no-clip,-1,0.8636363636363636
723,BWA-std,-1,0.41818181818181815
723,NW-flex,-1,1.0
724,BWA-no-clip,0,0.6090909090909091
724,BWA-std,0,0.12727272727272726
724,NW-flex,0,1.0
724,BWA-no-clip,1,0.6363636363636364
724,BWA-std,1,0.12727272727272726
724,NW-flex,1,1.0
724,BWA-no-clip,10,0.7909090909090909
724,BWA-std,10,0.4
724,NW-flex,10,1.0
724,BWA-no-clip,2,0.5757575757575758
724,BWA-std,2,0.12727272727272726
724,NW-flex,2,0.9939393939393939
724,BWA-no-clip,3,0.6454545454545455
724,BWA-std,3,0.12727272727272726
724,NW-flex,3,1.0
724,BWA-no-clip,5,0.7363636363636363
724,BWA-std,5,0.18181818181818182
724,NW-flex,5,1.0
724,BWA-no-clip,-1,0.7909090909090909
724,BWA-std,-1,0.4
724,NW-flex,-1,1.0
725,BWA-no-clip,0,0.4090909090909091
725,BWA-std,0,0.10909090909090909
725,NW-flex,0,0.9
725,BWA-no-clip,1,0.6727272727272727
725,BWA-std,1,0.12727272727272726
725,NW-flex,1,1.0
725,BWA-no-clip,10,0.8727272727272727
725,BWA-std,10,0.41818181818181815
725,NW-flex,10,1.0
725,BWA-no-clip,2,0.7818181818181819
725,BWA-std,2,0.13636363636363635
725,NW-flex,2,1.0
725,BWA-no-clip,3,0.8272727272727273
725,BWA-std,3,0.14545454545454545
725,NW-flex,3,1.0
725,BWA-no-clip,5,0.8454545454545455
725,BWA-std,5,0.2
725,NW-flex,5,1.0
725,BWA-no-clip,-1,0.8727272727272727
725,BWA-std,-1,0.41818181818181815
725,NW-flex,-1,1.0
726,BWA-no-clip,0,0.5
726,BWA-std,0,0.10909090909090909
726,NW-flex,0,0.7
726,BWA-no-clip,1,0.7545454545454545
726,BWA-std,1,0.12727272727272726
726,NW-flex,1,1.0
726,BWA-no-clip,10,0.9090909090909091
726,BWA-std,10,0.41818181818181815
726,NW-flex,10,1.0
726,BWA-no-clip,2,0.7727272727272727
726,BWA-std,2,0.13636363636363635
726,NW-flex,2,1.0
726,BWA-no-clip,3,0.8636363636363636
726,BWA-std,3,0.14545454545454545
726,NW-flex,3,1.0
726,BWA-no-clip,5,0.8545454545454545
726,BWA-std,5,0.2
726,NW-flex,5,1.0
726,BWA-no-clip,-1,0.9090909090909091
726,BWA-std,-1,0.41818181818181815
726,NW-flex,-1,1.0
727,BWA-no-clip,0,0.7
727,BWA-std,0,0.12727272727272726
727,NW-flex,0,0.9030303030303031
727,BWA-no-clip,1,0.7454545454545455
727,BWA-std,1,0.12727272727272726
727,NW-flex,1,1.0
727,BWA-no-clip,10,0.9
727,BWA-std,10,0.41818181818181815
727,NW-flex,10,1.0
727,BWA-no-clip,2,0.7909090909090909
727,BWA-std,2,0.13636363636363635
727,NW-flex,2,1.0
727,BWA-no-clip,3,0.8545454545454545
727,BWA-std,3,0.14545454545454545
727,NW-flex,3,1.0
727,BWA-no-clip,5,0.8909090909090909
727,BWA-std,5,0.2
727,NW-flex,5,1.0
727,BWA-no-clip,-1,0.9
727,BWA-std,-1,0.41818181818181815
727,NW-flex,-1,1.0
728,BWA-no-clip,0,0.6727272727272727
728,BWA-std,0,0.12727272727272726
728,NW-flex,0,1.0
728,BWA-no-clip,1,0.7363636363636363
728,BWA-std,1,0.12727272727272726
728,NW-flex,1,1.0
728,BWA-no-clip,10,0.8727272727272727
728,BWA-std,10,0.41818181818181815
728,NW-flex,10,1.0
728,BWA-no-clip,2,0.7636363636363637
728,BWA-std,2,0.13636363636363635
728,NW-flex,2,1.0
728,BWA-no-clip,3,0.7272727272727273
728,BWA-std,3,0.14545454545454545
728,NW-flex,3,1.0
728,BWA-no-clip,5,0.8272727272727273
728,BWA-std,5,0.2
728,NW-flex,5,1.0
728,BWA-no-clip,-1,0.8727272727272727
728,BWA-std,-1,0.41818181818181815
728,NW-flex,-1,1.0
729,BWA-no-clip,0,0.6727272727272727
729,BWA-std,0,0.12727272727272726
729,NW-flex,0,1.0
729,BWA-no-clip,1,0.7090909090909091
729,BWA-std,1,0.12727272727272726
729,NW-flex,1,1.0
729,BWA-no-clip,10,0.7818181818181819
729,BWA-std,10,0.4
729,NW-flex,10,1.0
729,BWA-no-clip,2,0.706060606060606
729,BWA-std,2,0.12727272727272726
729,NW-flex,2,0.996969696969697
729,BWA-no-clip,3,0.7090909090909091
729,BWA-std,3,0.12727272727272726
729,NW-flex,3,1.0
729,BWA-no-clip,5,0.7545454545454545
729,BWA-std,5,0.18181818181818182
729,NW-flex,5,1.0
729,BWA-no-clip,-1,0.7818181818181819
729,BWA-std,-1,0.4
729,NW-flex,-1,1.0
730,BWA-no-clip,0,0.5272727272727272
730,BWA-std,0,0.12727272727272726
730,NW-flex,0,1.0
730,BWA-no-clip,1,0.6454545454545455
730,BWA-std,1,0.12727272727272726
730,NW-flex,1,1.0
730,BWA-no-clip,10,0.8818181818181818
730,BWA-std,10,0.41818181818181815
730,NW-flex,10,1.0
730,BWA-no-clip,2,0.7545454545454545
730,BWA-std,2,0.13636363636363635
730,NW-flex,2,1.0
730,BWA-no-clip,3,0.7909090909090909
730,BWA-std,3,0.14545454545454545
730,NW-flex,3,1.0
730,BWA-no-clip,5,0.8636363636363636
730,BWA-std,5,0.2
730,NW-flex,5,1.0
730,BWA-no-clip,-1,0.8818181818181818
730,BWA-std,-1,0.41818181818181815
730,NW-flex,-1,1.0
731,BWA-no-clip,0,0.7090909090909091
731,BWA-std,0,0.12727272727272726
731,NW-flex,0,0.9030303030303031
731,BWA-no-clip,1,0.8
731,BWA-std,1,0.12727272727272726
731,NW-flex,1,1.0
731,BWA-no-clip,10,0.8909090909090909
731,BWA-std,10,0.41818181818181815
731,NW-flex,10,1.0
731,BWA-no-clip,2,0.7818181818181819
731,BWA-std,2,0.13636363636363635
731,NW-flex,2,1.0
731,BWA-no-clip,3,0.8090909090909091
731,BWA-std,3,0.14545454545454545
731,NW-flex,3,1.0
731,BWA-no-clip,5,0.8818181818181818
731,BWA-std,5,0.2
731,NW-flex,5,1.0
731,BWA-no-clip,-1,0.8909090909090909
731,BWA-std,-1,0.41818181818181815
731,NW-flex,-1,1.0
732,BWA-no-clip,0,0.5272727272727272
732,BWA-std,0,0.12727272727272726
732,NW-flex,0,1.0
732,BWA-no-clip,1,0.5363636363636364
732,BWA-std,1,0.12727272727272726
732,NW-flex,1,1.0
732,BWA-no-clip,10,0.8
732,BWA-std,10,0.41818181818181815
732,NW-flex,10,1.0
732,BWA-no-clip,2,0.7272727272727273
732,BWA-std,2,0.13636363636363635
732,NW-flex,2,1.0
732,BWA-no-clip,3,0.7545454545454545
732,BWA-std,3,0.14545454545454545
732,NW-flex,3,1.0
732,BWA-no-clip,5,0.7727272727272727
732,BWA-std,5,0.2
732,NW-flex,5,1.0
732,BWA-no-clip,-1,0.8
732,BWA-std,-1,0.41818181818181815
732,NW-flex,-1,1.0
733,BWA-no-clip,0,0.42727272727272725
733,BWA-std,0,0.10909090909090909
733,NW-flex,0,0.8
733,BWA-no-clip,1,0.7636363636363637
733,BWA-std,1,0.12727272727272726
733,NW-flex,1,1.0
733,BWA-no-clip,10,0.8181818181818182
733,BWA-std,10,0.4090909090909091
733,NW-flex,10,1.0
733,BWA-no-clip,2,0.7454545454545455
733,BWA-std,2,0.12727272727272726
733,NW-flex,2,1.0
733,BWA-no-clip,3,0.8090909090909091
733,BWA-std,3,0.13636363636363635
733,NW-flex,3,1.0
733,BWA-no-clip,5,0.7909090909090909
733,BWA-std,5,0.19090909090909092
733,NW-flex,5,1.0
733,BWA-no-clip,-1,0.8181818181818182
733,BWA-std,-1,0.4090909090909091
733,NW-flex,-1,1.0
734,BWA-no-clip,0,0.7090909090909091
734,BWA-std,0,0.12727272727272726
734,NW-flex,0,1.0
734,BWA-no-clip,1,0.6363636363636364
734,BWA-std,1,0.12727272727272726
734,NW-flex,1,1.0
734,BWA-no-clip,10,0.8363636363636363
734,BWA-std,10,0.4090909090909091
734,NW-flex,10,1.0
734,BWA-no-clip,2,0.6727272727272727
734,BWA-std,2,0.12727272727272726
734,NW-flex,2,1.0
734,BWA-no-clip,3,0.7909090909090909
734,BWA-std,3,0.13636363636363635
734,NW-flex,3,1.0
734,BWA-no-clip,5,0.8090909090909091
734,BWA-std,5,0.19090909090909092
734,NW-flex,5,1.0
734,BWA-no-clip,-1,0.8363636363636363
734,BWA-std,-1,0.4090909090909091
734,NW-flex,-1,1.0
735,BWA-no-clip,0,0.7272727272727273
735,BWA-std,0,0.12727272727272726
735,NW-flex,0,0.9030303030303031
735,BWA-no-clip,1,0.7727272727272727
735,BWA-std,1,0.12727272727272726
735,NW-flex,1,1.0
735,BWA-no-clip,10,0.9
735,BWA-std,10,0.41818181818181815
735,NW-flex,10,1.0
735,BWA-no-clip,2,0.8181818181818182
735,BWA-std,2,0.13636363636363635
735,NW-flex,2,1.0
735,BWA-no-clip,3,0.8818181818181818
735,BWA-std,3,0.14545454545454545
735,NW-flex,3,1.0
735,BWA-no-clip,5,0.8454545454545455
735,BWA-std,5,0.2
735,NW-flex,5,1.0
735,BWA-no-clip,-1,0.9
735,BWA-std,-1,0.41818181818181815
735,NW-flex,-1,1.0
736,BWA-no-clip,0,0.7272727272727273
736,BWA-std,0,0.12727272727272726
736,NW-flex,0,0.9030303030303031
736,BWA-no-clip,1,0.7727272727272727
736,BWA-std,1,0.12727272727272726
736,NW-flex,1,1.0
736,BWA-no-clip,10,0.9
736,BWA-std,10,0.41818181818181815
736,NW-flex,10,1.0
736,BWA-no-clip,2,0.8181818181818182
736,BWA-std,2,0.13636363636363635
736,NW-flex,2,1.0
736,BWA-no-clip,3,0.8818181818181818
736,BWA-std,3,0.14545454545454545
736,NW-flex,3,1.0
736,BWA-no-clip,5,0.8454545454545455
736,BWA-std,5,0.2
736,NW-flex,5,1.0
736,BWA-no-clip,-1,0.9
736,BWA-std,-1,0.41818181818181815
736,NW-flex,-1,1.0
737,BWA-no-clip,0,0.7272727272727273
737,BWA-std,0,0.12727272727272726
737,NW-flex,0,0.9030303030303031
737,BWA-no-clip,1,0.7727272727272727
737,BWA-std,1,0.12727272727272726
737,NW-flex,1,1.0
737,BWA-no-clip,10,0.9
737,BWA-std,10,0.41818181818181815
737,NW-flex,10,1.0
737,BWA-no-clip,2,0.8181818181818182
737,BWA-std,2,0.13636363636363635
737,NW-flex,2,1.0
737,BWA-no-clip,3,0.8818181818181818
737,BWA-std,3,0.14545454545454545
737,NW-flex,3,1.0
737,BWA-no-clip,5,0.8454545454545455
737,BWA-std,5,0.2
737,NW-flex,5,1.0
737,BWA-no-clip,-1,0.9
737,BWA-std,-1,0.41818181818181815
737,NW-flex,-1,1.0
738,BWA-no-clip,0,0.7
738,BWA-std,0,0.12727272727272726
738,NW-flex,0,0.806060606060606
738,BWA-no-clip,1,0.8242424242424242
738,BWA-std,1,0.12727272727272726
738,NW-flex,1,1.0
738,BWA-no-clip,10,0.9181818181818182
738,BWA-std,10,0.41818181818181815
738,NW-flex,10,1.0
738,BWA-no-clip,2,0.8090909090909091
738,BWA-std,2,0.13636363636363635
738,NW-flex,2,1.0
738,BWA-no-clip,3,0.8363636363636363
738,BWA-std,3,0.14545454545454545
738,NW-flex,3,1.0
738,BWA-no-clip,5,0.9
738,BWA-std,5,0.2
738,NW-flex,5,1.0
738,BWA-no-clip,-1,0.9181818181818182
738,BWA-std,-1,0.41818181818181815
738,NW-flex,-1,1.0
739,BWA-no-clip,0,0.7272727272727273
739,BWA-std,0,0.12727272727272726
739,NW-flex,0,0.9030303030303031
739,BWA-no-clip,1,0.7727272727272727
739,BWA-std,1,0.12727272727272726
739,NW-flex,1,1.0
739,BWA-no-clip,10,0.9
739,BWA-std,10,0.41818181818181815
739,NW-flex,10,1.0
739,BWA-no-clip,2,0.8181818181818182
739,BWA-std,2,0.13636363636363635
739,NW-flex,2,1.0
739,BWA-no-clip,3,0.8818181818181818
739,BWA-std,3,0.14545454545454545
739,NW-flex,3,1.0
739,BWA-no-clip,5,0.8454545454545455
739,BWA-std,5,0.2
739,NW-flex,5,1.0
739,BWA-no-clip,-1,0.9
739,BWA-std,-1,0.41818181818181815
739,NW-flex,-1,1.0
740,BWA-no-clip,0,0.7363636363636363
740,BWA-std,0,0.12727272727272726
740,NW-flex,0,1.0
740,BWA-no-clip,1,0.7090909090909091
740,BWA-std,1,0.12727272727272726
740,NW-flex,1,0.996969696969697
740,BWA-no-clip,10,0.9
740,BWA-std,10,0.41818181818181815
740,NW-flex,10,1.0
740,BWA-no-clip,2,0.8272727272727273
740,BWA-std,2,0.13636363636363635
740,NW-flex,2,1.0
740,BWA-no-clip,3,0.7727272727272727
740,BWA-std,3,0.14545454545454545
740,NW-flex,3,1.0
740,BWA-no-clip,5,0.8818181818181818
740,BWA-std,5,0.2
740,NW-flex,5,1.0
740,BWA-no-clip,-1,0.9
740,BWA-std,-1,0.41818181818181815
740,NW-flex,-1,1.0
741,BWA-no-clip,0,0.509090909090909
741,BWA-std,0,0.10909090909090909
741,NW-flex,0,0.8
741,BWA-no-clip,1,0.7
741,BWA-std,1,0.12727272727272726
741,NW-flex,1,1.0
741,BWA-no-clip,10,0.8727272727272727
741,BWA-std,10,0.4090909090909091
741,NW-flex,10,1.0
741,BWA-no-clip,2,0.7090909090909091
741,BWA-std,2,0.12727272727272726
741,NW-flex,2,1.0
741,BWA-no-clip,3,0.7818181818181819
741,BWA-std,3,0.13636363636363635
741,NW-flex,3,1.0
741,BWA-no-clip,5,0.8363636363636363
741,BWA-std,5,0.19090909090909092
741,NW-flex,5,1.0
741,BWA-no-clip,-1,0.8727272727272727
741,BWA-std,-1,0.4090909090909091
741,NW-flex,-1,1.0
742,BWA-no-clip,0,0.4
742,BWA-std,0,0.10909090909090909
742,NW-flex,0,0.9
742,BWA-no-clip,1,0.6363636363636364
742,BWA-std,1,0.12727272727272726
742,NW-flex,1,1.0
742,BWA-no-clip,10,0.8727272727272727
742,BWA-std,10,0.41818181818181815
742,NW-flex,10,1.0
742,BWA-no-clip,2,0.7636363636363637
742,BWA-std,2,0.13636363636363635
742,NW-flex,2,1.0
742,BWA-no-clip,3,0.8
742,BWA-std,3,0.14545454545454545
742,NW-flex,3,1.0
742,BWA-no-clip,5,0.8181818181818182
742,BWA-std,5,0.2
742,NW-flex,5,1.0
742,BWA-no-clip,-1,0.8727272727272727
742,BWA-std,-1,0.41818181818181815
742,NW-flex,-1,1.0
743,BWA-no-clip,0,0.5272727272727272
743,BWA-std,0,0.10909090909090909
743,NW-flex,0,0.8
743,BWA-no-clip,1,0.7272727272727273
743,BWA-std,1,0.12727272727272726
743,NW-flex,1,1.0
743,BWA-no-clip,10,0.8818181818181818
743,BWA-std,10,0.41818181818181815
743,NW-flex,10,1.0
743,BWA-no-clip,2,0.7151515151515152
743,BWA-std,2,0.13636363636363635
743,NW-flex,2,1.0
743,BWA-no-clip,3,0.8727272727272727
743,BWA-std,3,0.14545454545454545
743,NW-flex,3,1.0
743,BWA-no-clip,5,0.8272727272727273
743,BWA-std,5,0.2
743,NW-flex,5,1.0
743,BWA-no-clip,-1,0.8818181818181818
743,BWA-std,-1,0.41818181818181815
743,NW-flex,-1,1.0
744,BWA-no-clip,0,0.6454545454545455
744,BWA-std,0,0.12727272727272726
744,NW-flex,0,1.0
744,BWA-no-clip,1,0.7090909090909091
744,BWA-std,1,0.12727272727272726
744,NW-flex,1,1.0
744,BWA-no-clip,10,0.8272727272727273
744,BWA-std,10,0.4090909090909091
744,NW-flex,10,1.0
744,BWA-no-clip,2,0.7454545454545455
744,BWA-std,2,0.12727272727272726
744,NW-flex,2,1.0
744,BWA-no-clip,3,0.6727272727272727
744,BWA-std,3,0.13636363636363635
744,NW-flex,3,1.0
744,BWA-no-clip,5,0.7818181818181819
744,BWA-std,5,0.19090909090909092
744,NW-flex,5,1.0
744,BWA-no-clip,-1,0.8272727272727273
744,BWA-std,-1,0.4090909090909091
744,NW-flex,-1,1.0
745,BWA-no-clip,0,0.7
745,BWA-std,0,0.12727272727272726
745,NW-flex,0,1.0
745,BWA-no-clip,1,0.7363636363636363
745,BWA-std,1,0.12727272727272726
745,NW-flex,1,1.0
745,BWA-no-clip,10,0.8272727272727273
745,BWA-std,10,0.4090909090909091
745,NW-flex,10,1.0
745,BWA-no-clip,2,0.7090909090909091
745,BWA-std,2,0.12727272727272726
745,NW-flex,2,1.0
745,BWA-no-clip,3,0.7484848484848485
745,BWA-std,3,0.13636363636363635
745,NW-flex,3,1.0
745,BWA-no-clip,5,0.7818181818181819
745,BWA-std,5,0.19090909090909092
745,NW-flex,5,1.0
745,BWA-no-clip,-1,0.8272727272727273
745,BWA-std,-1,0.4090909090909091
745,NW-flex,-1,1.0
746,BWA-no-clip,0,0.5
746,BWA-std,0,0.10909090909090909
746,NW-flex,0,0.8
746,BWA-no-clip,1,0.6909090909090909
746,BWA-std,1,0.12727272727272726
746,NW-flex,1,1.0
746,BWA-no-clip,10,0.8454545454545455
746,BWA-std,10,0.41818181818181815
746,NW-flex,10,1.0
746,BWA-no-clip,2,0.8272727272727273
746,BWA-std,2,0.13636363636363635
746,NW-flex,2,1.0
746,BWA-no-clip,3,0.8272727272727273
746,BWA-std,3,0.14545454545454545
746,NW-flex,3,1.0
746,BWA-no-clip,5,0.8181818181818182
746,BWA-std,5,0.2
746,NW-flex,5,1.0
746,BWA-no-clip,-1,0.8454545454545455
746,BWA-std,-1,0.41818181818181815
746,NW-flex,-1,1.0
747,BWA-no-clip,0,0.6727272727272727
747,BWA-std,0,0.12727272727272726
747,NW-flex,0,1.0
747,BWA-no-clip,1,0.7090909090909091
747,BWA-std,1,0.12727272727272726
747,NW-flex,1,1.0
747,BWA-no-clip,10,0.8636363636363636
747,BWA-std,10,0.41818181818181815
747,NW-flex,10,1.0
747,BWA-no-clip,2,0.7363636363636363
747,BWA-std,2,0.13636363636363635
747,NW-flex,2,1.0
747,BWA-no-clip,3,0.7909090909090909
747,BWA-std,3,0.14545454545454545
747,NW-flex,3,1.0
747,BWA-no-clip,5,0.8181818181818182
747,BWA-std,5,0.2
747,NW-flex,5,1.0
747,BWA-no-clip,-1,0.8636363636363636
747,BWA-std,-1,0.41818181818181815
747,NW-flex,-1,1.0
748,BWA-no-clip,0,0.7363636363636363
748,BWA-std,0,0.12727272727272726
748,NW-flex,0,0.9030303030303031
748,BWA-no-clip,1,0.7818181818181819
748,BWA-std,1,0.12727272727272726
748,NW-flex,1,1.0
748,BWA-no-clip,10,0.9090909090909091
748,BWA-std,10,0.41818181818181815
748,NW-flex,10,1.0
748,BWA-no-clip,2,0.7363636363636363
748,BWA-std,2,0.13636363636363635
748,NW-flex,2,1.0
748,BWA-no-clip,3,0.8727272727272727
748,BWA-std,3,0.14545454545454545
748,NW-flex,3,1.0
748,BWA-no-clip,5,0.9090909090909091
748,BWA-std,5,0.2
748,NW-flex,5,1.0
748,BWA-no-clip,-1,0.9090909090909091
748,BWA-std,-1,0.41818181818181815
748,NW-flex,-1,1.0
749,BWA-no-clip,0,0.4636363636363636
749,BWA-std,0,0.10909090909090909
749,NW-flex,0,0.9
749,BWA-no-clip,1,0.7090909090909091
749,BWA-std,1,0.12727272727272726
749,NW-flex,1,1.0
749,BWA-no-clip,10,0.8636363636363636
749,BWA-std,10,0.41818181818181815
749,NW-flex,10,1.0
749,BWA-no-clip,2,0.8181818181818182
749,BWA-std,2,0.13636363636363635
749,NW-flex,2,1.0
749,BWA-no-clip,3,0.7909090909090909
749,BWA-std,3,0.14545454545454545
749,NW-flex,3,1.0
749,BWA-no-clip,5,0.8181818181818182
749,BWA-std,5,0.2
749,NW-flex,5,1.0
749,BWA-no-clip,-1,0.8636363636363636
749,BWA-std,-1,0.41818181818181815
749,NW-flex,-1,1.0
750,BWA-no-clip,0,0.4818181818181818
750,BWA-std,0,0.10909090909090909
750,NW-flex,0,0.8
750,BWA-no-clip,1,0.7
750,BWA-std,1,0.12727272727272726
750,NW-flex,1,1.0
750,BWA-no-clip,10,0.8545454545454545
750,BWA-std,10,0.41818181818181815
750,NW-flex,10,1.0
750,BWA-no-clip,2,0.8272727272727273
750,BWA-std,2,0.13636363636363635
750,NW-flex,2,1.0
750,BWA-no-clip,3,0.8363636363636363
750,BWA-std,3,0.14545454545454545
750,NW-flex,3,1.0
750,BWA-no-clip,5,0.8454545454545455
750,BWA-std,5,0.2
750,NW-flex,5,1.0
750,BWA-no-clip,-1,0.8545454545454545
750,BWA-std,-1,0.41818181818181815
750,NW-flex,-1,1.0
751,BWA-no-clip,0,0.4636363636363636
751,BWA-std,0,0.12727272727272726
751,NW-flex,0,1.0
751,BWA-no-clip,1,0.4636363636363636
751,BWA-std,1,0.12727272727272726
751,NW-flex,1,1.0
751,BWA-no-clip,10,0.7636363636363637
751,BWA-std,10,0.41818181818181815
751,NW-flex,10,1.0
751,BWA-no-clip,2,0.5636363636363636
751,BWA-std,2,0.13636363636363635
751,NW-flex,2,1.0
751,BWA-no-clip,3,0.7272727272727273
751,BWA-std,3,0.14545454545454545
751,NW-flex,3,1.0
751,BWA-no-clip,5,0.7181818181818181
751,BWA-std,5,0.2
751,NW-flex,5,1.0
751,BWA-no-clip,-1,0.7636363636363637
751,BWA-std,-1,0.41818181818181815
751,NW-flex,-1,1.0
752,BWA-no-clip,0,0.4818181818181818
752,BWA-std,0,0.10909090909090909
752,NW-flex,0,0.7
752,BWA-no-clip,1,0.7454545454545455
752,BWA-std,1,0.12727272727272726
752,NW-flex,1,1.0
752,BWA-no-clip,10,0.9
752,BWA-std,10,0.41818181818181815
752,NW-flex,10,1.0
752,BWA-no-clip,2,0.7818181818181819
752,BWA-std,2,0.13636363636363635
752,NW-flex,2,1.0
752,BWA-no-clip,3,0.8818181818181818
752,BWA-std,3,0.14545454545454545
752,NW-flex,3,1.0
752,BWA-no-clip,5,0.9
752,BWA-std,5,0.2
752,NW-flex,5,1.0
752,BWA-no-clip,-1,0.9
752,BWA-std,-1,0.41818181818181815
752,NW-flex,-1,1.0
753,BWA-no-clip,0,0.7181818181818181
753,BWA-std,0,0.12727272727272726
753,NW-flex,0,1.0
753,BWA-no-clip,1,0.8151515151515152
753,BWA-std,1,0.12727272727272726
753,NW-flex,1,0.996969696969697
753,BWA-no-clip,10,0.9181818181818182
753,BWA-std,10,0.41818181818181815
753,NW-flex,10,1.0
753,BWA-no-clip,2,0.8454545454545455
753,BWA-std,2,0.13636363636363635
753,NW-flex,2,1.0
753,BWA-no-clip,3,0.8545454545454545
753,BWA-std,3,0.14545454545454545
753,NW-flex,3,1.0
753,BWA-no-clip,5,0.8636363636363636
753,BWA-std,5,0.2
753,NW-flex,5,1.0
753,BWA-no-clip,-1,0.9181818181818182
753,BWA-std,-1,0.41818181818181815
753,NW-flex,-1,1.0
754,BWA-no-clip,0,0.4
754,BWA-std,0,0.10909090909090909
754,NW-flex,0,0.7
754,BWA-no-clip,1,0.6545454545454545
754,BWA-std,1,0.12727272727272726
754,NW-flex,1,1.0
754,BWA-no-clip,10,0.8
754,BWA-std,10,0.4
754,NW-flex,10,1.0
754,BWA-no-clip,2,0.7545454545454545
754,BWA-std,2,0.12727272727272726
754,NW-flex,2,1.0
754,BWA-no-clip,3,0.6727272727272727
754,BWA-std,3,0.12727272727272726
754,NW-flex,3,1.0
754,BWA-no-clip,5,0.7636363636363637
754,BWA-std,5,0.18181818181818182
754,NW-flex,5,1.0
754,BWA-no-clip,-1,0.8
754,BWA-std,-1,0.4
754,NW-flex,-1,1.0
755,BWA-no-clip,0,0.6636363636363637
755,BWA-std,0,0.12727272727272726
755,NW-flex,0,1.0
755,BWA-no-clip,1,0.7636363636363637
755,BWA-std,1,0.12727272727272726
755,NW-flex,1,1.0
755,BWA-no-clip,10,0.9181818181818182
755,BWA-std,10,0.41818181818181815
755,NW-flex,10,1.0
755,BWA-no-clip,2,0.7636363636363637
755,BWA-std,2,0.13636363636363635
755,NW-flex,2,1.0
755,BWA-no-clip,3,0.7272727272727273
755,BWA-std,3,0.14545454545454545
755,NW-flex,3,1.0
755,BWA-no-clip,5,0.8454545454545455
755,BWA-std,5,0.2
755,NW-flex,5,1.0
755,BWA-no-clip,-1,0.9181818181818182
755,BWA-std,-1,0.41818181818181815
755,NW-flex,-1,1.0
756,BWA-no-clip,0,0.7090909090909091
756,BWA-std,0,0.12727272727272726
756,NW-flex,0,1.0
756,BWA-no-clip,1,0.6181818181818182
756,BWA-std,1,0.12727272727272726
756,NW-flex,1,0.990909090909091
756,BWA-no-clip,10,0.8636363636363636
756,BWA-std,10,0.41818181818181815
756,NW-flex,10,1.0
756,BWA-no-clip,2,0.8
756,BWA-std,2,0.13636363636363635
756,NW-flex,2,1.0
756,BWA-no-clip,3,0.7818181818181819
756,BWA-std,3,0.14545454545454545
756,NW-flex,3,1.0
756,BWA-no-clip,5,0.8545454545454545
756,BWA-std,5,0.2
756,NW-flex,5,1.0
756,BWA-no-clip,-1,0.8636363636363636
756,BWA-std,-1,0.41818181818181815
756,NW-flex,-1,1.0
757,BWA-no-clip,0,0.6636363636363637
757,BWA-std,0,0.12727272727272726
757,NW-flex,0,1.0
757,BWA-no-clip,1,0.7636363636363637
757,BWA-std,1,0.12727272727272726
757,NW-flex,1,1.0
757,BWA-no-clip,10,0.8454545454545455
757,BWA-std,10,0.4090909090909091
757,NW-flex,10,1.0
757,BWA-no-clip,2,0.7181818181818181
757,BWA-std,2,0.12727272727272726
757,NW-flex,2,1.0
757,BWA-no-clip,3,0.8272727272727273
757,BWA-std,3,0.13636363636363635
757,NW-flex,3,1.0
757,BWA-no-clip,5,0.8363636363636363
757,BWA-std,5,0.19090909090909092
757,NW-flex,5,1.0
757,BWA-no-clip,-1,0.8454545454545455
757,BWA-std,-1,0.4090909090909091
757,NW-flex,-1,1.0
758,BWA-no-clip,0,0.4818181818181818
758,BWA-std,0,0.10909090909090909
758,NW-flex,0,0.8
758,BWA-no-clip,1,0.7727272727272727
758,BWA-std,1,0.12727272727272726
758,NW-flex,1,1.0
758,BWA-no-clip,10,0.8636363636363636
758,BWA-std,10,0.4090909090909091
758,NW-flex,10,1.0
758,BWA-no-clip,2,0.7909090909090909
758,BWA-std,2,0.12727272727272726
758,NW-flex,2,1.0
758,BWA-no-clip,3,0.8
758,BWA-std,3,0.13636363636363635
758,NW-flex,3,1.0
758,BWA-no-clip,5,0.8363636363636363
758,BWA-std,5,0.19090909090909092
758,NW-flex,5,1.0
758,BWA-no-clip,-1,0.8636363636363636
758,BWA-std,-1,0.4090909090909091
758,NW-flex,-1,1.0
759,BWA-no-clip,0,0.6181818181818182
759,BWA-std,0,0.12727272727272726
759,NW-flex,0,1.0
759,BWA-no-clip,1,0.7090909090909091
759,BWA-std,1,0.12727272727272726
759,NW-flex,1,1.0
759,BWA-no-clip,10,0.8636363636363636
759,BWA-std,10,0.41818181818181815
759,NW-flex,10,1.0
759,BWA-no-clip,2,0.8181818181818182
759,BWA-std,2,0.13636363636363635
759,NW-flex,2,1.0
759,BWA-no-clip,3,0.8272727272727273
759,BWA-std,3,0.14545454545454545
759,NW-flex,3,1.0
759,BWA-no-clip,5,0.8181818181818182
759,BWA-std,5,0.2
759,NW-flex,5,1.0
759,BWA-no-clip,-1,0.8636363636363636
759,BWA-std,-1,0.41818181818181815
759,NW-flex,-1,1.0
760,BWA-no-clip,0,0.7
760,BWA-std,0,0.12727272727272726
760,NW-flex,0,1.0
760,BWA-no-clip,1,0.7454545454545455
760,BWA-std,1,0.12727272727272726
760,NW-flex,1,1.0
760,BWA-no-clip,10,0.9
760,BWA-std,10,0.41818181818181815
760,NW-flex,10,1.0
760,BWA-no-clip,2,0.8181818181818182
760,BWA-std,2,0.13636363636363635
760,NW-flex,2,1.0
760,BWA-no-clip,3,0.8636363636363636
760,BWA-std,3,0.14545454545454545
760,NW-flex,3,1.0
760,BWA-no-clip,5,0.8818181818181818
760,BWA-std,5,0.2
760,NW-flex,5,1.0
760,BWA-no-clip,-1,0.9
760,BWA-std,-1,0.41818181818181815
760,NW-flex,-1,1.0
761,BWA-no-clip,0,0.6818181818181818
761,BWA-std,0,0.12727272727272726
761,NW-flex,0,1.0
761,BWA-no-clip,1,0.6909090909090909
761,BWA-std,1,0.12727272727272726
761,NW-flex,1,0.990909090909091
761,BWA-no-clip,10,0.9090909090909091
761,BWA-std,10,0.41818181818181815
761,NW-flex,10,1.0
761,BWA-no-clip,2,0.8636363636363636
761,BWA-std,2,0.13636363636363635
761,NW-flex,2,1.0
761,BWA-no-clip,3,0.8363636363636363
761,BWA-std,3,0.14545454545454545
761,NW-flex,3,1.0
761,BWA-no-clip,5,0.9
761,BWA-std,5,0.2
761,NW-flex,5,1.0
761,BWA-no-clip,-1,0.9090909090909091
761,BWA-std,-1,0.41818181818181815
761,NW-flex,-1,1.0
762,BWA-no-clip,0,0.7181818181818181
762,BWA-std,0,0.12727272727272726
762,NW-flex,0,1.0
762,BWA-no-clip,1,0.6636363636363637
762,BWA-std,1,0.12727272727272726
762,NW-flex,1,1.0
762,BWA-no-clip,10,0.8454545454545455
762,BWA-std,10,0.41818181818181815
762,NW-flex,10,1.0
762,BWA-no-clip,2,0.7727272727272727
762,BWA-std,2,0.13636363636363635
762,NW-flex,2,1.0
762,BWA-no-clip,3,0.7818181818181819
762,BWA-std,3,0.14545454545454545
762,NW-flex,3,1.0
762,BWA-no-clip,5,0.8181818181818182
762,BWA-std,5,0.2
762,NW-flex,5,1.0
762,BWA-no-clip,-1,0.8454545454545455
762,BWA-std,-1,0.41818181818181815
762,NW-flex,-1,1.0
763,BWA-no-clip,0,0.6636363636363637
763,BWA-std,0,0.12727272727272726
763,NW-flex,0,1.0
763,BWA-no-clip,1,0.6636363636363637
763,BWA-std,1,0.12727272727272726
763,NW-flex,1,1.0
763,BWA-no-clip,10,0.8636363636363636
763,BWA-std,10,0.41818181818181815
763,NW-flex,10,1.0
763,BWA-no-clip,2,0.7272727272727273
763,BWA-std,2,0.13636363636363635
763,NW-flex,2,1.0
763,BWA-no-clip,3,0.7818181818181819
763,BWA-std,3,0.14545454545454545
763,NW-flex,3,1.0
763,BWA-no-clip,5,0.8090909090909091
763,BWA-std,5,0.2
763,NW-flex,5,1.0
763,BWA-no-clip,-1,0.8636363636363636
763,BWA-std,-1,0.41818181818181815
763,NW-flex,-1,1.0
764,BWA-no-clip,0,0.6090909090909091
764,BWA-std,0,0.12727272727272726
764,NW-flex,0,1.0
764,BWA-no-clip,1,0.7272727272727273
764,BWA-std,1,0.12727272727272726
764,NW-flex,1,1.0
764,BWA-no-clip,10,0.8545454545454545
764,BWA-std,10,0.41818181818181815
764,NW-flex,10,1.0
764,BWA-no-clip,2,0.6818181818181818
764,BWA-std,2,0.13636363636363635
764,NW-flex,2,1.0
764,BWA-no-clip,3,0.7818181818181819
764,BWA-std,3,0.14545454545454545
764,NW-flex,3,1.0
764,BWA-no-clip,5,0.7818181818181819
764,BWA-std,5,0.2
764,NW-flex,5,1.0
764,BWA-no-clip,-1,0.8545454545454545
764,BWA-std,-1,0.41818181818181815
764,NW-flex,-1,1.0
765,BWA-no-clip,0,0.43636363636363634
765,BWA-std,0,0.12727272727272726
765,NW-flex,0,1.0
765,BWA-no-clip,1,0.6
765,BWA-std,1,0.12727272727272726
765,NW-flex,1,1.0
765,BWA-no-clip,10,0.7909090909090909
765,BWA-std,10,0.41818181818181815
765,NW-flex,10,1.0
765,BWA-no-clip,2,0.6636363636363637
765,BWA-std,2,0.13636363636363635
765,NW-flex,2,1.0
765,BWA-no-clip,3,0.5636363636363636
765,BWA-std,3,0.14545454545454545
765,NW-flex,3,1.0
765,BWA-no-clip,5,0.7363636363636363
765,BWA-std,5,0.2
765,NW-flex,5,1.0
765,BWA-no-clip,-1,0.7909090909090909
765,BWA-std,-1,0.41818181818181815
765,NW-flex,-1,1.0
766,BWA-no-clip,0,0.7727272727272727
766,BWA-std,0,0.12727272727272726
766,NW-flex,0,1.0
766,BWA-no-clip,1,0.7363636363636363
766,BWA-std,1,0.12727272727272726
766,NW-flex,1,1.0
766,BWA-no-clip,10,0.9
766,BWA-std,10,0.41818181818181815
766,NW-flex,10,1.0
766,BWA-no-clip,2,0.7909090909090909
766,BWA-std,2,0.13636363636363635
766,NW-flex,2,1.0
766,BWA-no-clip,3,0.8272727272727273
766,BWA-std,3,0.14545454545454545
766,NW-flex,3,1.0
766,BWA-no-clip,5,0.8727272727272727
766,BWA-std,5,0.2
766,NW-flex,5,1.0
766,BWA-no-clip,-1,0.9
766,BWA-std,-1,0.41818181818181815
766,NW-flex,-1,1.0
767,BWA-no-clip,0,0.4090909090909091
767,BWA-std,0,0.12727272727272726
767,NW-flex,0,1.0
767,BWA-no-clip,1,0.5696969696969697
767,BWA-std,1,0.12727272727272726
767,NW-flex,1,1.0
767,BWA-no-clip,10,0.7
767,BWA-std,10,0.4090909090909091
767,NW-flex,10,1.0
767,BWA-no-clip,2,0.4909090909090909
767,BWA-std,2,0.12727272727272726
767,NW-flex,2,1.0
767,BWA-no-clip,3,0.6
767,BWA-std,3,0.13636363636363635
767,NW-flex,3,1.0
767,BWA-no-clip,5,0.7
767,BWA-std,5,0.19090909090909092
767,NW-flex,5,1.0
767,BWA-no-clip,-1,0.7
767,BWA-std,-1,0.4090909090909091
767,NW-flex,-1,1.0
768,BWA-no-clip,0,0.7
768,BWA-std,0,0.12727272727272726
768,NW-flex,0,0.806060606060606
768,BWA-no-clip,1,0.8242424242424242
768,BWA-std,1,0.12727272727272726
768,NW-flex,1,1.0
768,BWA-no-clip,10,0.9181818181818182
768,BWA-std,10,0.41818181818181815
768,NW-flex,10,1.0
768,BWA-no-clip,2,0.8090909090909091
768,BWA-std,2,0.13636363636363635
768,NW-flex,2,1.0
768,BWA-no-clip,3,0.7909090909090909
768,BWA-std,3,0.14545454545454545
768,NW-flex,3,1.0
768,BWA-no-clip,5,0.9181818181818182
768,BWA-std,5,0.2
768,NW-flex,5,1.0
768,BWA-no-clip,-1,0.9181818181818182
768,BWA-std,-1,0.41818181818181815
768,NW-flex,-1,1.0
769,BWA-no-clip,0,0.5909090909090909
769,BWA-std,0,0.12727272727272726
769,NW-flex,0,0.9030303030303031
769,BWA-no-clip,1,0.6454545454545455
769,BWA-std,1,0.12727272727272726
769,NW-flex,1,1.0
769,BWA-no-clip,10,0.9090909090909091
769,BWA-std,10,0.41818181818181815
769,NW-flex,10,1.0
769,BWA-no-clip,2,0.806060606060606
769,BWA-std,2,0.13636363636363635
769,NW-flex,2,1.0
769,BWA-no-clip,3,0.8272727272727273
769,BWA-std,3,0.14545454545454545
769,NW-flex,3,1.0
769,BWA-no-clip,5,0.9
769,BWA-std,5,0.2
769,NW-flex,5,1.0
769,BWA-no-clip,-1,0.9090909090909091
769,BWA-std,-1,0.41818181818181815
769,NW-flex,-1,1.0
770,BWA-no-clip,0,0.5818181818181818
770,BWA-std,0,0.12727272727272726
770,NW-flex,0,0.9030303030303031
770,BWA-no-clip,1,0.6272727272727273
770,BWA-std,1,0.12727272727272726
770,NW-flex,1,1.0
770,BWA-no-clip,10,0.9090909090909091
770,BWA-std,10,0.41818181818181815
770,NW-flex,10,1.0
770,BWA-no-clip,2,0.7090909090909091
770,BWA-std,2,0.13636363636363635
770,NW-flex,2,1.0
770,BWA-no-clip,3,0.7090909090909091
770,BWA-std,3,0.14545454545454545
770,NW-flex,3,1.0
770,BWA-no-clip,5,0.8454545454545455
770,BWA-std,5,0.2
770,NW-flex,5,1.0
770,BWA-no-clip,-1,0.9090909090909091
770,BWA-std,-1,0.41818181818181815
770,NW-flex,-1,1.0
771,BWA-no-clip,0,0.4818181818181818
771,BWA-std,0,0.10909090909090909
771,NW-flex,0,0.7
771,BWA-no-clip,1,0.7272727272727273
771,BWA-std,1,0.12727272727272726
771,NW-flex,1,1.0
771,BWA-no-clip,10,0.8545454545454545
771,BWA-std,10,0.4090909090909091
771,NW-flex,10,1.0
771,BWA-no-clip,2,0.7090909090909091
771,BWA-std,2,0.12727272727272726
771,NW-flex,2,1.0
771,BWA-no-clip,3,0.7909090909090909
771,BWA-std,3,0.13636363636363635
771,NW-flex,3,1.0
771,BWA-no-clip,5,0.8363636363636363
771,BWA-std,5,0.19090909090909092
771,NW-flex,5,1.0
771,BWA-no-clip,-1,0.8545454545454545
771,BWA-std,-1,0.4090909090909091
771,NW-flex,-1,1.0
772,BWA-no-clip,0,0.6363636363636364
772,BWA-std,0,0.12727272727272726
772,NW-flex,0,1.0
772,BWA-no-clip,1,0.6909090909090909
772,BWA-std,1,0.12727272727272726
772,NW-flex,1,1.0
772,BWA-no-clip,10,0.8636363636363636
772,BWA-std,10,0.41818181818181815
772,NW-flex,10,1.0
772,BWA-no-clip,2,0.7454545454545455
772,BWA-std,2,0.13636363636363635
772,NW-flex,2,1.0
772,BWA-no-clip,3,0.7454545454545455
772,BWA-std,3,0.14545454545454545
772,NW-flex,3,1.0
772,BWA-no-clip,5,0.8363636363636363
772,BWA-std,5,0.2
772,NW-flex,5,1.0
772,BWA-no-clip,-1,0.8636363636363636
772,BWA-std,-1,0.41818181818181815
772,NW-flex,-1,1.0
773,BWA-no-clip,0,0.7272727272727273
773,BWA-std,0,0.12727272727272726
773,NW-flex,0,1.0
773,BWA-no-clip,1,0.6515151515151515
773,BWA-std,1,0.12727272727272726
773,NW-flex,1,0.9939393939393939
773,BWA-no-clip,10,0.8818181818181818
773,BWA-std,10,0.41818181818181815
773,NW-flex,10,1.0
773,BWA-no-clip,2,0.7545454545454545
773,BWA-std,2,0.13636363636363635
773,NW-flex,2,0.996969696969697
773,BWA-no-clip,3,0.8454545454545455
773,BWA-std,3,0.14545454545454545
773,NW-flex,3,1.0
773,BWA-no-clip,5,0.8454545454545455
773,BWA-std,5,0.2
773,NW-flex,5,1.0
773,BWA-no-clip,-1,0.8818181818181818
773,BWA-std,-1,0.41818181818181815
773,NW-flex,-1,1.0
774,BWA-no-clip,0,0.7909090909090909
774,BWA-std,0,0.12727272727272726
774,NW-flex,0,1.0
774,BWA-no-clip,1,0.8
774,BWA-std,1,0.12727272727272726
774,NW-flex,1,1.0
774,BWA-no-clip,10,0.9
774,BWA-std,10,0.41818181818181815
774,NW-flex,10,1.0
774,BWA-no-clip,2,0.8090909090909091
774,BWA-std,2,0.13636363636363635
774,NW-flex,2,1.0
774,BWA-no-clip,3,0.8818181818181818
774,BWA-std,3,0.14545454545454545
774,NW-flex,3,1.0
774,BWA-no-clip,5,0.8727272727272727
774,BWA-std,5,0.2
774,NW-flex,5,1.0
774,BWA-no-clip,-1,0.9
774,BWA-std,-1,0.41818181818181815
774,NW-flex,-1,1.0
775,BWA-no-clip,0,0.7363636363636363
775,BWA-std,0,0.12727272727272726
775,NW-flex,0,0.9030303030303031
775,BWA-no-clip,1,0.7818181818181819
775,BWA-std,1,0.12727272727272726
775,NW-flex,1,1.0
775,BWA-no-clip,10,0.9181818181818182
775,BWA-std,10,0.41818181818181815
775,NW-flex,10,1.0
775,BWA-no-clip,2,0.8181818181818182
775,BWA-std,2,0.13636363636363635
775,NW-flex,2,1.0
775,BWA-no-clip,3,0.8636363636363636
775,BWA-std,3,0.14545454545454545
775,NW-flex,3,1.0
775,BWA-no-clip,5,0.9090909090909091
775,BWA-std,5,0.2
775,NW-flex,5,1.0
775,BWA-no-clip,-1,0.9181818181818182
775,BWA-std,-1,0.41818181818181815
775,NW-flex,-1,1.0
776,BWA-no-clip,0,0.7636363636363637
776,BWA-std,0,0.12727272727272726
776,NW-flex,0,1.0
776,BWA-no-clip,1,0.7545454545454545
776,BWA-std,1,0.12727272727272726
776,NW-flex,1,1.0
776,BWA-no-clip,10,0.9181818181818182
776,BWA-std,10,0.41818181818181815
776,NW-flex,10,1.0
776,BWA-no-clip,2,0.8090909090909091
776,BWA-std,2,0.13636363636363635
776,NW-flex,2,1.0
776,BWA-no-clip,3,0.7727272727272727
776,BWA-std,3,0.14545454545454545
776,NW-flex,3,1.0
776,BWA-no-clip,5,0.9090909090909091
776,BWA-std,5,0.2
776,NW-flex,5,1.0
776,BWA-no-clip,-1,0.9181818181818182
776,BWA-std,-1,0.41818181818181815
776,NW-flex,-1,1.0
777,BWA-no-clip,0,0.4727272727272727
777,BWA-std,0,0.10909090909090909
777,NW-flex,0,0.9
777,BWA-no-clip,1,0.6363636363636364
777,BWA-std,1,0.12727272727272726
777,NW-flex,1,1.0
777,BWA-no-clip,10,0.8909090909090909
777,BWA-std,10,0.41818181818181815
777,NW-flex,10,1.0
777,BWA-no-clip,2,0.7090909090909091
777,BWA-std,2,0.13636363636363635
777,NW-flex,2,1.0
777,BWA-no-clip,3,0.8454545454545455
777,BWA-std,3,0.14545454545454545
777,NW-flex,3,1.0
777,BWA-no-clip,5,0.8727272727272727
777,BWA-std,5,0.2
777,NW-flex,5,1.0
777,BWA-no-clip,-1,0.8909090909090909
777,BWA-std,-1,0.41818181818181815
777,NW-flex,-1,1.0
778,BWA-no-clip,0,0.4636363636363636
778,BWA-std,0,0.10909090909090909
778,NW-flex,0,0.8
778,BWA-no-clip,1,0.6727272727272727
778,BWA-std,1,0.12727272727272726
778,NW-flex,1,1.0
778,BWA-no-clip,10,0.8272727272727273
778,BWA-std,10,0.4090909090909091
778,NW-flex,10,1.0
778,BWA-no-clip,2,0.6181818181818182
778,BWA-std,2,0.12727272727272726
778,NW-flex,2,1.0
778,BWA-no-clip,3,0.6636363636363637
778,BWA-std,3,0.13636363636363635
778,NW-flex,3,1.0
778,BWA-no-clip,5,0.7727272727272727
778,BWA-std,5,0.19090909090909092
778,NW-flex,5,1.0
778,BWA-no-clip,-1,0.8272727272727273
778,BWA-std,-1,0.4090909090909091
778,NW-flex,-1,1.0
779,BWA-no-clip,0,0.7818181818181819
779,BWA-std,0,0.12727272727272726
779,NW-flex,0,1.0
779,BWA-no-clip,1,0.5363636363636364
779,BWA-std,1,0.12727272727272726
779,NW-flex,1,0.996969696969697
779,BWA-no-clip,10,0.8545454545454545
779,BWA-std,10,0.41818181818181815
779,NW-flex,10,1.0
779,BWA-no-clip,2,0.7363636363636363
779,BWA-std,2,0.13636363636363635
779,NW-flex,2,1.0
779,BWA-no-clip,3,0.8272727272727273
779,BWA-std,3,0.14545454545454545
779,NW-flex,3,1.0
779,BWA-no-clip,5,0.7090909090909091
779,BWA-std,5,0.2
779,NW-flex,5,1.0
779,BWA-no-clip,-1,0.8545454545454545
779,BWA-std,-1,0.41818181818181815
779,NW-flex,-1,1.0
780,BWA-no-clip,0,0.5727272727272728
780,BWA-std,0,0.12727272727272726
780,NW-flex,0,1.0
780,BWA-no-clip,1,0.6363636363636364
780,BWA-std,1,0.12727272727272726
780,NW-flex,1,1.0
780,BWA-no-clip,10,0.8090909090909091
780,BWA-std,10,0.41818181818181815
780,NW-flex,10,1.0
780,BWA-no-clip,2,0.6363636363636364
780,BWA-std,2,0.13636363636363635
780,NW-flex,2,1.0
780,BWA-no-clip,3,0.5818181818181818
780,BWA-std,3,0.14545454545454545
780,NW-flex,3,1.0
780,BWA-no-clip,5,0.8
780,BWA-std,5,0.2
780,NW-flex,5,1.0
780,BWA-no-clip,-1,0.8090909090909091
780,BWA-std,-1,0.41818181818181815
780,NW-flex,-1,1.0
781,BWA-no-clip,0,0.7272727272727273
781,BWA-std,0,0.12727272727272726
781,NW-flex,0,1.0
781,BWA-no-clip,1,0.8
781,BWA-std,1,0.12727272727272726
781,NW-flex,1,1.0
781,BWA-no-clip,10,0.9
781,BWA-std,10,0.41818181818181815
781,NW-flex,10,1.0
781,BWA-no-clip,2,0.7090909090909091
781,BWA-std,2,0.13636363636363635
781,NW-flex,2,1.0
781,BWA-no-clip,3,0.8545454545454545
781,BWA-std,3,0.14545454545454545
781,NW-flex,3,1.0
781,BWA-no-clip,5,0.8727272727272727
781,BWA-std,5,0.2
781,NW-flex,5,1.0
781,BWA-no-clip,-1,0.9
781,BWA-std,-1,0.41818181818181815
781,NW-flex,-1,1.0
782,BWA-no-clip,0,0.7272727272727273
782,BWA-std,0,0.12727272727272726
782,NW-flex,0,1.0
782,BWA-no-clip,1,0.7181818181818181
782,BWA-std,1,0.12727272727272726
782,NW-flex,1,1.0
782,BWA-no-clip,10,0.9
782,BWA-std,10,0.41818181818181815
782,NW-flex,10,1.0
782,BWA-no-clip,2,0.8363636363636363
782,BWA-std,2,0.13636363636363635
782,NW-flex,2,1.0
782,BWA-no-clip,3,0.6636363636363637
782,BWA-std,3,0.14545454545454545
782,NW-flex,3,1.0
782,BWA-no-clip,5,0.7909090909090909
782,BWA-std,5,0.2
782,NW-flex,5,1.0
782,BWA-no-clip,-1,0.9
782,BWA-std,-1,0.41818181818181815
782,NW-flex,-1,1.0
783,BWA-no-clip,0,0.6
783,BWA-std,0,0.12727272727272726
783,NW-flex,0,1.0
783,BWA-no-clip,1,0.5727272727272728
783,BWA-std,1,0.12727272727272726
783,NW-flex,1,0.990909090909091
783,BWA-no-clip,10,0.8909090909090909
783,BWA-std,10,0.41818181818181815
783,NW-flex,10,1.0
783,BWA-no-clip,2,0.7818181818181819
783,BWA-std,2,0.13636363636363635
783,NW-flex,2,1.0
783,BWA-no-clip,3,0.7636363636363637
783,BWA-std,3,0.14545454545454545
783,NW-flex,3,1.0
783,BWA-no-clip,5,0.8909090909090909
783,BWA-std,5,0.2
783,NW-flex,5,1.0
783,BWA-no-clip,-1,0.8909090909090909
783,BWA-std,-1,0.41818181818181815
783,NW-flex,-1,1.0
784,BWA-no-clip,0,0.7
784,BWA-std,0,0.12727272727272726
784,NW-flex,0,1.0
784,BWA-no-clip,1,0.7454545454545455
784,BWA-std,1,0.12727272727272726
784,NW-flex,1,1.0
784,BWA-no-clip,10,0.8636363636363636
784,BWA-std,10,0.41818181818181815
784,NW-flex,10,1.0
784,BWA-no-clip,2,0.8545454545454545
784,BWA-std,2,0.13636363636363635
784,NW-flex,2,1.0
784,BWA-no-clip,3,0.8636363636363636
784,BWA-std,3,0.14545454545454545
784,NW-flex,3,1.0
784,BWA-no-clip,5,0.8363636363636363
784,BWA-std,5,0.2
784,NW-flex,5,1.0
784,BWA-no-clip,-1,0.8636363636363636
784,BWA-std,-1,0.41818181818181815
784,NW-flex,-1,1.0
785,BWA-no-clip,0,0.4636363636363636
785,BWA-std,0,0.10909090909090909
785,NW-flex,0,0.8
785,BWA-no-clip,1,0.8090909090909091
785,BWA-std,1,0.12727272727272726
785,NW-flex,1,1.0
785,BWA-no-clip,10,0.8727272727272727
785,BWA-std,10,0.4090909090909091
785,NW-flex,10,1.0
785,BWA-no-clip,2,0.7636363636363637
785,BWA-std,2,0.12727272727272726
785,NW-flex,2,1.0
785,BWA-no-clip,3,0.7121212121212122
785,BWA-std,3,0.13636363636363635
785,NW-flex,3,1.0
785,BWA-no-clip,5,0.8636363636363636
785,BWA-std,5,0.19090909090909092
785,NW-flex,5,1.0
785,BWA-no-clip,-1,0.8727272727272727
785,BWA-std,-1,0.4090909090909091
785,NW-flex,-1,1.0
786,BWA-no-clip,0,0.7545454545454545
786,BWA-std,0,0.12727272727272726
786,NW-flex,0,1.0
786,BWA-no-clip,1,0.7090909090909091
786,BWA-std,1,0.12727272727272726
786,NW-flex,1,1.0
786,BWA-no-clip,10,0.8636363636363636
786,BWA-std,10,0.41818181818181815
786,NW-flex,10,1.0
786,BWA-no-clip,2,0.7363636363636363
786,BWA-std,2,0.13636363636363635
786,NW-flex,2,1.0
786,BWA-no-clip,3,0.7454545454545455
786,BWA-std,3,0.14545454545454545
786,NW-flex,3,1.0
786,BWA-no-clip,5,0.7818181818181819
786,BWA-std,5,0.2
786,NW-flex,5,1.0
786,BWA-no-clip,-1,0.8636363636363636
786,BWA-std,-1,0.41818181818181815
786,NW-flex,-1,1.0
787,BWA-no-clip,0,0.4727272727272727
787,BWA-std,0,0.12727272727272726
787,NW-flex,0,1.0
787,BWA-no-clip,1,0.4909090909090909
787,BWA-std,1,0.12727272727272726
787,NW-flex,1,1.0
787,BWA-no-clip,10,0.6909090909090909
787,BWA-std,10,0.4
787,NW-flex,10,1.0
787,BWA-no-clip,2,0.49393939393939396
787,BWA-std,2,0.12727272727272726
787,NW-flex,2,0.990909090909091
787,BWA-no-clip,3,0.4818181818181818
787,BWA-std,3,0.13636363636363635
787,NW-flex,3,1.0
787,BWA-no-clip,5,0.6545454545454545
787,BWA-std,5,0.18181818181818182
787,NW-flex,5,1.0
787,BWA-no-clip,-1,0.6909090909090909
787,BWA-std,-1,0.4
787,NW-flex,-1,1.0
788,BWA-no-clip,0,0.7181818181818181
788,BWA-std,0,0.12727272727272726
788,NW-flex,0,1.0
788,BWA-no-clip,1,0.7545454545454545
788,BWA-std,1,0.12727272727272726
788,NW-flex,1,0.996969696969697
788,BWA-no-clip,10,0.8818181818181818
788,BWA-std,10,0.41818181818181815
788,NW-flex,10,1.0
788,BWA-no-clip,2,0.7909090909090909
788,BWA-std,2,0.13636363636363635
788,NW-flex,2,1.0
788,BWA-no-clip,3,0.8636363636363636
788,BWA-std,3,0.14545454545454545
788,NW-flex,3,1.0
788,BWA-no-clip,5,0.8090909090909091
788,BWA-std,5,0.2
788,NW-flex,5,1.0
788,BWA-no-clip,-1,0.8818181818181818
788,BWA-std,-1,0.41818181818181815
788,NW-flex,-1,1.0
789,BWA-no-clip,0,0.7
789,BWA-std,0,0.12727272727272726
789,NW-flex,0,1.0
789,BWA-no-clip,1,0.7090909090909091
789,BWA-std,1,0.12727272727272726
789,NW-flex,1,1.0
789,BWA-no-clip,10,0.8636363636363636
789,BWA-std,10,0.4090909090909091
789,NW-flex,10,1.0
789,BWA-no-clip,2,0.7454545454545455
789,BWA-std,2,0.12727272727272726
789,NW-flex,2,1.0
789,BWA-no-clip,3,0.8
789,BWA-std,3,0.13636363636363635
789,NW-flex,3,1.0
789,BWA-no-clip,5,0.8363636363636363
789,BWA-std,5,0.19090909090909092
789,NW-flex,5,1.0
789,BWA-no-clip,-1,0.8636363636363636
789,BWA-std,-1,0.4090909090909091
789,NW-flex,-1,1.0
790,BWA-no-clip,0,0.6545454545454545
790,BWA-std,0,0.12727272727272726
790,NW-flex,0,1.0
790,BWA-no-clip,1,0.6727272727272727
790,BWA-std,1,0.12727272727272726
790,NW-flex,1,1.0
790,BWA-no-clip,10,0.8454545454545455
790,BWA-std,10,0.4090909090909091
790,NW-flex,10,1.0
790,BWA-no-clip,2,0.7454545454545455
790,BWA-std,2,0.12727272727272726
790,NW-flex,2,1.0
790,BWA-no-clip,3,0.7454545454545455
790,BWA-std,3,0.13636363636363635
790,NW-flex,3,1.0
790,BWA-no-clip,5,0.7636363636363637
790,BWA-std,5,0.19090909090909092
790,NW-flex,5,1.0
790,BWA-no-clip,-1,0.8454545454545455
790,BWA-std,-1,0.4090909090909091
790,NW-flex,-1,1.0
791,BWA-no-clip,0,0.4090909090909091
791,BWA-std,0,0.10909090909090909
791,NW-flex,0,0.8
791,BWA-no-clip,1,0.7181818181818181
791,BWA-std,1,0.12727272727272726
791,NW-flex,1,1.0
791,BWA-no-clip,10,0.8454545454545455
791,BWA-std,10,0.4090909090909091
791,NW-flex,10,1.0
791,BWA-no-clip,2,0.6636363636363637
791,BWA-std,2,0.12727272727272726
791,NW-flex,2,1.0
791,BWA-no-clip,3,0.7727272727272727
791,BWA-std,3,0.13636363636363635
791,NW-flex,3,1.0
791,BWA-no-clip,5,0.7818181818181819
791,BWA-std,5,0.19090909090909092
791,NW-flex,5,1.0
791,BWA-no-clip,-1,0.8454545454545455
791,BWA-std,-1,0.4090909090909091
791,NW-flex,-1,1.0
792,BWA-no-clip,0,0.43333333333333335
792,BWA-std,0,0.10909090909090909
792,NW-flex,0,0.7
792,BWA-no-clip,1,0.7
792,BWA-std,1,0.12727272727272726
792,NW-flex,1,1.0
792,BWA-no-clip,10,0.8272727272727273
792,BWA-std,10,0.4090909090909091
792,NW-flex,10,1.0
792,BWA-no-clip,2,0.6454545454545455
792,BWA-std,2,0.12727272727272726
792,NW-flex,2,1.0
792,BWA-no-clip,3,0.6636363636363637
792,BWA-std,3,0.13636363636363635
792,NW-flex,3,1.0
792,BWA-no-clip,5,0.8090909090909091
792,BWA-std,5,0.19090909090909092
792,NW-flex,5,1.0
792,BWA-no-clip,-1,0.8272727272727273
792,BWA-std,-1,0.4090909090909091
792,NW-flex,-1,1.0
793,BWA-no-clip,0,0.45454545454545453
793,BWA-std,0,0.12727272727272726
793,NW-flex,0,1.0
793,BWA-no-clip,1,0.396969696969697
793,BWA-std,1,0.12727272727272726
793,NW-flex,1,1.0
793,BWA-no-clip,10,0.6
793,BWA-std,10,0.38181818181818183
793,NW-flex,10,1.0
793,BWA-no-clip,2,0.4818181818181818
793,BWA-std,2,0.12727272727272726
793,NW-flex,2,1.0
793,BWA-no-clip,3,0.5151515151515151
793,BWA-std,3,0.13636363636363635
793,NW-flex,3,1.0
793,BWA-no-clip,5,0.3515151515151515
793,BWA-std,5,0.14545454545454545
793,NW-flex,5,0.996969696969697
793,BWA-no-clip,-1,0.6
793,BWA-std,-1,0.38181818181818183
793,NW-flex,-1,1.0
794,BWA-no-clip,0,0.509090909090909
794,BWA-std,0,0.10909090909090909
794,NW-flex,0,0.7
794,BWA-no-clip,1,0.7363636363636363
794,BWA-std,1,0.12727272727272726
794,NW-flex,1,1.0
794,BWA-no-clip,10,0.8454545454545455
794,BWA-std,10,0.4090909090909091
794,NW-flex,10,1.0
794,BWA-no-clip,2,0.7272727272727273
794,BWA-std,2,0.12727272727272726
794,NW-flex,2,1.0
794,BWA-no-clip,3,0.6545454545454545
794,BWA-std,3,0.13636363636363635
794,NW-flex,3,1.0
794,BWA-no-clip,5,0.8363636363636363
794,BWA-std,5,0.19090909090909092
794,NW-flex,5,1.0
794,BWA-no-clip,-1,0.8454545454545455
794,BWA-std,-1,0.4090909090909091
794,NW-flex,-1,1.0
795,BWA-no-clip,0,0.4
795,BWA-std,0,0.10909090909090909
795,NW-flex,0,0.8
795,BWA-no-clip,1,0.6909090909090909
795,BWA-std,1,0.12727272727272726
795,NW-flex,1,1.0
795,BWA-no-clip,10,0.8090909090909091
795,BWA-std,10,0.4090909090909091
795,NW-flex,10,1.0
795,BWA-no-clip,2,0.6454545454545455
795,BWA-std,2,0.12727272727272726
795,NW-flex,2,1.0
795,BWA-no-clip,3,0.6909090909090909
795,BWA-std,3,0.13636363636363635
795,NW-flex,3,1.0
795,BWA-no-clip,5,0.7
795,BWA-std,5,0.19090909090909092
795,NW-flex,5,1.0
795,BWA-no-clip,-1,0.8090909090909091
795,BWA-std,-1,0.4090909090909091
795,NW-flex,-1,1.0
796,BWA-no-clip,0,0.509090909090909
796,BWA-std,0,0.12727272727272726
796,NW-flex,0,1.0
796,BWA-no-clip,1,0.5818181818181818
796,BWA-std,1,0.12727272727272726
796,NW-flex,1,1.0
796,BWA-no-clip,10,0.8
796,BWA-std,10,0.41818181818181815
796,NW-flex,10,1.0
796,BWA-no-clip,2,0.7
796,BWA-std,2,0.13636363636363635
796,NW-flex,2,1.0
796,BWA-no-clip,3,0.7636363636363637
796,BWA-std,3,0.14545454545454545
796,NW-flex,3,1.0
796,BWA-no-clip,5,0.7818181818181819
796,BWA-std,5,0.2
796,NW-flex,5,1.0
796,BWA-no-clip,-1,0.8
796,BWA-std,-1,0.41818181818181815
796,NW-flex,-1,1.0
797,BWA-no-clip,0,0.6727272727272727
797,BWA-std,0,0.12727272727272726
797,NW-flex,0,1.0
797,BWA-no-clip,1,0.4727272727272727
797,BWA-std,1,0.12727272727272726
797,NW-flex,1,0.990909090909091
797,BWA-no-clip,10,0.8636363636363636
797,BWA-std,10,0.41818181818181815
797,NW-flex,10,1.0
797,BWA-no-clip,2,0.7636363636363637
797,BWA-std,2,0.13636363636363635
797,NW-flex,2,1.0
797,BWA-no-clip,3,0.7636363636363637
797,BWA-std,3,0.14545454545454545
797,NW-flex,3,1.0
797,BWA-no-clip,5,0.8545454545454545
797,BWA-std,5,0.2
797,NW-flex,5,1.0
797,BWA-no-clip,-1,0.8636363636363636
797,BWA-std,-1,0.41818181818181815
797,NW-flex,-1,1.0
798,BWA-no-clip,0,0.6545454545454545
798,BWA-std,0,0.12727272727272726
798,NW-flex,0,1.0
798,BWA-no-clip,1,0.7090909090909091
798,BWA-std,1,0.12727272727272726
798,NW-flex,1,1.0
798,BWA-no-clip,10,0.9181818181818182
798,BWA-std,10,0.41818181818181815
798,NW-flex,10,1.0
798,BWA-no-clip,2,0.8363636363636363
798,BWA-std,2,0.13636363636363635
798,NW-flex,2,1.0
798,BWA-no-clip,3,0.8545454545454545
798,BWA-std,3,0.14545454545454545
798,NW-flex,3,1.0
798,BWA-no-clip,5,0.9090909090909091
798,BWA-std,5,0.2
798,NW-flex,5,1.0
798,BWA-no-clip,-1,0.9181818181818182
798,BWA-std,-1,0.41818181818181815
798,NW-flex,-1,1.0
799,BWA-no-clip,0,0.4636363636363636
799,BWA-std,0,0.10909090909090909
799,NW-flex,0,0.8
799,BWA-no-clip,1,0.7
799,BWA-std,1,0.12727272727272726
799,NW-flex,1,1.0
799,BWA-no-clip,10,0.8727272727272727
799,BWA-std,10,0.41818181818181815
799,NW-flex,10,1.0
799,BWA-no-clip,2,0.7454545454545455
799,BWA-std,2,0.13636363636363635
799,NW-flex,2,1.0
799,BWA-no-clip,3,0.7636363636363637
799,BWA-std,3,0.14545454545454545
799,NW-flex,3,1.0
799,BWA-no-clip,5,0.8727272727272727
799,BWA-std,5,0.2
799,NW-flex,5,1.0
799,BWA-no-clip,-1,0.8727272727272727
799,BWA-std,-1,0.41818181818181815
799,NW-flex,-1,1.0
800,BWA-no-clip,0,0.41818181818181815
800,BWA-std,0,0.10909090909090909
800,NW-flex,0,0.803030303030303
800,BWA-no-clip,1,0.7545454545454545
800,BWA-std,1,0.12727272727272726
800,NW-flex,1,1.0
800,BWA-no-clip,10,0.8727272727272727
800,BWA-std,10,0.41818181818181815
800,NW-flex,10,1.0
800,BWA-no-clip,2,0.8181818181818182
800,BWA-std,2,0.13636363636363635
800,NW-flex,2,1.0
800,BWA-no-clip,3,0.7454545454545455
800,BWA-std,3,0.14545454545454545
800,NW-flex,3,1.0
800,BWA-no-clip,5,0.8454545454545455
800,BWA-std,5,0.2
800,NW-flex,5,1.0
800,BWA-no-clip,-1,0.8727272727272727
800,BWA-std,-1,0.41818181818181815
800,NW-flex,-1,1.0
801,BWA-no-clip,0,0.43636363636363634
801,BWA-std,0,0.10909090909090909
801,NW-flex,0,0.9
801,BWA-no-clip,1,0.5818181818181818
801,BWA-std,1,0.12727272727272726
801,NW-flex,1,0.996969696969697
801,BWA-no-clip,10,0.8545454545454545
801,BWA-std,10,0.41818181818181815
801,NW-flex,10,1.0
801,BWA-no-clip,2,0.6818181818181818
801,BWA-std,2,0.13636363636363635
801,NW-flex,2,1.0
801,BWA-no-clip,3,0.7636363636363637
801,BWA-std,3,0.14545454545454545
801,NW-flex,3,1.0
801,BWA-no-clip,5,0.7545454545454545
801,BWA-std,5,0.2
801,NW-flex,5,1.0
801,BWA-no-clip,-1,0.8545454545454545
801,BWA-std,-1,0.41818181818181815
801,NW-flex,-1,1.0
802,BWA-no-clip,0,0.6727272727272727
802,BWA-std,0,0.12727272727272726
802,NW-flex,0,1.0
802,BWA-no-clip,1,0.7181818181818181
802,BWA-std,1,0.12727272727272726
802,NW-flex,1,1.0
802,BWA-no-clip,10,0.7636363636363637
802,BWA-std,10,0.41818181818181815
802,NW-flex,10,1.0
802,BWA-no-clip,2,0.6636363636363637
802,BWA-std,2,0.13636363636363635
802,NW-flex,2,1.0
802,BWA-no-clip,3,0.7090909090909091
802,BWA-std,3,0.14545454545454545
802,NW-flex,3,1.0
802,BWA-no-clip,5,0.7
802,BWA-std,5,0.2
802,NW-flex,5,1.0
802,BWA-no-clip,-1,0.7636363636363637
802,BWA-std,-1,0.41818181818181815
802,NW-flex,-1,1.0
803,BWA-no-clip,0,0.44545454545454544
803,BWA-std,0,0.10909090909090909
803,NW-flex,0,0.9
803,BWA-no-clip,1,0.7181818181818181
803,BWA-std,1,0.12727272727272726
803,NW-flex,1,1.0
803,BWA-no-clip,10,0.8727272727272727
803,BWA-std,10,0.41818181818181815
803,NW-flex,10,1.0
803,BWA-no-clip,2,0.7333333333333333
803,BWA-std,2,0.13636363636363635
803,NW-flex,2,1.0
803,BWA-no-clip,3,0.7545454545454545
803,BWA-std,3,0.14545454545454545
803,NW-flex,3,1.0
803,BWA-no-clip,5,0.8090909090909091
803,BWA-std,5,0.2
803,NW-flex,5,1.0
803,BWA-no-clip,-1,0.8727272727272727
803,BWA-std,-1,0.41818181818181815
803,NW-flex,-1,1.0
804,BWA-no-clip,0,0.7727272727272727
804,BWA-std,0,0.12727272727272726
804,NW-flex,0,0.996969696969697
804,BWA-no-clip,1,0.6787878787878788
804,BWA-std,1,0.12727272727272726
804,NW-flex,1,1.0
804,BWA-no-clip,10,0.9090909090909091
804,BWA-std,10,0.41818181818181815
804,NW-flex,10,1.0
804,BWA-no-clip,2,0.7454545454545455
804,BWA-std,2,0.13636363636363635
804,NW-flex,2,1.0
804,BWA-no-clip,3,0.8090909090909091
804,BWA-std,3,0.14545454545454545
804,NW-flex,3,1.0
804,BWA-no-clip,5,0.8818181818181818
804,BWA-std,5,0.2
804,NW-flex,5,1.0
804,BWA-no-clip,-1,0.9090909090909091
804,BWA-std,-1,0.41818181818181815
804,NW-flex,-1,1.0
805,BWA-no-clip,0,0.6545454545454545
805,BWA-std,0,0.12727272727272726
805,NW-flex,0,1.0
805,BWA-no-clip,1,0.7363636363636363
805,BWA-std,1,0.12727272727272726
805,NW-flex,1,1.0
805,BWA-no-clip,10,0.8636363636363636
805,BWA-std,10,0.41818181818181815
805,NW-flex,10,1.0
805,BWA-no-clip,2,0.6696969696969697
805,BWA-std,2,0.13636363636363635
805,NW-flex,2,1.0
805,BWA-no-clip,3,0.8545454545454545
805,BWA-std,3,0.14545454545454545
805,NW-flex,3,1.0
805,BWA-no-clip,5,0.8272727272727273
805,BWA-std,5,0.2
805,NW-flex,5,1.0
805,BWA-no-clip,-1,0.8636363636363636
805,BWA-std,-1,0.41818181818181815
805,NW-flex,-1,1.0
806,BWA-no-clip,0,0.5272727272727272
806,BWA-std,0,0.10909090909090909
806,NW-flex,0,0.9
806,BWA-no-clip,1,0.7818181818181819
806,BWA-std,1,0.12727272727272726
806,NW-flex,1,1.0
806,BWA-no-clip,10,0.8818181818181818
806,BWA-std,10,0.41818181818181815
806,NW-flex,10,1.0
806,BWA-no-clip,2,0.8151515151515152
806,BWA-std,2,0.13636363636363635
806,NW-flex,2,1.0
806,BWA-no-clip,3,0.7727272727272727
806,BWA-std,3,0.14545454545454545
806,NW-flex,3,1.0
806,BWA-no-clip,5,0.8272727272727273
806,BWA-std,5,0.2
806,NW-flex,5,1.0
806,BWA-no-clip,-1,0.8818181818181818
806,BWA-std,-1,0.41818181818181815
806,NW-flex,-1,1.0
807,BWA-no-clip,0,0.6454545454545455
807,BWA-std,0,0.12727272727272726
807,NW-flex,0,1.0
807,BWA-no-clip,1,0.7
807,BWA-std,1,0.12727272727272726
807,NW-flex,1,1.0
807,BWA-no-clip,10,0.8545454545454545
807,BWA-std,10,0.4090909090909091
807,NW-flex,10,1.0
807,BWA-no-clip,2,0.6454545454545455
807,BWA-std,2,0.12727272727272726
807,NW-flex,2,1.0
807,BWA-no-clip,3,0.8
807,BWA-std,3,0.13636363636363635
807,NW-flex,3,1.0
807,BWA-no-clip,5,0.8
807,BWA-std,5,0.19090909090909092
807,NW-flex,5,1.0
807,BWA-no-clip,-1,0.8545454545454545
807,BWA-std,-1,0.4090909090909091
807,NW-flex,-1,1.0
808,BWA-no-clip,0,0.4727272727272727
808,BWA-std,0,0.10909090909090909
808,NW-flex,0,0.7
808,BWA-no-clip,1,0.5909090909090909
808,BWA-std,1,0.12727272727272726
808,NW-flex,1,0.9
808,BWA-no-clip,10,0.7818181818181819
808,BWA-std,10,0.4
808,NW-flex,10,1.0
808,BWA-no-clip,2,0.6818181818181818
808,BWA-std,2,0.12727272727272726
808,NW-flex,2,1.0
808,BWA-no-clip,3,0.6090909090909091
808,BWA-std,3,0.12727272727272726
808,NW-flex,3,1.0
808,BWA-no-clip,5,0.7181818181818181
808,BWA-std,5,0.18181818181818182
808,NW-flex,5,1.0
808,BWA-no-clip,-1,0.7818181818181819
808,BWA-std,-1,0.4
808,NW-flex,-1,1.0
809,BWA-no-clip,0,0.4636363636363636
809,BWA-std,0,0.11818181818181818
809,NW-flex,0,0.996969696969697
809,BWA-no-clip,1,0.5727272727272728
809,BWA-std,1,0.12727272727272726
809,NW-flex,1,1.0
809,BWA-no-clip,10,0.7454545454545455
809,BWA-std,10,0.37272727272727274
809,NW-flex,10,1.0
809,BWA-no-clip,2,0.6545454545454545
809,BWA-std,2,0.12727272727272726
809,NW-flex,2,1.0
809,BWA-no-clip,3,0.7272727272727273
809,BWA-std,3,0.13636363636363635
809,NW-flex,3,1.0
809,BWA-no-clip,5,0.7272727272727273
809,BWA-std,5,0.16363636363636364
809,NW-flex,5,1.0
809,BWA-no-clip,-1,0.7454545454545455
809,BWA-std,-1,0.37272727272727274
809,NW-flex,-1,1.0
810,BWA-no-clip,0,0.7
810,BWA-std,0,0.12727272727272726
810,NW-flex,0,1.0
810,BWA-no-clip,1,0.7272727272727273
810,BWA-std,1,0.12727272727272726
810,NW-flex,1,1.0
810,BWA-no-clip,10,0.8636363636363636
810,BWA-std,10,0.4090909090909091
810,NW-flex,10,1.0
810,BWA-no-clip,2,0.6545454545454545
810,BWA-std,2,0.12727272727272726
810,NW-flex,2,1.0
810,BWA-no-clip,3,0.8181818181818182
810,BWA-std,3,0.13636363636363635
810,NW-flex,3,1.0
810,BWA-no-clip,5,0.8363636363636363
810,BWA-std,5,0.19090909090909092
810,NW-flex,5,1.0
810,BWA-no-clip,-1,0.8636363636363636
810,BWA-std,-1,0.4090909090909091
810,NW-flex,-1,1.0
811,BWA-no-clip,0,0.4
811,BWA-std,0,0.10909090909090909
811,NW-flex,0,0.803030303030303
811,BWA-no-clip,1,0.7727272727272727
811,BWA-std,1,0.12727272727272726
811,NW-flex,1,1.0
811,BWA-no-clip,10,0.8727272727272727
811,BWA-std,10,0.41818181818181815
811,NW-flex,10,1.0
811,BWA-no-clip,2,0.8
811,BWA-std,2,0.13636363636363635
811,NW-flex,2,1.0
811,BWA-no-clip,3,0.7272727272727273
811,BWA-std,3,0.14545454545454545
811,NW-flex,3,1.0
811,BWA-no-clip,5,0.8636363636363636
811,BWA-std,5,0.2
811,NW-flex,5,1.0
811,BWA-no-clip,-1,0.8727272727272727
811,BWA-std,-1,0.41818181818181815
811,NW-flex,-1,1.0
812,BWA-no-clip,0,0.6545454545454545
812,BWA-std,0,0.12727272727272726
812,NW-flex,0,0.9939393939393939
812,BWA-no-clip,1,0.6636363636363637
812,BWA-std,1,0.12727272727272726
812,NW-flex,1,1.0
812,BWA-no-clip,10,0.8181818181818182
812,BWA-std,10,0.41818181818181815
812,NW-flex,10,1.0
812,BWA-no-clip,2,0.6909090909090909
812,BWA-std,2,0.13636363636363635
812,NW-flex,2,1.0
812,BWA-no-clip,3,0.5363636363636364
812,BWA-std,3,0.14545454545454545
812,NW-flex,3,1.0
812,BWA-no-clip,5,0.6545454545454545
812,BWA-std,5,0.2
812,NW-flex,5,1.0
812,BWA-no-clip,-1,0.8181818181818182
812,BWA-std,-1,0.41818181818181815
812,NW-flex,-1,1.0
813,BWA-no-clip,0,0.6818181818181818
813,BWA-std,0,0.12727272727272726
813,NW-flex,0,1.0
813,BWA-no-clip,1,0.6545454545454545
813,BWA-std,1,0.12727272727272726
813,NW-flex,1,1.0
813,BWA-no-clip,10,0.8
813,BWA-std,10,0.4090909090909091
813,NW-flex,10,1.0
813,BWA-no-clip,2,0.6272727272727273
813,BWA-std,2,0.12727272727272726
813,NW-flex,2,1.0
813,BWA-no-clip,3,0.7
813,BWA-std,3,0.13636363636363635
813,NW-flex,3,1.0
813,BWA-no-clip,5,0.7727272727272727
813,BWA-std,5,0.19090909090909092
813,NW-flex,5,1.0
813,BWA-no-clip,-1,0.8
813,BWA-std,-1,0.4090909090909091
813,NW-flex,-1,1.0
814,BWA-no-clip,0,0.5272727272727272
814,BWA-std,0,0.10909090909090909
814,NW-flex,0,0.9
814,BWA-no-clip,1,0.7818181818181819
814,BWA-std,1,0.12727272727272726
814,NW-flex,1,1.0
814,BWA-no-clip,10,0.8909090909090909
814,BWA-std,10,0.41818181818181815
814,NW-flex,10,1.0
814,BWA-no-clip,2,0.8151515151515152
814,BWA-std,2,0.13636363636363635
814,NW-flex,2,1.0
814,BWA-no-clip,3,0.8181818181818182
814,BWA-std,3,0.14545454545454545
814,NW-flex,3,1.0
814,BWA-no-clip,5,0.8727272727272727
814,BWA-std,5,0.2
814,NW-flex,5,1.0
814,BWA-no-clip,-1,0.8909090909090909
814,BWA-std,-1,0.41818181818181815
814,NW-flex,-1,1.0
815,BWA-no-clip,0,0.6454545454545455
815,BWA-std,0,0.12727272727272726
815,NW-flex,0,1.0
815,BWA-no-clip,1,0.6454545454545455
815,BWA-std,1,0.12727272727272726
815,NW-flex,1,1.0
815,BWA-no-clip,10,0.8363636363636363
815,BWA-std,10,0.4090909090909091
815,NW-flex,10,1.0
815,BWA-no-clip,2,0.6727272727272727
815,BWA-std,2,0.12727272727272726
815,NW-flex,2,1.0
815,BWA-no-clip,3,0.7818181818181819
815,BWA-std,3,0.13636363636363635
815,NW-flex,3,1.0
815,BWA-no-clip,5,0.7818181818181819
815,BWA-std,5,0.19090909090909092
815,NW-flex,5,1.0
815,BWA-no-clip,-1,0.8363636363636363
815,BWA-std,-1,0.4090909090909091
815,NW-flex,-1,1.0
816,BWA-no-clip,0,0.42727272727272725
816,BWA-std,0,0.10909090909090909
816,NW-flex,0,0.9
816,BWA-no-clip,1,0.803030303030303
816,BWA-std,1,0.12727272727272726
816,NW-flex,1,1.0
816,BWA-no-clip,10,0.9181818181818182
816,BWA-std,10,0.41818181818181815
816,NW-flex,10,1.0
816,BWA-no-clip,2,0.8545454545454545
816,BWA-std,2,0.13636363636363635
816,NW-flex,2,1.0
816,BWA-no-clip,3,0.8727272727272727
816,BWA-std,3,0.14545454545454545
816,NW-flex,3,1.0
816,BWA-no-clip,5,0.8636363636363636
816,BWA-std,5,0.2
816,NW-flex,5,1.0
816,BWA-no-clip,-1,0.9181818181818182
816,BWA-std,-1,0.41818181818181815
816,NW-flex,-1,1.0
817,BWA-no-clip,0,0.44242424242424244
817,BWA-std,0,0.10909090909090909
817,NW-flex,0,0.7
817,BWA-no-clip,1,0.5727272727272728
817,BWA-std,1,0.12727272727272726
817,NW-flex,1,0.9939393939393939
817,BWA-no-clip,10,0.7666666666666667
817,BWA-std,10,0.4090909090909091
817,NW-flex,10,1.0
817,BWA-no-clip,2,0.509090909090909
817,BWA-std,2,0.12727272727272726
817,NW-flex,2,1.0
817,BWA-no-clip,3,0.5575757575757576
817,BWA-std,3,0.13636363636363635
817,NW-flex,3,0.996969696969697
817,BWA-no-clip,5,0.7575757575757576
817,BWA-std,5,0.19090909090909092
817,NW-flex,5,1.0
817,BWA-no-clip,-1,0.7666666666666667
817,BWA-std,-1,0.4090909090909091
817,NW-flex,-1,1.0
818,BWA-no-clip,0,0.5636363636363636
818,BWA-std,0,0.12727272727272726
818,NW-flex,0,0.996969696969697
818,BWA-no-clip,1,0.6363636363636364
818,BWA-std,1,0.12727272727272726
818,NW-flex,1,1.0
818,BWA-no-clip,10,0.7818181818181819
818,BWA-std,10,0.4
818,NW-flex,10,1.0
818,BWA-no-clip,2,0.7181818181818181
818,BWA-std,2,0.12727272727272726
818,NW-flex,2,1.0
818,BWA-no-clip,3,0.7545454545454545
818,BWA-std,3,0.13636363636363635
818,NW-flex,3,1.0
818,BWA-no-clip,5,0.7545454545454545
818,BWA-std,5,0.18181818181818182
818,NW-flex,5,1.0
818,BWA-no-clip,-1,0.7818181818181819
818,BWA-std,-1,0.4
818,NW-flex,-1,1.0
819,BWA-no-clip,0,0.44545454545454544
819,BWA-std,0,0.10909090909090909
819,NW-flex,0,0.9
819,BWA-no-clip,1,0.7818181818181819
819,BWA-std,1,0.12727272727272726
819,NW-flex,1,1.0
819,BWA-no-clip,10,0.8909090909090909
819,BWA-std,10,0.41818181818181815
819,NW-flex,10,1.0
819,BWA-no-clip,2,0.6878787878787879
819,BWA-std,2,0.13636363636363635
819,NW-flex,2,0.996969696969697
819,BWA-no-clip,3,0.7606060606060606
819,BWA-std,3,0.14545454545454545
819,NW-flex,3,1.0
819,BWA-no-clip,5,0.7545454545454545
819,BWA-std,5,0.2
819,NW-flex,5,1.0
819,BWA-no-clip,-1,0.8909090909090909
819,BWA-std,-1,0.41818181818181815
819,NW-flex,-1,1.0
820,BWA-no-clip,0,0.6636363636363637
820,BWA-std,0,0.12727272727272726
820,NW-flex,0,1.0
820,BWA-no-clip,1,0.7363636363636363
820,BWA-std,1,0.12727272727272726
820,NW-flex,1,1.0
820,BWA-no-clip,10,0.7909090909090909
820,BWA-std,10,0.4
820,NW-flex,10,1.0
820,BWA-no-clip,2,0.6909090909090909
820,BWA-std,2,0.12727272727272726
820,NW-flex,2,1.0
820,BWA-no-clip,3,0.6212121212121212
820,BWA-std,3,0.12727272727272726
820,NW-flex,3,1.0
820,BWA-no-clip,5,0.7
820,BWA-std,5,0.18181818181818182
820,NW-flex,5,1.0
820,BWA-no-clip,-1,0.7909090909090909
820,BWA-std,-1,0.4
820,NW-flex,-1,1.0
821,BWA-no-clip,0,0.6636363636363637
821,BWA-std,0,0.12727272727272726
821,NW-flex,0,0.996969696969697
821,BWA-no-clip,1,0.7272727272727273
821,BWA-std,1,0.12727272727272726
821,NW-flex,1,1.0
821,BWA-no-clip,10,0.7454545454545455
821,BWA-std,10,0.4
821,NW-flex,10,1.0
821,BWA-no-clip,2,0.7
821,BWA-std,2,0.12727272727272726
821,NW-flex,2,1.0
821,BWA-no-clip,3,0.6454545454545455
821,BWA-std,3,0.12727272727272726
821,NW-flex,3,1.0
821,BWA-no-clip,5,0.7
821,BWA-std,5,0.18181818181818182
821,NW-flex,5,1.0
821,BWA-no-clip,-1,0.7454545454545455
821,BWA-std,-1,0.4
821,NW-flex,-1,1.0
822,BWA-no-clip,0,0.41818181818181815
822,BWA-std,0,0.10909090909090909
822,NW-flex,0,0.9
822,BWA-no-clip,1,0.4
822,BWA-std,1,0.12727272727272726
822,NW-flex,1,0.996969696969697
822,BWA-no-clip,10,0.8363636363636363
822,BWA-std,10,0.41818181818181815
822,NW-flex,10,1.0
822,BWA-no-clip,2,0.6818181818181818
822,BWA-std,2,0.13636363636363635
822,NW-flex,2,1.0
822,BWA-no-clip,3,0.8181818181818182
822,BWA-std,3,0.14545454545454545
822,NW-flex,3,1.0
822,BWA-no-clip,5,0.6909090909090909
822,BWA-std,5,0.2
822,NW-flex,5,1.0
822,BWA-no-clip,-1,0.8363636363636363
822,BWA-std,-1,0.41818181818181815
822,NW-flex,-1,1.0
823,BWA-no-clip,0,0.7545454545454545
823,BWA-std,0,0.12727272727272726
823,NW-flex,0,0.9939393939393939
823,BWA-no-clip,1,0.6909090909090909
823,BWA-std,1,0.12727272727272726
823,NW-flex,1,1.0
823,BWA-no-clip,10,0.8909090909090909
823,BWA-std,10,0.41818181818181815
823,NW-flex,10,1.0
823,BWA-no-clip,2,0.8545454545454545
823,BWA-std,2,0.13636363636363635
823,NW-flex,2,1.0
823,BWA-no-clip,3,0.7727272727272727
823,BWA-std,3,0.14545454545454545
823,NW-flex,3,1.0
823,BWA-no-clip,5,0.8636363636363636
823,BWA-std,5,0.2
823,NW-flex,5,1.0
823,BWA-no-clip,-1,0.8909090909090909
823,BWA-std,-1,0.41818181818181815
823,NW-flex,-1,1.0
824,BWA-no-clip,0,0.36363636363636365
824,BWA-std,0,0.10909090909090909
824,NW-flex,0,0.6
824,BWA-no-clip,1,0.5515151515151515
824,BWA-std,1,0.12727272727272726
824,NW-flex,1,0.990909090909091
824,BWA-no-clip,10,0.6787878787878788
824,BWA-std,10,0.4
824,NW-flex,10,1.0
824,BWA-no-clip,2,0.5636363636363636
824,BWA-std,2,0.12727272727272726
824,NW-flex,2,1.0
824,BWA-no-clip,3,0.5666666666666667
824,BWA-std,3,0.13636363636363635
824,NW-flex,3,1.0
824,BWA-no-clip,5,0.6424242424242425
824,BWA-std,5,0.18181818181818182
824,NW-flex,5,1.0
824,BWA-no-clip,-1,0.6787878787878788
824,BWA-std,-1,0.4
824,NW-flex,-1,1.0
825,BWA-no-clip,0,0.42727272727272725
825,BWA-std,0,0.10909090909090909
825,NW-flex,0,0.7
825,BWA-no-clip,1,0.3515151515151515
825,BWA-std,1,0.12727272727272726
825,NW-flex,1,0.803030303030303
825,BWA-no-clip,10,0.7
825,BWA-std,10,0.4
825,NW-flex,10,1.0
825,BWA-no-clip,2,0.5454545454545454
825,BWA-std,2,0.12727272727272726
825,NW-flex,2,1.0
825,BWA-no-clip,3,0.5363636363636364
825,BWA-std,3,0.12727272727272726
825,NW-flex,3,1.0
825,BWA-no-clip,5,0.5818181818181818
825,BWA-std,5,0.18181818181818182
825,NW-flex,5,1.0
825,BWA-no-clip,-1,0.7
825,BWA-std,-1,0.4
825,NW-flex,-1,1.0
826,BWA-no-clip,0,0.7727272727272727
826,BWA-std,0,0.12727272727272726
826,NW-flex,0,0.9939393939393939
826,BWA-no-clip,1,0.8
826,BWA-std,1,0.12727272727272726
826,NW-flex,1,1.0
826,BWA-no-clip,10,0.9181818181818182
826,BWA-std,10,0.41818181818181815
826,NW-flex,10,1.0
826,BWA-no-clip,2,0.7303030303030303
826,BWA-std,2,0.13636363636363635
826,NW-flex,2,1.0
826,BWA-no-clip,3,0.8727272727272727
826,BWA-std,3,0.14545454545454545
826,NW-flex,3,1.0
826,BWA-no-clip,5,0.9
826,BWA-std,5,0.2
826,NW-flex,5,1.0
826,BWA-no-clip,-1,0.9181818181818182
826,BWA-std,-1,0.41818181818181815
826,NW-flex,-1,1.0
827,BWA-no-clip,0,0.4636363636363636
827,BWA-std,0,0.10909090909090909
827,NW-flex,0,0.8
827,BWA-no-clip,1,0.6696969696969697
827,BWA-std,1,0.12727272727272726
827,NW-flex,1,0.996969696969697
827,BWA-no-clip,10,0.7727272727272727
827,BWA-std,10,0.4090909090909091
827,NW-flex,10,1.0
827,BWA-no-clip,2,0.6454545454545455
827,BWA-std,2,0.12727272727272726
827,NW-flex,2,1.0
827,BWA-no-clip,3,0.6636363636363637
827,BWA-std,3,0.13636363636363635
827,NW-flex,3,1.0
827,BWA-no-clip,5,0.7363636363636363
827,BWA-std,5,0.19090909090909092
827,NW-flex,5,1.0
827,BWA-no-clip,-1,0.7727272727272727
827,BWA-std,-1,0.4090909090909091
827,NW-flex,-1,1.0
828,BWA-no-clip,0,0.6454545454545455
828,BWA-std,0,0.12727272727272726
828,NW-flex,0,0.996969696969697
828,BWA-no-clip,1,0.7363636363636363
828,BWA-std,1,0.12727272727272726
828,NW-flex,1,1.0
828,BWA-no-clip,10,0.8454545454545455
828,BWA-std,10,0.4090909090909091
828,NW-flex,10,1.0
828,BWA-no-clip,2,0.7363636363636363
828,BWA-std,2,0.12727272727272726
828,NW-flex,2,1.0
828,BWA-no-clip,3,0.7636363636363637
828,BWA-std,3,0.13636363636363635
828,NW-flex,3,1.0
828,BWA-no-clip,5,0.8454545454545455
828,BWA-std,5,0.19090909090909092
828,NW-flex,5,1.0
828,BWA-no-clip,-1,0.8454545454545455
828,BWA-std,-1,0.4090909090909091
828,NW-flex,-1,1.0
829,BWA-no-clip,0,0.5
829,BWA-std,0,0.12727272727272726
829,NW-flex,0,1.0
829,BWA-no-clip,1,0.5545454545454546
829,BWA-std,1,0.12727272727272726
829,NW-flex,1,1.0
829,BWA-no-clip,10,0.6515151515151515
829,BWA-std,10,0.4
829,NW-flex,10,1.0
829,BWA-no-clip,2,0.5
829,BWA-std,2,0.11818181818181818
829,NW-flex,2,1.0
829,BWA-no-clip,3,0.5515151515151515
829,BWA-std,3,0.13636363636363635
829,NW-flex,3,0.9030303030303031
829,BWA-no-clip,5,0.603030303030303
829,BWA-std,5,0.18181818181818182
829,NW-flex,5,1.0
829,BWA-no-clip,-1,0.6515151515151515
829,BWA-std,-1,0.4
829,NW-flex,-1,1.0
830,BWA-no-clip,0,0.7272727272727273
830,BWA-std,0,0.12727272727272726
830,NW-flex,0,0.9030303030303031
830,BWA-no-clip,1,0.7909090909090909
830,BWA-std,1,0.12727272727272726
830,NW-flex,1,0.996969696969697
830,BWA-no-clip,10,0.9090909090909091
830,BWA-std,10,0.41818181818181815
830,NW-flex,10,1.0
830,BWA-no-clip,2,0.7636363636363637
830,BWA-std,2,0.13636363636363635
830,NW-flex,2,1.0
830,BWA-no-clip,3,0.8636363636363636
830,BWA-std,3,0.14545454545454545
830,NW-flex,3,1.0
830,BWA-no-clip,5,0.9
830,BWA-std,5,0.2
830,NW-flex,5,1.0
830,BWA-no-clip,-1,0.9090909090909091
830,BWA-std,-1,0.41818181818181815
830,NW-flex,-1,1.0
831,BWA-no-clip,0,0.5818181818181818
831,BWA-std,0,0.12727272727272726
831,NW-flex,0,1.0
831,BWA-no-clip,1,0.5909090909090909
831,BWA-std,1,0.12727272727272726
831,NW-flex,1,1.0
831,BWA-no-clip,10,0.7636363636363637
831,BWA-std,10,0.4
831,NW-flex,10,1.0
831,BWA-no-clip,2,0.7181818181818181
831,BWA-std,2,0.12727272727272726
831,NW-flex,2,1.0
831,BWA-no-clip,3,0.7181818181818181
831,BWA-std,3,0.12727272727272726
831,NW-flex,3,1.0
831,BWA-no-clip,5,0.6878787878787879
831,BWA-std,5,0.18181818181818182
831,NW-flex,5,1.0
831,BWA-no-clip,-1,0.7636363636363637
831,BWA-std,-1,0.4
831,NW-flex,-1,1.0
832,BWA-no-clip,0,0.5636363636363636
832,BWA-std,0,0.10909090909090909
832,NW-flex,0,0.9
832,BWA-no-clip,1,0.7909090909090909
832,BWA-std,1,0.12727272727272726
832,NW-flex,1,1.0
832,BWA-no-clip,10,0.9
832,BWA-std,10,0.41818181818181815
832,NW-flex,10,1.0
832,BWA-no-clip,2,0.8181818181818182
832,BWA-std,2,0.13636363636363635
832,NW-flex,2,1.0
832,BWA-no-clip,3,0.8818181818181818
832,BWA-std,3,0.14545454545454545
832,NW-flex,3,1.0
832,BWA-no-clip,5,0.9
832,BWA-std,5,0.2
832,NW-flex,5,1.0
832,BWA-no-clip,-1,0.9
832,BWA-std,-1,0.41818181818181815
832,NW-flex,-1,1.0
833,BWA-no-clip,0,0.5181818181818182
833,BWA-std,0,0.10909090909090909
833,NW-flex,0,0.9
833,BWA-no-clip,1,0.8363636363636363
833,BWA-std,1,0.12727272727272726
833,NW-flex,1,1.0
833,BWA-no-clip,10,0.8909090909090909
833,BWA-std,10,0.41818181818181815
833,NW-flex,10,1.0
833,BWA-no-clip,2,0.7727272727272727
833,BWA-std,2,0.13636363636363635
833,NW-flex,2,1.0
833,BWA-no-clip,3,0.8636363636363636
833,BWA-std,3,0.14545454545454545
833,NW-flex,3,1.0
833,BWA-no-clip,5,0.8636363636363636
833,BWA-std,5,0.2
833,NW-flex,5,1.0
833,BWA-no-clip,-1,0.8909090909090909
833,BWA-std,-1,0.41818181818181815
833,NW-flex,-1,1.0
834,BWA-no-clip,0,0.6909090909090909
834,BWA-std,0,0.12727272727272726
834,NW-flex,0,0.9939393939393939
834,BWA-no-clip,1,0.7272727272727273
834,BWA-std,1,0.12727272727272726
834,NW-flex,1,1.0
834,BWA-no-clip,10,0.8818181818181818
834,BWA-std,10,0.41818181818181815
834,NW-flex,10,1.0
834,BWA-no-clip,2,0.7454545454545455
834,BWA-std,2,0.13636363636363635
834,NW-flex,2,1.0
834,BWA-no-clip,3,0.8545454545454545
834,BWA-std,3,0.14545454545454545
834,NW-flex,3,1.0
834,BWA-no-clip,5,0.8090909090909091
834,BWA-std,5,0.2
834,NW-flex,5,1.0
834,BWA-no-clip,-1,0.8818181818181818
834,BWA-std,-1,0.41818181818181815
834,NW-flex,-1,1.0
835,BWA-no-clip,0,0.5818181818181818
835,BWA-std,0,0.10909090909090909
835,NW-flex,0,0.9
835,BWA-no-clip,1,0.7363636363636363
835,BWA-std,1,0.12727272727272726
835,NW-flex,1,1.0
835,BWA-no-clip,10,0.9090909090909091
835,BWA-std,10,0.41818181818181815
835,NW-flex,10,1.0
835,BWA-no-clip,2,0.8272727272727273
835,BWA-std,2,0.13636363636363635
835,NW-flex,2,1.0
835,BWA-no-clip,3,0.8636363636363636
835,BWA-std,3,0.14545454545454545
835,NW-flex,3,1.0
835,BWA-no-clip,5,0.8909090909090909
835,BWA-std,5,0.2
835,NW-flex,5,1.0
835,BWA-no-clip,-1,0.9090909090909091
835,BWA-std,-1,0.41818181818181815
835,NW-flex,-1,1.0
836,BWA-no-clip,0,0.5818181818181818
836,BWA-std,0,0.10909090909090909
836,NW-flex,0,0.9
836,BWA-no-clip,1,0.7454545454545455
836,BWA-std,1,0.12727272727272726
836,NW-flex,1,1.0
836,BWA-no-clip,10,0.8909090909090909
836,BWA-std,10,0.41818181818181815
836,NW-flex,10,1.0
836,BWA-no-clip,2,0.7454545454545455
836,BWA-std,2,0.13636363636363635
836,NW-flex,2,1.0
836,BWA-no-clip,3,0.7818181818181819
836,BWA-std,3,0.14545454545454545
836,NW-flex,3,1.0
836,BWA-no-clip,5,0.8909090909090909
836,BWA-std,5,0.2
836,NW-flex,5,1.0
836,BWA-no-clip,-1,0.8909090909090909
836,BWA-std,-1,0.41818181818181815
836,NW-flex,-1,1.0
837,BWA-no-clip,0,0.5909090909090909
837,BWA-std,0,0.12727272727272726
837,NW-flex,0,1.0
837,BWA-no-clip,1,0.6636363636363637
837,BWA-std,1,0.12727272727272726
837,NW-flex,1,0.996969696969697
837,BWA-no-clip,10,0.8909090909090909
837,BWA-std,10,0.41818181818181815
837,NW-flex,10,1.0
837,BWA-no-clip,2,0.7545454545454545
837,BWA-std,2,0.13636363636363635
837,NW-flex,2,1.0
837,BWA-no-clip,3,0.7818181818181819
837,BWA-std,3,0.14545454545454545
837,NW-flex,3,1.0
837,BWA-no-clip,5,0.8545454545454545
837,BWA-std,5,0.2
837,NW-flex,5,1.0
837,BWA-no-clip,-1,0.8909090909090909
837,BWA-std,-1,0.41818181818181815
837,NW-flex,-1,1.0
838,BWA-no-clip,0,0.4727272727272727
838,BWA-std,0,0.10909090909090909
838,NW-flex,0,0.9
838,BWA-no-clip,1,0.7818181818181819
838,BWA-std,1,0.12727272727272726
838,NW-flex,1,1.0
838,BWA-no-clip,10,0.8909090909090909
838,BWA-std,10,0.41818181818181815
838,NW-flex,10,1.0
838,BWA-no-clip,2,0.7636363636363637
838,BWA-std,2,0.13636363636363635
838,NW-flex,2,1.0
838,BWA-no-clip,3,0.8636363636363636
838,BWA-std,3,0.14545454545454545
838,NW-flex,3,1.0
838,BWA-no-clip,5,0.8909090909090909
838,BWA-std,5,0.2
838,NW-flex,5,1.0
838,BWA-no-clip,-1,0.8909090909090909
838,BWA-std,-1,0.41818181818181815
838,NW-flex,-1,1.0
839,BWA-no-clip,0,0.5
839,BWA-std,0,0.12727272727272726
839,NW-flex,0,1.0
839,BWA-no-clip,1,0.5454545454545454
839,BWA-std,1,0.12727272727272726
839,NW-flex,1,1.0
839,BWA-no-clip,10,0.6151515151515151
839,BWA-std,10,0.4
839,NW-flex,10,1.0
839,BWA-no-clip,2,0.5272727272727272
839,BWA-std,2,0.12727272727272726
839,NW-flex,2,1.0
839,BWA-no-clip,3,0.5515151515151515
839,BWA-std,3,0.13636363636363635
839,NW-flex,3,1.0
839,BWA-no-clip,5,0.6060606060606061
839,BWA-std,5,0.18181818181818182
839,NW-flex,5,1.0
839,BWA-no-clip,-1,0.6151515151515151
839,BWA-std,-1,0.4
839,NW-flex,-1,1.0
840,BWA-no-clip,0,0.6
840,BWA-std,0,0.12727272727272726
840,NW-flex,0,0.996969696969697
840,BWA-no-clip,1,0.6727272727272727
840,BWA-std,1,0.12727272727272726
840,NW-flex,1,1.0
840,BWA-no-clip,10,0.7909090909090909
840,BWA-std,10,0.4090909090909091
840,NW-flex,10,1.0
840,BWA-no-clip,2,0.6181818181818182
840,BWA-std,2,0.12727272727272726
840,NW-flex,2,1.0
840,BWA-no-clip,3,0.7515151515151515
840,BWA-std,3,0.13636363636363635
840,NW-flex,3,1.0
840,BWA-no-clip,5,0.7636363636363637
840,BWA-std,5,0.19090909090909092
840,NW-flex,5,1.0
840,BWA-no-clip,-1,0.7909090909090909
840,BWA-std,-1,0.4090909090909091
840,NW-flex,-1,1.0
841,BWA-no-clip,0,0.5636363636363636
841,BWA-std,0,0.10909090909090909
841,NW-flex,0,0.9
841,BWA-no-clip,1,0.7272727272727273
841,BWA-std,1,0.12727272727272726
841,NW-flex,1,1.0
841,BWA-no-clip,10,0.9090909090909091
841,BWA-std,10,0.41818181818181815
841,NW-flex,10,1.0
841,BWA-no-clip,2,0.8181818181818182
841,BWA-std,2,0.13636363636363635
841,NW-flex,2,1.0
841,BWA-no-clip,3,0.8545454545454545
841,BWA-std,3,0.14545454545454545
841,NW-flex,3,1.0
841,BWA-no-clip,5,0.8818181818181818
841,BWA-std,5,0.2
841,NW-flex,5,1.0
841,BWA-no-clip,-1,0.9090909090909091
841,BWA-std,-1,0.41818181818181815
841,NW-flex,-1,1.0
842,BWA-no-clip,0,0.5454545454545454
842,BWA-std,0,0.10909090909090909
842,NW-flex,0,0.9
842,BWA-no-clip,1,0.7909090909090909
842,BWA-std,1,0.12727272727272726
842,NW-flex,1,1.0
842,BWA-no-clip,10,0.9090909090909091
842,BWA-std,10,0.41818181818181815
842,NW-flex,10,1.0
842,BWA-no-clip,2,0.6909090909090909
842,BWA-std,2,0.13636363636363635
842,NW-flex,2,1.0
842,BWA-no-clip,3,0.8545454545454545
842,BWA-std,3,0.14545454545454545
842,NW-flex,3,1.0
842,BWA-no-clip,5,0.9090909090909091
842,BWA-std,5,0.2
842,NW-flex,5,1.0
842,BWA-no-clip,-1,0.9090909090909091
842,BWA-std,-1,0.41818181818181815
842,NW-flex,-1,1.0
843,BWA-no-clip,0,0.6909090909090909
843,BWA-std,0,0.12727272727272726
843,NW-flex,0,0.9030303030303031
843,BWA-no-clip,1,0.7272727272727273
843,BWA-std,1,0.12727272727272726
843,NW-flex,1,0.996969696969697
843,BWA-no-clip,10,0.9
843,BWA-std,10,0.41818181818181815
843,NW-flex,10,1.0
843,BWA-no-clip,2,0.7272727272727273
843,BWA-std,2,0.13636363636363635
843,NW-flex,2,1.0
843,BWA-no-clip,3,0.8272727272727273
843,BWA-std,3,0.14545454545454545
843,NW-flex,3,1.0
843,BWA-no-clip,5,0.8454545454545455
843,BWA-std,5,0.2
843,NW-flex,5,1.0
843,BWA-no-clip,-1,0.9
843,BWA-std,-1,0.41818181818181815
843,NW-flex,-1,1.0
844,BWA-no-clip,0,0.5909090909090909
844,BWA-std,0,0.12727272727272726
844,NW-flex,0,1.0
844,BWA-no-clip,1,0.6272727272727273
844,BWA-std,1,0.12727272727272726
844,NW-flex,1,1.0
844,BWA-no-clip,10,0.6787878787878788
844,BWA-std,10,0.4
844,NW-flex,10,1.0
844,BWA-no-clip,2,0.6454545454545455
844,BWA-std,2,0.12727272727272726
844,NW-flex,2,1.0
844,BWA-no-clip,3,0.6060606060606061
844,BWA-std,3,0.13636363636363635
844,NW-flex,3,1.0
844,BWA-no-clip,5,0.6515151515151515
844,BWA-std,5,0.18181818181818182
844,NW-flex,5,1.0
844,BWA-no-clip,-1,0.6787878787878788
844,BWA-std,-1,0.4
844,NW-flex,-1,1.0
845,BWA-no-clip,0,0.7909090909090909
845,BWA-std,0,0.12727272727272726
845,NW-flex,0,0.9939393939393939
845,BWA-no-clip,1,0.7909090909090909
845,BWA-std,1,0.12727272727272726
845,NW-flex,1,1.0
845,BWA-no-clip,10,0.9181818181818182
845,BWA-std,10,0.41818181818181815
845,NW-flex,10,1.0
845,BWA-no-clip,2,0.8363636363636363
845,BWA-std,2,0.13636363636363635
845,NW-flex,2,1.0
845,BWA-no-clip,3,0.8727272727272727
845,BWA-std,3,0.14545454545454545
845,NW-flex,3,1.0
845,BWA-no-clip,5,0.9181818181818182
845,BWA-std,5,0.2
845,NW-flex,5,1.0
845,BWA-no-clip,-1,0.9181818181818182
845,BWA-std,-1,0.41818181818181815
845,NW-flex,-1,1.0
846,BWA-no-clip,0,0.7545454545454545
846,BWA-std,0,0.12727272727272726
846,NW-flex,0,0.990909090909091
846,BWA-no-clip,1,0.8
846,BWA-std,1,0.12727272727272726
846,NW-flex,1,1.0
846,BWA-no-clip,10,0.8636363636363636
846,BWA-std,10,0.41818181818181815
846,NW-flex,10,1.0
846,BWA-no-clip,2,0.8545454545454545
846,BWA-std,2,0.13636363636363635
846,NW-flex,2,1.0
846,BWA-no-clip,3,0.7636363636363637
846,BWA-std,3,0.14545454545454545
846,NW-flex,3,1.0
846,BWA-no-clip,5,0.8363636363636363
846,BWA-std,5,0.2
846,NW-flex,5,1.0
846,BWA-no-clip,-1,0.8636363636363636
846,BWA-std,-1,0.41818181818181815
846,NW-flex,-1,1.0
847,BWA-no-clip,0,0.7272727272727273
847,BWA-std,0,0.12727272727272726
847,NW-flex,0,0.9939393939393939
847,BWA-no-clip,1,0.7090909090909091
847,BWA-std,1,0.12727272727272726
847,NW-flex,1,1.0
847,BWA-no-clip,10,0.8818181818181818
847,BWA-std,10,0.41818181818181815
847,NW-flex,10,1.0
847,BWA-no-clip,2,0.7151515151515152
847,BWA-std,2,0.13636363636363635
847,NW-flex,2,1.0
847,BWA-no-clip,3,0.8454545454545455
847,BWA-std,3,0.14545454545454545
847,NW-flex,3,1.0
847,BWA-no-clip,5,0.8727272727272727
847,BWA-std,5,0.2
847,NW-flex,5,1.0
847,BWA-no-clip,-1,0.8818181818181818
847,BWA-std,-1,0.41818181818181815
847,NW-flex,-1,1.0
848,BWA-no-clip,0,0.7
848,BWA-std,0,0.12727272727272726
848,NW-flex,0,0.9030303030303031
848,BWA-no-clip,1,0.7818181818181819
848,BWA-std,1,0.12727272727272726
848,NW-flex,1,0.996969696969697
848,BWA-no-clip,10,0.8909090909090909
848,BWA-std,10,0.41818181818181815
848,NW-flex,10,1.0
848,BWA-no-clip,2,0.7454545454545455
848,BWA-std,2,0.13636363636363635
848,NW-flex,2,1.0
848,BWA-no-clip,3,0.8545454545454545
848,BWA-std,3,0.14545454545454545
848,NW-flex,3,1.0
848,BWA-no-clip,5,0.8454545454545455
848,BWA-std,5,0.2
848,NW-flex,5,1.0
848,BWA-no-clip,-1,0.8909090909090909
848,BWA-std,-1,0.41818181818181815
848,NW-flex,-1,1.0
849,BWA-no-clip,0,0.5909090909090909
849,BWA-std,0,0.12727272727272726
849,NW-flex,0,1.0
849,BWA-no-clip,1,0.6181818181818182
849,BWA-std,1,0.12727272727272726
849,NW-flex,1,1.0
849,BWA-no-clip,10,0.7393939393939394
849,BWA-std,10,0.4090909090909091
849,NW-flex,10,1.0
849,BWA-no-clip,2,0.6181818181818182
849,BWA-std,2,0.12727272727272726
849,NW-flex,2,1.0
849,BWA-no-clip,3,0.696969696969697
849,BWA-std,3,0.13636363636363635
849,NW-flex,3,1.0
849,BWA-no-clip,5,0.6212121212121212
849,BWA-std,5,0.19090909090909092
849,NW-flex,5,1.0
849,BWA-no-clip,-1,0.7393939393939394
849,BWA-std,-1,0.4090909090909091
849,NW-flex,-1,1.0
850,BWA-no-clip,0,0.6454545454545455
850,BWA-std,0,0.12727272727272726
850,NW-flex,0,1.0
850,BWA-no-clip,1,0.6090909090909091
850,BWA-std,1,0.12727272727272726
850,NW-flex,1,0.806060606060606
850,BWA-no-clip,10,0.8090909090909091
850,BWA-std,10,0.4090909090909091
850,NW-flex,10,1.0
850,BWA-no-clip,2,0.6545454545454545
850,BWA-std,2,0.12727272727272726
850,NW-flex,2,1.0
850,BWA-no-clip,3,0.6545454545454545
850,BWA-std,3,0.13636363636363635
850,NW-flex,3,1.0
850,BWA-no-clip,5,0.8090909090909091
850,BWA-std,5,0.19090909090909092
850,NW-flex,5,1.0
850,BWA-no-clip,-1,0.8090909090909091
850,BWA-std,-1,0.4090909090909091
850,NW-flex,-1,1.0
851,BWA-no-clip,0,0.5272727272727272
851,BWA-std,0,0.10909090909090909
851,NW-flex,0,0.9
851,BWA-no-clip,1,0.6727272727272727
851,BWA-std,1,0.12727272727272726
851,NW-flex,1,1.0
851,BWA-no-clip,10,0.8818181818181818
851,BWA-std,10,0.41818181818181815
851,NW-flex,10,1.0
851,BWA-no-clip,2,0.7909090909090909
851,BWA-std,2,0.13636363636363635
851,NW-flex,2,1.0
851,BWA-no-clip,3,0.7454545454545455
851,BWA-std,3,0.14545454545454545
851,NW-flex,3,1.0
851,BWA-no-clip,5,0.8727272727272727
851,BWA-std,5,0.2
851,NW-flex,5,1.0
851,BWA-no-clip,-1,0.8818181818181818
851,BWA-std,-1,0.41818181818181815
851,NW-flex,-1,1.0
852,BWA-no-clip,0,0.6454545454545455
852,BWA-std,0,0.12727272727272726
852,NW-flex,0,1.0
852,BWA-no-clip,1,0.6727272727272727
852,BWA-std,1,0.12727272727272726
852,NW-flex,1,1.0
852,BWA-no-clip,10,0.8
852,BWA-std,10,0.4090909090909091
852,NW-flex,10,1.0
852,BWA-no-clip,2,0.6363636363636364
852,BWA-std,2,0.12727272727272726
852,NW-flex,2,0.996969696969697
852,BWA-no-clip,3,0.7666666666666667
852,BWA-std,3,0.13636363636363635
852,NW-flex,3,1.0
852,BWA-no-clip,5,0.7818181818181819
852,BWA-std,5,0.19090909090909092
852,NW-flex,5,1.0
852,BWA-no-clip,-1,0.8
852,BWA-std,-1,0.4090909090909091
852,NW-flex,-1,1.0
853,BWA-no-clip,0,0.5636363636363636
853,BWA-std,0,0.10909090909090909
853,NW-flex,0,0.9
853,BWA-no-clip,1,0.7727272727272727
853,BWA-std,1,0.12727272727272726
853,NW-flex,1,1.0
853,BWA-no-clip,10,0.9090909090909091
853,BWA-std,10,0.41818181818181815
853,NW-flex,10,1.0
853,BWA-no-clip,2,0.8272727272727273
853,BWA-std,2,0.13636363636363635
853,NW-flex,2,1.0
853,BWA-no-clip,3,0.8636363636363636
853,BWA-std,3,0.14545454545454545
853,NW-flex,3,1.0
853,BWA-no-clip,5,0.8636363636363636
853,BWA-std,5,0.2
853,NW-flex,5,1.0
853,BWA-no-clip,-1,0.9090909090909091
853,BWA-std,-1,0.41818181818181815
853,NW-flex,-1,1.0
854,BWA-no-clip,0,0.6454545454545455
854,BWA-std,0,0.12727272727272726
854,NW-flex,0,1.0
854,BWA-no-clip,1,0.5818181818181818
854,BWA-std,1,0.12727272727272726
854,NW-flex,1,1.0
854,BWA-no-clip,10,0.8090909090909091
854,BWA-std,10,0.41818181818181815
854,NW-flex,10,1.0
854,BWA-no-clip,2,0.7818181818181819
854,BWA-std,2,0.13636363636363635
854,NW-flex,2,1.0
854,BWA-no-clip,3,0.8090909090909091
854,BWA-std,3,0.14545454545454545
854,NW-flex,3,1.0
854,BWA-no-clip,5,0.8090909090909091
854,BWA-std,5,0.2
854,NW-flex,5,1.0
854,BWA-no-clip,-1,0.8090909090909091
854,BWA-std,-1,0.41818181818181815
854,NW-flex,-1,1.0
855,BWA-no-clip,0,0.5
855,BWA-std,0,0.10909090909090909
855,NW-flex,0,0.8
855,BWA-no-clip,1,0.7272727272727273
855,BWA-std,1,0.12727272727272726
855,NW-flex,1,1.0
855,BWA-no-clip,10,0.8909090909090909
855,BWA-std,10,0.41818181818181815
855,NW-flex,10,1.0
855,BWA-no-clip,2,0.8181818181818182
855,BWA-std,2,0.13636363636363635
855,NW-flex,2,1.0
855,BWA-no-clip,3,0.7545454545454545
855,BWA-std,3,0.14545454545454545
855,NW-flex,3,1.0
855,BWA-no-clip,5,0.8727272727272727
855,BWA-std,5,0.2
855,NW-flex,5,1.0
855,BWA-no-clip,-1,0.8909090909090909
855,BWA-std,-1,0.41818181818181815
855,NW-flex,-1,1.0
856,BWA-no-clip,0,0.6727272727272727
856,BWA-std,0,0.12727272727272726
856,NW-flex,0,1.0
856,BWA-no-clip,1,0.6909090909090909
856,BWA-std,1,0.12727272727272726
856,NW-flex,1,0.996969696969697
856,BWA-no-clip,10,0.9090909090909091
856,BWA-std,10,0.41818181818181815
856,NW-flex,10,1.0
856,BWA-no-clip,2,0.8454545454545455
856,BWA-std,2,0.13636363636363635
856,NW-flex,2,1.0
856,BWA-no-clip,3,0.8181818181818182
856,BWA-std,3,0.14545454545454545
856,NW-flex,3,1.0
856,BWA-no-clip,5,0.9090909090909091
856,BWA-std,5,0.2
856,NW-flex,5,1.0
856,BWA-no-clip,-1,0.9090909090909091
856,BWA-std,-1,0.41818181818181815
856,NW-flex,-1,1.0
857,BWA-no-clip,0,0.5181818181818182
857,BWA-std,0,0.10909090909090909
857,NW-flex,0,0.8
857,BWA-no-clip,1,0.8
857,BWA-std,1,0.12727272727272726
857,NW-flex,1,1.0
857,BWA-no-clip,10,0.9
857,BWA-std,10,0.41818181818181815
857,NW-flex,10,1.0
857,BWA-no-clip,2,0.8181818181818182
857,BWA-std,2,0.13636363636363635
857,NW-flex,2,1.0
857,BWA-no-clip,3,0.8818181818181818
857,BWA-std,3,0.14545454545454545
857,NW-flex,3,1.0
857,BWA-no-clip,5,0.9
857,BWA-std,5,0.2
857,NW-flex,5,1.0
857,BWA-no-clip,-1,0.9
857,BWA-std,-1,0.41818181818181815
857,NW-flex,-1,1.0
858,BWA-no-clip,0,0.6363636363636364
858,BWA-std,0,0.12727272727272726
858,NW-flex,0,1.0
858,BWA-no-clip,1,0.7636363636363637
858,BWA-std,1,0.12727272727272726
858,NW-flex,1,1.0
858,BWA-no-clip,10,0.8818181818181818
858,BWA-std,10,0.41818181818181815
858,NW-flex,10,1.0
858,BWA-no-clip,2,0.7909090909090909
858,BWA-std,2,0.13636363636363635
858,NW-flex,2,1.0
858,BWA-no-clip,3,0.7424242424242424
858,BWA-std,3,0.14545454545454545
858,NW-flex,3,1.0
858,BWA-no-clip,5,0.8454545454545455
858,BWA-std,5,0.2
858,NW-flex,5,1.0
858,BWA-no-clip,-1,0.8818181818181818
858,BWA-std,-1,0.41818181818181815
858,NW-flex,-1,1.0
859,BWA-no-clip,0,0.6636363636363637
859,BWA-std,0,0.12727272727272726
859,NW-flex,0,1.0
859,BWA-no-clip,1,0.6272727272727273
859,BWA-std,1,0.12727272727272726
859,NW-flex,1,0.9939393939393939
859,BWA-no-clip,10,0.8818181818181818
859,BWA-std,10,0.41818181818181815
859,NW-flex,10,1.0
859,BWA-no-clip,2,0.7090909090909091
859,BWA-std,2,0.13636363636363635
859,NW-flex,2,1.0
859,BWA-no-clip,3,0.7878787878787878
859,BWA-std,3,0.14545454545454545
859,NW-flex,3,1.0
859,BWA-no-clip,5,0.8818181818181818
859,BWA-std,5,0.2
859,NW-flex,5,1.0
859,BWA-no-clip,-1,0.8818181818181818
859,BWA-std,-1,0.41818181818181815
859,NW-flex,-1,1.0
860,BWA-no-clip,0,0.33636363636363636
860,BWA-std,0,0.10909090909090909
860,NW-flex,0,0.8
860,BWA-no-clip,1,0.5909090909090909
860,BWA-std,1,0.12727272727272726
860,NW-flex,1,1.0
860,BWA-no-clip,10,0.7
860,BWA-std,10,0.4090909090909091
860,NW-flex,10,1.0
860,BWA-no-clip,2,0.5636363636363636
860,BWA-std,2,0.12727272727272726
860,NW-flex,2,1.0
860,BWA-no-clip,3,0.6272727272727273
860,BWA-std,3,0.13636363636363635
860,NW-flex,3,1.0
860,BWA-no-clip,5,0.7
860,BWA-std,5,0.19090909090909092
860,NW-flex,5,1.0
860,BWA-no-clip,-1,0.7
860,BWA-std,-1,0.4090909090909091
860,NW-flex,-1,1.0
861,BWA-no-clip,0,0.7272727272727273
861,BWA-std,0,0.12727272727272726
861,NW-flex,0,0.9030303030303031
861,BWA-no-clip,1,0.7727272727272727
861,BWA-std,1,0.12727272727272726
861,NW-flex,1,0.996969696969697
861,BWA-no-clip,10,0.8909090909090909
861,BWA-std,10,0.41818181818181815
861,NW-flex,10,1.0
861,BWA-no-clip,2,0.8636363636363636
861,BWA-std,2,0.13636363636363635
861,NW-flex,2,1.0
861,BWA-no-clip,3,0.8272727272727273
861,BWA-std,3,0.14545454545454545
861,NW-flex,3,1.0
861,BWA-no-clip,5,0.8909090909090909
861,BWA-std,5,0.2
861,NW-flex,5,1.0
861,BWA-no-clip,-1,0.8909090909090909
861,BWA-std,-1,0.41818181818181815
861,NW-flex,-1,1.0
862,BWA-no-clip,0,0.4818181818181818
862,BWA-std,0,0.10909090909090909
862,NW-flex,0,0.9
862,BWA-no-clip,1,0.7636363636363637
862,BWA-std,1,0.12727272727272726
862,NW-flex,1,1.0
862,BWA-no-clip,10,0.8818181818181818
862,BWA-std,10,0.41818181818181815
862,NW-flex,10,1.0
862,BWA-no-clip,2,0.7909090909090909
862,BWA-std,2,0.13636363636363635
862,NW-flex,2,1.0
862,BWA-no-clip,3,0.6909090909090909
862,BWA-std,3,0.14545454545454545
862,NW-flex,3,1.0
862,BWA-no-clip,5,0.8454545454545455
862,BWA-std,5,0.2
862,NW-flex,5,1.0
862,BWA-no-clip,-1,0.8818181818181818
862,BWA-std,-1,0.41818181818181815
862,NW-flex,-1,1.0
863,BWA-no-clip,0,0.5818181818181818
863,BWA-std,0,0.12727272727272726
863,NW-flex,0,0.996969696969697
863,BWA-no-clip,1,0.5181818181818182
863,BWA-std,1,0.12727272727272726
863,NW-flex,1,1.0
863,BWA-no-clip,10,0.7818181818181819
863,BWA-std,10,0.4
863,NW-flex,10,1.0
863,BWA-no-clip,2,0.6454545454545455
863,BWA-std,2,0.12727272727272726
863,NW-flex,2,1.0
863,BWA-no-clip,3,0.7181818181818181
863,BWA-std,3,0.12727272727272726
863,NW-flex,3,1.0
863,BWA-no-clip,5,0.7454545454545455
863,BWA-std,5,0.18181818181818182
863,NW-flex,5,1.0
863,BWA-no-clip,-1,0.7818181818181819
863,BWA-std,-1,0.4
863,NW-flex,-1,1.0
864,BWA-no-clip,0,0.6090909090909091
864,BWA-std,0,0.12727272727272726
864,NW-flex,0,1.0
864,BWA-no-clip,1,0.6545454545454545
864,BWA-std,1,0.12727272727272726
864,NW-flex,1,1.0
864,BWA-no-clip,10,0.7818181818181819
864,BWA-std,10,0.4
864,NW-flex,10,1.0
864,BWA-no-clip,2,0.7090909090909091
864,BWA-std,2,0.12727272727272726
864,NW-flex,2,1.0
864,BWA-no-clip,3,0.6636363636363637
864,BWA-std,3,0.12727272727272726
864,NW-flex,3,1.0
864,BWA-no-clip,5,0.7545454545454545
864,BWA-std,5,0.18181818181818182
864,NW-flex,5,1.0
864,BWA-no-clip,-1,0.7818181818181819
864,BWA-std,-1,0.4
864,NW-flex,-1,1.0
865,BWA-no-clip,0,0.6181818181818182
865,BWA-std,0,0.12727272727272726
865,NW-flex,0,1.0
865,BWA-no-clip,1,0.6818181818181818
865,BWA-std,1,0.12727272727272726
865,NW-flex,1,1.0
865,BWA-no-clip,10,0.7727272727272727
865,BWA-std,10,0.4090909090909091
865,NW-flex,10,1.0
865,BWA-no-clip,2,0.5909090909090909
865,BWA-std,2,0.12727272727272726
865,NW-flex,2,0.996969696969697
865,BWA-no-clip,3,0.7545454545454545
865,BWA-std,3,0.13636363636363635
865,NW-flex,3,1.0
865,BWA-no-clip,5,0.7
865,BWA-std,5,0.19090909090909092
865,NW-flex,5,1.0
865,BWA-no-clip,-1,0.7727272727272727
865,BWA-std,-1,0.4090909090909091
865,NW-flex,-1,1.0
866,BWA-no-clip,0,0.6636363636363637
866,BWA-std,0,0.12727272727272726
866,NW-flex,0,1.0
866,BWA-no-clip,1,0.7
866,BWA-std,1,0.12727272727272726
866,NW-flex,1,1.0
866,BWA-no-clip,10,0.7666666666666667
866,BWA-std,10,0.4090909090909091
866,NW-flex,10,1.0
866,BWA-no-clip,2,0.6636363636363637
866,BWA-std,2,0.12727272727272726
866,NW-flex,2,1.0
866,BWA-no-clip,3,0.6242424242424243
866,BWA-std,3,0.13636363636363635
866,NW-flex,3,0.996969696969697
866,BWA-no-clip,5,0.7575757575757576
866,BWA-std,5,0.19090909090909092
866,NW-flex,5,1.0
866,BWA-no-clip,-1,0.7666666666666667
866,BWA-std,-1,0.4090909090909091
866,NW-flex,-1,1.0
867,BWA-no-clip,0,0.7181818181818181
867,BWA-std,0,0.12727272727272726
867,NW-flex,0,1.0
867,BWA-no-clip,1,0.7636363636363637
867,BWA-std,1,0.12727272727272726
867,NW-flex,1,1.0
867,BWA-no-clip,10,0.9
867,BWA-std,10,0.41818181818181815
867,NW-flex,10,1.0
867,BWA-no-clip,2,0.7272727272727273
867,BWA-std,2,0.13636363636363635
867,NW-flex,2,0.996969696969697
867,BWA-no-clip,3,0.7909090909090909
867,BWA-std,3,0.14545454545454545
867,NW-flex,3,1.0
867,BWA-no-clip,5,0.8818181818181818
867,BWA-std,5,0.2
867,NW-flex,5,1.0
867,BWA-no-clip,-1,0.9
867,BWA-std,-1,0.41818181818181815
867,NW-flex,-1,1.0
868,BWA-no-clip,0,0.7545454545454545
868,BWA-std,0,0.12727272727272726
868,NW-flex,0,0.996969696969697
868,BWA-no-clip,1,0.7818181818181819
868,BWA-std,1,0.12727272727272726
868,NW-flex,1,1.0
868,BWA-no-clip,10,0.8909090909090909
868,BWA-std,10,0.41818181818181815
868,NW-flex,10,1.0
868,BWA-no-clip,2,0.8272727272727273
868,BWA-std,2,0.13636363636363635
868,NW-flex,2,1.0
868,BWA-no-clip,3,0.8454545454545455
868,BWA-std,3,0.14545454545454545
868,NW-flex,3,1.0
868,BWA-no-clip,5,0.8636363636363636
868,BWA-std,5,0.2
868,NW-flex,5,1.0
868,BWA-no-clip,-1,0.8909090909090909
868,BWA-std,-1,0.41818181818181815
868,NW-flex,-1,1.0
869,BWA-no-clip,0,0.5454545454545454
869,BWA-std,0,0.10909090909090909
869,NW-flex,0,0.9
869,BWA-no-clip,1,0.7181818181818181
869,BWA-std,1,0.12727272727272726
869,NW-flex,1,1.0
869,BWA-no-clip,10,0.8909090909090909
869,BWA-std,10,0.41818181818181815
869,NW-flex,10,1.0
869,BWA-no-clip,2,0.7727272727272727
869,BWA-std,2,0.13636363636363635
869,NW-flex,2,1.0
869,BWA-no-clip,3,0.8454545454545455
869,BWA-std,3,0.14545454545454545
869,NW-flex,3,1.0
869,BWA-no-clip,5,0.8454545454545455
869,BWA-std,5,0.2
869,NW-flex,5,1.0
869,BWA-no-clip,-1,0.8909090909090909
869,BWA-std,-1,0.41818181818181815
869,NW-flex,-1,1.0
870,BWA-no-clip,0,0.5545454545454546
870,BWA-std,0,0.12727272727272726
870,NW-flex,0,0.806060606060606
870,BWA-no-clip,1,0.6454545454545455
870,BWA-std,1,0.12727272727272726
870,NW-flex,1,0.996969696969697
870,BWA-no-clip,10,0.8454545454545455
870,BWA-std,10,0.41818181818181815
870,NW-flex,10,1.0
870,BWA-no-clip,2,0.6454545454545455
870,BWA-std,2,0.13636363636363635
870,NW-flex,2,1.0
870,BWA-no-clip,3,0.8272727272727273
870,BWA-std,3,0.14545454545454545
870,NW-flex,3,1.0
870,BWA-no-clip,5,0.8454545454545455
870,BWA-std,5,0.2
870,NW-flex,5,1.0
870,BWA-no-clip,-1,0.8454545454545455
870,BWA-std,-1,0.41818181818181815
870,NW-flex,-1,1.0
871,BWA-no-clip,0,0.7
871,BWA-std,0,0.12727272727272726
871,NW-flex,0,0.9030303030303031
871,BWA-no-clip,1,0.8272727272727273
871,BWA-std,1,0.12727272727272726
871,NW-flex,1,0.996969696969697
871,BWA-no-clip,10,0.9181818181818182
871,BWA-std,10,0.41818181818181815
871,NW-flex,10,1.0
871,BWA-no-clip,2,0.7909090909090909
871,BWA-std,2,0.13636363636363635
871,NW-flex,2,1.0
871,BWA-no-clip,3,0.8636363636363636
871,BWA-std,3,0.14545454545454545
871,NW-flex,3,1.0
871,BWA-no-clip,5,0.9181818181818182
871,BWA-std,5,0.2
871,NW-flex,5,1.0
871,BWA-no-clip,-1,0.9181818181818182
871,BWA-std,-1,0.41818181818181815
871,NW-flex,-1,1.0
872,BWA-no-clip,0,0.5181818181818182
872,BWA-std,0,0.10909090909090909
872,NW-flex,0,0.8
872,BWA-no-clip,1,0.7727272727272727
872,BWA-std,1,0.12727272727272726
872,NW-flex,1,1.0
872,BWA-no-clip,10,0.9090909090909091
872,BWA-std,10,0.41818181818181815
872,NW-flex,10,1.0
872,BWA-no-clip,2,0.7909090909090909
872,BWA-std,2,0.13636363636363635
872,NW-flex,2,1.0
872,BWA-no-clip,3,0.8272727272727273
872,BWA-std,3,0.14545454545454545
872,NW-flex,3,1.0
872,BWA-no-clip,5,0.8818181818181818
872,BWA-std,5,0.2
872,NW-flex,5,1.0
872,BWA-no-clip,-1,0.9090909090909091
872,BWA-std,-1,0.41818181818181815
872,NW-flex,-1,1.0
873,BWA-no-clip,0,0.7272727272727273
873,BWA-std,0,0.12727272727272726
873,NW-flex,0,0.9030303030303031
873,BWA-no-clip,1,0.8
873,BWA-std,1,0.12727272727272726
873,NW-flex,1,0.996969696969697
873,BWA-no-clip,10,0.9090909090909091
873,BWA-std,10,0.41818181818181815
873,NW-flex,10,1.0
873,BWA-no-clip,2,0.7636363636363637
873,BWA-std,2,0.13636363636363635
873,NW-flex,2,1.0
873,BWA-no-clip,3,0.8636363636363636
873,BWA-std,3,0.14545454545454545
873,NW-flex,3,1.0
873,BWA-no-clip,5,0.8818181818181818
873,BWA-std,5,0.2
873,NW-flex,5,1.0
873,BWA-no-clip,-1,0.9090909090909091
873,BWA-std,-1,0.41818181818181815
873,NW-flex,-1,1.0
874,BWA-no-clip,0,0.5181818181818182
874,BWA-std,0,0.10909090909090909
874,NW-flex,0,0.9
874,BWA-no-clip,1,0.8272727272727273
874,BWA-std,1,0.12727272727272726
874,NW-flex,1,1.0
874,BWA-no-clip,10,0.8636363636363636
874,BWA-std,10,0.41818181818181815
874,NW-flex,10,1.0
874,BWA-no-clip,2,0.7818181818181819
874,BWA-std,2,0.13636363636363635
874,NW-flex,2,1.0
874,BWA-no-clip,3,0.8090909090909091
874,BWA-std,3,0.14545454545454545
874,NW-flex,3,1.0
874,BWA-no-clip,5,0.8545454545454545
874,BWA-std,5,0.2
874,NW-flex,5,1.0
874,BWA-no-clip,-1,0.8636363636363636
874,BWA-std,-1,0.41818181818181815
874,NW-flex,-1,1.0
875,BWA-no-clip,0,0.7363636363636363
875,BWA-std,0,0.12727272727272726
875,NW-flex,0,0.996969696969697
875,BWA-no-clip,1,0.6818181818181818
875,BWA-std,1,0.12727272727272726
875,NW-flex,1,1.0
875,BWA-no-clip,10,0.8727272727272727
875,BWA-std,10,0.4090909090909091
875,NW-flex,10,1.0
875,BWA-no-clip,2,0.7515151515151515
875,BWA-std,2,0.12727272727272726
875,NW-flex,2,1.0
875,BWA-no-clip,3,0.7818181818181819
875,BWA-std,3,0.13636363636363635
875,NW-flex,3,1.0
875,BWA-no-clip,5,0.8545454545454545
875,BWA-std,5,0.19090909090909092
875,NW-flex,5,1.0
875,BWA-no-clip,-1,0.8727272727272727
875,BWA-std,-1,0.4090909090909091
875,NW-flex,-1,1.0
876,BWA-no-clip,0,0.6727272727272727
876,BWA-std,0,0.12727272727272726
876,NW-flex,0,1.0
876,BWA-no-clip,1,0.6242424242424243
876,BWA-std,1,0.12727272727272726
876,NW-flex,1,0.9939393939393939
876,BWA-no-clip,10,0.9
876,BWA-std,10,0.41818181818181815
876,NW-flex,10,1.0
876,BWA-no-clip,2,0.7181818181818181
876,BWA-std,2,0.13636363636363635
876,NW-flex,2,1.0
876,BWA-no-clip,3,0.7727272727272727
876,BWA-std,3,0.14545454545454545
876,NW-flex,3,1.0
876,BWA-no-clip,5,0.9
876,BWA-std,5,0.2
876,NW-flex,5,1.0
876,BWA-no-clip,-1,0.9
876,BWA-std,-1,0.41818181818181815
876,NW-flex,-1,1.0
877,BWA-no-clip,0,0.7
877,BWA-std,0,0.12727272727272726
877,NW-flex,0,0.9939393939393939
877,BWA-no-clip,1,0.6636363636363637
877,BWA-std,1,0.12727272727272726
877,NW-flex,1,1.0
877,BWA-no-clip,10,0.9
877,BWA-std,10,0.41818181818181815
877,NW-flex,10,1.0
877,BWA-no-clip,2,0.8545454545454545
877,BWA-std,2,0.13636363636363635
877,NW-flex,2,1.0
877,BWA-no-clip,3,0.8727272727272727
877,BWA-std,3,0.14545454545454545
877,NW-flex,3,1.0
877,BWA-no-clip,5,0.8727272727272727
877,BWA-std,5,0.2
877,NW-flex,5,1.0
877,BWA-no-clip,-1,0.9
877,BWA-std,-1,0.41818181818181815
877,NW-flex,-1,1.0
878,BWA-no-clip,0,0.6454545454545455
878,BWA-std,0,0.12727272727272726
878,NW-flex,0,1.0
878,BWA-no-clip,1,0.6818181818181818
878,BWA-std,1,0.12727272727272726
878,NW-flex,1,1.0
878,BWA-no-clip,10,0.7666666666666667
878,BWA-std,10,0.4090909090909091
878,NW-flex,10,1.0
878,BWA-no-clip,2,0.6636363636363637
878,BWA-std,2,0.12727272727272726
878,NW-flex,2,1.0
878,BWA-no-clip,3,0.5666666666666667
878,BWA-std,3,0.13636363636363635
878,NW-flex,3,0.996969696969697
878,BWA-no-clip,5,0.7303030303030303
878,BWA-std,5,0.19090909090909092
878,NW-flex,5,1.0
878,BWA-no-clip,-1,0.7666666666666667
878,BWA-std,-1,0.4090909090909091
878,NW-flex,-1,1.0
879,BWA-no-clip,0,0.7272727272727273
879,BWA-std,0,0.12727272727272726
879,NW-flex,0,0.996969696969697
879,BWA-no-clip,1,0.7454545454545455
879,BWA-std,1,0.12727272727272726
879,NW-flex,1,1.0
879,BWA-no-clip,10,0.8545454545454545
879,BWA-std,10,0.4090909090909091
879,NW-flex,10,1.0
879,BWA-no-clip,2,0.7363636363636363
879,BWA-std,2,0.12727272727272726
879,NW-flex,2,1.0
879,BWA-no-clip,3,0.8090909090909091
879,BWA-std,3,0.13636363636363635
879,NW-flex,3,1.0
879,BWA-no-clip,5,0.8
879,BWA-std,5,0.19090909090909092
879,NW-flex,5,1.0
879,BWA-no-clip,-1,0.8545454545454545
879,BWA-std,-1,0.4090909090909091
879,NW-flex,-1,1.0
880,BWA-no-clip,0,0.6363636363636364
880,BWA-std,0,0.12727272727272726
880,NW-flex,0,1.0
880,BWA-no-clip,1,0.6363636363636364
880,BWA-std,1,0.12727272727272726
880,NW-flex,1,1.0
880,BWA-no-clip,10,0.7484848484848485
880,BWA-std,10,0.4090909090909091
880,NW-flex,10,1.0
880,BWA-no-clip,2,0.5909090909090909
880,BWA-std,2,0.12727272727272726
880,NW-flex,2,1.0
880,BWA-no-clip,3,0.6787878787878788
880,BWA-std,3,0.13636363636363635
880,NW-flex,3,1.0
880,BWA-no-clip,5,0.693939393939394
880,BWA-std,5,0.19090909090909092
880,NW-flex,5,1.0
880,BWA-no-clip,-1,0.7484848484848485
880,BWA-std,-1,0.4090909090909091
880,NW-flex,-1,1.0
881,BWA-no-clip,0,0.45454545454545453
881,BWA-std,0,0.10909090909090909
881,NW-flex,0,0.9
881,BWA-no-clip,1,0.7818181818181819
881,BWA-std,1,0.12727272727272726
881,NW-flex,1,1.0
881,BWA-no-clip,10,0.8545454545454545
881,BWA-std,10,0.41818181818181815
881,NW-flex,10,1.0
881,BWA-no-clip,2,0.7363636363636363
881,BWA-std,2,0.13636363636363635
881,NW-flex,2,1.0
881,BWA-no-clip,3,0.7636363636363637
881,BWA-std,3,0.14545454545454545
881,NW-flex,3,1.0
881,BWA-no-clip,5,0.7545454545454545
881,BWA-std,5,0.2
881,NW-flex,5,1.0
881,BWA-no-clip,-1,0.8545454545454545
881,BWA-std,-1,0.41818181818181815
881,NW-flex,-1,1.0
882,BWA-no-clip,0,0.6818181818181818
882,BWA-std,0,0.12727272727272726
882,NW-flex,0,1.0
882,BWA-no-clip,1,0.6090909090909091
882,BWA-std,1,0.12727272727272726
882,NW-flex,1,0.9939393939393939
882,BWA-no-clip,10,0.8909090909090909
882,BWA-std,10,0.41818181818181815
882,NW-flex,10,1.0
882,BWA-no-clip,2,0.7
882,BWA-std,2,0.13636363636363635
882,NW-flex,2,1.0
882,BWA-no-clip,3,0.8181818181818182
882,BWA-std,3,0.14545454545454545
882,NW-flex,3,1.0
882,BWA-no-clip,5,0.8909090909090909
882,BWA-std,5,0.2
882,NW-flex,5,1.0
882,BWA-no-clip,-1,0.8909090909090909
882,BWA-std,-1,0.41818181818181815
882,NW-flex,-1,1.0
883,BWA-no-clip,0,0.4727272727272727
883,BWA-std,0,0.12727272727272726
883,NW-flex,0,1.0
883,BWA-no-clip,1,0.48787878787878786
883,BWA-std,1,0.12727272727272726
883,NW-flex,1,1.0
883,BWA-no-clip,10,0.6
883,BWA-std,10,0.38181818181818183
883,NW-flex,10,1.0
883,BWA-no-clip,2,0.5272727272727272
883,BWA-std,2,0.12727272727272726
883,NW-flex,2,1.0
883,BWA-no-clip,3,0.5333333333333333
883,BWA-std,3,0.13636363636363635
883,NW-flex,3,1.0
883,BWA-no-clip,5,0.5
883,BWA-std,5,0.16363636363636364
883,NW-flex,5,1.0
883,BWA-no-clip,-1,0.6
883,BWA-std,-1,0.38181818181818183
883,NW-flex,-1,1.0
884,BWA-no-clip,0,0.5181818181818182
884,BWA-std,0,0.10909090909090909
884,NW-flex,0,0.9
884,BWA-no-clip,1,0.7272727272727273
884,BWA-std,1,0.12727272727272726
884,NW-flex,1,1.0
884,BWA-no-clip,10,0.8636363636363636
884,BWA-std,10,0.41818181818181815
884,NW-flex,10,1.0
884,BWA-no-clip,2,0.7272727272727273
884,BWA-std,2,0.13636363636363635
884,NW-flex,2,1.0
884,BWA-no-clip,3,0.7545454545454545
884,BWA-std,3,0.14545454545454545
884,NW-flex,3,1.0
884,BWA-no-clip,5,0.8181818181818182
884,BWA-std,5,0.2
884,NW-flex,5,1.0
884,BWA-no-clip,-1,0.8636363636363636
884,BWA-std,-1,0.41818181818181815
884,NW-flex,-1,1.0
885,BWA-no-clip,0,0.43636363636363634
885,BWA-std,0,0.10909090909090909
885,NW-flex,0,0.8
885,BWA-no-clip,1,0.6818181818181818
885,BWA-std,1,0.12727272727272726
885,NW-flex,1,1.0
885,BWA-no-clip,10,0.8545454545454545
885,BWA-std,10,0.41818181818181815
885,NW-flex,10,1.0
885,BWA-no-clip,2,0.8181818181818182
885,BWA-std,2,0.13636363636363635
885,NW-flex,2,1.0
885,BWA-no-clip,3,0.7909090909090909
885,BWA-std,3,0.14545454545454545
885,NW-flex,3,1.0
885,BWA-no-clip,5,0.8454545454545455
885,BWA-std,5,0.2
885,NW-flex,5,1.0
885,BWA-no-clip,-1,0.8545454545454545
885,BWA-std,-1,0.41818181818181815
885,NW-flex,-1,1.0
886,BWA-no-clip,0,0.4727272727272727
886,BWA-std,0,0.10909090909090909
886,NW-flex,0,0.9
886,BWA-no-clip,1,0.6515151515151515
886,BWA-std,1,0.12727272727272726
886,NW-flex,1,1.0
886,BWA-no-clip,10,0.9181818181818182
886,BWA-std,10,0.41818181818181815
886,NW-flex,10,1.0
886,BWA-no-clip,2,0.7818181818181819
886,BWA-std,2,0.13636363636363635
886,NW-flex,2,1.0
886,BWA-no-clip,3,0.8181818181818182
886,BWA-std,3,0.14545454545454545
886,NW-flex,3,1.0
886,BWA-no-clip,5,0.9181818181818182
886,BWA-std,5,0.2
886,NW-flex,5,1.0
886,BWA-no-clip,-1,0.9181818181818182
886,BWA-std,-1,0.41818181818181815
886,NW-flex,-1,1.0
887,BWA-no-clip,0,0.5545454545454546
887,BWA-std,0,0.10909090909090909
887,NW-flex,0,0.9
887,BWA-no-clip,1,0.7545454545454545
887,BWA-std,1,0.12727272727272726
887,NW-flex,1,1.0
887,BWA-no-clip,10,0.9181818181818182
887,BWA-std,10,0.41818181818181815
887,NW-flex,10,1.0
887,BWA-no-clip,2,0.8454545454545455
887,BWA-std,2,0.13636363636363635
887,NW-flex,2,1.0
887,BWA-no-clip,3,0.8545454545454545
887,BWA-std,3,0.14545454545454545
887,NW-flex,3,1.0
887,BWA-no-clip,5,0.8909090909090909
887,BWA-std,5,0.2
887,NW-flex,5,1.0
887,BWA-no-clip,-1,0.9181818181818182
887,BWA-std,-1,0.41818181818181815
887,NW-flex,-1,1.0
888,BWA-no-clip,0,0.7909090909090909
888,BWA-std,0,0.12727272727272726
888,NW-flex,0,0.9939393939393939
888,BWA-no-clip,1,0.7
888,BWA-std,1,0.12727272727272726
888,NW-flex,1,1.0
888,BWA-no-clip,10,0.8727272727272727
888,BWA-std,10,0.41818181818181815
888,NW-flex,10,1.0
888,BWA-no-clip,2,0.7636363636363637
888,BWA-std,2,0.13636363636363635
888,NW-flex,2,1.0
888,BWA-no-clip,3,0.8
888,BWA-std,3,0.14545454545454545
888,NW-flex,3,1.0
888,BWA-no-clip,5,0.8454545454545455
888,BWA-std,5,0.2
888,NW-flex,5,1.0
888,BWA-no-clip,-1,0.8727272727272727
888,BWA-std,-1,0.41818181818181815
888,NW-flex,-1,1.0
889,BWA-no-clip,0,0.8181818181818182
889,BWA-std,0,0.12727272727272726
889,NW-flex,0,0.996969696969697
889,BWA-no-clip,1,0.8181818181818182
889,BWA-std,1,0.12727272727272726
889,NW-flex,1,1.0
889,BWA-no-clip,10,0.9181818181818182
889,BWA-std,10,0.41818181818181815
889,NW-flex,10,1.0
889,BWA-no-clip,2,0.8181818181818182
889,BWA-std,2,0.13636363636363635
889,NW-flex,2,1.0
889,BWA-no-clip,3,0.8545454545454545
889,BWA-std,3,0.14545454545454545
889,NW-flex,3,1.0
889,BWA-no-clip,5,0.8636363636363636
889,BWA-std,5,0.2
889,NW-flex,5,1.0
889,BWA-no-clip,-1,0.9181818181818182
889,BWA-std,-1,0.41818181818181815
889,NW-flex,-1,1.0
890,BWA-no-clip,0,0.7181818181818181
890,BWA-std,0,0.12727272727272726
890,NW-flex,0,0.9030303030303031
890,BWA-no-clip,1,0.8454545454545455
890,BWA-std,1,0.12727272727272726
890,NW-flex,1,0.996969696969697
890,BWA-no-clip,10,0.9181818181818182
890,BWA-std,10,0.41818181818181815
890,NW-flex,10,1.0
890,BWA-no-clip,2,0.8090909090909091
890,BWA-std,2,0.13636363636363635
890,NW-flex,2,1.0
890,BWA-no-clip,3,0.8818181818181818
890,BWA-std,3,0.14545454545454545
890,NW-flex,3,1.0
890,BWA-no-clip,5,0.8909090909090909
890,BWA-std,5,0.2
890,NW-flex,5,1.0
890,BWA-no-clip,-1,0.9181818181818182
890,BWA-std,-1,0.41818181818181815
890,NW-flex,-1,1.0
891,BWA-no-clip,0,0.6
891,BWA-std,0,0.12727272727272726
891,NW-flex,0,0.9939393939393939
891,BWA-no-clip,1,0.5727272727272728
891,BWA-std,1,0.14545454545454545
891,NW-flex,1,1.0
891,BWA-no-clip,10,0.9
891,BWA-std,10,0.41818181818181815
891,NW-flex,10,1.0
891,BWA-no-clip,2,0.8363636363636363
891,BWA-std,2,0.13636363636363635
891,NW-flex,2,1.0
891,BWA-no-clip,3,0.8545454545454545
891,BWA-std,3,0.14545454545454545
891,NW-flex,3,1.0
891,BWA-no-clip,5,0.8909090909090909
891,BWA-std,5,0.2
891,NW-flex,5,1.0
891,BWA-no-clip,-1,0.9
891,BWA-std,-1,0.41818181818181815
891,NW-flex,-1,1.0
892,BWA-no-clip,0,0.6909090909090909
892,BWA-std,0,0.12727272727272726
892,NW-flex,0,0.996969696969697
892,BWA-no-clip,1,0.7636363636363637
892,BWA-std,1,0.12727272727272726
892,NW-flex,1,1.0
892,BWA-no-clip,10,0.8727272727272727
892,BWA-std,10,0.4090909090909091
892,NW-flex,10,1.0
892,BWA-no-clip,2,0.6909090909090909
892,BWA-std,2,0.12727272727272726
892,NW-flex,2,1.0
892,BWA-no-clip,3,0.7818181818181819
892,BWA-std,3,0.13636363636363635
892,NW-flex,3,1.0
892,BWA-no-clip,5,0.8545454545454545
892,BWA-std,5,0.19090909090909092
892,NW-flex,5,1.0
892,BWA-no-clip,-1,0.8727272727272727
892,BWA-std,-1,0.4090909090909091
892,NW-flex,-1,1.0
893,BWA-no-clip,0,0.5363636363636364
893,BWA-std,0,0.12727272727272726
893,NW-flex,0,0.996969696969697
893,BWA-no-clip,1,0.7090909090909091
893,BWA-std,1,0.12727272727272726
893,NW-flex,1,1.0
893,BWA-no-clip,10,0.8272727272727273
893,BWA-std,10,0.4090909090909091
893,NW-flex,10,1.0
893,BWA-no-clip,2,0.6454545454545455
893,BWA-std,2,0.12727272727272726
893,NW-flex,2,1.0
893,BWA-no-clip,3,0.7272727272727273
893,BWA-std,3,0.13636363636363635
893,NW-flex,3,1.0
893,BWA-no-clip,5,0.7272727272727273
893,BWA-std,5,0.19090909090909092
893,NW-flex,5,1.0
893,BWA-no-clip,-1,0.8272727272727273
893,BWA-std,-1,0.4090909090909091
893,NW-flex,-1,1.0
894,BWA-no-clip,0,0.6636363636363637
894,BWA-std,0,0.12727272727272726
894,NW-flex,0,1.0
894,BWA-no-clip,1,0.7
894,BWA-std,1,0.12727272727272726
894,NW-flex,1,1.0
894,BWA-no-clip,10,0.7666666666666667
894,BWA-std,10,0.4090909090909091
894,NW-flex,10,1.0
894,BWA-no-clip,2,0.5424242424242425
894,BWA-std,2,0.12727272727272726
894,NW-flex,2,0.9030303030303031
894,BWA-no-clip,3,0.703030303030303
894,BWA-std,3,0.13636363636363635
894,NW-flex,3,1.0
894,BWA-no-clip,5,0.7575757575757576
894,BWA-std,5,0.19090909090909092
894,NW-flex,5,1.0
894,BWA-no-clip,-1,0.7666666666666667
894,BWA-std,-1,0.4090909090909091
894,NW-flex,-1,1.0
895,BWA-no-clip,0,0.6272727272727273
895,BWA-std,0,0.12727272727272726
895,NW-flex,0,0.9030303030303031
895,BWA-no-clip,1,0.5909090909090909
895,BWA-std,1,0.12727272727272726
895,NW-flex,1,0.996969696969697
895,BWA-no-clip,10,0.8181818181818182
895,BWA-std,10,0.41818181818181815
895,NW-flex,10,1.0
895,BWA-no-clip,2,0.8090909090909091
895,BWA-std,2,0.13636363636363635
895,NW-flex,2,1.0
895,BWA-no-clip,3,0.8090909090909091
895,BWA-std,3,0.14545454545454545
895,NW-flex,3,1.0
895,BWA-no-clip,5,0.7545454545454545
895,BWA-std,5,0.2
895,NW-flex,5,1.0
895,BWA-no-clip,-1,0.8181818181818182
895,BWA-std,-1,0.41818181818181815
895,NW-flex,-1,1.0
896,BWA-no-clip,0,0.7
896,BWA-std,0,0.12727272727272726
896,NW-flex,0,0.9030303030303031
896,BWA-no-clip,1,0.8272727272727273
896,BWA-std,1,0.12727272727272726
896,NW-flex,1,0.996969696969697
896,BWA-no-clip,10,0.9181818181818182
896,BWA-std,10,0.41818181818181815
896,NW-flex,10,1.0
896,BWA-no-clip,2,0.7909090909090909
896,BWA-std,2,0.13636363636363635
896,NW-flex,2,1.0
896,BWA-no-clip,3,0.8636363636363636
896,BWA-std,3,0.14545454545454545
896,NW-flex,3,1.0
896,BWA-no-clip,5,0.9181818181818182
896,BWA-std,5,0.2
896,NW-flex,5,1.0
896,BWA-no-clip,-1,0.9181818181818182
896,BWA-std,-1,0.41818181818181815
896,NW-flex,-1,1.0
897,BWA-no-clip,0,0.6181818181818182
897,BWA-std,0,0.12727272727272726
897,NW-flex,0,0.996969696969697
897,BWA-no-clip,1,0.5727272727272728
897,BWA-std,1,0.12727272727272726
897,NW-flex,1,1.0
897,BWA-no-clip,10,0.8
897,BWA-std,10,0.4
897,NW-flex,10,1.0
897,BWA-no-clip,2,0.6727272727272727
897,BWA-std,2,0.12727272727272726
897,NW-flex,2,1.0
897,BWA-no-clip,3,0.7272727272727273
897,BWA-std,3,0.12727272727272726
897,NW-flex,3,1.0
897,BWA-no-clip,5,0.7545454545454545
897,BWA-std,5,0.18181818181818182
897,NW-flex,5,1.0
897,BWA-no-clip,-1,0.8
897,BWA-std,-1,0.4
897,NW-flex,-1,1.0
898,BWA-no-clip,0,0.5363636363636364
898,BWA-std,0,0.10909090909090909
898,NW-flex,0,0.9
898,BWA-no-clip,1,0.7
898,BWA-std,1,0.12727272727272726
898,NW-flex,1,1.0
898,BWA-no-clip,10,0.9
898,BWA-std,10,0.41818181818181815
898,NW-flex,10,1.0
898,BWA-no-clip,2,0.7909090909090909
898,BWA-std,2,0.13636363636363635
898,NW-flex,2,1.0
898,BWA-no-clip,3,0.6454545454545455
898,BWA-std,3,0.14545454545454545
898,NW-flex,3,1.0
898,BWA-no-clip,5,0.9
898,BWA-std,5,0.2
898,NW-flex,5,1.0
898,BWA-no-clip,-1,0.9
898,BWA-std,-1,0.41818181818181815
898,NW-flex,-1,1.0
899,BWA-no-clip,0,0.6818181818181818
899,BWA-std,0,0.12727272727272726
899,NW-flex,0,1.0
899,BWA-no-clip,1,0.7
899,BWA-std,1,0.12727272727272726
899,NW-flex,1,0.996969696969697
899,BWA-no-clip,10,0.8909090909090909
899,BWA-std,10,0.41818181818181815
899,NW-flex,10,1.0
899,BWA-no-clip,2,0.8363636363636363
899,BWA-std,2,0.13636363636363635
899,NW-flex,2,1.0
899,BWA-no-clip,3,0.8272727272727273
899,BWA-std,3,0.14545454545454545
899,NW-flex,3,1.0
899,BWA-no-clip,5,0.8818181818181818
899,BWA-std,5,0.2
899,NW-flex,5,1.0
899,BWA-no-clip,-1,0.8909090909090909
899,BWA-std,-1,0.41818181818181815
899,NW-flex,-1,1.0
900,BWA-no-clip,0,0.6636363636363637
900,BWA-std,0,0.12727272727272726
900,NW-flex,0,0.806060606060606
900,BWA-no-clip,1,0.7818181818181819
900,BWA-std,1,0.12727272727272726
900,NW-flex,1,0.996969696969697
900,BWA-no-clip,10,0.9181818181818182
900,BWA-std,10,0.41818181818181815
900,NW-flex,10,1.0
900,BWA-no-clip,2,0.7909090909090909
900,BWA-std,2,0.13636363636363635
900,NW-flex,2,1.0
900,BWA-no-clip,3,0.8272727272727273
900,BWA-std,3,0.14545454545454545
900,NW-flex,3,1.0
900,BWA-no-clip,5,0.9
900,BWA-std,5,0.2
900,NW-flex,5,1.0
900,BWA-no-clip,-1,0.9181818181818182
900,BWA-std,-1,0.41818181818181815
900,NW-flex,-1,1.0
901,BWA-no-clip,0,0.7545454545454545
901,BWA-std,0,0.12727272727272726
901,NW-flex,0,0.9939393939393939
901,BWA-no-clip,1,0.7
901,BWA-std,1,0.12727272727272726
901,NW-flex,1,1.0
901,BWA-no-clip,10,0.9090909090909091
901,BWA-std,10,0.41818181818181815
901,NW-flex,10,1.0
901,BWA-no-clip,2,0.8363636363636363
901,BWA-std,2,0.13636363636363635
901,NW-flex,2,1.0
901,BWA-no-clip,3,0.8363636363636363
901,BWA-std,3,0.14545454545454545
901,NW-flex,3,1.0
901,BWA-no-clip,5,0.8727272727272727
901,BWA-std,5,0.2
901,NW-flex,5,1.0
901,BWA-no-clip,-1,0.9090909090909091
901,BWA-std,-1,0.41818181818181815
901,NW-flex,-1,1.0
902,BWA-no-clip,0,0.5909090909090909
902,BWA-std,0,0.12727272727272726
902,NW-flex,0,1.0
902,BWA-no-clip,1,0.5909090909090909
902,BWA-std,1,0.12727272727272726
902,NW-flex,1,1.0
902,BWA-no-clip,10,0.7393939393939394
902,BWA-std,10,0.4090909090909091
902,NW-flex,10,1.0
902,BWA-no-clip,2,0.5727272727272728
902,BWA-std,2,0.12727272727272726
902,NW-flex,2,1.0
902,BWA-no-clip,3,0.5606060606060606
902,BWA-std,3,0.13636363636363635
902,NW-flex,3,1.0
902,BWA-no-clip,5,0.7212121212121212
902,BWA-std,5,0.19090909090909092
902,NW-flex,5,1.0
902,BWA-no-clip,-1,0.7393939393939394
902,BWA-std,-1,0.4090909090909091
902,NW-flex,-1,1.0
903,BWA-no-clip,0,0.7090909090909091
903,BWA-std,0,0.12727272727272726
903,NW-flex,0,0.996969696969697
903,BWA-no-clip,1,0.7545454545454545
903,BWA-std,1,0.12727272727272726
903,NW-flex,1,1.0
903,BWA-no-clip,10,0.8545454545454545
903,BWA-std,10,0.4090909090909091
903,NW-flex,10,1.0
903,BWA-no-clip,2,0.7818181818181819
903,BWA-std,2,0.12727272727272726
903,NW-flex,2,1.0
903,BWA-no-clip,3,0.7181818181818181
903,BWA-std,3,0.13636363636363635
903,NW-flex,3,1.0
903,BWA-no-clip,5,0.8454545454545455
903,BWA-std,5,0.19090909090909092
903,NW-flex,5,1.0
903,BWA-no-clip,-1,0.8545454545454545
903,BWA-std,-1,0.4090909090909091
903,NW-flex,-1,1.0
904,BWA-no-clip,0,0.6909090909090909
904,BWA-std,0,0.12727272727272726
904,NW-flex,0,0.9030303030303031
904,BWA-no-clip,1,0.7727272727272727
904,BWA-std,1,0.12727272727272726
904,NW-flex,1,0.996969696969697
904,BWA-no-clip,10,0.9
904,BWA-std,10,0.41818181818181815
904,NW-flex,10,1.0
904,BWA-no-clip,2,0.7363636363636363
904,BWA-std,2,0.13636363636363635
904,NW-flex,2,1.0
904,BWA-no-clip,3,0.8545454545454545
904,BWA-std,3,0.14545454545454545
904,NW-flex,3,1.0
904,BWA-no-clip,5,0.8909090909090909
904,BWA-std,5,0.2
904,NW-flex,5,1.0
904,BWA-no-clip,-1,0.9
904,BWA-std,-1,0.41818181818181815
904,NW-flex,-1,1.0
905,BWA-no-clip,0,0.6454545454545455
905,BWA-std,0,0.12727272727272726
905,NW-flex,0,1.0
905,BWA-no-clip,1,0.7
905,BWA-std,1,0.12727272727272726
905,NW-flex,1,0.996969696969697
905,BWA-no-clip,10,0.9090909090909091
905,BWA-std,10,0.41818181818181815
905,NW-flex,10,1.0
905,BWA-no-clip,2,0.8545454545454545
905,BWA-std,2,0.13636363636363635
905,NW-flex,2,1.0
905,BWA-no-clip,3,0.8272727272727273
905,BWA-std,3,0.14545454545454545
905,NW-flex,3,1.0
905,BWA-no-clip,5,0.9
905,BWA-std,5,0.2
905,NW-flex,5,1.0
905,BWA-no-clip,-1,0.9090909090909091
905,BWA-std,-1,0.41818181818181815
905,NW-flex,-1,1.0
906,BWA-no-clip,0,0.7727272727272727
906,BWA-std,0,0.12727272727272726
906,NW-flex,0,0.9939393939393939
906,BWA-no-clip,1,0.6545454545454545
906,BWA-std,1,0.12727272727272726
906,NW-flex,1,1.0
906,BWA-no-clip,10,0.8727272727272727
906,BWA-std,10,0.41818181818181815
906,NW-flex,10,1.0
906,BWA-no-clip,2,0.7090909090909091
906,BWA-std,2,0.13636363636363635
906,NW-flex,2,1.0
906,BWA-no-clip,3,0.8454545454545455
906,BWA-std,3,0.14545454545454545
906,NW-flex,3,1.0
906,BWA-no-clip,5,0.8727272727272727
906,BWA-std,5,0.2
906,NW-flex,5,1.0
906,BWA-no-clip,-1,0.8727272727272727
906,BWA-std,-1,0.41818181818181815
906,NW-flex,-1,1.0
907,BWA-no-clip,0,0.6181818181818182
907,BWA-std,0,0.12727272727272726
907,NW-flex,0,1.0
907,BWA-no-clip,1,0.6454545454545455
907,BWA-std,1,0.12727272727272726
907,NW-flex,1,1.0
907,BWA-no-clip,10,0.7909090909090909
907,BWA-std,10,0.4
907,NW-flex,10,1.0
907,BWA-no-clip,2,0.7272727272727273
907,BWA-std,2,0.12727272727272726
907,NW-flex,2,1.0
907,BWA-no-clip,3,0.6727272727272727
907,BWA-std,3,0.12727272727272726
907,NW-flex,3,1.0
907,BWA-no-clip,5,0.7363636363636363
907,BWA-std,5,0.18181818181818182
907,NW-flex,5,1.0
907,BWA-no-clip,-1,0.7909090909090909
907,BWA-std,-1,0.4
907,NW-flex,-1,1.0
908,BWA-no-clip,0,0.4909090909090909
908,BWA-std,0,0.10909090909090909
908,NW-flex,0,0.8
908,BWA-no-clip,1,0.6363636363636364
908,BWA-std,1,0.12727272727272726
908,NW-flex,1,1.0
908,BWA-no-clip,10,0.8454545454545455
908,BWA-std,10,0.41818181818181815
908,NW-flex,10,1.0
908,BWA-no-clip,2,0.8363636363636363
908,BWA-std,2,0.13636363636363635
908,NW-flex,2,1.0
908,BWA-no-clip,3,0.8363636363636363
908,BWA-std,3,0.14545454545454545
908,NW-flex,3,1.0
908,BWA-no-clip,5,0.7545454545454545
908,BWA-std,5,0.2
908,NW-flex,5,1.0
908,BWA-no-clip,-1,0.8454545454545455
908,BWA-std,-1,0.41818181818181815
908,NW-flex,-1,1.0
909,BWA-no-clip,0,0.6818181818181818
909,BWA-std,0,0.12727272727272726
909,NW-flex,0,1.0
909,BWA-no-clip,1,0.6
909,BWA-std,1,0.12727272727272726
909,NW-flex,1,0.996969696969697
909,BWA-no-clip,10,0.8545454545454545
909,BWA-std,10,0.41818181818181815
909,NW-flex,10,1.0
909,BWA-no-clip,2,0.7878787878787878
909,BWA-std,2,0.13636363636363635
909,NW-flex,2,1.0
909,BWA-no-clip,3,0.8
909,BWA-std,3,0.14545454545454545
909,NW-flex,3,1.0
909,BWA-no-clip,5,0.7909090909090909
909,BWA-std,5,0.2
909,NW-flex,5,1.0
909,BWA-no-clip,-1,0.8545454545454545
909,BWA-std,-1,0.41818181818181815
909,NW-flex,-1,1.0
910,BWA-no-clip,0,0.6545454545454545
910,BWA-std,0,0.12727272727272726
910,NW-flex,0,1.0
910,BWA-no-clip,1,0.4909090909090909
910,BWA-std,1,0.12727272727272726
910,NW-flex,1,0.996969696969697
910,BWA-no-clip,10,0.8363636363636363
910,BWA-std,10,0.41818181818181815
910,NW-flex,10,1.0
910,BWA-no-clip,2,0.7606060606060606
910,BWA-std,2,0.13636363636363635
910,NW-flex,2,1.0
910,BWA-no-clip,3,0.7727272727272727
910,BWA-std,3,0.14545454545454545
910,NW-flex,3,1.0
910,BWA-no-clip,5,0.8090909090909091
910,BWA-std,5,0.2
910,NW-flex,5,1.0
910,BWA-no-clip,-1,0.8363636363636363
910,BWA-std,-1,0.41818181818181815
910,NW-flex,-1,1.0
911,BWA-no-clip,0,0.7090909090909091
911,BWA-std,0,0.12727272727272726
911,NW-flex,0,0.996969696969697
911,BWA-no-clip,1,0.8181818181818182
911,BWA-std,1,0.12727272727272726
911,NW-flex,1,1.0
911,BWA-no-clip,10,0.8727272727272727
911,BWA-std,10,0.4090909090909091
911,NW-flex,10,1.0
911,BWA-no-clip,2,0.7545454545454545
911,BWA-std,2,0.12727272727272726
911,NW-flex,2,1.0
911,BWA-no-clip,3,0.7818181818181819
911,BWA-std,3,0.13636363636363635
911,NW-flex,3,1.0
911,BWA-no-clip,5,0.8545454545454545
911,BWA-std,5,0.19090909090909092
911,NW-flex,5,1.0
911,BWA-no-clip,-1,0.8727272727272727
911,BWA-std,-1,0.4090909090909091
911,NW-flex,-1,1.0
912,BWA-no-clip,0,0.7636363636363637
912,BWA-std,0,0.12727272727272726
912,NW-flex,0,0.9939393939393939
912,BWA-no-clip,1,0.7545454545454545
912,BWA-std,1,0.12727272727272726
912,NW-flex,1,1.0
912,BWA-no-clip,10,0.9090909090909091
912,BWA-std,10,0.41818181818181815
912,NW-flex,10,1.0
912,BWA-no-clip,2,0.8545454545454545
912,BWA-std,2,0.13636363636363635
912,NW-flex,2,1.0
912,BWA-no-clip,3,0.7909090909090909
912,BWA-std,3,0.14545454545454545
912,NW-flex,3,1.0
912,BWA-no-clip,5,0.8727272727272727
912,BWA-std,5,0.2
912,NW-flex,5,1.0
912,BWA-no-clip,-1,0.9090909090909091
912,BWA-std,-1,0.41818181818181815
912,NW-flex,-1,1.0
913,BWA-no-clip,0,0.6545454545454545
913,BWA-std,0,0.12727272727272726
913,NW-flex,0,0.990909090909091
913,BWA-no-clip,1,0.6727272727272727
913,BWA-std,1,0.12727272727272726
913,NW-flex,1,1.0
913,BWA-no-clip,10,0.9
913,BWA-std,10,0.41818181818181815
913,NW-flex,10,1.0
913,BWA-no-clip,2,0.7545454545454545
913,BWA-std,2,0.13636363636363635
913,NW-flex,2,1.0
913,BWA-no-clip,3,0.8181818181818182
913,BWA-std,3,0.14545454545454545
913,NW-flex,3,1.0
913,BWA-no-clip,5,0.8727272727272727
913,BWA-std,5,0.2
913,NW-flex,5,1.0
913,BWA-no-clip,-1,0.9
913,BWA-std,-1,0.41818181818181815
913,NW-flex,-1,1.0
914,BWA-no-clip,0,0.4636363636363636
914,BWA-std,0,0.10909090909090909
914,NW-flex,0,0.9
914,BWA-no-clip,1,0.7818181818181819
914,BWA-std,1,0.12727272727272726
914,NW-flex,1,1.0
914,BWA-no-clip,10,0.9
914,BWA-std,10,0.41818181818181815
914,NW-flex,10,1.0
914,BWA-no-clip,2,0.8181818181818182
914,BWA-std,2,0.13636363636363635
914,NW-flex,2,1.0
914,BWA-no-clip,3,0.8454545454545455
914,BWA-std,3,0.14545454545454545
914,NW-flex,3,1.0
914,BWA-no-clip,5,0.9
914,BWA-std,5,0.2
914,NW-flex,5,1.0
914,BWA-no-clip,-1,0.9
914,BWA-std,-1,0.41818181818181815
914,NW-flex,-1,1.0
915,BWA-no-clip,0,0.6909090909090909
915,BWA-std,0,0.12727272727272726
915,NW-flex,0,1.0
915,BWA-no-clip,1,0.7
915,BWA-std,1,0.12727272727272726
915,NW-flex,1,1.0
915,BWA-no-clip,10,0.8545454545454545
915,BWA-std,10,0.41818181818181815
915,NW-flex,10,1.0
915,BWA-no-clip,2,0.6363636363636364
915,BWA-std,2,0.13636363636363635
915,NW-flex,2,0.9939393939393939
915,BWA-no-clip,3,0.7727272727272727
915,BWA-std,3,0.14545454545454545
915,NW-flex,3,1.0
915,BWA-no-clip,5,0.7727272727272727
915,BWA-std,5,0.2
915,NW-flex,5,1.0
915,BWA-no-clip,-1,0.8545454545454545
915,BWA-std,-1,0.41818181818181815
915,NW-flex,-1,1.0
916,BWA-no-clip,0,0.6454545454545455
916,BWA-std,0,0.12727272727272726
916,NW-flex,0,0.9030303030303031
916,BWA-no-clip,1,0.7272727272727273
916,BWA-std,1,0.12727272727272726
916,NW-flex,1,0.996969696969697
916,BWA-no-clip,10,0.8909090909090909
916,BWA-std,10,0.41818181818181815
916,NW-flex,10,1.0
916,BWA-no-clip,2,0.8181818181818182
916,BWA-std,2,0.13636363636363635
916,NW-flex,2,1.0
916,BWA-no-clip,3,0.7818181818181819
916,BWA-std,3,0.14545454545454545
916,NW-flex,3,1.0
916,BWA-no-clip,5,0.8909090909090909
916,BWA-std,5,0.2
916,NW-flex,5,1.0
916,BWA-no-clip,-1,0.8909090909090909
916,BWA-std,-1,0.41818181818181815
916,NW-flex,-1,1.0
917,BWA-no-clip,0,0.5727272727272728
917,BWA-std,0,0.12727272727272726
917,NW-flex,0,0.9030303030303031
917,BWA-no-clip,1,0.6454545454545455
917,BWA-std,1,0.12727272727272726
917,NW-flex,1,0.996969696969697
917,BWA-no-clip,10,0.8545454545454545
917,BWA-std,10,0.41818181818181815
917,NW-flex,10,1.0
917,BWA-no-clip,2,0.7909090909090909
917,BWA-std,2,0.13636363636363635
917,NW-flex,2,1.0
917,BWA-no-clip,3,0.7909090909090909
917,BWA-std,3,0.14545454545454545
917,NW-flex,3,1.0
917,BWA-no-clip,5,0.8454545454545455
917,BWA-std,5,0.2
917,NW-flex,5,1.0
917,BWA-no-clip,-1,0.8545454545454545
917,BWA-std,-1,0.41818181818181815
917,NW-flex,-1,1.0
918,BWA-no-clip,0,0.7363636363636363
918,BWA-std,0,0.12727272727272726
918,NW-flex,0,0.990909090909091
918,BWA-no-clip,1,0.7454545454545455
918,BWA-std,1,0.12727272727272726
918,NW-flex,1,1.0
918,BWA-no-clip,10,0.9181818181818182
918,BWA-std,10,0.41818181818181815
918,NW-flex,10,1.0
918,BWA-no-clip,2,0.8636363636363636
918,BWA-std,2,0.13636363636363635
918,NW-flex,2,1.0
918,BWA-no-clip,3,0.8545454545454545
918,BWA-std,3,0.14545454545454545
918,NW-flex,3,1.0
918,BWA-no-clip,5,0.9090909090909091
918,BWA-std,5,0.2
918,NW-flex,5,1.0
918,BWA-no-clip,-1,0.9181818181818182
918,BWA-std,-1,0.41818181818181815
918,NW-flex,-1,1.0
919,BWA-no-clip,0,0.4727272727272727
919,BWA-std,0,0.12727272727272726
919,NW-flex,0,0.996969696969697
919,BWA-no-clip,1,0.8272727272727273
919,BWA-std,1,0.12727272727272726
919,NW-flex,1,1.0
919,BWA-no-clip,10,0.8454545454545455
919,BWA-std,10,0.4090909090909091
919,NW-flex,10,1.0
919,BWA-no-clip,2,0.7636363636363637
919,BWA-std,2,0.12727272727272726
919,NW-flex,2,1.0
919,BWA-no-clip,3,0.8272727272727273
919,BWA-std,3,0.13636363636363635
919,NW-flex,3,1.0
919,BWA-no-clip,5,0.7757575757575758
919,BWA-std,5,0.19090909090909092
919,NW-flex,5,1.0
919,BWA-no-clip,-1,0.8454545454545455
919,BWA-std,-1,0.4090909090909091
919,NW-flex,-1,1.0
920,BWA-no-clip,0,0.5818181818181818
920,BWA-std,0,0.10909090909090909
920,NW-flex,0,0.9
920,BWA-no-clip,1,0.7363636363636363
920,BWA-std,1,0.12727272727272726
920,NW-flex,1,1.0
920,BWA-no-clip,10,0.9090909090909091
920,BWA-std,10,0.41818181818181815
920,NW-flex,10,1.0
920,BWA-no-clip,2,0.8272727272727273
920,BWA-std,2,0.13636363636363635
920,NW-flex,2,1.0
920,BWA-no-clip,3,0.8636363636363636
920,BWA-std,3,0.14545454545454545
920,NW-flex,3,1.0
920,BWA-no-clip,5,0.8909090909090909
920,BWA-std,5,0.2
920,NW-flex,5,1.0
920,BWA-no-clip,-1,0.9090909090909091
920,BWA-std,-1,0.41818181818181815
920,NW-flex,-1,1.0
921,BWA-no-clip,0,0.6545454545454545
921,BWA-std,0,0.12727272727272726
921,NW-flex,0,0.9030303030303031
921,BWA-no-clip,1,0.7818181818181819
921,BWA-std,1,0.12727272727272726
921,NW-flex,1,0.996969696969697
921,BWA-no-clip,10,0.9181818181818182
921,BWA-std,10,0.41818181818181815
921,NW-flex,10,1.0
921,BWA-no-clip,2,0.7454545454545455
921,BWA-std,2,0.13636363636363635
921,NW-flex,2,1.0
921,BWA-no-clip,3,0.8181818181818182
921,BWA-std,3,0.14545454545454545
921,NW-flex,3,1.0
921,BWA-no-clip,5,0.8909090909090909
921,BWA-std,5,0.2
921,NW-flex,5,1.0
921,BWA-no-clip,-1,0.9181818181818182
921,BWA-std,-1,0.41818181818181815
921,NW-flex,-1,1.0
922,BWA-no-clip,0,0.39090909090909093
922,BWA-std,0,0.10909090909090909
922,NW-flex,0,0.9
922,BWA-no-clip,1,0.7272727272727273
922,BWA-std,1,0.12727272727272726
922,NW-flex,1,1.0
922,BWA-no-clip,10,0.8545454545454545
922,BWA-std,10,0.41818181818181815
922,NW-flex,10,1.0
922,BWA-no-clip,2,0.7454545454545455
922,BWA-std,2,0.13636363636363635
922,NW-flex,2,1.0
922,BWA-no-clip,3,0.7727272727272727
922,BWA-std,3,0.14545454545454545
922,NW-flex,3,1.0
922,BWA-no-clip,5,0.8454545454545455
922,BWA-std,5,0.2
922,NW-flex,5,1.0
922,BWA-no-clip,-1,0.8545454545454545
922,BWA-std,-1,0.41818181818181815
922,NW-flex,-1,1.0
923,BWA-no-clip,0,0.5272727272727272
923,BWA-std,0,0.12727272727272726
923,NW-flex,0,0.990909090909091
923,BWA-no-clip,1,0.7727272727272727
923,BWA-std,1,0.12727272727272726
923,NW-flex,1,1.0
923,BWA-no-clip,10,0.8454545454545455
923,BWA-std,10,0.41818181818181815
923,NW-flex,10,1.0
923,BWA-no-clip,2,0.8272727272727273
923,BWA-std,2,0.13636363636363635
923,NW-flex,2,1.0
923,BWA-no-clip,3,0.7727272727272727
923,BWA-std,3,0.14545454545454545
923,NW-flex,3,1.0
923,BWA-no-clip,5,0.8090909090909091
923,BWA-std,5,0.2
923,NW-flex,5,1.0
923,BWA-no-clip,-1,0.8454545454545455
923,BWA-std,-1,0.41818181818181815
923,NW-flex,-1,1.0
924,BWA-no-clip,0,0.5545454545454546
924,BWA-std,0,0.12727272727272726
924,NW-flex,0,0.9878787878787879
924,BWA-no-clip,1,0.5909090909090909
924,BWA-std,1,0.12727272727272726
924,NW-flex,1,1.0
924,BWA-no-clip,10,0.8454545454545455
924,BWA-std,10,0.41818181818181815
924,NW-flex,10,1.0
924,BWA-no-clip,2,0.6727272727272727
924,BWA-std,2,0.13636363636363635
924,NW-flex,2,1.0
924,BWA-no-clip,3,0.8181818181818182
924,BWA-std,3,0.14545454545454545
924,NW-flex,3,1.0
924,BWA-no-clip,5,0.7909090909090909
924,BWA-std,5,0.2
924,NW-flex,5,1.0
924,BWA-no-clip,-1,0.8454545454545455
924,BWA-std,-1,0.41818181818181815
924,NW-flex,-1,1.0
925,BWA-no-clip,0,0.5181818181818182
925,BWA-std,0,0.10909090909090909
925,NW-flex,0,0.9
925,BWA-no-clip,1,0.7727272727272727
925,BWA-std,1,0.12727272727272726
925,NW-flex,1,1.0
925,BWA-no-clip,10,0.8636363636363636
925,BWA-std,10,0.41818181818181815
925,NW-flex,10,1.0
925,BWA-no-clip,2,0.7727272727272727
925,BWA-std,2,0.13636363636363635
925,NW-flex,2,1.0
925,BWA-no-clip,3,0.8
925,BWA-std,3,0.14545454545454545
925,NW-flex,3,1.0
925,BWA-no-clip,5,0.8545454545454545
925,BWA-std,5,0.2
925,NW-flex,5,1.0
925,BWA-no-clip,-1,0.8636363636363636
925,BWA-std,-1,0.41818181818181815
925,NW-flex,-1,1.0
926,BWA-no-clip,0,0.7090909090909091
926,BWA-std,0,0.12727272727272726
926,NW-flex,0,1.0
926,BWA-no-clip,1,0.6727272727272727
926,BWA-std,1,0.12727272727272726
926,NW-flex,1,0.996969696969697
926,BWA-no-clip,10,0.8727272727272727
926,BWA-std,10,0.41818181818181815
926,NW-flex,10,1.0
926,BWA-no-clip,2,0.7696969696969697
926,BWA-std,2,0.13636363636363635
926,NW-flex,2,1.0
926,BWA-no-clip,3,0.8090909090909091
926,BWA-std,3,0.14545454545454545
926,NW-flex,3,1.0
926,BWA-no-clip,5,0.7909090909090909
926,BWA-std,5,0.2
926,NW-flex,5,1.0
926,BWA-no-clip,-1,0.8727272727272727
926,BWA-std,-1,0.41818181818181815
926,NW-flex,-1,1.0
927,BWA-no-clip,0,0.5818181818181818
927,BWA-std,0,0.10909090909090909
927,NW-flex,0,0.9
927,BWA-no-clip,1,0.7363636363636363
927,BWA-std,1,0.12727272727272726
927,NW-flex,1,1.0
927,BWA-no-clip,10,0.9090909090909091
927,BWA-std,10,0.41818181818181815
927,NW-flex,10,1.0
927,BWA-no-clip,2,0.8272727272727273
927,BWA-std,2,0.13636363636363635
927,NW-flex,2,1.0
927,BWA-no-clip,3,0.8636363636363636
927,BWA-std,3,0.14545454545454545
927,NW-flex,3,1.0
927,BWA-no-clip,5,0.8909090909090909
927,BWA-std,5,0.2
927,NW-flex,5,1.0
927,BWA-no-clip,-1,0.9090909090909091
927,BWA-std,-1,0.41818181818181815
927,NW-flex,-1,1.0
928,BWA-no-clip,0,0.4636363636363636
928,BWA-std,0,0.10909090909090909
928,NW-flex,0,0.8
928,BWA-no-clip,1,0.7272727272727273
928,BWA-std,1,0.12727272727272726
928,NW-flex,1,1.0
928,BWA-no-clip,10,0.8818181818181818
928,BWA-std,10,0.41818181818181815
928,NW-flex,10,1.0
928,BWA-no-clip,2,0.8181818181818182
928,BWA-std,2,0.13636363636363635
928,NW-flex,2,1.0
928,BWA-no-clip,3,0.6909090909090909
928,BWA-std,3,0.14545454545454545
928,NW-flex,3,1.0
928,BWA-no-clip,5,0.8454545454545455
928,BWA-std,5,0.2
928,NW-flex,5,1.0
928,BWA-no-clip,-1,0.8818181818181818
928,BWA-std,-1,0.41818181818181815
928,NW-flex,-1,1.0
929,BWA-no-clip,0,0.6363636363636364
929,BWA-std,0,0.12727272727272726
929,NW-flex,0,1.0
929,BWA-no-clip,1,0.7272727272727273
929,BWA-std,1,0.12727272727272726
929,NW-flex,1,1.0
929,BWA-no-clip,10,0.7727272727272727
929,BWA-std,10,0.4
929,NW-flex,10,1.0
929,BWA-no-clip,2,0.6636363636363637
929,BWA-std,2,0.12727272727272726
929,NW-flex,2,1.0
929,BWA-no-clip,3,0.5909090909090909
929,BWA-std,3,0.12727272727272726
929,NW-flex,3,1.0
929,BWA-no-clip,5,0.7363636363636363
929,BWA-std,5,0.18181818181818182
929,NW-flex,5,1.0
929,BWA-no-clip,-1,0.7727272727272727
929,BWA-std,-1,0.4
929,NW-flex,-1,1.0
930,BWA-no-clip,0,0.5181818181818182
930,BWA-std,0,0.10909090909090909
930,NW-flex,0,0.8
930,BWA-no-clip,1,0.8363636363636363
930,BWA-std,1,0.12727272727272726
930,NW-flex,1,1.0
930,BWA-no-clip,10,0.9181818181818182
930,BWA-std,10,0.41818181818181815
930,NW-flex,10,1.0
930,BWA-no-clip,2,0.8545454545454545
930,BWA-std,2,0.13636363636363635
930,NW-flex,2,1.0
930,BWA-no-clip,3,0.8727272727272727
930,BWA-std,3,0.14545454545454545
930,NW-flex,3,1.0
930,BWA-no-clip,5,0.9090909090909091
930,BWA-std,5,0.2
930,NW-flex,5,1.0
930,BWA-no-clip,-1,0.9181818181818182
930,BWA-std,-1,0.41818181818181815
930,NW-flex,-1,1.0
931,BWA-no-clip,0,0.6454545454545455
931,BWA-std,0,0.12727272727272726
931,NW-flex,0,1.0
931,BWA-no-clip,1,0.6727272727272727
931,BWA-std,1,0.12727272727272726
931,NW-flex,1,1.0
931,BWA-no-clip,10,0.7666666666666667
931,BWA-std,10,0.4090909090909091
931,NW-flex,10,1.0
931,BWA-no-clip,2,0.6151515151515151
931,BWA-std,2,0.12727272727272726
931,NW-flex,2,0.9030303030303031
931,BWA-no-clip,3,0.6848484848484848
931,BWA-std,3,0.13636363636363635
931,NW-flex,3,1.0
931,BWA-no-clip,5,0.7393939393939394
931,BWA-std,5,0.19090909090909092
931,NW-flex,5,1.0
931,BWA-no-clip,-1,0.7666666666666667
931,BWA-std,-1,0.4090909090909091
931,NW-flex,-1,1.0
932,BWA-no-clip,0,0.6545454545454545
932,BWA-std,0,0.12727272727272726
932,NW-flex,0,0.806060606060606
932,BWA-no-clip,1,0.7272727272727273
932,BWA-std,1,0.12727272727272726
932,NW-flex,1,0.996969696969697
932,BWA-no-clip,10,0.9
932,BWA-std,10,0.41818181818181815
932,NW-flex,10,1.0
932,BWA-no-clip,2,0.7
932,BWA-std,2,0.13636363636363635
932,NW-flex,2,1.0
932,BWA-no-clip,3,0.8151515151515152
932,BWA-std,3,0.14545454545454545
932,NW-flex,3,1.0
932,BWA-no-clip,5,0.8272727272727273
932,BWA-std,5,0.2
932,NW-flex,5,1.0
932,BWA-no-clip,-1,0.9
932,BWA-std,-1,0.41818181818181815
932,NW-flex,-1,1.0
933,BWA-no-clip,0,0.6545454545454545
933,BWA-std,0,0.12727272727272726
933,NW-flex,0,0.9939393939393939
933,BWA-no-clip,1,0.6727272727272727
933,BWA-std,1,0.12727272727272726
933,NW-flex,1,1.0
933,BWA-no-clip,10,0.8545454545454545
933,BWA-std,10,0.41818181818181815
933,NW-flex,10,1.0
933,BWA-no-clip,2,0.7454545454545455
933,BWA-std,2,0.13636363636363635
933,NW-flex,2,1.0
933,BWA-no-clip,3,0.8181818181818182
933,BWA-std,3,0.14545454545454545
933,NW-flex,3,1.0
933,BWA-no-clip,5,0.8454545454545455
933,BWA-std,5,0.2
933,NW-flex,5,1.0
933,BWA-no-clip,-1,0.8545454545454545
933,BWA-std,-1,0.41818181818181815
933,NW-flex,-1,1.0
934,BWA-no-clip,0,0.5545454545454546
934,BWA-std,0,0.12727272727272726
934,NW-flex,0,1.0
934,BWA-no-clip,1,0.5818181818181818
934,BWA-std,1,0.12727272727272726
934,NW-flex,1,1.0
934,BWA-no-clip,10,0.7636363636363637
934,BWA-std,10,0.4
934,NW-flex,10,1.0
934,BWA-no-clip,2,0.7
934,BWA-std,2,0.12727272727272726
934,NW-flex,2,1.0
934,BWA-no-clip,3,0.6363636363636364
934,BWA-std,3,0.12727272727272726
934,NW-flex,3,1.0
934,BWA-no-clip,5,0.6363636363636364
934,BWA-std,5,0.18181818181818182
934,NW-flex,5,1.0
934,BWA-no-clip,-1,0.7636363636363637
934,BWA-std,-1,0.4
934,NW-flex,-1,1.0
935,BWA-no-clip,0,0.6818181818181818
935,BWA-std,0,0.12727272727272726
935,NW-flex,0,1.0
935,BWA-no-clip,1,0.7363636363636363
935,BWA-std,1,0.12727272727272726
935,NW-flex,1,1.0
935,BWA-no-clip,10,0.7909090909090909
935,BWA-std,10,0.4
935,NW-flex,10,1.0
935,BWA-no-clip,2,0.7636363636363637
935,BWA-std,2,0.12727272727272726
935,NW-flex,2,1.0
935,BWA-no-clip,3,0.7121212121212122
935,BWA-std,3,0.12727272727272726
935,NW-flex,3,1.0
935,BWA-no-clip,5,0.7545454545454545
935,BWA-std,5,0.18181818181818182
935,NW-flex,5,1.0
935,BWA-no-clip,-1,0.7909090909090909
935,BWA-std,-1,0.4
935,NW-flex,-1,1.0
936,BWA-no-clip,0,0.43636363636363634
936,BWA-std,0,0.10909090909090909
936,NW-flex,0,0.6
936,BWA-no-clip,1,0.7090909090909091
936,BWA-std,1,0.12727272727272726
936,NW-flex,1,1.0
936,BWA-no-clip,10,0.9090909090909091
936,BWA-std,10,0.41818181818181815
936,NW-flex,10,1.0
936,BWA-no-clip,2,0.8090909090909091
936,BWA-std,2,0.13636363636363635
936,NW-flex,2,1.0
936,BWA-no-clip,3,0.8
936,BWA-std,3,0.14545454545454545
936,NW-flex,3,1.0
936,BWA-no-clip,5,0.8545454545454545
936,BWA-std,5,0.2
936,NW-flex,5,1.0
936,BWA-no-clip,-1,0.9090909090909091
936,BWA-std,-1,0.41818181818181815
936,NW-flex,-1,1.0
937,BWA-no-clip,0,0.7272727272727273
937,BWA-std,0,0.12727272727272726
937,NW-flex,0,1.0
937,BWA-no-clip,1,0.6909090909090909
937,BWA-std,1,0.12727272727272726
937,NW-flex,1,0.996969696969697
937,BWA-no-clip,10,0.8818181818181818
937,BWA-std,10,0.41818181818181815
937,NW-flex,10,1.0
937,BWA-no-clip,2,0.8
937,BWA-std,2,0.13636363636363635
937,NW-flex,2,1.0
937,BWA-no-clip,3,0.7818181818181819
937,BWA-std,3,0.14545454545454545
937,NW-flex,3,1.0
937,BWA-no-clip,5,0.8727272727272727
937,BWA-std,5,0.2
937,NW-flex,5,1.0
937,BWA-no-clip,-1,0.8818181818181818
937,BWA-std,-1,0.41818181818181815
937,NW-flex,-1,1.0
938,BWA-no-clip,0,0.6636363636363637
938,BWA-std,0,0.12727272727272726
938,NW-flex,0,0.996969696969697
938,BWA-no-clip,1,0.7181818181818181
938,BWA-std,1,0.12727272727272726
938,NW-flex,1,1.0
938,BWA-no-clip,10,0.7727272727272727
938,BWA-std,10,0.4
938,NW-flex,10,1.0
938,BWA-no-clip,2,0.6909090909090909
938,BWA-std,2,0.12727272727272726
938,NW-flex,2,1.0
938,BWA-no-clip,3,0.6454545454545455
938,BWA-std,3,0.12727272727272726
938,NW-flex,3,1.0
938,BWA-no-clip,5,0.7272727272727273
938,BWA-std,5,0.18181818181818182
938,NW-flex,5,1.0
938,BWA-no-clip,-1,0.7727272727272727
938,BWA-std,-1,0.4
938,NW-flex,-1,1.0
939,BWA-no-clip,0,0.509090909090909
939,BWA-std,0,0.12727272727272726
939,NW-flex,0,1.0
939,BWA-no-clip,1,0.6454545454545455
939,BWA-std,1,0.12727272727272726
939,NW-flex,1,1.0
939,BWA-no-clip,10,0.7636363636363637
939,BWA-std,10,0.4
939,NW-flex,10,1.0
939,BWA-no-clip,2,0.7363636363636363
939,BWA-std,2,0.12727272727272726
939,NW-flex,2,1.0
939,BWA-no-clip,3,0.6636363636363637
939,BWA-std,3,0.12727272727272726
939,NW-flex,3,1.0
939,BWA-no-clip,5,0.7454545454545455
939,BWA-std,5,0.18181818181818182
939,NW-flex,5,1.0
939,BWA-no-clip,-1,0.7636363636363637
939,BWA-std,-1,0.4
939,NW-flex,-1,1.0
940,BWA-no-clip,0,0.6545454545454545
940,BWA-std,0,0.12727272727272726
940,NW-flex,0,0.990909090909091
940,BWA-no-clip,1,0.7
940,BWA-std,1,0.12727272727272726
940,NW-flex,1,1.0
940,BWA-no-clip,10,0.8909090909090909
940,BWA-std,10,0.41818181818181815
940,NW-flex,10,1.0
940,BWA-no-clip,2,0.7727272727272727
940,BWA-std,2,0.13636363636363635
940,NW-flex,2,1.0
940,BWA-no-clip,3,0.706060606060606
940,BWA-std,3,0.14545454545454545
940,NW-flex,3,1.0
940,BWA-no-clip,5,0.8
940,BWA-std,5,0.2
940,NW-flex,5,1.0
940,BWA-no-clip,-1,0.8909090909090909
940,BWA-std,-1,0.41818181818181815
940,NW-flex,-1,1.0
941,BWA-no-clip,0,0.5818181818181818
941,BWA-std,0,0.12727272727272726
941,NW-flex,0,0.9030303030303031
941,BWA-no-clip,1,0.5727272727272728
941,BWA-std,1,0.12727272727272726
941,NW-flex,1,0.990909090909091
941,BWA-no-clip,10,0.8636363636363636
941,BWA-std,10,0.41818181818181815
941,NW-flex,10,1.0
941,BWA-no-clip,2,0.7242424242424242
941,BWA-std,2,0.13636363636363635
941,NW-flex,2,1.0
941,BWA-no-clip,3,0.6727272727272727
941,BWA-std,3,0.14545454545454545
941,NW-flex,3,1.0
941,BWA-no-clip,5,0.8363636363636363
941,BWA-std,5,0.2
941,NW-flex,5,1.0
941,BWA-no-clip,-1,0.8636363636363636
941,BWA-std,-1,0.41818181818181815
941,NW-flex,-1,1.0
942,BWA-no-clip,0,0.4727272727272727
942,BWA-std,0,0.10909090909090909
942,NW-flex,0,0.7
942,BWA-no-clip,1,0.7454545454545455
942,BWA-std,1,0.12727272727272726
942,NW-flex,1,1.0
942,BWA-no-clip,10,0.8090909090909091
942,BWA-std,10,0.4
942,NW-flex,10,1.0
942,BWA-no-clip,2,0.7272727272727273
942,BWA-std,2,0.12727272727272726
942,NW-flex,2,1.0
942,BWA-no-clip,3,0.6848484848484848
942,BWA-std,3,0.12727272727272726
942,NW-flex,3,1.0
942,BWA-no-clip,5,0.7363636363636363
942,BWA-std,5,0.18181818181818182
942,NW-flex,5,1.0
942,BWA-no-clip,-1,0.8090909090909091
942,BWA-std,-1,0.4
942,NW-flex,-1,1.0
943,BWA-no-clip,0,0.4727272727272727
943,BWA-std,0,0.12727272727272726
943,NW-flex,0,1.0
943,BWA-no-clip,1,0.5181818181818182
943,BWA-std,1,0.12727272727272726
943,NW-flex,1,1.0
943,BWA-no-clip,10,0.7636363636363637
943,BWA-std,10,0.4
943,NW-flex,10,1.0
943,BWA-no-clip,2,0.7181818181818181
943,BWA-std,2,0.12727272727272726
943,NW-flex,2,1.0
943,BWA-no-clip,3,0.7
943,BWA-std,3,0.12727272727272726
943,NW-flex,3,1.0
943,BWA-no-clip,5,0.7272727272727273
943,BWA-std,5,0.18181818181818182
943,NW-flex,5,1.0
943,BWA-no-clip,-1,0.7636363636363637
943,BWA-std,-1,0.4
943,NW-flex,-1,1.0
944,BWA-no-clip,0,0.6090909090909091
944,BWA-std,0,0.12727272727272726
944,NW-flex,0,1.0
944,BWA-no-clip,1,0.7151515151515152
944,BWA-std,1,0.12727272727272726
944,NW-flex,1,0.9030303030303031
944,BWA-no-clip,10,0.8
944,BWA-std,10,0.4090909090909091
944,NW-flex,10,1.0
944,BWA-no-clip,2,0.6636363636363637
944,BWA-std,2,0.12727272727272726
944,NW-flex,2,1.0
944,BWA-no-clip,3,0.7666666666666667
944,BWA-std,3,0.13636363636363635
944,NW-flex,3,1.0
944,BWA-no-clip,5,0.7454545454545455
944,BWA-std,5,0.19090909090909092
944,NW-flex,5,1.0
944,BWA-no-clip,-1,0.8
944,BWA-std,-1,0.4090909090909091
944,NW-flex,-1,1.0
945,BWA-no-clip,0,0.38181818181818183
945,BWA-std,0,0.10909090909090909
945,NW-flex,0,0.8
945,BWA-no-clip,1,0.6090909090909091
945,BWA-std,1,0.12727272727272726
945,NW-flex,1,1.0
945,BWA-no-clip,10,0.8090909090909091
945,BWA-std,10,0.4090909090909091
945,NW-flex,10,1.0
945,BWA-no-clip,2,0.6727272727272727
945,BWA-std,2,0.12727272727272726
945,NW-flex,2,1.0
945,BWA-no-clip,3,0.7727272727272727
945,BWA-std,3,0.13636363636363635
945,NW-flex,3,1.0
945,BWA-no-clip,5,0.7636363636363637
945,BWA-std,5,0.19090909090909092
945,NW-flex,5,1.0
945,BWA-no-clip,-1,0.8090909090909091
945,BWA-std,-1,0.4090909090909091
945,NW-flex,-1,1.0
946,BWA-no-clip,0,0.5909090909090909
946,BWA-std,0,0.12727272727272726
946,NW-flex,0,0.7090909090909091
946,BWA-no-clip,1,0.7424242424242424
946,BWA-std,1,0.12727272727272726
946,NW-flex,1,0.996969696969697
946,BWA-no-clip,10,0.9
946,BWA-std,10,0.41818181818181815
946,NW-flex,10,1.0
946,BWA-no-clip,2,0.7727272727272727
946,BWA-std,2,0.13636363636363635
946,NW-flex,2,1.0
946,BWA-no-clip,3,0.7454545454545455
946,BWA-std,3,0.14545454545454545
946,NW-flex,3,1.0
946,BWA-no-clip,5,0.9
946,BWA-std,5,0.2
946,NW-flex,5,1.0
946,BWA-no-clip,-1,0.9
946,BWA-std,-1,0.41818181818181815
946,NW-flex,-1,1.0
947,BWA-no-clip,0,0.6636363636363637
947,BWA-std,0,0.12727272727272726
947,NW-flex,0,1.0
947,BWA-no-clip,1,0.6818181818181818
947,BWA-std,1,0.12727272727272726
947,NW-flex,1,1.0
947,BWA-no-clip,10,0.8090909090909091
947,BWA-std,10,0.41818181818181815
947,NW-flex,10,1.0
947,BWA-no-clip,2,0.5636363636363636
947,BWA-std,2,0.13636363636363635
947,NW-flex,2,1.0
947,BWA-no-clip,3,0.7090909090909091
947,BWA-std,3,0.14545454545454545
947,NW-flex,3,1.0
947,BWA-no-clip,5,0.6636363636363637
947,BWA-std,5,0.2
947,NW-flex,5,1.0
947,BWA-no-clip,-1,0.8090909090909091
947,BWA-std,-1,0.41818181818181815
947,NW-flex,-1,1.0
948,BWA-no-clip,0,0.5181818181818182
948,BWA-std,0,0.12727272727272726
948,NW-flex,0,0.9030303030303031
948,BWA-no-clip,1,0.5060606060606061
948,BWA-std,1,0.12727272727272726
948,NW-flex,1,0.990909090909091
948,BWA-no-clip,10,0.8636363636363636
948,BWA-std,10,0.41818181818181815
948,NW-flex,10,1.0
948,BWA-no-clip,2,0.6878787878787879
948,BWA-std,2,0.13636363636363635
948,NW-flex,2,1.0
948,BWA-no-clip,3,0.5909090909090909
948,BWA-std,3,0.14545454545454545
948,NW-flex,3,1.0
948,BWA-no-clip,5,0.8454545454545455
948,BWA-std,5,0.2
948,NW-flex,5,1.0
948,BWA-no-clip,-1,0.8636363636363636
948,BWA-std,-1,0.41818181818181815
948,NW-flex,-1,1.0
949,BWA-no-clip,0,0.6545454545454545
949,BWA-std,0,0.12727272727272726
949,NW-flex,0,1.0
949,BWA-no-clip,1,0.6727272727272727
949,BWA-std,1,0.12727272727272726
949,NW-flex,1,1.0
949,BWA-no-clip,10,0.8090909090909091
949,BWA-std,10,0.41818181818181815
949,NW-flex,10,1.0
949,BWA-no-clip,2,0.5181818181818182
949,BWA-std,2,0.13636363636363635
949,NW-flex,2,1.0
949,BWA-no-clip,3,0.7
949,BWA-std,3,0.14545454545454545
949,NW-flex,3,1.0
949,BWA-no-clip,5,0.7545454545454545
949,BWA-std,5,0.2
949,NW-flex,5,1.0
949,BWA-no-clip,-1,0.8090909090909091
949,BWA-std,-1,0.41818181818181815
949,NW-flex,-1,1.0
950,BWA-no-clip,0,0.6272727272727273
950,BWA-std,0,0.12727272727272726
950,NW-flex,0,0.9030303030303031
950,BWA-no-clip,1,0.6636363636363637
950,BWA-std,1,0.12727272727272726
950,NW-flex,1,0.996969696969697
950,BWA-no-clip,10,0.8363636363636363
950,BWA-std,10,0.41818181818181815
950,NW-flex,10,1.0
950,BWA-no-clip,2,0.8090909090909091
950,BWA-std,2,0.13636363636363635
950,NW-flex,2,1.0
950,BWA-no-clip,3,0.8090909090909091
950,BWA-std,3,0.14545454545454545
950,NW-flex,3,1.0
950,BWA-no-clip,5,0.8090909090909091
950,BWA-std,5,0.2
950,NW-flex,5,1.0
950,BWA-no-clip,-1,0.8363636363636363
950,BWA-std,-1,0.41818181818181815
950,NW-flex,-1,1.0
951,BWA-no-clip,0,0.7090909090909091
951,BWA-std,0,0.12727272727272726
951,NW-flex,0,0.9939393939393939
951,BWA-no-clip,1,0.7363636363636363
951,BWA-std,1,0.12727272727272726
951,NW-flex,1,1.0
951,BWA-no-clip,10,0.8727272727272727
951,BWA-std,10,0.41818181818181815
951,NW-flex,10,1.0
951,BWA-no-clip,2,0.6424242424242425
951,BWA-std,2,0.13636363636363635
951,NW-flex,2,1.0
951,BWA-no-clip,3,0.8181818181818182
951,BWA-std,3,0.14545454545454545
951,NW-flex,3,1.0
951,BWA-no-clip,5,0.8363636363636363
951,BWA-std,5,0.2
951,NW-flex,5,1.0
951,BWA-no-clip,-1,0.8727272727272727
951,BWA-std,-1,0.41818181818181815
951,NW-flex,-1,1.0
952,BWA-no-clip,0,0.7181818181818181
952,BWA-std,0,0.12727272727272726
952,NW-flex,0,1.0
952,BWA-no-clip,1,0.7272727272727273
952,BWA-std,1,0.12727272727272726
952,NW-flex,1,1.0
952,BWA-no-clip,10,0.8090909090909091
952,BWA-std,10,0.41818181818181815
952,NW-flex,10,1.0
952,BWA-no-clip,2,0.5727272727272728
952,BWA-std,2,0.13636363636363635
952,NW-flex,2,0.990909090909091
952,BWA-no-clip,3,0.7636363636363637
952,BWA-std,3,0.14545454545454545
952,NW-flex,3,1.0
952,BWA-no-clip,5,0.7545454545454545
952,BWA-std,5,0.2
952,NW-flex,5,1.0
952,BWA-no-clip,-1,0.8090909090909091
952,BWA-std,-1,0.41818181818181815
952,NW-flex,-1,1.0
953,BWA-no-clip,0,0.6363636363636364
953,BWA-std,0,0.12727272727272726
953,NW-flex,0,0.9030303030303031
953,BWA-no-clip,1,0.6363636363636364
953,BWA-std,1,0.12727272727272726
953,NW-flex,1,0.990909090909091
953,BWA-no-clip,10,0.8909090909090909
953,BWA-std,10,0.41818181818181815
953,NW-flex,10,1.0
953,BWA-no-clip,2,0.7787878787878788
953,BWA-std,2,0.13636363636363635
953,NW-flex,2,1.0
953,BWA-no-clip,3,0.8545454545454545
953,BWA-std,3,0.14545454545454545
953,NW-flex,3,1.0
953,BWA-no-clip,5,0.8545454545454545
953,BWA-std,5,0.2
953,NW-flex,5,1.0
953,BWA-no-clip,-1,0.8909090909090909
953,BWA-std,-1,0.41818181818181815
953,NW-flex,-1,1.0
954,BWA-no-clip,0,0.7272727272727273
954,BWA-std,0,0.12727272727272726
954,NW-flex,0,0.9030303030303031
954,BWA-no-clip,1,0.7727272727272727
954,BWA-std,1,0.12727272727272726
954,NW-flex,1,0.996969696969697
954,BWA-no-clip,10,0.8909090909090909
954,BWA-std,10,0.41818181818181815
954,NW-flex,10,1.0
954,BWA-no-clip,2,0.8636363636363636
954,BWA-std,2,0.13636363636363635
954,NW-flex,2,1.0
954,BWA-no-clip,3,0.7909090909090909
954,BWA-std,3,0.14545454545454545
954,NW-flex,3,1.0
954,BWA-no-clip,5,0.8909090909090909
954,BWA-std,5,0.2
954,NW-flex,5,1.0
954,BWA-no-clip,-1,0.8909090909090909
954,BWA-std,-1,0.41818181818181815
954,NW-flex,-1,1.0
955,BWA-no-clip,0,0.4818181818181818
955,BWA-std,0,0.10909090909090909
955,NW-flex,0,0.9
955,BWA-no-clip,1,0.7
955,BWA-std,1,0.12727272727272726
955,NW-flex,1,1.0
955,BWA-no-clip,10,0.8454545454545455
955,BWA-std,10,0.41818181818181815
955,NW-flex,10,1.0
955,BWA-no-clip,2,0.6909090909090909
955,BWA-std,2,0.13636363636363635
955,NW-flex,2,1.0
955,BWA-no-clip,3,0.7363636363636363
955,BWA-std,3,0.14545454545454545
955,NW-flex,3,1.0
955,BWA-no-clip,5,0.8363636363636363
955,BWA-std,5,0.2
955,NW-flex,5,1.0
955,BWA-no-clip,-1,0.8454545454545455
955,BWA-std,-1,0.41818181818181815
955,NW-flex,-1,1.0
956,BWA-no-clip,0,0.4727272727272727
956,BWA-std,0,0.10909090909090909
956,NW-flex,0,0.8
956,BWA-no-clip,1,0.6696969696969697
956,BWA-std,1,0.12727272727272726
956,NW-flex,1,1.0
956,BWA-no-clip,10,0.8363636363636363
956,BWA-std,10,0.4090909090909091
956,NW-flex,10,1.0
956,BWA-no-clip,2,0.6636363636363637
956,BWA-std,2,0.12727272727272726
956,NW-flex,2,1.0
956,BWA-no-clip,3,0.7636363636363637
956,BWA-std,3,0.13636363636363635
956,NW-flex,3,1.0
956,BWA-no-clip,5,0.7818181818181819
956,BWA-std,5,0.19090909090909092
956,NW-flex,5,1.0
956,BWA-no-clip,-1,0.8363636363636363
956,BWA-std,-1,0.4090909090909091
956,NW-flex,-1,1.0
957,BWA-no-clip,0,0.6636363636363637
957,BWA-std,0,0.12727272727272726
957,NW-flex,0,1.0
957,BWA-no-clip,1,0.7454545454545455
957,BWA-std,1,0.12727272727272726
957,NW-flex,1,1.0
957,BWA-no-clip,10,0.8727272727272727
957,BWA-std,10,0.41818181818181815
957,NW-flex,10,1.0
957,BWA-no-clip,2,0.6606060606060606
957,BWA-std,2,0.13636363636363635
957,NW-flex,2,0.9939393939393939
957,BWA-no-clip,3,0.8363636363636363
957,BWA-std,3,0.14545454545454545
957,NW-flex,3,1.0
957,BWA-no-clip,5,0.8272727272727273
957,BWA-std,5,0.2
957,NW-flex,5,1.0
957,BWA-no-clip,-1,0.8727272727272727
957,BWA-std,-1,0.41818181818181815
957,NW-flex,-1,1.0
958,BWA-no-clip,0,0.5363636363636364
958,BWA-std,0,0.10909090909090909
958,NW-flex,0,0.9
958,BWA-no-clip,1,0.7363636363636363
958,BWA-std,1,0.12727272727272726
958,NW-flex,1,1.0
958,BWA-no-clip,10,0.9
958,BWA-std,10,0.41818181818181815
958,NW-flex,10,1.0
958,BWA-no-clip,2,0.8181818181818182
958,BWA-std,2,0.13636363636363635
958,NW-flex,2,1.0
958,BWA-no-clip,3,0.7818181818181819
958,BWA-std,3,0.14545454545454545
958,NW-flex,3,1.0
958,BWA-no-clip,5,0.8454545454545455
958,BWA-std,5,0.2
958,NW-flex,5,1.0
958,BWA-no-clip,-1,0.9
958,BWA-std,-1,0.41818181818181815
958,NW-flex,-1,1.0
959,BWA-no-clip,0,0.4090909090909091
959,BWA-std,0,0.10909090909090909
959,NW-flex,0,0.8
959,BWA-no-clip,1,0.6060606060606061
959,BWA-std,1,0.12727272727272726
959,NW-flex,1,1.0
959,BWA-no-clip,10,0.8272727272727273
959,BWA-std,10,0.4090909090909091
959,NW-flex,10,1.0
959,BWA-no-clip,2,0.6090909090909091
959,BWA-std,2,0.12727272727272726
959,NW-flex,2,1.0
959,BWA-no-clip,3,0.7090909090909091
959,BWA-std,3,0.13636363636363635
959,NW-flex,3,1.0
959,BWA-no-clip,5,0.8181818181818182
959,BWA-std,5,0.19090909090909092
959,NW-flex,5,1.0
959,BWA-no-clip,-1,0.8272727272727273
959,BWA-std,-1,0.4090909090909091
959,NW-flex,-1,1.0
960,BWA-no-clip,0,0.43636363636363634
960,BWA-std,0,0.10909090909090909
960,NW-flex,0,0.9
960,BWA-no-clip,1,0.6636363636363637
960,BWA-std,1,0.12727272727272726
960,NW-flex,1,1.0
960,BWA-no-clip,10,0.7909090909090909
960,BWA-std,10,0.41818181818181815
960,NW-flex,10,1.0
960,BWA-no-clip,2,0.7636363636363637
960,BWA-std,2,0.13636363636363635
960,NW-flex,2,1.0
960,BWA-no-clip,3,0.7454545454545455
960,BWA-std,3,0.14545454545454545
960,NW-flex,3,1.0
960,BWA-no-clip,5,0.7363636363636363
960,BWA-std,5,0.2
960,NW-flex,5,1.0
960,BWA-no-clip,-1,0.7909090909090909
960,BWA-std,-1,0.41818181818181815
960,NW-flex,-1,1.0
961,BWA-no-clip,0,0.7454545454545455
961,BWA-std,0,0.12727272727272726
961,NW-flex,0,0.9030303030303031
961,BWA-no-clip,1,0.8272727272727273
961,BWA-std,1,0.12727272727272726
961,NW-flex,1,0.996969696969697
961,BWA-no-clip,10,0.9181818181818182
961,BWA-std,10,0.41818181818181815
961,NW-flex,10,1.0
961,BWA-no-clip,2,0.6818181818181818
961,BWA-std,2,0.13636363636363635
961,NW-flex,2,1.0
961,BWA-no-clip,3,0.8363636363636363
961,BWA-std,3,0.14545454545454545
961,NW-flex,3,1.0
961,BWA-no-clip,5,0.9090909090909091
961,BWA-std,5,0.2
961,NW-flex,5,1.0
961,BWA-no-clip,-1,0.9181818181818182
961,BWA-std,-1,0.41818181818181815
961,NW-flex,-1,1.0
962,BWA-no-clip,0,0.5818181818181818
962,BWA-std,0,0.12727272727272726
962,NW-flex,0,0.9030303030303031
962,BWA-no-clip,1,0.5636363636363636
962,BWA-std,1,0.12727272727272726
962,NW-flex,1,0.990909090909091
962,BWA-no-clip,10,0.8545454545454545
962,BWA-std,10,0.41818181818181815
962,NW-flex,10,1.0
962,BWA-no-clip,2,0.7242424242424242
962,BWA-std,2,0.13636363636363635
962,NW-flex,2,1.0
962,BWA-no-clip,3,0.7818181818181819
962,BWA-std,3,0.14545454545454545
962,NW-flex,3,1.0
962,BWA-no-clip,5,0.8545454545454545
962,BWA-std,5,0.2
962,NW-flex,5,1.0
962,BWA-no-clip,-1,0.8545454545454545
962,BWA-std,-1,0.41818181818181815
962,NW-flex,-1,1.0
963,BWA-no-clip,0,0.7090909090909091
963,BWA-std,0,0.12727272727272726
963,NW-flex,0,0.996969696969697
963,BWA-no-clip,1,0.7454545454545455
963,BWA-std,1,0.12727272727272726
963,NW-flex,1,1.0
963,BWA-no-clip,10,0.8909090909090909
963,BWA-std,10,0.41818181818181815
963,NW-flex,10,1.0
963,BWA-no-clip,2,0.7909090909090909
963,BWA-std,2,0.13636363636363635
963,NW-flex,2,1.0
963,BWA-no-clip,3,0.8090909090909091
963,BWA-std,3,0.14545454545454545
963,NW-flex,3,1.0
963,BWA-no-clip,5,0.8636363636363636
963,BWA-std,5,0.2
963,NW-flex,5,1.0
963,BWA-no-clip,-1,0.8909090909090909
963,BWA-std,-1,0.41818181818181815
963,NW-flex,-1,1.0
964,BWA-no-clip,0,0.6818181818181818
964,BWA-std,0,0.12727272727272726
964,NW-flex,0,1.0
964,BWA-no-clip,1,0.7181818181818181
964,BWA-std,1,0.12727272727272726
964,NW-flex,1,1.0
964,BWA-no-clip,10,0.8545454545454545
964,BWA-std,10,0.41818181818181815
964,NW-flex,10,1.0
964,BWA-no-clip,2,0.6545454545454545
964,BWA-std,2,0.13636363636363635
964,NW-flex,2,0.9939393939393939
964,BWA-no-clip,3,0.7909090909090909
964,BWA-std,3,0.14545454545454545
964,NW-flex,3,1.0
964,BWA-no-clip,5,0.7909090909090909
964,BWA-std,5,0.2
964,NW-flex,5,1.0
964,BWA-no-clip,-1,0.8545454545454545
964,BWA-std,-1,0.41818181818181815
964,NW-flex,-1,1.0
965,BWA-no-clip,0,0.6727272727272727
965,BWA-std,0,0.12727272727272726
965,NW-flex,0,1.0
965,BWA-no-clip,1,0.6181818181818182
965,BWA-std,1,0.12727272727272726
965,NW-flex,1,0.996969696969697
965,BWA-no-clip,10,0.8545454545454545
965,BWA-std,10,0.41818181818181815
965,NW-flex,10,1.0
965,BWA-no-clip,2,0.7909090909090909
965,BWA-std,2,0.13636363636363635
965,NW-flex,2,1.0
965,BWA-no-clip,3,0.8090909090909091
965,BWA-std,3,0.14545454545454545
965,NW-flex,3,1.0
965,BWA-no-clip,5,0.8090909090909091
965,BWA-std,5,0.2
965,NW-flex,5,1.0
965,BWA-no-clip,-1,0.8545454545454545
965,BWA-std,-1,0.41818181818181815
965,NW-flex,-1,1.0
966,BWA-no-clip,0,0.509090909090909
966,BWA-std,0,0.12727272727272726
966,NW-flex,0,0.9030303030303031
966,BWA-no-clip,1,0.4909090909090909
966,BWA-std,1,0.12727272727272726
966,NW-flex,1,0.990909090909091
966,BWA-no-clip,10,0.8
966,BWA-std,10,0.41818181818181815
966,NW-flex,10,1.0
966,BWA-no-clip,2,0.6212121212121212
966,BWA-std,2,0.13636363636363635
966,NW-flex,2,1.0
966,BWA-no-clip,3,0.6272727272727273
966,BWA-std,3,0.14545454545454545
966,NW-flex,3,1.0
966,BWA-no-clip,5,0.7818181818181819
966,BWA-std,5,0.2
966,NW-flex,5,1.0
966,BWA-no-clip,-1,0.8
966,BWA-std,-1,0.41818181818181815
966,NW-flex,-1,1.0
967,BWA-no-clip,0,0.7818181818181819
967,BWA-std,0,0.12727272727272726
967,NW-flex,0,1.0
967,BWA-no-clip,1,0.7545454545454545
967,BWA-std,1,0.12727272727272726
967,NW-flex,1,1.0
967,BWA-no-clip,10,0.8545454545454545
967,BWA-std,10,0.41818181818181815
967,NW-flex,10,1.0
967,BWA-no-clip,2,0.6363636363636364
967,BWA-std,2,0.13636363636363635
967,NW-flex,2,0.9939393939393939
967,BWA-no-clip,3,0.8272727272727273
967,BWA-std,3,0.14545454545454545
967,NW-flex,3,1.0
967,BWA-no-clip,5,0.7636363636363637
967,BWA-std,5,0.2
967,NW-flex,5,1.0
967,BWA-no-clip,-1,0.8545454545454545
967,BWA-std,-1,0.41818181818181815
967,NW-flex,-1,1.0
968,BWA-no-clip,0,0.5
968,BWA-std,0,0.12727272727272726
968,NW-flex,0,1.0
968,BWA-no-clip,1,0.5
968,BWA-std,1,0.12727272727272726
968,NW-flex,1,1.0
968,BWA-no-clip,10,0.7393939393939394
968,BWA-std,10,0.4090909090909091
968,NW-flex,10,1.0
968,BWA-no-clip,2,0.509090909090909
968,BWA-std,2,0.12727272727272726
968,NW-flex,2,1.0
968,BWA-no-clip,3,0.6878787878787879
968,BWA-std,3,0.13636363636363635
968,NW-flex,3,1.0
968,BWA-no-clip,5,0.6848484848484848
968,BWA-std,5,0.19090909090909092
968,NW-flex,5,1.0
968,BWA-no-clip,-1,0.7393939393939394
968,BWA-std,-1,0.4090909090909091
968,NW-flex,-1,1.0
969,BWA-no-clip,0,0.7545454545454545
969,BWA-std,0,0.12727272727272726
969,NW-flex,0,1.0
969,BWA-no-clip,1,0.8
969,BWA-std,1,0.12727272727272726
969,NW-flex,1,1.0
969,BWA-no-clip,10,0.9
969,BWA-std,10,0.41818181818181815
969,NW-flex,10,1.0
969,BWA-no-clip,2,0.7363636363636363
969,BWA-std,2,0.13636363636363635
969,NW-flex,2,0.996969696969697
969,BWA-no-clip,3,0.7909090909090909
969,BWA-std,3,0.14545454545454545
969,NW-flex,3,1.0
969,BWA-no-clip,5,0.8727272727272727
969,BWA-std,5,0.2
969,NW-flex,5,1.0
969,BWA-no-clip,-1,0.9
969,BWA-std,-1,0.41818181818181815
969,NW-flex,-1,1.0
970,BWA-no-clip,0,0.6727272727272727
970,BWA-std,0,0.12727272727272726
970,NW-flex,0,1.0
970,BWA-no-clip,1,0.6181818181818182
970,BWA-std,1,0.12727272727272726
970,NW-flex,1,1.0
970,BWA-no-clip,10,0.8181818181818182
970,BWA-std,10,0.41818181818181815
970,NW-flex,10,1.0
970,BWA-no-clip,2,0.7181818181818181
970,BWA-std,2,0.13636363636363635
970,NW-flex,2,1.0
970,BWA-no-clip,3,0.8090909090909091
970,BWA-std,3,0.14545454545454545
970,NW-flex,3,1.0
970,BWA-no-clip,5,0.7636363636363637
970,BWA-std,5,0.2
970,NW-flex,5,1.0
970,BWA-no-clip,-1,0.8181818181818182
970,BWA-std,-1,0.41818181818181815
970,NW-flex,-1,1.0
971,BWA-no-clip,0,0.6545454545454545
971,BWA-std,0,0.12727272727272726
971,NW-flex,0,1.0
971,BWA-no-clip,1,0.7454545454545455
971,BWA-std,1,0.12727272727272726
971,NW-flex,1,1.0
971,BWA-no-clip,10,0.8909090909090909
971,BWA-std,10,0.41818181818181815
971,NW-flex,10,1.0
971,BWA-no-clip,2,0.7181818181818181
971,BWA-std,2,0.13636363636363635
971,NW-flex,2,0.996969696969697
971,BWA-no-clip,3,0.7818181818181819
971,BWA-std,3,0.14545454545454545
971,NW-flex,3,1.0
971,BWA-no-clip,5,0.8363636363636363
971,BWA-std,5,0.2
971,NW-flex,5,1.0
971,BWA-no-clip,-1,0.8909090909090909
971,BWA-std,-1,0.41818181818181815
971,NW-flex,-1,1.0
972,BWA-no-clip,0,0.6454545454545455
972,BWA-std,0,0.12727272727272726
972,NW-flex,0,0.996969696969697
972,BWA-no-clip,1,0.6545454545454545
972,BWA-std,1,0.12727272727272726
972,NW-flex,1,1.0
972,BWA-no-clip,10,0.8181818181818182
972,BWA-std,10,0.4090909090909091
972,NW-flex,10,1.0
972,BWA-no-clip,2,0.7090909090909091
972,BWA-std,2,0.12727272727272726
972,NW-flex,2,1.0
972,BWA-no-clip,3,0.6818181818181818
972,BWA-std,3,0.13636363636363635
972,NW-flex,3,1.0
972,BWA-no-clip,5,0.8090909090909091
972,BWA-std,5,0.19090909090909092
972,NW-flex,5,1.0
972,BWA-no-clip,-1,0.8181818181818182
972,BWA-std,-1,0.4090909090909091
972,NW-flex,-1,1.0
973,BWA-no-clip,0,0.4909090909090909
973,BWA-std,0,0.10909090909090909
973,NW-flex,0,0.8
973,BWA-no-clip,1,0.6909090909090909
973,BWA-std,1,0.12727272727272726
973,NW-flex,1,1.0
973,BWA-no-clip,10,0.8363636363636363
973,BWA-std,10,0.4090909090909091
973,NW-flex,10,1.0
973,BWA-no-clip,2,0.7
973,BWA-std,2,0.12727272727272726
973,NW-flex,2,1.0
973,BWA-no-clip,3,0.7545454545454545
973,BWA-std,3,0.13636363636363635
973,NW-flex,3,1.0
973,BWA-no-clip,5,0.8090909090909091
973,BWA-std,5,0.19090909090909092
973,NW-flex,5,1.0
973,BWA-no-clip,-1,0.8363636363636363
973,BWA-std,-1,0.4090909090909091
973,NW-flex,-1,1.0
974,BWA-no-clip,0,0.6818181818181818
974,BWA-std,0,0.12727272727272726
974,NW-flex,0,1.0
974,BWA-no-clip,1,0.6909090909090909
974,BWA-std,1,0.12727272727272726
974,NW-flex,1,1.0
974,BWA-no-clip,10,0.8272727272727273
974,BWA-std,10,0.41818181818181815
974,NW-flex,10,1.0
974,BWA-no-clip,2,0.4909090909090909
974,BWA-std,2,0.13636363636363635
974,NW-flex,2,0.9939393939393939
974,BWA-no-clip,3,0.7636363636363637
974,BWA-std,3,0.14545454545454545
974,NW-flex,3,1.0
974,BWA-no-clip,5,0.8272727272727273
974,BWA-std,5,0.2
974,NW-flex,5,1.0
974,BWA-no-clip,-1,0.8272727272727273
974,BWA-std,-1,0.41818181818181815
974,NW-flex,-1,1.0
975,BWA-no-clip,0,0.6363636363636364
975,BWA-std,0,0.12727272727272726
975,NW-flex,0,1.0
975,BWA-no-clip,1,0.6363636363636364
975,BWA-std,1,0.12727272727272726
975,NW-flex,1,1.0
975,BWA-no-clip,10,0.7575757575757576
975,BWA-std,10,0.4090909090909091
975,NW-flex,10,1.0
975,BWA-no-clip,2,0.6363636363636364
975,BWA-std,2,0.12727272727272726
975,NW-flex,2,1.0
975,BWA-no-clip,3,0.6424242424242425
975,BWA-std,3,0.13636363636363635
975,NW-flex,3,1.0
975,BWA-no-clip,5,0.7484848484848485
975,BWA-std,5,0.19090909090909092
975,NW-flex,5,1.0
975,BWA-no-clip,-1,0.7575757575757576
975,BWA-std,-1,0.4090909090909091
975,NW-flex,-1,1.0
976,BWA-no-clip,0,0.6454545454545455
976,BWA-std,0,0.12727272727272726
976,NW-flex,0,1.0
976,BWA-no-clip,1,0.5545454545454546
976,BWA-std,1,0.12727272727272726
976,NW-flex,1,0.806060606060606
976,BWA-no-clip,10,0.8181818181818182
976,BWA-std,10,0.4090909090909091
976,NW-flex,10,1.0
976,BWA-no-clip,2,0.6818181818181818
976,BWA-std,2,0.12727272727272726
976,NW-flex,2,1.0
976,BWA-no-clip,3,0.6090909090909091
976,BWA-std,3,0.13636363636363635
976,NW-flex,3,1.0
976,BWA-no-clip,5,0.8090909090909091
976,BWA-std,5,0.19090909090909092
976,NW-flex,5,1.0
976,BWA-no-clip,-1,0.8181818181818182
976,BWA-std,-1,0.4090909090909091
976,NW-flex,-1,1.0
977,BWA-no-clip,0,0.6181818181818182
977,BWA-std,0,0.12727272727272726
977,NW-flex,0,1.0
977,BWA-no-clip,1,0.6909090909090909
977,BWA-std,1,0.12727272727272726
977,NW-flex,1,1.0
977,BWA-no-clip,10,0.8545454545454545
977,BWA-std,10,0.41818181818181815
977,NW-flex,10,1.0
977,BWA-no-clip,2,0.6909090909090909
977,BWA-std,2,0.13636363636363635
977,NW-flex,2,1.0
977,BWA-no-clip,3,0.6818181818181818
977,BWA-std,3,0.14545454545454545
977,NW-flex,3,1.0
977,BWA-no-clip,5,0.8454545454545455
977,BWA-std,5,0.2
977,NW-flex,5,1.0
977,BWA-no-clip,-1,0.8545454545454545
977,BWA-std,-1,0.41818181818181815
977,NW-flex,-1,1.0
978,BWA-no-clip,0,0.6545454545454545
978,BWA-std,0,0.12727272727272726
978,NW-flex,0,0.9030303030303031
978,BWA-no-clip,1,0.6181818181818182
978,BWA-std,1,0.12727272727272726
978,NW-flex,1,0.990909090909091
978,BWA-no-clip,10,0.8909090909090909
978,BWA-std,10,0.41818181818181815
978,NW-flex,10,1.0
978,BWA-no-clip,2,0.8151515151515152
978,BWA-std,2,0.13636363636363635
978,NW-flex,2,1.0
978,BWA-no-clip,3,0.8727272727272727
978,BWA-std,3,0.14545454545454545
978,NW-flex,3,1.0
978,BWA-no-clip,5,0.8909090909090909
978,BWA-std,5,0.2
978,NW-flex,5,1.0
978,BWA-no-clip,-1,0.8909090909090909
978,BWA-std,-1,0.41818181818181815
978,NW-flex,-1,1.0
979,BWA-no-clip,0,0.8
979,BWA-std,0,0.12727272727272726
979,NW-flex,0,1.0
979,BWA-no-clip,1,0.7181818181818181
979,BWA-std,1,0.12727272727272726
979,NW-flex,1,1.0
979,BWA-no-clip,10,0.9
979,BWA-std,10,0.41818181818181815
979,NW-flex,10,1.0
979,BWA-no-clip,2,0.7636363636363637
979,BWA-std,2,0.13636363636363635
979,NW-flex,2,0.996969696969697
979,BWA-no-clip,3,0.8545454545454545
979,BWA-std,3,0.14545454545454545
979,NW-flex,3,1.0
979,BWA-no-clip,5,0.8727272727272727
979,BWA-std,5,0.2
979,NW-flex,5,1.0
979,BWA-no-clip,-1,0.9
979,BWA-std,-1,0.41818181818181815
979,NW-flex,-1,1.0
980,BWA-no-clip,0,0.7727272727272727
980,BWA-std,0,0.12727272727272726
980,NW-flex,0,0.9939393939393939
980,BWA-no-clip,1,0.7454545454545455
980,BWA-std,1,0.12727272727272726
980,NW-flex,1,1.0
980,BWA-no-clip,10,0.8818181818181818
980,BWA-std,10,0.41818181818181815
980,NW-flex,10,1.0
980,BWA-no-clip,2,0.7818181818181819
980,BWA-std,2,0.13636363636363635
980,NW-flex,2,1.0
980,BWA-no-clip,3,0.8454545454545455
980,BWA-std,3,0.14545454545454545
980,NW-flex,3,1.0
980,BWA-no-clip,5,0.8818181818181818
980,BWA-std,5,0.2
980,NW-flex,5,1.0
980,BWA-no-clip,-1,0.8818181818181818
980,BWA-std,-1,0.41818181818181815
980,NW-flex,-1,1.0
981,BWA-no-clip,0,0.5818181818181818
981,BWA-std,0,0.12727272727272726
981,NW-flex,0,0.9939393939393939
981,BWA-no-clip,1,0.6090909090909091
981,BWA-std,1,0.12727272727272726
981,NW-flex,1,1.0
981,BWA-no-clip,10,0.8818181818181818
981,BWA-std,10,0.41818181818181815
981,NW-flex,10,1.0
981,BWA-no-clip,2,0.7727272727272727
981,BWA-std,2,0.13636363636363635
981,NW-flex,2,1.0
981,BWA-no-clip,3,0.8090909090909091
981,BWA-std,3,0.14545454545454545
981,NW-flex,3,1.0
981,BWA-no-clip,5,0.8818181818181818
981,BWA-std,5,0.2
981,NW-flex,5,1.0
981,BWA-no-clip,-1,0.8818181818181818
981,BWA-std,-1,0.41818181818181815
981,NW-flex,-1,1.0
982,BWA-no-clip,0,0.4818181818181818
982,BWA-std,0,0.10909090909090909
982,NW-flex,0,0.8
982,BWA-no-clip,1,0.6454545454545455
982,BWA-std,1,0.12727272727272726
982,NW-flex,1,1.0
982,BWA-no-clip,10,0.8363636363636363
982,BWA-std,10,0.4090909090909091
982,NW-flex,10,1.0
982,BWA-no-clip,2,0.6545454545454545
982,BWA-std,2,0.12727272727272726
982,NW-flex,2,1.0
982,BWA-no-clip,3,0.7545454545454545
982,BWA-std,3,0.13636363636363635
982,NW-flex,3,1.0
982,BWA-no-clip,5,0.8272727272727273
982,BWA-std,5,0.19090909090909092
982,NW-flex,5,1.0
982,BWA-no-clip,-1,0.8363636363636363
982,BWA-std,-1,0.4090909090909091
982,NW-flex,-1,1.0
983,BWA-no-clip,0,0.43636363636363634
983,BWA-std,0,0.10909090909090909
983,NW-flex,0,0.7
983,BWA-no-clip,1,0.6727272727272727
983,BWA-std,1,0.12727272727272726
983,NW-flex,1,1.0
983,BWA-no-clip,10,0.8363636363636363
983,BWA-std,10,0.4090909090909091
983,NW-flex,10,1.0
983,BWA-no-clip,2,0.6090909090909091
983,BWA-std,2,0.12727272727272726
983,NW-flex,2,1.0
983,BWA-no-clip,3,0.5909090909090909
983,BWA-std,3,0.13636363636363635
983,NW-flex,3,1.0
983,BWA-no-clip,5,0.8272727272727273
983,BWA-std,5,0.19090909090909092
983,NW-flex,5,1.0
983,BWA-no-clip,-1,0.8363636363636363
983,BWA-std,-1,0.4090909090909091
983,NW-flex,-1,1.0
984,BWA-no-clip,0,0.6454545454545455
984,BWA-std,0,0.12727272727272726
984,NW-flex,0,1.0
984,BWA-no-clip,1,0.6636363636363637
984,BWA-std,1,0.12727272727272726
984,NW-flex,1,1.0
984,BWA-no-clip,10,0.8
984,BWA-std,10,0.41818181818181815
984,NW-flex,10,1.0
984,BWA-no-clip,2,0.39090909090909093
984,BWA-std,2,0.13636363636363635
984,NW-flex,2,0.990909090909091
984,BWA-no-clip,3,0.7181818181818181
984,BWA-std,3,0.14545454545454545
984,NW-flex,3,1.0
984,BWA-no-clip,5,0.7181818181818181
984,BWA-std,5,0.2
984,NW-flex,5,1.0
984,BWA-no-clip,-1,0.8
984,BWA-std,-1,0.41818181818181815
984,NW-flex,-1,1.0
985,BWA-no-clip,0,0.5454545454545454
985,BWA-std,0,0.10909090909090909
985,NW-flex,0,0.9
985,BWA-no-clip,1,0.7
985,BWA-std,1,0.10909090909090909
985,NW-flex,1,1.0
985,BWA-no-clip,10,0.9181818181818182
985,BWA-std,10,0.41818181818181815
985,NW-flex,10,1.0
985,BWA-no-clip,2,0.8454545454545455
985,BWA-std,2,0.13636363636363635
985,NW-flex,2,1.0
985,BWA-no-clip,3,0.8545454545454545
985,BWA-std,3,0.14545454545454545
985,NW-flex,3,1.0
985,BWA-no-clip,5,0.8909090909090909
985,BWA-std,5,0.2
985,NW-flex,5,1.0
985,BWA-no-clip,-1,0.9181818181818182
985,BWA-std,-1,0.41818181818181815
985,NW-flex,-1,1.0
986,BWA-no-clip,0,0.5636363636363636
986,BWA-std,0,0.10909090909090909
986,NW-flex,0,0.9
986,BWA-no-clip,1,0.7454545454545455
986,BWA-std,1,0.12727272727272726
986,NW-flex,1,1.0
986,BWA-no-clip,10,0.8909090909090909
986,BWA-std,10,0.41818181818181815
986,NW-flex,10,1.0
986,BWA-no-clip,2,0.8636363636363636
986,BWA-std,2,0.13636363636363635
986,NW-flex,2,1.0
986,BWA-no-clip,3,0.7909090909090909
986,BWA-std,3,0.14545454545454545
986,NW-flex,3,1.0
986,BWA-no-clip,5,0.8545454545454545
986,BWA-std,5,0.2
986,NW-flex,5,1.0
986,BWA-no-clip,-1,0.8909090909090909
986,BWA-std,-1,0.41818181818181815
986,NW-flex,-1,1.0
987,BWA-no-clip,0,0.43636363636363634
987,BWA-std,0,0.12727272727272726
987,NW-flex,0,1.0
987,BWA-no-clip,1,0.5454545454545454
987,BWA-std,1,0.12727272727272726
987,NW-flex,1,1.0
987,BWA-no-clip,10,0.6151515151515151
987,BWA-std,10,0.4
987,NW-flex,10,1.0
987,BWA-no-clip,2,0.4818181818181818
987,BWA-std,2,0.12727272727272726
987,NW-flex,2,1.0
987,BWA-no-clip,3,0.5424242424242425
987,BWA-std,3,0.13636363636363635
987,NW-flex,3,1.0
987,BWA-no-clip,5,0.6151515151515151
987,BWA-std,5,0.18181818181818182
987,NW-flex,5,1.0
987,BWA-no-clip,-1,0.6151515151515151
987,BWA-std,-1,0.4
987,NW-flex,-1,1.0
988,BWA-no-clip,0,0.5363636363636364
988,BWA-std,0,0.10909090909090909
988,NW-flex,0,0.9
988,BWA-no-clip,1,0.6909090909090909
988,BWA-std,1,0.12727272727272726
988,NW-flex,1,1.0
988,BWA-no-clip,10,0.8181818181818182
988,BWA-std,10,0.41818181818181815
988,NW-flex,10,1.0
988,BWA-no-clip,2,0.7363636363636363
988,BWA-std,2,0.13636363636363635
988,NW-flex,2,1.0
988,BWA-no-clip,3,0.7181818181818181
988,BWA-std,3,0.14545454545454545
988,NW-flex,3,1.0
988,BWA-no-clip,5,0.7909090909090909
988,BWA-std,5,0.2
988,NW-flex,5,1.0
988,BWA-no-clip,-1,0.8181818181818182
988,BWA-std,-1,0.41818181818181815
988,NW-flex,-1,1.0
989,BWA-no-clip,0,0.4636363636363636
989,BWA-std,0,0.10909090909090909
989,NW-flex,0,0.8
989,BWA-no-clip,1,0.6363636363636364
989,BWA-std,1,0.12727272727272726
989,NW-flex,1,1.0
989,BWA-no-clip,10,0.8454545454545455
989,BWA-std,10,0.4090909090909091
989,NW-flex,10,1.0
989,BWA-no-clip,2,0.6818181818181818
989,BWA-std,2,0.12727272727272726
989,NW-flex,2,1.0
989,BWA-no-clip,3,0.7636363636363637
989,BWA-std,3,0.13636363636363635
989,NW-flex,3,1.0
989,BWA-no-clip,5,0.7
989,BWA-std,5,0.19090909090909092
989,NW-flex,5,1.0
989,BWA-no-clip,-1,0.8454545454545455
989,BWA-std,-1,0.4090909090909091
989,NW-flex,-1,1.0
990,BWA-no-clip,0,0.7363636363636363
990,BWA-std,0,0.12727272727272726
990,NW-flex,0,1.0
990,BWA-no-clip,1,0.7909090909090909
990,BWA-std,1,0.12727272727272726
990,NW-flex,1,1.0
990,BWA-no-clip,10,0.8818181818181818
990,BWA-std,10,0.41818181818181815
990,NW-flex,10,1.0
990,BWA-no-clip,2,0.7181818181818181
990,BWA-std,2,0.13636363636363635
990,NW-flex,2,1.0
990,BWA-no-clip,3,0.7727272727272727
990,BWA-std,3,0.14545454545454545
990,NW-flex,3,1.0
990,BWA-no-clip,5,0.8727272727272727
990,BWA-std,5,0.2
990,NW-flex,5,1.0
990,BWA-no-clip,-1,0.8818181818181818
990,BWA-std,-1,0.41818181818181815
990,NW-flex,-1,1.0
991,BWA-no-clip,0,0.5545454545454546
991,BWA-std,0,0.12727272727272726
991,NW-flex,0,1.0
991,BWA-no-clip,1,0.5636363636363636
991,BWA-std,1,0.12727272727272726
991,NW-flex,1,1.0
991,BWA-no-clip,10,0.8181818181818182
991,BWA-std,10,0.41818181818181815
991,NW-flex,10,1.0
991,BWA-no-clip,2,0.5
991,BWA-std,2,0.13636363636363635
991,NW-flex,2,0.996969696969697
991,BWA-no-clip,3,0.5454545454545454
991,BWA-std,3,0.14545454545454545
991,NW-flex,3,1.0
991,BWA-no-clip,5,0.7454545454545455
991,BWA-std,5,0.2
991,NW-flex,5,1.0
991,BWA-no-clip,-1,0.8181818181818182
991,BWA-std,-1,0.41818181818181815
991,NW-flex,-1,1.0
992,BWA-no-clip,0,0.5272727272727272
992,BWA-std,0,0.10909090909090909
992,NW-flex,0,0.9
992,BWA-no-clip,1,0.7272727272727273
992,BWA-std,1,0.12727272727272726
992,NW-flex,1,1.0
992,BWA-no-clip,10,0.9
992,BWA-std,10,0.41818181818181815
992,NW-flex,10,1.0
992,BWA-no-clip,2,0.8
992,BWA-std,2,0.13636363636363635
992,NW-flex,2,1.0
992,BWA-no-clip,3,0.7636363636363637
992,BWA-std,3,0.14545454545454545
992,NW-flex,3,1.0
992,BWA-no-clip,5,0.8909090909090909
992,BWA-std,5,0.2
992,NW-flex,5,1.0
992,BWA-no-clip,-1,0.9
992,BWA-std,-1,0.41818181818181815
992,NW-flex,-1,1.0
993,BWA-no-clip,0,0.6181818181818182
993,BWA-std,0,0.12727272727272726
993,NW-flex,0,1.0
993,BWA-no-clip,1,0.6909090909090909
993,BWA-std,1,0.12727272727272726
993,NW-flex,1,1.0
993,BWA-no-clip,10,0.8454545454545455
993,BWA-std,10,0.41818181818181815
993,NW-flex,10,1.0
993,BWA-no-clip,2,0.7454545454545455
993,BWA-std,2,0.13636363636363635
993,NW-flex,2,1.0
993,BWA-no-clip,3,0.8363636363636363
993,BWA-std,3,0.14545454545454545
993,NW-flex,3,1.0
993,BWA-no-clip,5,0.7727272727272727
993,BWA-std,5,0.2
993,NW-flex,5,1.0
993,BWA-no-clip,-1,0.8454545454545455
993,BWA-std,-1,0.41818181818181815
993,NW-flex,-1,1.0
994,BWA-no-clip,0,0.7
994,BWA-std,0,0.12727272727272726
994,NW-flex,0,1.0
994,BWA-no-clip,1,0.6878787878787879
994,BWA-std,1,0.12727272727272726
994,NW-flex,1,0.9030303030303031
994,BWA-no-clip,10,0.8181818181818182
994,BWA-std,10,0.4090909090909091
994,NW-flex,10,1.0
994,BWA-no-clip,2,0.7090909090909091
994,BWA-std,2,0.12727272727272726
994,NW-flex,2,1.0
994,BWA-no-clip,3,0.7181818181818181
994,BWA-std,3,0.13636363636363635
994,NW-flex,3,1.0
994,BWA-no-clip,5,0.7909090909090909
994,BWA-std,5,0.19090909090909092
994,NW-flex,5,1.0
994,BWA-no-clip,-1,0.8181818181818182
994,BWA-std,-1,0.4090909090909091
994,NW-flex,-1,1.0
995,BWA-no-clip,0,0.5818181818181818
995,BWA-std,0,0.10909090909090909
995,NW-flex,0,0.9
995,BWA-no-clip,1,0.7787878787878788
995,BWA-std,1,0.12727272727272726
995,NW-flex,1,1.0
995,BWA-no-clip,10,0.9090909090909091
995,BWA-std,10,0.41818181818181815
995,NW-flex,10,1.0
995,BWA-no-clip,2,0.8272727272727273
995,BWA-std,2,0.13636363636363635
995,NW-flex,2,1.0
995,BWA-no-clip,3,0.8454545454545455
995,BWA-std,3,0.14545454545454545
995,NW-flex,3,1.0
995,BWA-no-clip,5,0.8545454545454545
995,BWA-std,5,0.2
995,NW-flex,5,1.0
995,BWA-no-clip,-1,0.9090909090909091
995,BWA-std,-1,0.41818181818181815
995,NW-flex,-1,1.0
996,BWA-no-clip,0,0.2909090909090909
996,BWA-std,0,0.10909090909090909
996,NW-flex,0,0.2
996,BWA-no-clip,1,0.5181818181818182
996,BWA-std,1,0.12727272727272726
996,NW-flex,1,1.0
996,BWA-no-clip,10,0.9181818181818182
996,BWA-std,10,0.41818181818181815
996,NW-flex,10,1.0
996,BWA-no-clip,2,0.8454545454545455
996,BWA-std,2,0.13636363636363635
996,NW-flex,2,1.0
996,BWA-no-clip,3,0.8545454545454545
996,BWA-std,3,0.14545454545454545
996,NW-flex,3,1.0
996,BWA-no-clip,5,0.9
996,BWA-std,5,0.20909090909090908
996,NW-flex,5,1.0
996,BWA-no-clip,-1,0.9181818181818182
996,BWA-std,-1,0.41818181818181815
996,NW-flex,-1,1.0
997,BWA-no-clip,0,0.5636363636363636
997,BWA-std,0,0.12727272727272726
997,NW-flex,0,1.0
997,BWA-no-clip,1,0.7363636363636363
997,BWA-std,1,0.12727272727272726
997,NW-flex,1,1.0
997,BWA-no-clip,10,0.8636363636363636
997,BWA-std,10,0.41818181818181815
997,NW-flex,10,1.0
997,BWA-no-clip,2,0.6545454545454545
997,BWA-std,2,0.13636363636363635
997,NW-flex,2,1.0
997,BWA-no-clip,3,0.7909090909090909
997,BWA-std,3,0.14545454545454545
997,NW-flex,3,1.0
997,BWA-no-clip,5,0.7818181818181819
997,BWA-std,5,0.2
997,NW-flex,5,1.0
997,BWA-no-clip,-1,0.8636363636363636
997,BWA-std,-1,0.41818181818181815
997,NW-flex,-1,1.0
998,BWA-no-clip,0,0.5
998,BWA-std,0,0.10909090909090909
998,NW-flex,0,0.9
998,BWA-no-clip,1,0.6909090909090909
998,BWA-std,1,0.12727272727272726
998,NW-flex,1,1.0
998,BWA-no-clip,10,0.9
998,BWA-std,10,0.41818181818181815
998,NW-flex,10,1.0
998,BWA-no-clip,2,0.7636363636363637
998,BWA-std,2,0.13636363636363635
998,NW-flex,2,1.0
998,BWA-no-clip,3,0.8363636363636363
998,BWA-std,3,0.14545454545454545
998,NW-flex,3,1.0
998,BWA-no-clip,5,0.8909090909090909
998,BWA-std,5,0.2
998,NW-flex,5,1.0
998,BWA-no-clip,-1,0.9
998,BWA-std,-1,0.41818181818181815
998,NW-flex,-1,1.0
999,BWA-no-clip,0,0.7363636363636363
999,BWA-std,0,0.12727272727272726
999,NW-flex,0,1.0
999,BWA-no-clip,1,0.7909090909090909
999,BWA-std,1,0.12727272727272726
999,NW-flex,1,1.0
999,BWA-no-clip,10,0.8818181818181818
999,BWA-std,10,0.41818181818181815
999,NW-flex,10,1.0
999,BWA-no-clip,2,0.7181818181818181
999,BWA-std,2,0.13636363636363635
999,NW-flex,2,1.0
999,BWA-no-clip,3,0.8090909090909091
999,BWA-std,3,0.14545454545454545
999,NW-flex,3,1.0
999,BWA-no-clip,5,0.8727272727272727
999,BWA-std,5,0.2
999,NW-flex,5,1.0
999,BWA-no-clip,-1,0.8818181818181818
999,BWA-std,-1,0.41818181818181815
999,NW-flex,-1,1.0
1000,BWA-no-clip,0,0.5363636363636364
1000,BWA-std,0,0.12727272727272726
1000,NW-flex,0,1.0
1000,BWA-no-clip,1,0.7090909090909091
1000,BWA-std,1,0.12727272727272726
1000,NW-flex,1,1.0
1000,BWA-no-clip,10,0.8545454545454545
1000,BWA-std,10,0.41818181818181815
1000,NW-flex,10,1.0
1000,BWA-no-clip,2,0.7363636363636363
1000,BWA-std,2,0.13636363636363635
1000,NW-flex,2,1.0
1000,BWA-no-clip,3,0.7636363636363637
1000,BWA-std,3,0.14545454545454545
1000,NW-flex,3,1.0
1000,BWA-no-clip,5,0.8363636363636363
1000,BWA-std,5,0.2
1000,NW-flex,5,1.0
1000,BWA-no-clip,-1,0.8545454545454545
1000,BWA-std,-1,0.41818181818181815
1000,NW-flex,-1,1.0
1001,BWA-no-clip,0,0.4
1001,BWA-std,0,0.10909090909090909
1001,NW-flex,0,0.9
1001,BWA-no-clip,1,0.6363636363636364
1001,BWA-std,1,0.12727272727272726
1001,NW-flex,1,1.0
1001,BWA-no-clip,10,0.8636363636363636
1001,BWA-std,10,0.41818181818181815
1001,NW-flex,10,1.0
1001,BWA-no-clip,2,0.6181818181818182
1001,BWA-std,2,0.13636363636363635
1001,NW-flex,2,1.0
1001,BWA-no-clip,3,0.8454545454545455
1001,BWA-std,3,0.14545454545454545
1001,NW-flex,3,1.0
1001,BWA-no-clip,5,0.7909090909090909
1001,BWA-std,5,0.2
1001,NW-flex,5,1.0
1001,BWA-no-clip,-1,0.8636363636363636
1001,BWA-std,-1,0.41818181818181815
1001,NW-flex,-1,1.0
1002,BWA-no-clip,0,0.5818181818181818
1002,BWA-std,0,0.10909090909090909
1002,NW-flex,0,0.9
1002,BWA-no-clip,1,0.7545454545454545
1002,BWA-std,1,0.12727272727272726
1002,NW-flex,1,1.0
1002,BWA-no-clip,10,0.9181818181818182
1002,BWA-std,10,0.41818181818181815
1002,NW-flex,10,1.0
1002,BWA-no-clip,2,0.8
1002,BWA-std,2,0.13636363636363635
1002,NW-flex,2,1.0
1002,BWA-no-clip,3,0.7090909090909091
1002,BWA-std,3,0.14545454545454545
1002,NW-flex,3,1.0
1002,BWA-no-clip,5,0.9181818181818182
1002,BWA-std,5,0.2
1002,NW-flex,5,1.0
1002,BWA-no-clip,-1,0.9181818181818182
1002,BWA-std,-1,0.41818181818181815
1002,NW-flex,-1,1.0
1003,BWA-no-clip,0,0.6818181818181818
1003,BWA-std,0,0.12727272727272726
1003,NW-flex,0,1.0
1003,BWA-no-clip,1,0.5727272727272728
1003,BWA-std,1,0.12727272727272726
1003,NW-flex,1,0.996969696969697
1003,BWA-no-clip,10,0.8636363636363636
1003,BWA-std,10,0.41818181818181815
1003,NW-flex,10,1.0
1003,BWA-no-clip,2,0.7909090909090909
1003,BWA-std,2,0.13636363636363635
1003,NW-flex,2,1.0
1003,BWA-no-clip,3,0.8090909090909091
1003,BWA-std,3,0.14545454545454545
1003,NW-flex,3,1.0
1003,BWA-no-clip,5,0.8636363636363636
1003,BWA-std,5,0.2
1003,NW-flex,5,1.0
1003,BWA-no-clip,-1,0.8636363636363636
1003,BWA-std,-1,0.41818181818181815
1003,NW-flex,-1,1.0
1004,BWA-no-clip,0,0.7272727272727273
1004,BWA-std,0,0.12727272727272726
1004,NW-flex,0,0.9030303030303031
1004,BWA-no-clip,1,0.8090909090909091
1004,BWA-std,1,0.12727272727272726
1004,NW-flex,1,0.996969696969697
1004,BWA-no-clip,10,0.9
1004,BWA-std,10,0.41818181818181815
1004,NW-flex,10,1.0
1004,BWA-no-clip,2,0.7727272727272727
1004,BWA-std,2,0.13636363636363635
1004,NW-flex,2,1.0
1004,BWA-no-clip,3,0.8909090909090909
1004,BWA-std,3,0.14545454545454545
1004,NW-flex,3,1.0
1004,BWA-no-clip,5,0.8909090909090909
1004,BWA-std,5,0.2
1004,NW-flex,5,1.0
1004,BWA-no-clip,-1,0.9
1004,BWA-std,-1,0.41818181818181815
1004,NW-flex,-1,1.0
1005,BWA-no-clip,0,0.509090909090909
1005,BWA-std,0,0.10909090909090909
1005,NW-flex,0,0.8
1005,BWA-no-clip,1,0.7727272727272727
1005,BWA-std,1,0.12727272727272726
1005,NW-flex,1,1.0
1005,BWA-no-clip,10,0.9
1005,BWA-std,10,0.41818181818181815
1005,NW-flex,10,1.0
1005,BWA-no-clip,2,0.8181818181818182
1005,BWA-std,2,0.13636363636363635
1005,NW-flex,2,1.0
1005,BWA-no-clip,3,0.8545454545454545
1005,BWA-std,3,0.14545454545454545
1005,NW-flex,3,1.0
1005,BWA-no-clip,5,0.8363636363636363
1005,BWA-std,5,0.2
1005,NW-flex,5,1.0
1005,BWA-no-clip,-1,0.9
1005,BWA-std,-1,0.41818181818181815
1005,NW-flex,-1,1.0
1006,BWA-no-clip,0,0.5909090909090909
1006,BWA-std,0,0.10909090909090909
1006,NW-flex,0,0.9
1006,BWA-no-clip,1,0.7454545454545455
1006,BWA-std,1,0.12727272727272726
1006,NW-flex,1,1.0
1006,BWA-no-clip,10,0.8909090909090909
1006,BWA-std,10,0.41818181818181815
1006,NW-flex,10,1.0
1006,BWA-no-clip,2,0.8272727272727273
1006,BWA-std,2,0.13636363636363635
1006,NW-flex,2,1.0
1006,BWA-no-clip,3,0.7909090909090909
1006,BWA-std,3,0.14545454545454545
1006,NW-flex,3,1.0
1006,BWA-no-clip,5,0.8727272727272727
1006,BWA-std,5,0.2
1006,NW-flex,5,1.0
1006,BWA-no-clip,-1,0.8909090909090909
1006,BWA-std,-1,0.41818181818181815
1006,NW-flex,-1,1.0
1007,BWA-no-clip,0,0.4636363636363636
1007,BWA-std,0,0.10909090909090909
1007,NW-flex,0,0.9
1007,BWA-no-clip,1,0.7454545454545455
1007,BWA-std,1,0.12727272727272726
1007,NW-flex,1,1.0
1007,BWA-no-clip,10,0.8545454545454545
1007,BWA-std,10,0.41818181818181815
1007,NW-flex,10,1.0
1007,BWA-no-clip,2,0.7909090909090909
1007,BWA-std,2,0.13636363636363635
1007,NW-flex,2,1.0
1007,BWA-no-clip,3,0.7727272727272727
1007,BWA-std,3,0.14545454545454545
1007,NW-flex,3,1.0
1007,BWA-no-clip,5,0.8272727272727273
1007,BWA-std,5,0.2
1007,NW-flex,5,1.0
1007,BWA-no-clip,-1,0.8545454545454545
1007,BWA-std,-1,0.41818181818181815
1007,NW-flex,-1,1.0
1008,BWA-no-clip,0,0.4909090909090909
1008,BWA-std,0,0.10909090909090909
1008,NW-flex,0,0.7
1008,BWA-no-clip,1,0.7454545454545455
1008,BWA-std,1,0.12727272727272726
1008,NW-flex,1,1.0
1008,BWA-no-clip,10,0.9
1008,BWA-std,10,0.41818181818181815
1008,NW-flex,10,1.0
1008,BWA-no-clip,2,0.7636363636363637
1008,BWA-std,2,0.13636363636363635
1008,NW-flex,2,1.0
1008,BWA-no-clip,3,0.8727272727272727
1008,BWA-std,3,0.14545454545454545
1008,NW-flex,3,1.0
1008,BWA-no-clip,5,0.8727272727272727
1008,BWA-std,5,0.2
1008,NW-flex,5,1.0
1008,BWA-no-clip,-1,0.9
1008,BWA-std,-1,0.41818181818181815
1008,NW-flex,-1,1.0
1009,BWA-no-clip,0,0.6636363636363637
1009,BWA-std,0,0.12727272727272726
1009,NW-flex,0,0.9030303030303031
1009,BWA-no-clip,1,0.6242424242424243
1009,BWA-std,1,0.12727272727272726
1009,NW-flex,1,0.9878787878787879
1009,BWA-no-clip,10,0.8272727272727273
1009,BWA-std,10,0.41818181818181815
1009,NW-flex,10,1.0
1009,BWA-no-clip,2,0.703030303030303
1009,BWA-std,2,0.13636363636363635
1009,NW-flex,2,1.0
1009,BWA-no-clip,3,0.7272727272727273
1009,BWA-std,3,0.14545454545454545
1009,NW-flex,3,1.0
1009,BWA-no-clip,5,0.8272727272727273
1009,BWA-std,5,0.2
1009,NW-flex,5,1.0
1009,BWA-no-clip,-1,0.8272727272727273
1009,BWA-std,-1,0.41818181818181815
1009,NW-flex,-1,1.0
1010,BWA-no-clip,0,0.7
1010,BWA-std,0,0.12727272727272726
1010,NW-flex,0,0.9030303030303031
1010,BWA-no-clip,1,0.8272727272727273
1010,BWA-std,1,0.12727272727272726
1010,NW-flex,1,0.996969696969697
1010,BWA-no-clip,10,0.9181818181818182
1010,BWA-std,10,0.41818181818181815
1010,NW-flex,10,1.0
1010,BWA-no-clip,2,0.7909090909090909
1010,BWA-std,2,0.13636363636363635
1010,NW-flex,2,1.0
1010,BWA-no-clip,3,0.8636363636363636
1010,BWA-std,3,0.14545454545454545
1010,NW-flex,3,1.0
1010,BWA-no-clip,5,0.8727272727272727
1010,BWA-std,5,0.2
1010,NW-flex,5,1.0
1010,BWA-no-clip,-1,0.9181818181818182
1010,BWA-std,-1,0.41818181818181815
1010,NW-flex,-1,1.0
1011,BWA-no-clip,0,0.5272727272727272
1011,BWA-std,0,0.10909090909090909
1011,NW-flex,0,0.8
1011,BWA-no-clip,1,0.6727272727272727
1011,BWA-std,1,0.12727272727272726
1011,NW-flex,1,1.0
1011,BWA-no-clip,10,0.9
1011,BWA-std,10,0.41818181818181815
1011,NW-flex,10,1.0
1011,BWA-no-clip,2,0.6696969696969697
1011,BWA-std,2,0.13636363636363635
1011,NW-flex,2,1.0
1011,BWA-no-clip,3,0.7636363636363637
1011,BWA-std,3,0.14545454545454545
1011,NW-flex,3,1.0
1011,BWA-no-clip,5,0.8181818181818182
1011,BWA-std,5,0.2
1011,NW-flex,5,1.0
1011,BWA-no-clip,-1,0.9
1011,BWA-std,-1,0.41818181818181815
1011,NW-flex,-1,1.0
1012,BWA-no-clip,0,0.5454545454545454
1012,BWA-std,0,0.10909090909090909
1012,NW-flex,0,0.8
1012,BWA-no-clip,1,0.7454545454545455
1012,BWA-std,1,0.12727272727272726
1012,NW-flex,1,1.0
1012,BWA-no-clip,10,0.9090909090909091
1012,BWA-std,10,0.41818181818181815
1012,NW-flex,10,1.0
1012,BWA-no-clip,2,0.706060606060606
1012,BWA-std,2,0.13636363636363635
1012,NW-flex,2,1.0
1012,BWA-no-clip,3,0.7909090909090909
1012,BWA-std,3,0.14545454545454545
1012,NW-flex,3,1.0
1012,BWA-no-clip,5,0.8818181818181818
1012,BWA-std,5,0.2
1012,NW-flex,5,1.0
1012,BWA-no-clip,-1,0.9090909090909091
1012,BWA-std,-1,0.41818181818181815
1012,NW-flex,-1,1.0
1013,BWA-no-clip,0,0.5454545454545454
1013,BWA-std,0,0.10909090909090909
1013,NW-flex,0,0.8
1013,BWA-no-clip,1,0.7636363636363637
1013,BWA-std,1,0.12727272727272726
1013,NW-flex,1,1.0
1013,BWA-no-clip,10,0.9090909090909091
1013,BWA-std,10,0.41818181818181815
1013,NW-flex,10,1.0
1013,BWA-no-clip,2,0.7242424242424242
1013,BWA-std,2,0.13636363636363635
1013,NW-flex,2,1.0
1013,BWA-no-clip,3,0.8090909090909091
1013,BWA-std,3,0.14545454545454545
1013,NW-flex,3,1.0
1013,BWA-no-clip,5,0.8818181818181818
1013,BWA-std,5,0.2
1013,NW-flex,5,1.0
1013,BWA-no-clip,-1,0.9090909090909091
1013,BWA-std,-1,0.41818181818181815
1013,NW-flex,-1,1.0
1014,BWA-no-clip,0,0.7
1014,BWA-std,0,0.12727272727272726
1014,NW-flex,0,0.9030303030303031
1014,BWA-no-clip,1,0.7454545454545455
1014,BWA-std,1,0.12727272727272726
1014,NW-flex,1,0.996969696969697
1014,BWA-no-clip,10,0.8909090909090909
1014,BWA-std,10,0.41818181818181815
1014,NW-flex,10,1.0
1014,BWA-no-clip,2,0.8363636363636363
1014,BWA-std,2,0.13636363636363635
1014,NW-flex,2,1.0
1014,BWA-no-clip,3,0.7818181818181819
1014,BWA-std,3,0.14545454545454545
1014,NW-flex,3,1.0
1014,BWA-no-clip,5,0.8909090909090909
1014,BWA-std,5,0.2
1014,NW-flex,5,1.0
1014,BWA-no-clip,-1,0.8909090909090909
1014,BWA-std,-1,0.41818181818181815
1014,NW-flex,-1,1.0
1015,BWA-no-clip,0,0.4
1015,BWA-std,0,0.10909090909090909
1015,NW-flex,0,0.7
1015,BWA-no-clip,1,0.6454545454545455
1015,BWA-std,1,0.12727272727272726
1015,NW-flex,1,1.0
1015,BWA-no-clip,10,0.8090909090909091
1015,BWA-std,10,0.4
1015,NW-flex,10,1.0
1015,BWA-no-clip,2,0.7272727272727273
1015,BWA-std,2,0.12727272727272726
1015,NW-flex,2,1.0
1015,BWA-no-clip,3,0.7272727272727273
1015,BWA-std,3,0.12727272727272726
1015,NW-flex,3,1.0
1015,BWA-no-clip,5,0.7545454545454545
1015,BWA-std,5,0.18181818181818182
1015,NW-flex,5,1.0
1015,BWA-no-clip,-1,0.8090909090909091
1015,BWA-std,-1,0.4
1015,NW-flex,-1,1.0
1016,BWA-no-clip,0,0.6363636363636364
1016,BWA-std,0,0.12727272727272726
1016,NW-flex,0,1.0
1016,BWA-no-clip,1,0.6363636363636364
1016,BWA-std,1,0.12727272727272726
1016,NW-flex,1,1.0
1016,BWA-no-clip,10,0.7575757575757576
1016,BWA-std,10,0.4090909090909091
1016,NW-flex,10,1.0
1016,BWA-no-clip,2,0.6363636363636364
1016,BWA-std,2,0.12727272727272726
1016,NW-flex,2,1.0
1016,BWA-no-clip,3,0.6424242424242425
1016,BWA-std,3,0.13636363636363635
1016,NW-flex,3,1.0
1016,BWA-no-clip,5,0.7303030303030303
1016,BWA-std,5,0.19090909090909092
1016,NW-flex,5,1.0
1016,BWA-no-clip,-1,0.7575757575757576
1016,BWA-std,-1,0.4090909090909091
1016,NW-flex,-1,1.0
1017,BWA-no-clip,0,0.5696969696969697
1017,BWA-std,0,0.10909090909090909
1017,NW-flex,0,0.9
1017,BWA-no-clip,1,0.7454545454545455
1017,BWA-std,1,0.12727272727272726
1017,NW-flex,1,1.0
1017,BWA-no-clip,10,0.9090909090909091
1017,BWA-std,10,0.41818181818181815
1017,NW-flex,10,1.0
1017,BWA-no-clip,2,0.8363636363636363
1017,BWA-std,2,0.13636363636363635
1017,NW-flex,2,1.0
1017,BWA-no-clip,3,0.8727272727272727
1017,BWA-std,3,0.14545454545454545
1017,NW-flex,3,1.0
1017,BWA-no-clip,5,0.9090909090909091
1017,BWA-std,5,0.2
1017,NW-flex,5,1.0
1017,BWA-no-clip,-1,0.9090909090909091
1017,BWA-std,-1,0.41818181818181815
1017,NW-flex,-1,1.0
1018,BWA-no-clip,0,0.5636363636363636
1018,BWA-std,0,0.12727272727272726
1018,NW-flex,0,0.9030303030303031
1018,BWA-no-clip,1,0.5454545454545454
1018,BWA-std,1,0.12727272727272726
1018,NW-flex,1,0.9878787878787879
1018,BWA-no-clip,10,0.9090909090909091
1018,BWA-std,10,0.41818181818181815
1018,NW-flex,10,1.0
1018,BWA-no-clip,2,0.8333333333333334
1018,BWA-std,2,0.13636363636363635
1018,NW-flex,2,1.0
1018,BWA-no-clip,3,0.7363636363636363
1018,BWA-std,3,0.14545454545454545
1018,NW-flex,3,1.0
1018,BWA-no-clip,5,0.7909090909090909
1018,BWA-std,5,0.2
1018,NW-flex,5,1.0
1018,BWA-no-clip,-1,0.9090909090909091
1018,BWA-std,-1,0.41818181818181815
1018,NW-flex,-1,1.0
1019,BWA-no-clip,0,0.6818181818181818
1019,BWA-std,0,0.12727272727272726
1019,NW-flex,0,0.9030303030303031
1019,BWA-no-clip,1,0.7636363636363637
1019,BWA-std,1,0.12727272727272726
1019,NW-flex,1,0.996969696969697
1019,BWA-no-clip,10,0.9
1019,BWA-std,10,0.41818181818181815
1019,NW-flex,10,1.0
1019,BWA-no-clip,2,0.7272727272727273
1019,BWA-std,2,0.13636363636363635
1019,NW-flex,2,1.0
1019,BWA-no-clip,3,0.8454545454545455
1019,BWA-std,3,0.14545454545454545
1019,NW-flex,3,1.0
1019,BWA-no-clip,5,0.8818181818181818
1019,BWA-std,5,0.2
1019,NW-flex,5,1.0
1019,BWA-no-clip,-1,0.9
1019,BWA-std,-1,0.41818181818181815
1019,NW-flex,-1,1.0
1020,BWA-no-clip,0,0.5727272727272728
1020,BWA-std,0,0.10909090909090909
1020,NW-flex,0,0.9
1020,BWA-no-clip,1,0.7272727272727273
1020,BWA-std,1,0.12727272727272726
1020,NW-flex,1,1.0
1020,BWA-no-clip,10,0.9090909090909091
1020,BWA-std,10,0.41818181818181815
1020,NW-flex,10,1.0
1020,BWA-no-clip,2,0.7909090909090909
1020,BWA-std,2,0.13636363636363635
1020,NW-flex,2,1.0
1020,BWA-no-clip,3,0.8272727272727273
1020,BWA-std,3,0.14545454545454545
1020,NW-flex,3,1.0
1020,BWA-no-clip,5,0.8727272727272727
1020,BWA-std,5,0.2
1020,NW-flex,5,1.0
1020,BWA-no-clip,-1,0.9090909090909091
1020,BWA-std,-1,0.41818181818181815
1020,NW-flex,-1,1.0
1021,BWA-no-clip,0,0.5
1021,BWA-std,0,0.10909090909090909
1021,NW-flex,0,0.9
1021,BWA-no-clip,1,0.7727272727272727
1021,BWA-std,1,0.12727272727272726
1021,NW-flex,1,1.0
1021,BWA-no-clip,10,0.8818181818181818
1021,BWA-std,10,0.41818181818181815
1021,NW-flex,10,1.0
1021,BWA-no-clip,2,0.8454545454545455
1021,BWA-std,2,0.13636363636363635
1021,NW-flex,2,1.0
1021,BWA-no-clip,3,0.8181818181818182
1021,BWA-std,3,0.14545454545454545
1021,NW-flex,3,1.0
1021,BWA-no-clip,5,0.8
1021,BWA-std,5,0.2
1021,NW-flex,5,1.0
1021,BWA-no-clip,-1,0.8818181818181818
1021,BWA-std,-1,0.41818181818181815
1021,NW-flex,-1,1.0
1022,BWA-no-clip,0,0.7545454545454545
1022,BWA-std,0,0.12727272727272726
1022,NW-flex,0,1.0
1022,BWA-no-clip,1,0.7272727272727273
1022,BWA-std,1,0.12727272727272726
1022,NW-flex,1,1.0
1022,BWA-no-clip,10,0.8545454545454545
1022,BWA-std,10,0.41818181818181815
1022,NW-flex,10,1.0
1022,BWA-no-clip,2,0.6272727272727273
1022,BWA-std,2,0.13636363636363635
1022,NW-flex,2,0.9939393939393939
1022,BWA-no-clip,3,0.8
1022,BWA-std,3,0.14545454545454545
1022,NW-flex,3,1.0
1022,BWA-no-clip,5,0.7181818181818181
1022,BWA-std,5,0.2
1022,NW-flex,5,1.0
1022,BWA-no-clip,-1,0.8545454545454545
1022,BWA-std,-1,0.41818181818181815
1022,NW-flex,-1,1.0
1023,BWA-no-clip,0,0.5636363636363636
1023,BWA-std,0,0.12727272727272726
1023,NW-flex,0,0.9030303030303031
1023,BWA-no-clip,1,0.6090909090909091
1023,BWA-std,1,0.12727272727272726
1023,NW-flex,1,0.990909090909091
1023,BWA-no-clip,10,0.8636363636363636
1023,BWA-std,10,0.41818181818181815
1023,NW-flex,10,1.0
1023,BWA-no-clip,2,0.7212121212121212
1023,BWA-std,2,0.13636363636363635
1023,NW-flex,2,1.0
1023,BWA-no-clip,3,0.6454545454545455
1023,BWA-std,3,0.14545454545454545
1023,NW-flex,3,1.0
1023,BWA-no-clip,5,0.8454545454545455
1023,BWA-std,5,0.2
1023,NW-flex,5,1.0
1023,BWA-no-clip,-1,0.8636363636363636
1023,BWA-std,-1,0.41818181818181815
1023,NW-flex,-1,1.0
1024,BWA-no-clip,0,0.4727272727272727
1024,BWA-std,0,0.10909090909090909
1024,NW-flex,0,0.9
1024,BWA-no-clip,1,0.7454545454545455
1024,BWA-std,1,0.12727272727272726
1024,NW-flex,1,1.0
1024,BWA-no-clip,10,0.8454545454545455
1024,BWA-std,10,0.41818181818181815
1024,NW-flex,10,1.0
1024,BWA-no-clip,2,0.8363636363636363
1024,BWA-std,2,0.13636363636363635
1024,NW-flex,2,1.0
1024,BWA-no-clip,3,0.8454545454545455
1024,BWA-std,3,0.14545454545454545
1024,NW-flex,3,1.0
1024,BWA-no-clip,5,0.8
1024,BWA-std,5,0.2
1024,NW-flex,5,1.0
1024,BWA-no-clip,-1,0.8454545454545455
1024,BWA-std,-1,0.41818181818181815
1024,NW-flex,-1,1.0
1025,BWA-no-clip,0,0.5818181818181818
1025,BWA-std,0,0.12727272727272726
1025,NW-flex,0,0.9030303030303031
1025,BWA-no-clip,1,0.5727272727272728
1025,BWA-std,1,0.12727272727272726
1025,NW-flex,1,0.9848484848484849
1025,BWA-no-clip,10,0.8727272727272727
1025,BWA-std,10,0.41818181818181815
1025,NW-flex,10,1.0
1025,BWA-no-clip,2,0.7424242424242424
1025,BWA-std,2,0.13636363636363635
1025,NW-flex,2,1.0
1025,BWA-no-clip,3,0.8363636363636363
1025,BWA-std,3,0.14545454545454545
1025,NW-flex,3,1.0
1025,BWA-no-clip,5,0.7818181818181819
1025,BWA-std,5,0.2
1025,NW-flex,5,1.0
1025,BWA-no-clip,-1,0.8727272727272727
1025,BWA-std,-1,0.41818181818181815
1025,NW-flex,-1,1.0
1026,BWA-no-clip,0,0.7818181818181819
1026,BWA-std,0,0.12727272727272726
1026,NW-flex,0,1.0
1026,BWA-no-clip,1,0.7636363636363637
1026,BWA-std,1,0.12727272727272726
1026,NW-flex,1,1.0
1026,BWA-no-clip,10,0.8545454545454545
1026,BWA-std,10,0.41818181818181815
1026,NW-flex,10,1.0
1026,BWA-no-clip,2,0.7090909090909091
1026,BWA-std,2,0.13636363636363635
1026,NW-flex,2,1.0
1026,BWA-no-clip,3,0.8272727272727273
1026,BWA-std,3,0.14545454545454545
1026,NW-flex,3,1.0
1026,BWA-no-clip,5,0.8454545454545455
1026,BWA-std,5,0.2
1026,NW-flex,5,1.0
1026,BWA-no-clip,-1,0.8545454545454545
1026,BWA-std,-1,0.41818181818181815
1026,NW-flex,-1,1.0
1027,BWA-no-clip,0,0.33636363636363636
1027,BWA-std,0,0.10909090909090909
1027,NW-flex,0,0.3
1027,BWA-no-clip,1,0.5727272727272728
1027,BWA-std,1,0.12727272727272726
1027,NW-flex,1,1.0
1027,BWA-no-clip,10,0.9181818181818182
1027,BWA-std,10,0.41818181818181815
1027,NW-flex,10,1.0
1027,BWA-no-clip,2,0.8454545454545455
1027,BWA-std,2,0.13636363636363635
1027,NW-flex,2,1.0
1027,BWA-no-clip,3,0.8545454545454545
1027,BWA-std,3,0.14545454545454545
1027,NW-flex,3,1.0
1027,BWA-no-clip,5,0.8909090909090909
1027,BWA-std,5,0.2
1027,NW-flex,5,1.0
1027,BWA-no-clip,-1,0.9181818181818182
1027,BWA-std,-1,0.41818181818181815
1027,NW-flex,-1,1.0
1028,BWA-no-clip,0,0.6272727272727273
1028,BWA-std,0,0.12727272727272726
1028,NW-flex,0,1.0
1028,BWA-no-clip,1,0.5818181818181818
1028,BWA-std,1,0.12727272727272726
1028,NW-flex,1,0.996969696969697
1028,BWA-no-clip,10,0.8636363636363636
1028,BWA-std,10,0.41818181818181815
1028,NW-flex,10,1.0
1028,BWA-no-clip,2,0.6454545454545455
1028,BWA-std,2,0.13636363636363635
1028,NW-flex,2,1.0
1028,BWA-no-clip,3,0.7
1028,BWA-std,3,0.14545454545454545
1028,NW-flex,3,1.0
1028,BWA-no-clip,5,0.7909090909090909
1028,BWA-std,5,0.2
1028,NW-flex,5,1.0
1028,BWA-no-clip,-1,0.8636363636363636
1028,BWA-std,-1,0.41818181818181815
1028,NW-flex,-1,1.0
1029,BWA-no-clip,0,0.7
1029,BWA-std,0,0.12727272727272726
1029,NW-flex,0,1.0
1029,BWA-no-clip,1,0.7363636363636363
1029,BWA-std,1,0.12727272727272726
1029,NW-flex,1,1.0
1029,BWA-no-clip,10,0.8545454545454545
1029,BWA-std,10,0.4090909090909091
1029,NW-flex,10,1.0
1029,BWA-no-clip,2,0.7909090909090909
1029,BWA-std,2,0.12727272727272726
1029,NW-flex,2,1.0
1029,BWA-no-clip,3,0.7818181818181819
1029,BWA-std,3,0.13636363636363635
1029,NW-flex,3,1.0
1029,BWA-no-clip,5,0.8454545454545455
1029,BWA-std,5,0.19090909090909092
1029,NW-flex,5,1.0
1029,BWA-no-clip,-1,0.8545454545454545
1029,BWA-std,-1,0.4090909090909091
1029,NW-flex,-1,1.0
1030,BWA-no-clip,0,0.5727272727272728
1030,BWA-std,0,0.12727272727272726
1030,NW-flex,0,1.0
1030,BWA-no-clip,1,0.6181818181818182
1030,BWA-std,1,0.12727272727272726
1030,NW-flex,1,1.0
1030,BWA-no-clip,10,0.7393939393939394
1030,BWA-std,10,0.4090909090909091
1030,NW-flex,10,1.0
1030,BWA-no-clip,2,0.5727272727272728
1030,BWA-std,2,0.12727272727272726
1030,NW-flex,2,1.0
1030,BWA-no-clip,3,0.5303030303030303
1030,BWA-std,3,0.13636363636363635
1030,NW-flex,3,1.0
1030,BWA-no-clip,5,0.7393939393939394
1030,BWA-std,5,0.19090909090909092
1030,NW-flex,5,1.0
1030,BWA-no-clip,-1,0.7393939393939394
1030,BWA-std,-1,0.4090909090909091
1030,NW-flex,-1,1.0
1031,BWA-no-clip,0,0.7
1031,BWA-std,0,0.12727272727272726
1031,NW-flex,0,1.0
1031,BWA-no-clip,1,0.6363636363636364
1031,BWA-std,1,0.12727272727272726
1031,NW-flex,1,1.0
1031,BWA-no-clip,10,0.8272727272727273
1031,BWA-std,10,0.41818181818181815
1031,NW-flex,10,1.0
1031,BWA-no-clip,2,0.6090909090909091
1031,BWA-std,2,0.13636363636363635
1031,NW-flex,2,1.0
1031,BWA-no-clip,3,0.7454545454545455
1031,BWA-std,3,0.14545454545454545
1031,NW-flex,3,1.0
1031,BWA-no-clip,5,0.7727272727272727
1031,BWA-std,5,0.2
1031,NW-flex,5,1.0
1031,BWA-no-clip,-1,0.8272727272727273
1031,BWA-std,-1,0.41818181818181815
1031,NW-flex,-1,1.0
1032,BWA-no-clip,0,0.6545454545454545
1032,BWA-std,0,0.12727272727272726
1032,NW-flex,0,0.9030303030303031
1032,BWA-no-clip,1,0.7454545454545455
1032,BWA-std,1,0.12727272727272726
1032,NW-flex,1,1.0
1032,BWA-no-clip,10,0.9090909090909091
1032,BWA-std,10,0.41818181818181815
1032,NW-flex,10,1.0
1032,BWA-no-clip,2,0.8151515151515152
1032,BWA-std,2,0.13636363636363635
1032,NW-flex,2,1.0
1032,BWA-no-clip,3,0.7636363636363637
1032,BWA-std,3,0.14545454545454545
1032,NW-flex,3,1.0
1032,BWA-no-clip,5,0.8727272727272727
1032,BWA-std,5,0.2
1032,NW-flex,5,1.0
1032,BWA-no-clip,-1,0.9090909090909091
1032,BWA-std,-1,0.41818181818181815
1032,NW-flex,-1,1.0
1033,BWA-no-clip,0,0.6090909090909091
1033,BWA-std,0,0.12727272727272726
1033,NW-flex,0,0.9030303030303031
1033,BWA-no-clip,1,0.7090909090909091
1033,BWA-std,1,0.12727272727272726
1033,NW-flex,1,1.0
1033,BWA-no-clip,10,0.8636363636363636
1033,BWA-std,10,0.41818181818181815
1033,NW-flex,10,1.0
1033,BWA-no-clip,2,0.7
1033,BWA-std,2,0.13636363636363635
1033,NW-flex,2,1.0
1033,BWA-no-clip,3,0.7636363636363637
1033,BWA-std,3,0.14545454545454545
1033,NW-flex,3,1.0
1033,BWA-no-clip,5,0.8454545454545455
1033,BWA-std,5,0.2
1033,NW-flex,5,1.0
1033,BWA-no-clip,-1,0.8636363636363636
1033,BWA-std,-1,0.41818181818181815
1033,NW-flex,-1,1.0
1034,BWA-no-clip,0,0.6545454545454545
1034,BWA-std,0,0.12727272727272726
1034,NW-flex,0,1.0
1034,BWA-no-clip,1,0.5
1034,BWA-std,1,0.12727272727272726
1034,NW-flex,1,0.990909090909091
1034,BWA-no-clip,10,0.8454545454545455
1034,BWA-std,10,0.41818181818181815
1034,NW-flex,10,1.0
1034,BWA-no-clip,2,0.7454545454545455
1034,BWA-std,2,0.13636363636363635
1034,NW-flex,2,1.0
1034,BWA-no-clip,3,0.7727272727272727
1034,BWA-std,3,0.14545454545454545
1034,NW-flex,3,1.0
1034,BWA-no-clip,5,0.8454545454545455
1034,BWA-std,5,0.2
1034,NW-flex,5,1.0
1034,BWA-no-clip,-1,0.8454545454545455
1034,BWA-std,-1,0.41818181818181815
1034,NW-flex,-1,1.0
1035,BWA-no-clip,0,0.5363636363636364
1035,BWA-std,0,0.12727272727272726
1035,NW-flex,0,1.0
1035,BWA-no-clip,1,0.6090909090909091
1035,BWA-std,1,0.12727272727272726
1035,NW-flex,1,1.0
1035,BWA-no-clip,10,0.6696969696969697
1035,BWA-std,10,0.4
1035,NW-flex,10,1.0
1035,BWA-no-clip,2,0.5909090909090909
1035,BWA-std,2,0.12727272727272726
1035,NW-flex,2,1.0
1035,BWA-no-clip,3,0.6060606060606061
1035,BWA-std,3,0.13636363636363635
1035,NW-flex,3,1.0
1035,BWA-no-clip,5,0.6606060606060606
1035,BWA-std,5,0.18181818181818182
1035,NW-flex,5,1.0
1035,BWA-no-clip,-1,0.6696969696969697
1035,BWA-std,-1,0.4
1035,NW-flex,-1,1.0
1036,BWA-no-clip,0,0.4090909090909091
1036,BWA-std,0,0.10909090909090909
1036,NW-flex,0,0.8
1036,BWA-no-clip,1,0.7
1036,BWA-std,1,0.12727272727272726
1036,NW-flex,1,1.0
1036,BWA-no-clip,10,0.7909090909090909
1036,BWA-std,10,0.4090909090909091
1036,NW-flex,10,1.0
1036,BWA-no-clip,2,0.6727272727272727
1036,BWA-std,2,0.12727272727272726
1036,NW-flex,2,1.0
1036,BWA-no-clip,3,0.7454545454545455
1036,BWA-std,3,0.13636363636363635
1036,NW-flex,3,1.0
1036,BWA-no-clip,5,0.6818181818181818
1036,BWA-std,5,0.19090909090909092
1036,NW-flex,5,1.0
1036,BWA-no-clip,-1,0.7909090909090909
1036,BWA-std,-1,0.4090909090909091
1036,NW-flex,-1,1.0
1037,BWA-no-clip,0,0.6363636363636364
1037,BWA-std,0,0.12727272727272726
1037,NW-flex,0,1.0
1037,BWA-no-clip,1,0.5575757575757576
1037,BWA-std,1,0.11818181818181818
1037,NW-flex,1,1.0
1037,BWA-no-clip,10,0.7666666666666667
1037,BWA-std,10,0.4090909090909091
1037,NW-flex,10,1.0
1037,BWA-no-clip,2,0.6333333333333333
1037,BWA-std,2,0.12727272727272726
1037,NW-flex,2,0.9030303030303031
1037,BWA-no-clip,3,0.6787878787878788
1037,BWA-std,3,0.13636363636363635
1037,NW-flex,3,1.0
1037,BWA-no-clip,5,0.7575757575757576
1037,BWA-std,5,0.19090909090909092
1037,NW-flex,5,1.0
1037,BWA-no-clip,-1,0.7666666666666667
1037,BWA-std,-1,0.4090909090909091
1037,NW-flex,-1,1.0
1038,BWA-no-clip,0,0.41818181818181815
1038,BWA-std,0,0.10909090909090909
1038,NW-flex,0,0.8
1038,BWA-no-clip,1,0.7545454545454545
1038,BWA-std,1,0.12727272727272726
1038,NW-flex,1,1.0
1038,BWA-no-clip,10,0.8090909090909091
1038,BWA-std,10,0.4090909090909091
1038,NW-flex,10,1.0
1038,BWA-no-clip,2,0.6818181818181818
1038,BWA-std,2,0.12727272727272726
1038,NW-flex,2,1.0
1038,BWA-no-clip,3,0.7818181818181819
1038,BWA-std,3,0.13636363636363635
1038,NW-flex,3,1.0
1038,BWA-no-clip,5,0.7909090909090909
1038,BWA-std,5,0.19090909090909092
1038,NW-flex,5,1.0
1038,BWA-no-clip,-1,0.8090909090909091
1038,BWA-std,-1,0.4090909090909091
1038,NW-flex,-1,1.0
1039,BWA-no-clip,0,0.4727272727272727
1039,BWA-std,0,0.10909090909090909
1039,NW-flex,0,0.7
1039,BWA-no-clip,1,0.7
1039,BWA-std,1,0.12727272727272726
1039,NW-flex,1,1.0
1039,BWA-no-clip,10,0.8363636363636363
1039,BWA-std,10,0.4090909090909091
1039,NW-flex,10,1.0
1039,BWA-no-clip,2,0.7090909090909091
1039,BWA-std,2,0.12727272727272726
1039,NW-flex,2,1.0
1039,BWA-no-clip,3,0.6818181818181818
1039,BWA-std,3,0.13636363636363635
1039,NW-flex,3,1.0
1039,BWA-no-clip,5,0.7909090909090909
1039,BWA-std,5,0.19090909090909092
1039,NW-flex,5,1.0
1039,BWA-no-clip,-1,0.8363636363636363
1039,BWA-std,-1,0.4090909090909091
1039,NW-flex,-1,1.0
1040,BWA-no-clip,0,0.6363636363636364
1040,BWA-std,0,0.12727272727272726
1040,NW-flex,0,1.0
1040,BWA-no-clip,1,0.5818181818181818
1040,BWA-std,1,0.12727272727272726
1040,NW-flex,1,1.0
1040,BWA-no-clip,10,0.8636363636363636
1040,BWA-std,10,0.41818181818181815
1040,NW-flex,10,1.0
1040,BWA-no-clip,2,0.7363636363636363
1040,BWA-std,2,0.13636363636363635
1040,NW-flex,2,1.0
1040,BWA-no-clip,3,0.7727272727272727
1040,BWA-std,3,0.14545454545454545
1040,NW-flex,3,1.0
1040,BWA-no-clip,5,0.8636363636363636
1040,BWA-std,5,0.2
1040,NW-flex,5,1.0
1040,BWA-no-clip,-1,0.8636363636363636
1040,BWA-std,-1,0.41818181818181815
1040,NW-flex,-1,1.0
1041,BWA-no-clip,0,0.6
1041,BWA-std,0,0.12727272727272726
1041,NW-flex,0,1.0
1041,BWA-no-clip,1,0.5909090909090909
1041,BWA-std,1,0.12727272727272726
1041,NW-flex,1,1.0
1041,BWA-no-clip,10,0.7363636363636363
1041,BWA-std,10,0.4
1041,NW-flex,10,1.0
1041,BWA-no-clip,2,0.6727272727272727
1041,BWA-std,2,0.12727272727272726
1041,NW-flex,2,1.0
1041,BWA-no-clip,3,0.6636363636363637
1041,BWA-std,3,0.12727272727272726
1041,NW-flex,3,1.0
1041,BWA-no-clip,5,0.7363636363636363
1041,BWA-std,5,0.18181818181818182
1041,NW-flex,5,1.0
1041,BWA-no-clip,-1,0.7363636363636363
1041,BWA-std,-1,0.4
1041,NW-flex,-1,1.0
1042,BWA-no-clip,0,0.5454545454545454
1042,BWA-std,0,0.12727272727272726
1042,NW-flex,0,1.0
1042,BWA-no-clip,1,0.6090909090909091
1042,BWA-std,1,0.12727272727272726
1042,NW-flex,1,1.0
1042,BWA-no-clip,10,0.7818181818181819
1042,BWA-std,10,0.39090909090909093
1042,NW-flex,10,1.0
1042,BWA-no-clip,2,0.7090909090909091
1042,BWA-std,2,0.12727272727272726
1042,NW-flex,2,1.0
1042,BWA-no-clip,3,0.7363636363636363
1042,BWA-std,3,0.13636363636363635
1042,NW-flex,3,1.0
1042,BWA-no-clip,5,0.7090909090909091
1042,BWA-std,5,0.17272727272727273
1042,NW-flex,5,1.0
1042,BWA-no-clip,-1,0.7818181818181819
1042,BWA-std,-1,0.39090909090909093
1042,NW-flex,-1,1.0
1043,BWA-no-clip,0,0.7545454545454545
1043,BWA-std,0,0.12727272727272726
1043,NW-flex,0,1.0
1043,BWA-no-clip,1,0.7
1043,BWA-std,1,0.12727272727272726
1043,NW-flex,1,1.0
1043,BWA-no-clip,10,0.8818181818181818
1043,BWA-std,10,0.41818181818181815
1043,NW-flex,10,1.0
1043,BWA-no-clip,2,0.7909090909090909
1043,BWA-std,2,0.13636363636363635
1043,NW-flex,2,1.0
1043,BWA-no-clip,3,0.8
1043,BWA-std,3,0.14545454545454545
1043,NW-flex,3,1.0
1043,BWA-no-clip,5,0.8636363636363636
1043,BWA-std,5,0.2
1043,NW-flex,5,1.0
1043,BWA-no-clip,-1,0.8818181818181818
1043,BWA-std,-1,0.41818181818181815
1043,NW-flex,-1,1.0
1044,BWA-no-clip,0,0.6545454545454545
1044,BWA-std,0,0.12727272727272726
1044,NW-flex,0,1.0
1044,BWA-no-clip,1,0.6636363636363637
1044,BWA-std,1,0.12727272727272726
1044,NW-flex,1,1.0
1044,BWA-no-clip,10,0.8636363636363636
1044,BWA-std,10,0.4090909090909091
1044,NW-flex,10,1.0
1044,BWA-no-clip,2,0.6909090909090909
1044,BWA-std,2,0.12727272727272726
1044,NW-flex,2,1.0
1044,BWA-no-clip,3,0.7090909090909091
1044,BWA-std,3,0.13636363636363635
1044,NW-flex,3,1.0
1044,BWA-no-clip,5,0.8181818181818182
1044,BWA-std,5,0.19090909090909092
1044,NW-flex,5,1.0
1044,BWA-no-clip,-1,0.8636363636363636
1044,BWA-std,-1,0.4090909090909091
1044,NW-flex,-1,1.0
1045,BWA-no-clip,0,0.7272727272727273
1045,BWA-std,0,0.12727272727272726
1045,NW-flex,0,1.0
1045,BWA-no-clip,1,0.7
1045,BWA-std,1,0.12727272727272726
1045,NW-flex,1,1.0
1045,BWA-no-clip,10,0.8909090909090909
1045,BWA-std,10,0.41818181818181815
1045,NW-flex,10,1.0
1045,BWA-no-clip,2,0.8090909090909091
1045,BWA-std,2,0.13636363636363635
1045,NW-flex,2,1.0
1045,BWA-no-clip,3,0.8363636363636363
1045,BWA-std,3,0.14545454545454545
1045,NW-flex,3,1.0
1045,BWA-no-clip,5,0.8363636363636363
1045,BWA-std,5,0.2
1045,NW-flex,5,1.0
1045,BWA-no-clip,-1,0.8909090909090909
1045,BWA-std,-1,0.41818181818181815
1045,NW-flex,-1,1.0
1046,BWA-no-clip,0,0.7636363636363637
1046,BWA-std,0,0.12727272727272726
1046,NW-flex,0,1.0
1046,BWA-no-clip,1,0.7363636363636363
1046,BWA-std,1,0.12727272727272726
1046,NW-flex,1,1.0
1046,BWA-no-clip,10,0.8818181818181818
1046,BWA-std,10,0.41818181818181815
1046,NW-flex,10,1.0
1046,BWA-no-clip,2,0.7818181818181819
1046,BWA-std,2,0.13636363636363635
1046,NW-flex,2,1.0
1046,BWA-no-clip,3,0.7818181818181819
1046,BWA-std,3,0.14545454545454545
1046,NW-flex,3,1.0
1046,BWA-no-clip,5,0.8818181818181818
1046,BWA-std,5,0.2
1046,NW-flex,5,1.0
1046,BWA-no-clip,-1,0.8818181818181818
1046,BWA-std,-1,0.41818181818181815
1046,NW-flex,-1,1.0
1047,BWA-no-clip,0,0.6727272727272727
1047,BWA-std,0,0.12727272727272726
1047,NW-flex,0,1.0
1047,BWA-no-clip,1,0.6727272727272727
1047,BWA-std,1,0.12727272727272726
1047,NW-flex,1,1.0
1047,BWA-no-clip,10,0.8545454545454545
1047,BWA-std,10,0.4090909090909091
1047,NW-flex,10,1.0
1047,BWA-no-clip,2,0.7181818181818181
1047,BWA-std,2,0.12727272727272726
1047,NW-flex,2,1.0
1047,BWA-no-clip,3,0.7272727272727273
1047,BWA-std,3,0.13636363636363635
1047,NW-flex,3,1.0
1047,BWA-no-clip,5,0.8363636363636363
1047,BWA-std,5,0.19090909090909092
1047,NW-flex,5,1.0
1047,BWA-no-clip,-1,0.8545454545454545
1047,BWA-std,-1,0.4090909090909091
1047,NW-flex,-1,1.0
1048,BWA-no-clip,0,0.44545454545454544
1048,BWA-std,0,0.10909090909090909
1048,NW-flex,0,0.8
1048,BWA-no-clip,1,0.7727272727272727
1048,BWA-std,1,0.12727272727272726
1048,NW-flex,1,1.0
1048,BWA-no-clip,10,0.8454545454545455
1048,BWA-std,10,0.4090909090909091
1048,NW-flex,10,1.0
1048,BWA-no-clip,2,0.6636363636363637
1048,BWA-std,2,0.12727272727272726
1048,NW-flex,2,1.0
1048,BWA-no-clip,3,0.8090909090909091
1048,BWA-std,3,0.13636363636363635
1048,NW-flex,3,1.0
1048,BWA-no-clip,5,0.8181818181818182
1048,BWA-std,5,0.19090909090909092
1048,NW-flex,5,1.0
1048,BWA-no-clip,-1,0.8454545454545455
1048,BWA-std,-1,0.4090909090909091
1048,NW-flex,-1,1.0
1049,BWA-no-clip,0,0.6545454545454545
1049,BWA-std,0,0.12727272727272726
1049,NW-flex,0,0.9030303030303031
1049,BWA-no-clip,1,0.7363636363636363
1049,BWA-std,1,0.12727272727272726
1049,NW-flex,1,1.0
1049,BWA-no-clip,10,0.8818181818181818
1049,BWA-std,10,0.41818181818181815
1049,NW-flex,10,1.0
1049,BWA-no-clip,2,0.6181818181818182
1049,BWA-std,2,0.13636363636363635
1049,NW-flex,2,1.0
1049,BWA-no-clip,3,0.7818181818181819
1049,BWA-std,3,0.14545454545454545
1049,NW-flex,3,1.0
1049,BWA-no-clip,5,0.8272727272727273
1049,BWA-std,5,0.2
1049,NW-flex,5,1.0
1049,BWA-no-clip,-1,0.8818181818181818
1049,BWA-std,-1,0.41818181818181815
1049,NW-flex,-1,1.0
1050,BWA-no-clip,0,0.42727272727272725
1050,BWA-std,0,0.10909090909090909
1050,NW-flex,0,0.8
1050,BWA-no-clip,1,0.7363636363636363
1050,BWA-std,1,0.12727272727272726
1050,NW-flex,1,1.0
1050,BWA-no-clip,10,0.8
1050,BWA-std,10,0.4090909090909091
1050,NW-flex,10,1.0
1050,BWA-no-clip,2,0.5727272727272728
1050,BWA-std,2,0.12727272727272726
1050,NW-flex,2,1.0
1050,BWA-no-clip,3,0.6363636363636364
1050,BWA-std,3,0.13636363636363635
1050,NW-flex,3,1.0
1050,BWA-no-clip,5,0.6666666666666666
1050,BWA-std,5,0.19090909090909092
1050,NW-flex,5,1.0
1050,BWA-no-clip,-1,0.8
1050,BWA-std,-1,0.4090909090909091
1050,NW-flex,-1,1.0
1051,BWA-no-clip,0,0.7181818181818181
1051,BWA-std,0,0.12727272727272726
1051,NW-flex,0,1.0
1051,BWA-no-clip,1,0.706060606060606
1051,BWA-std,1,0.12727272727272726
1051,NW-flex,1,0.9030303030303031
1051,BWA-no-clip,10,0.8272727272727273
1051,BWA-std,10,0.4090909090909091
1051,NW-flex,10,1.0
1051,BWA-no-clip,2,0.7090909090909091
1051,BWA-std,2,0.12727272727272726
1051,NW-flex,2,1.0
1051,BWA-no-clip,3,0.6727272727272727
1051,BWA-std,3,0.13636363636363635
1051,NW-flex,3,1.0
1051,BWA-no-clip,5,0.8181818181818182
1051,BWA-std,5,0.19090909090909092
1051,NW-flex,5,1.0
1051,BWA-no-clip,-1,0.8272727272727273
1051,BWA-std,-1,0.4090909090909091
1051,NW-flex,-1,1.0
1052,BWA-no-clip,0,0.6363636363636364
1052,BWA-std,0,0.12727272727272726
1052,NW-flex,0,1.0
1052,BWA-no-clip,1,0.6818181818181818
1052,BWA-std,1,0.12727272727272726
1052,NW-flex,1,1.0
1052,BWA-no-clip,10,0.8
1052,BWA-std,10,0.4090909090909091
1052,NW-flex,10,1.0
1052,BWA-no-clip,2,0.5818181818181818
1052,BWA-std,2,0.12727272727272726
1052,NW-flex,2,1.0
1052,BWA-no-clip,3,0.6757575757575758
1052,BWA-std,3,0.13636363636363635
1052,NW-flex,3,1.0
1052,BWA-no-clip,5,0.8
1052,BWA-std,5,0.19090909090909092
1052,NW-flex,5,1.0
1052,BWA-no-clip,-1,0.8
1052,BWA-std,-1,0.4090909090909091
1052,NW-flex,-1,1.0
1053,BWA-no-clip,0,0.5818181818181818
1053,BWA-std,0,0.10909090909090909
1053,NW-flex,0,0.9
1053,BWA-no-clip,1,0.7727272727272727
1053,BWA-std,1,0.12727272727272726
1053,NW-flex,1,1.0
1053,BWA-no-clip,10,0.9
1053,BWA-std,10,0.41818181818181815
1053,NW-flex,10,1.0
1053,BWA-no-clip,2,0.8454545454545455
1053,BWA-std,2,0.13636363636363635
1053,NW-flex,2,1.0
1053,BWA-no-clip,3,0.8636363636363636
1053,BWA-std,3,0.14545454545454545
1053,NW-flex,3,1.0
1053,BWA-no-clip,5,0.8545454545454545
1053,BWA-std,5,0.2
1053,NW-flex,5,1.0
1053,BWA-no-clip,-1,0.9
1053,BWA-std,-1,0.41818181818181815
1053,NW-flex,-1,1.0
1054,BWA-no-clip,0,0.4818181818181818
1054,BWA-std,0,0.10909090909090909
1054,NW-flex,0,0.8
1054,BWA-no-clip,1,0.7090909090909091
1054,BWA-std,1,0.12727272727272726
1054,NW-flex,1,1.0
1054,BWA-no-clip,10,0.8545454545454545
1054,BWA-std,10,0.41818181818181815
1054,NW-flex,10,1.0
1054,BWA-no-clip,2,0.8363636363636363
1054,BWA-std,2,0.13636363636363635
1054,NW-flex,2,1.0
1054,BWA-no-clip,3,0.8454545454545455
1054,BWA-std,3,0.14545454545454545
1054,NW-flex,3,1.0
1054,BWA-no-clip,5,0.8545454545454545
1054,BWA-std,5,0.2
1054,NW-flex,5,1.0
1054,BWA-no-clip,-1,0.8545454545454545
1054,BWA-std,-1,0.41818181818181815
1054,NW-flex,-1,1.0
1055,BWA-no-clip,0,0.5454545454545454
1055,BWA-std,0,0.12727272727272726
1055,NW-flex,0,1.0
1055,BWA-no-clip,1,0.6181818181818182
1055,BWA-std,1,0.12727272727272726
1055,NW-flex,1,1.0
1055,BWA-no-clip,10,0.7727272727272727
1055,BWA-std,10,0.4
1055,NW-flex,10,1.0
1055,BWA-no-clip,2,0.5969696969696969
1055,BWA-std,2,0.12727272727272726
1055,NW-flex,2,0.9939393939393939
1055,BWA-no-clip,3,0.6272727272727273
1055,BWA-std,3,0.12727272727272726
1055,NW-flex,3,1.0
1055,BWA-no-clip,5,0.7363636363636363
1055,BWA-std,5,0.18181818181818182
1055,NW-flex,5,1.0
1055,BWA-no-clip,-1,0.7727272727272727
1055,BWA-std,-1,0.4
1055,NW-flex,-1,1.0
1056,BWA-no-clip,0,0.7818181818181819
1056,BWA-std,0,0.12727272727272726
1056,NW-flex,0,1.0
1056,BWA-no-clip,1,0.7272727272727273
1056,BWA-std,1,0.12727272727272726
1056,NW-flex,1,1.0
1056,BWA-no-clip,10,0.8727272727272727
1056,BWA-std,10,0.41818181818181815
1056,NW-flex,10,1.0
1056,BWA-no-clip,2,0.7454545454545455
1056,BWA-std,2,0.13636363636363635
1056,NW-flex,2,1.0
1056,BWA-no-clip,3,0.7636363636363637
1056,BWA-std,3,0.14545454545454545
1056,NW-flex,3,1.0
1056,BWA-no-clip,5,0.8727272727272727
1056,BWA-std,5,0.2
1056,NW-flex,5,1.0
1056,BWA-no-clip,-1,0.8727272727272727
1056,BWA-std,-1,0.41818181818181815
1056,NW-flex,-1,1.0
1057,BWA-no-clip,0,0.6454545454545455
1057,BWA-std,0,0.12727272727272726
1057,NW-flex,0,1.0
1057,BWA-no-clip,1,0.6242424242424243
1057,BWA-std,1,0.12727272727272726
1057,NW-flex,1,0.9030303030303031
1057,BWA-no-clip,10,0.8
1057,BWA-std,10,0.4090909090909091
1057,NW-flex,10,1.0
1057,BWA-no-clip,2,0.6909090909090909
1057,BWA-std,2,0.12727272727272726
1057,NW-flex,2,1.0
1057,BWA-no-clip,3,0.7272727272727273
1057,BWA-std,3,0.13636363636363635
1057,NW-flex,3,1.0
1057,BWA-no-clip,5,0.7454545454545455
1057,BWA-std,5,0.19090909090909092
1057,NW-flex,5,1.0
1057,BWA-no-clip,-1,0.8
1057,BWA-std,-1,0.4090909090909091
1057,NW-flex,-1,1.0
1058,BWA-no-clip,0,0.2818181818181818
1058,BWA-std,0,0.10909090909090909
1058,NW-flex,0,1.0
1058,BWA-no-clip,1,0.43636363636363634
1058,BWA-std,1,0.12727272727272726
1058,NW-flex,1,1.0
1058,BWA-no-clip,10,0.6727272727272727
1058,BWA-std,10,0.33636363636363636
1058,NW-flex,10,1.0
1058,BWA-no-clip,2,0.5363636363636364
1058,BWA-std,2,0.12727272727272726
1058,NW-flex,2,1.0
1058,BWA-no-clip,3,0.6636363636363637
1058,BWA-std,3,0.13636363636363635
1058,NW-flex,3,1.0
1058,BWA-no-clip,5,0.6727272727272727
1058,BWA-std,5,0.14545454545454545
1058,NW-flex,5,1.0
1058,BWA-no-clip,-1,0.6727272727272727
1058,BWA-std,-1,0.33636363636363636
1058,NW-flex,-1,1.0
1059,BWA-no-clip,0,0.7909090909090909
1059,BWA-std,0,0.12727272727272726
1059,NW-flex,0,1.0
1059,BWA-no-clip,1,0.7363636363636363
1059,BWA-std,1,0.12727272727272726
1059,NW-flex,1,1.0
1059,BWA-no-clip,10,0.8818181818181818
1059,BWA-std,10,0.41818181818181815
1059,NW-flex,10,1.0
1059,BWA-no-clip,2,0.7818181818181819
1059,BWA-std,2,0.13636363636363635
1059,NW-flex,2,1.0
1059,BWA-no-clip,3,0.8272727272727273
1059,BWA-std,3,0.14545454545454545
1059,NW-flex,3,1.0
1059,BWA-no-clip,5,0.8636363636363636
1059,BWA-std,5,0.2
1059,NW-flex,5,1.0
1059,BWA-no-clip,-1,0.8818181818181818
1059,BWA-std,-1,0.41818181818181815
1059,NW-flex,-1,1.0
1060,BWA-no-clip,0,0.6090909090909091
1060,BWA-std,0,0.12727272727272726
1060,NW-flex,0,0.9030303030303031
1060,BWA-no-clip,1,0.6636363636363637
1060,BWA-std,1,0.12727272727272726
1060,NW-flex,1,1.0
1060,BWA-no-clip,10,0.8454545454545455
1060,BWA-std,10,0.41818181818181815
1060,NW-flex,10,1.0
1060,BWA-no-clip,2,0.7090909090909091
1060,BWA-std,2,0.13636363636363635
1060,NW-flex,2,1.0
1060,BWA-no-clip,3,0.6818181818181818
1060,BWA-std,3,0.14545454545454545
1060,NW-flex,3,1.0
1060,BWA-no-clip,5,0.8181818181818182
1060,BWA-std,5,0.2
1060,NW-flex,5,1.0
1060,BWA-no-clip,-1,0.8454545454545455
1060,BWA-std,-1,0.41818181818181815
1060,NW-flex,-1,1.0
1061,BWA-no-clip,0,0.7545454545454545
1061,BWA-std,0,0.12727272727272726
1061,NW-flex,0,1.0
1061,BWA-no-clip,1,0.7545454545454545
1061,BWA-std,1,0.12727272727272726
1061,NW-flex,1,0.996969696969697
1061,BWA-no-clip,10,0.8909090909090909
1061,BWA-std,10,0.41818181818181815
1061,NW-flex,10,1.0
1061,BWA-no-clip,2,0.7272727272727273
1061,BWA-std,2,0.13636363636363635
1061,NW-flex,2,1.0
1061,BWA-no-clip,3,0.8090909090909091
1061,BWA-std,3,0.14545454545454545
1061,NW-flex,3,1.0
1061,BWA-no-clip,5,0.8818181818181818
1061,BWA-std,5,0.2
1061,NW-flex,5,1.0
1061,BWA-no-clip,-1,0.8909090909090909
1061,BWA-std,-1,0.41818181818181815
1061,NW-flex,-1,1.0
1062,BWA-no-clip,0,0.7545454545454545
1062,BWA-std,0,0.12727272727272726
1062,NW-flex,0,1.0
1062,BWA-no-clip,1,0.7272727272727273
1062,BWA-std,1,0.12727272727272726
1062,NW-flex,1,1.0
1062,BWA-no-clip,10,0.9
1062,BWA-std,10,0.41818181818181815
1062,NW-flex,10,1.0
1062,BWA-no-clip,2,0.7727272727272727
1062,BWA-std,2,0.13636363636363635
1062,NW-flex,2,1.0
1062,BWA-no-clip,3,0.8454545454545455
1062,BWA-std,3,0.14545454545454545
1062,NW-flex,3,1.0
1062,BWA-no-clip,5,0.8727272727272727
1062,BWA-std,5,0.2
1062,NW-flex,5,1.0
1062,BWA-no-clip,-1,0.9
1062,BWA-std,-1,0.41818181818181815
1062,NW-flex,-1,1.0
1063,BWA-no-clip,0,0.7272727272727273
1063,BWA-std,0,0.12727272727272726
1063,NW-flex,0,1.0
1063,BWA-no-clip,1,0.8
1063,BWA-std,1,0.12727272727272726
1063,NW-flex,1,0.996969696969697
1063,BWA-no-clip,10,0.9090909090909091
1063,BWA-std,10,0.41818181818181815
1063,NW-flex,10,1.0
1063,BWA-no-clip,2,0.8090909090909091
1063,BWA-std,2,0.13636363636363635
1063,NW-flex,2,1.0
1063,BWA-no-clip,3,0.8333333333333334
1063,BWA-std,3,0.14545454545454545
1063,NW-flex,3,1.0
1063,BWA-no-clip,5,0.9
1063,BWA-std,5,0.2
1063,NW-flex,5,1.0
1063,BWA-no-clip,-1,0.9090909090909091
1063,BWA-std,-1,0.41818181818181815
1063,NW-flex,-1,1.0
1064,BWA-no-clip,0,0.6545454545454545
1064,BWA-std,0,0.12727272727272726
1064,NW-flex,0,0.9030303030303031
1064,BWA-no-clip,1,0.7181818181818181
1064,BWA-std,1,0.12727272727272726
1064,NW-flex,1,1.0
1064,BWA-no-clip,10,0.8454545454545455
1064,BWA-std,10,0.41818181818181815
1064,NW-flex,10,1.0
1064,BWA-no-clip,2,0.6818181818181818
1064,BWA-std,2,0.13636363636363635
1064,NW-flex,2,1.0
1064,BWA-no-clip,3,0.6181818181818182
1064,BWA-std,3,0.14545454545454545
1064,NW-flex,3,1.0
1064,BWA-no-clip,5,0.6909090909090909
1064,BWA-std,5,0.2
1064,NW-flex,5,1.0
1064,BWA-no-clip,-1,0.8454545454545455
1064,BWA-std,-1,0.41818181818181815
1064,NW-flex,-1,1.0
1065,BWA-no-clip,0,0.6545454545454545
1065,BWA-std,0,0.12727272727272726
1065,NW-flex,0,0.9030303030303031
1065,BWA-no-clip,1,0.7181818181818181
1065,BWA-std,1,0.12727272727272726
1065,NW-flex,1,1.0
1065,BWA-no-clip,10,0.8454545454545455
1065,BWA-std,10,0.41818181818181815
1065,NW-flex,10,1.0
1065,BWA-no-clip,2,0.6818181818181818
1065,BWA-std,2,0.13636363636363635
1065,NW-flex,2,1.0
1065,BWA-no-clip,3,0.6181818181818182
1065,BWA-std,3,0.14545454545454545
1065,NW-flex,3,1.0
1065,BWA-no-clip,5,0.6909090909090909
1065,BWA-std,5,0.2
1065,NW-flex,5,1.0
1065,BWA-no-clip,-1,0.8454545454545455
1065,BWA-std,-1,0.41818181818181815
1065,NW-flex,-1,1.0
1066,BWA-no-clip,0,0.6545454545454545
1066,BWA-std,0,0.12727272727272726
1066,NW-flex,0,1.0
1066,BWA-no-clip,1,0.7363636363636363
1066,BWA-std,1,0.12727272727272726
1066,NW-flex,1,1.0
1066,BWA-no-clip,10,0.8
1066,BWA-std,10,0.4090909090909091
1066,NW-flex,10,1.0
1066,BWA-no-clip,2,0.6545454545454545
1066,BWA-std,2,0.12727272727272726
1066,NW-flex,2,1.0
1066,BWA-no-clip,3,0.7545454545454545
1066,BWA-std,3,0.13636363636363635
1066,NW-flex,3,1.0
1066,BWA-no-clip,5,0.7727272727272727
1066,BWA-std,5,0.19090909090909092
1066,NW-flex,5,1.0
1066,BWA-no-clip,-1,0.8
1066,BWA-std,-1,0.4090909090909091
1066,NW-flex,-1,1.0
1067,BWA-no-clip,0,0.6545454545454545
1067,BWA-std,0,0.12727272727272726
1067,NW-flex,0,1.0
1067,BWA-no-clip,1,0.5272727272727272
1067,BWA-std,1,0.12727272727272726
1067,NW-flex,1,0.9818181818181818
1067,BWA-no-clip,10,0.7545454545454545
1067,BWA-std,10,0.41818181818181815
1067,NW-flex,10,1.0
1067,BWA-no-clip,2,0.7090909090909091
1067,BWA-std,2,0.13636363636363635
1067,NW-flex,2,1.0
1067,BWA-no-clip,3,0.7272727272727273
1067,BWA-std,3,0.14545454545454545
1067,NW-flex,3,1.0
1067,BWA-no-clip,5,0.7545454545454545
1067,BWA-std,5,0.2
1067,NW-flex,5,1.0
1067,BWA-no-clip,-1,0.7545454545454545
1067,BWA-std,-1,0.41818181818181815
1067,NW-flex,-1,1.0
1068,BWA-no-clip,0,0.5
1068,BWA-std,0,0.10909090909090909
1068,NW-flex,0,0.9
1068,BWA-no-clip,1,0.6787878787878788
1068,BWA-std,1,0.12727272727272726
1068,NW-flex,1,1.0
1068,BWA-no-clip,10,0.9
1068,BWA-std,10,0.41818181818181815
1068,NW-flex,10,1.0
1068,BWA-no-clip,2,0.7454545454545455
1068,BWA-std,2,0.13636363636363635
1068,NW-flex,2,1.0
1068,BWA-no-clip,3,0.8272727272727273
1068,BWA-std,3,0.14545454545454545
1068,NW-flex,3,1.0
1068,BWA-no-clip,5,0.8636363636363636
1068,BWA-std,5,0.2
1068,NW-flex,5,1.0
1068,BWA-no-clip,-1,0.9
1068,BWA-std,-1,0.41818181818181815
1068,NW-flex,-1,1.0
1069,BWA-no-clip,0,0.5272727272727272
1069,BWA-std,0,0.12727272727272726
1069,NW-flex,0,1.0
1069,BWA-no-clip,1,0.5454545454545454
1069,BWA-std,1,0.12727272727272726
1069,NW-flex,1,0.990909090909091
1069,BWA-no-clip,10,0.8363636363636363
1069,BWA-std,10,0.41818181818181815
1069,NW-flex,10,1.0
1069,BWA-no-clip,2,0.5272727272727272
1069,BWA-std,2,0.13636363636363635
1069,NW-flex,2,0.9818181818181818
1069,BWA-no-clip,3,0.6181818181818182
1069,BWA-std,3,0.14545454545454545
1069,NW-flex,3,1.0
1069,BWA-no-clip,5,0.6727272727272727
1069,BWA-std,5,0.19090909090909092
1069,NW-flex,5,1.0
1069,BWA-no-clip,-1,0.8363636363636363
1069,BWA-std,-1,0.41818181818181815
1069,NW-flex,-1,1.0
1070,BWA-no-clip,0,0.7272727272727273
1070,BWA-std,0,0.12727272727272726
1070,NW-flex,0,1.0
1070,BWA-no-clip,1,0.7272727272727273
1070,BWA-std,1,0.12727272727272726
1070,NW-flex,1,0.996969696969697
1070,BWA-no-clip,10,0.8818181818181818
1070,BWA-std,10,0.41818181818181815
1070,NW-flex,10,1.0
1070,BWA-no-clip,2,0.4818181818181818
1070,BWA-std,2,0.13636363636363635
1070,NW-flex,2,1.0
1070,BWA-no-clip,3,0.7909090909090909
1070,BWA-std,3,0.14545454545454545
1070,NW-flex,3,1.0
1070,BWA-no-clip,5,0.8363636363636363
1070,BWA-std,5,0.2
1070,NW-flex,5,1.0
1070,BWA-no-clip,-1,0.8818181818181818
1070,BWA-std,-1,0.41818181818181815
1070,NW-flex,-1,1.0
1071,BWA-no-clip,0,0.33636363636363636
1071,BWA-std,0,0.10909090909090909
1071,NW-flex,0,0.7
1071,BWA-no-clip,1,0.5909090909090909
1071,BWA-std,1,0.12727272727272726
1071,NW-flex,1,1.0
1071,BWA-no-clip,10,0.7818181818181819
1071,BWA-std,10,0.4
1071,NW-flex,10,1.0
1071,BWA-no-clip,2,0.6181818181818182
1071,BWA-std,2,0.12727272727272726
1071,NW-flex,2,1.0
1071,BWA-no-clip,3,0.593939393939394
1071,BWA-std,3,0.12727272727272726
1071,NW-flex,3,1.0
1071,BWA-no-clip,5,0.6727272727272727
1071,BWA-std,5,0.18181818181818182
1071,NW-flex,5,1.0
1071,BWA-no-clip,-1,0.7818181818181819
1071,BWA-std,-1,0.4
1071,NW-flex,-1,1.0
1072,BWA-no-clip,0,0.7272727272727273
1072,BWA-std,0,0.12727272727272726
1072,NW-flex,0,1.0
1072,BWA-no-clip,1,0.7454545454545455
1072,BWA-std,1,0.12727272727272726
1072,NW-flex,1,1.0
1072,BWA-no-clip,10,0.9
1072,BWA-std,10,0.41818181818181815
1072,NW-flex,10,1.0
1072,BWA-no-clip,2,0.7636363636363637
1072,BWA-std,2,0.13636363636363635
1072,NW-flex,2,1.0
1072,BWA-no-clip,3,0.8
1072,BWA-std,3,0.14545454545454545
1072,NW-flex,3,1.0
1072,BWA-no-clip,5,0.8454545454545455
1072,BWA-std,5,0.2
1072,NW-flex,5,1.0
1072,BWA-no-clip,-1,0.9
1072,BWA-std,-1,0.41818181818181815
1072,NW-flex,-1,1.0
1073,BWA-no-clip,0,0.7363636363636363
1073,BWA-std,0,0.12727272727272726
1073,NW-flex,0,1.0
1073,BWA-no-clip,1,0.7818181818181819
1073,BWA-std,1,0.12727272727272726
1073,NW-flex,1,1.0
1073,BWA-no-clip,10,0.9090909090909091
1073,BWA-std,10,0.41818181818181815
1073,NW-flex,10,1.0
1073,BWA-no-clip,2,0.696969696969697
1073,BWA-std,2,0.13636363636363635
1073,NW-flex,2,1.0
1073,BWA-no-clip,3,0.8181818181818182
1073,BWA-std,3,0.14545454545454545
1073,NW-flex,3,1.0
1073,BWA-no-clip,5,0.8636363636363636
1073,BWA-std,5,0.2
1073,NW-flex,5,1.0
1073,BWA-no-clip,-1,0.9090909090909091
1073,BWA-std,-1,0.41818181818181815
1073,NW-flex,-1,1.0
1074,BWA-no-clip,0,0.6545454545454545
1074,BWA-std,0,0.12727272727272726
1074,NW-flex,0,0.9030303030303031
1074,BWA-no-clip,1,0.6424242424242425
1074,BWA-std,1,0.12727272727272726
1074,NW-flex,1,1.0
1074,BWA-no-clip,10,0.8272727272727273
1074,BWA-std,10,0.41818181818181815
1074,NW-flex,10,1.0
1074,BWA-no-clip,2,0.693939393939394
1074,BWA-std,2,0.13636363636363635
1074,NW-flex,2,1.0
1074,BWA-no-clip,3,0.7181818181818181
1074,BWA-std,3,0.14545454545454545
1074,NW-flex,3,1.0
1074,BWA-no-clip,5,0.7636363636363637
1074,BWA-std,5,0.2
1074,NW-flex,5,1.0
1074,BWA-no-clip,-1,0.8272727272727273
1074,BWA-std,-1,0.41818181818181815
1074,NW-flex,-1,1.0
1075,BWA-no-clip,0,0.4727272727272727
1075,BWA-std,0,0.12727272727272726
1075,NW-flex,0,1.0
1075,BWA-no-clip,1,0.5272727272727272
1075,BWA-std,1,0.12727272727272726
1075,NW-flex,1,1.0
1075,BWA-no-clip,10,0.7363636363636363
1075,BWA-std,10,0.39090909090909093
1075,NW-flex,10,1.0
1075,BWA-no-clip,2,0.5636363636363636
1075,BWA-std,2,0.12727272727272726
1075,NW-flex,2,1.0
1075,BWA-no-clip,3,0.6272727272727273
1075,BWA-std,3,0.13636363636363635
1075,NW-flex,3,1.0
1075,BWA-no-clip,5,0.6272727272727273
1075,BWA-std,5,0.17272727272727273
1075,NW-flex,5,1.0
1075,BWA-no-clip,-1,0.7363636363636363
1075,BWA-std,-1,0.39090909090909093
1075,NW-flex,-1,1.0
1076,BWA-no-clip,0,0.509090909090909
1076,BWA-std,0,0.10909090909090909
1076,NW-flex,0,0.8
1076,BWA-no-clip,1,0.6909090909090909
1076,BWA-std,1,0.12727272727272726
1076,NW-flex,1,1.0
1076,BWA-no-clip,10,0.8363636363636363
1076,BWA-std,10,0.4090909090909091
1076,NW-flex,10,1.0
1076,BWA-no-clip,2,0.7727272727272727
1076,BWA-std,2,0.12727272727272726
1076,NW-flex,2,1.0
1076,BWA-no-clip,3,0.7545454545454545
1076,BWA-std,3,0.13636363636363635
1076,NW-flex,3,1.0
1076,BWA-no-clip,5,0.8272727272727273
1076,BWA-std,5,0.19090909090909092
1076,NW-flex,5,1.0
1076,BWA-no-clip,-1,0.8363636363636363
1076,BWA-std,-1,0.4090909090909091
1076,NW-flex,-1,1.0
1077,BWA-no-clip,0,0.45454545454545453
1077,BWA-std,0,0.10909090909090909
1077,NW-flex,0,0.7
1077,BWA-no-clip,1,0.7090909090909091
1077,BWA-std,1,0.12727272727272726
1077,NW-flex,1,1.0
1077,BWA-no-clip,10,0.8272727272727273
1077,BWA-std,10,0.4
1077,NW-flex,10,1.0
1077,BWA-no-clip,2,0.7545454545454545
1077,BWA-std,2,0.12727272727272726
1077,NW-flex,2,1.0
1077,BWA-no-clip,3,0.6666666666666666
1077,BWA-std,3,0.12727272727272726
1077,NW-flex,3,1.0
1077,BWA-no-clip,5,0.7818181818181819
1077,BWA-std,5,0.18181818181818182
1077,NW-flex,5,1.0
1077,BWA-no-clip,-1,0.8272727272727273
1077,BWA-std,-1,0.4
1077,NW-flex,-1,1.0
1078,BWA-no-clip,0,0.4909090909090909
1078,BWA-std,0,0.12727272727272726
1078,NW-flex,0,1.0
1078,BWA-no-clip,1,0.5181818181818182
1078,BWA-std,1,0.12727272727272726
1078,NW-flex,1,1.0
1078,BWA-no-clip,10,0.693939393939394
1078,BWA-std,10,0.4090909090909091
1078,NW-flex,10,1.0
1078,BWA-no-clip,2,0.5181818181818182
1078,BWA-std,2,0.12727272727272726
1078,NW-flex,2,1.0
1078,BWA-no-clip,3,0.4121212121212121
1078,BWA-std,3,0.13636363636363635
1078,NW-flex,3,1.0
1078,BWA-no-clip,5,0.6484848484848484
1078,BWA-std,5,0.19090909090909092
1078,NW-flex,5,1.0
1078,BWA-no-clip,-1,0.693939393939394
1078,BWA-std,-1,0.4090909090909091
1078,NW-flex,-1,1.0
1079,BWA-no-clip,0,0.6909090909090909
1079,BWA-std,0,0.12727272727272726
1079,NW-flex,0,1.0
1079,BWA-no-clip,1,0.5969696969696969
1079,BWA-std,1,0.12727272727272726
1079,NW-flex,1,0.9878787878787879
1079,BWA-no-clip,10,0.8272727272727273
1079,BWA-std,10,0.41818181818181815
1079,NW-flex,10,1.0
1079,BWA-no-clip,2,0.7090909090909091
1079,BWA-std,2,0.13636363636363635
1079,NW-flex,2,1.0
1079,BWA-no-clip,3,0.8
1079,BWA-std,3,0.14545454545454545
1079,NW-flex,3,1.0
1079,BWA-no-clip,5,0.7454545454545455
1079,BWA-std,5,0.2
1079,NW-flex,5,1.0
1079,BWA-no-clip,-1,0.8272727272727273
1079,BWA-std,-1,0.41818181818181815
1079,NW-flex,-1,1.0
1080,BWA-no-clip,0,0.6090909090909091
1080,BWA-std,0,0.12727272727272726
1080,NW-flex,0,1.0
1080,BWA-no-clip,1,0.6454545454545455
1080,BWA-std,1,0.12727272727272726
1080,NW-flex,1,1.0
1080,BWA-no-clip,10,0.8272727272727273
1080,BWA-std,10,0.41818181818181815
1080,NW-flex,10,1.0
1080,BWA-no-clip,2,0.7272727272727273
1080,BWA-std,2,0.13636363636363635
1080,NW-flex,2,1.0
1080,BWA-no-clip,3,0.7545454545454545
1080,BWA-std,3,0.14545454545454545
1080,NW-flex,3,1.0
1080,BWA-no-clip,5,0.7909090909090909
1080,BWA-std,5,0.2
1080,NW-flex,5,1.0
1080,BWA-no-clip,-1,0.8272727272727273
1080,BWA-std,-1,0.41818181818181815
1080,NW-flex,-1,1.0
1081,BWA-no-clip,0,0.6090909090909091
1081,BWA-std,0,0.12727272727272726
1081,NW-flex,0,1.0
1081,BWA-no-clip,1,0.6454545454545455
1081,BWA-std,1,0.12727272727272726
1081,NW-flex,1,1.0
1081,BWA-no-clip,10,0.8272727272727273
1081,BWA-std,10,0.41818181818181815
1081,NW-flex,10,1.0
1081,BWA-no-clip,2,0.7272727272727273
1081,BWA-std,2,0.13636363636363635
1081,NW-flex,2,1.0
1081,BWA-no-clip,3,0.7545454545454545
1081,BWA-std,3,0.14545454545454545
1081,NW-flex,3,1.0
1081,BWA-no-clip,5,0.7909090909090909
1081,BWA-std,5,0.2
1081,NW-flex,5,1.0
1081,BWA-no-clip,-1,0.8272727272727273
1081,BWA-std,-1,0.41818181818181815
1081,NW-flex,-1,1.0
1082,BWA-no-clip,0,0.7909090909090909
1082,BWA-std,0,0.12727272727272726
1082,NW-flex,0,0.996969696969697
1082,BWA-no-clip,1,0.7454545454545455
1082,BWA-std,1,0.12727272727272726
1082,NW-flex,1,1.0
1082,BWA-no-clip,10,0.9090909090909091
1082,BWA-std,10,0.41818181818181815
1082,NW-flex,10,1.0
1082,BWA-no-clip,2,0.8545454545454545
1082,BWA-std,2,0.13636363636363635
1082,NW-flex,2,1.0
1082,BWA-no-clip,3,0.8545454545454545
1082,BWA-std,3,0.14545454545454545
1082,NW-flex,3,1.0
1082,BWA-no-clip,5,0.9090909090909091
1082,BWA-std,5,0.2
1082,NW-flex,5,1.0
1082,BWA-no-clip,-1,0.9090909090909091
1082,BWA-std,-1,0.41818181818181815
1082,NW-flex,-1,1.0
1083,BWA-no-clip,0,0.7909090909090909
1083,BWA-std,0,0.12727272727272726
1083,NW-flex,0,0.9939393939393939
1083,BWA-no-clip,1,0.8181818181818182
1083,BWA-std,1,0.12727272727272726
1083,NW-flex,1,1.0
1083,BWA-no-clip,10,0.9
1083,BWA-std,10,0.41818181818181815
1083,NW-flex,10,1.0
1083,BWA-no-clip,2,0.7636363636363637
1083,BWA-std,2,0.13636363636363635
1083,NW-flex,2,1.0
1083,BWA-no-clip,3,0.8363636363636363
1083,BWA-std,3,0.14545454545454545
1083,NW-flex,3,1.0
1083,BWA-no-clip,5,0.8545454545454545
1083,BWA-std,5,0.2
1083,NW-flex,5,1.0
1083,BWA-no-clip,-1,0.9
1083,BWA-std,-1,0.41818181818181815
1083,NW-flex,-1,1.0
1084,BWA-no-clip,0,0.7909090909090909
1084,BWA-std,0,0.12727272727272726
1084,NW-flex,0,0.996969696969697
1084,BWA-no-clip,1,0.7454545454545455
1084,BWA-std,1,0.12727272727272726
1084,NW-flex,1,1.0
1084,BWA-no-clip,10,0.9090909090909091
1084,BWA-std,10,0.41818181818181815
1084,NW-flex,10,1.0
1084,BWA-no-clip,2,0.8545454545454545
1084,BWA-std,2,0.13636363636363635
1084,NW-flex,2,1.0
1084,BWA-no-clip,3,0.8545454545454545
1084,BWA-std,3,0.14545454545454545
1084,NW-flex,3,1.0
1084,BWA-no-clip,5,0.9090909090909091
1084,BWA-std,5,0.2
1084,NW-flex,5,1.0
1084,BWA-no-clip,-1,0.9090909090909091
1084,BWA-std,-1,0.41818181818181815
1084,NW-flex,-1,1.0
1085,BWA-no-clip,0,0.7909090909090909
1085,BWA-std,0,0.12727272727272726
1085,NW-flex,0,0.9939393939393939
1085,BWA-no-clip,1,0.8181818181818182
1085,BWA-std,1,0.12727272727272726
1085,NW-flex,1,1.0
1085,BWA-no-clip,10,0.9
1085,BWA-std,10,0.41818181818181815
1085,NW-flex,10,1.0
1085,BWA-no-clip,2,0.7636363636363637
1085,BWA-std,2,0.13636363636363635
1085,NW-flex,2,1.0
1085,BWA-no-clip,3,0.8363636363636363
1085,BWA-std,3,0.14545454545454545
1085,NW-flex,3,1.0
1085,BWA-no-clip,5,0.8545454545454545
1085,BWA-std,5,0.2
1085,NW-flex,5,1.0
1085,BWA-no-clip,-1,0.9
1085,BWA-std,-1,0.41818181818181815
1085,NW-flex,-1,1.0
1086,BWA-no-clip,0,0.7363636363636363
1086,BWA-std,0,0.12727272727272726
1086,NW-flex,0,0.996969696969697
1086,BWA-no-clip,1,0.7090909090909091
1086,BWA-std,1,0.12727272727272726
1086,NW-flex,1,1.0
1086,BWA-no-clip,10,0.9
1086,BWA-std,10,0.41818181818181815
1086,NW-flex,10,1.0
1086,BWA-no-clip,2,0.8181818181818182
1086,BWA-std,2,0.13636363636363635
1086,NW-flex,2,1.0
1086,BWA-no-clip,3,0.8272727272727273
1086,BWA-std,3,0.14545454545454545
1086,NW-flex,3,1.0
1086,BWA-no-clip,5,0.8909090909090909
1086,BWA-std,5,0.2
1086,NW-flex,5,1.0
1086,BWA-no-clip,-1,0.9
1086,BWA-std,-1,0.41818181818181815
1086,NW-flex,-1,1.0
1087,BWA-no-clip,0,0.7818181818181819
1087,BWA-std,0,0.12727272727272726
1087,NW-flex,0,1.0
1087,BWA-no-clip,1,0.7909090909090909
1087,BWA-std,1,0.12727272727272726
1087,NW-flex,1,1.0
1087,BWA-no-clip,10,0.9
1087,BWA-std,10,0.41818181818181815
1087,NW-flex,10,1.0
1087,BWA-no-clip,2,0.8
1087,BWA-std,2,0.13636363636363635
1087,NW-flex,2,1.0
1087,BWA-no-clip,3,0.7454545454545455
1087,BWA-std,3,0.14545454545454545
1087,NW-flex,3,1.0
1087,BWA-no-clip,5,0.9
1087,BWA-std,5,0.2
1087,NW-flex,5,1.0
1087,BWA-no-clip,-1,0.9
1087,BWA-std,-1,0.41818181818181815
1087,NW-flex,-1,1.0
1088,BWA-no-clip,0,0.45454545454545453
1088,BWA-std,0,0.10909090909090909
1088,NW-flex,0,0.7
1088,BWA-no-clip,1,0.6636363636363637
1088,BWA-std,1,0.12727272727272726
1088,NW-flex,1,0.9939393939393939
1088,BWA-no-clip,10,0.7666666666666667
1088,BWA-std,10,0.4090909090909091
1088,NW-flex,10,1.0
1088,BWA-no-clip,2,0.6090909090909091
1088,BWA-std,2,0.12727272727272726
1088,NW-flex,2,1.0
1088,BWA-no-clip,3,0.6606060606060606
1088,BWA-std,3,0.13636363636363635
1088,NW-flex,3,1.0
1088,BWA-no-clip,5,0.7121212121212122
1088,BWA-std,5,0.19090909090909092
1088,NW-flex,5,1.0
1088,BWA-no-clip,-1,0.7666666666666667
1088,BWA-std,-1,0.4090909090909091
1088,NW-flex,-1,1.0
1089,BWA-no-clip,0,0.5272727272727272
1089,BWA-std,0,0.12727272727272726
1089,NW-flex,0,0.996969696969697
1089,BWA-no-clip,1,0.5545454545454546
1089,BWA-std,1,0.12727272727272726
1089,NW-flex,1,1.0
1089,BWA-no-clip,10,0.8272727272727273
1089,BWA-std,10,0.41818181818181815
1089,NW-flex,10,1.0
1089,BWA-no-clip,2,0.6363636363636364
1089,BWA-std,2,0.13636363636363635
1089,NW-flex,2,1.0
1089,BWA-no-clip,3,0.6454545454545455
1089,BWA-std,3,0.14545454545454545
1089,NW-flex,3,1.0
1089,BWA-no-clip,5,0.7818181818181819
1089,BWA-std,5,0.2
1089,NW-flex,5,1.0
1089,BWA-no-clip,-1,0.8272727272727273
1089,BWA-std,-1,0.41818181818181815
1089,NW-flex,-1,1.0
1090,BWA-no-clip,0,0.4909090909090909
1090,BWA-std,0,0.10909090909090909
1090,NW-flex,0,0.8
1090,BWA-no-clip,1,0.6090909090909091
1090,BWA-std,1,0.12727272727272726
1090,NW-flex,1,0.996969696969697
1090,BWA-no-clip,10,0.8272727272727273
1090,BWA-std,10,0.4090909090909091
1090,NW-flex,10,1.0
1090,BWA-no-clip,2,0.4696969696969697
1090,BWA-std,2,0.12727272727272726
1090,NW-flex,2,0.9878787878787879
1090,BWA-no-clip,3,0.7272727272727273
1090,BWA-std,3,0.13636363636363635
1090,NW-flex,3,1.0
1090,BWA-no-clip,5,0.7636363636363637
1090,BWA-std,5,0.19090909090909092
1090,NW-flex,5,1.0
1090,BWA-no-clip,-1,0.8272727272727273
1090,BWA-std,-1,0.4090909090909091
1090,NW-flex,-1,1.0
1091,BWA-no-clip,0,0.45454545454545453
1091,BWA-std,0,0.10909090909090909
1091,NW-flex,0,0.8
1091,BWA-no-clip,1,0.6272727272727273
1091,BWA-std,1,0.12727272727272726
1091,NW-flex,1,0.996969696969697
1091,BWA-no-clip,10,0.8272727272727273
1091,BWA-std,10,0.4090909090909091
1091,NW-flex,10,1.0
1091,BWA-no-clip,2,0.5484848484848485
1091,BWA-std,2,0.12727272727272726
1091,NW-flex,2,0.990909090909091
1091,BWA-no-clip,3,0.7181818181818181
1091,BWA-std,3,0.13636363636363635
1091,NW-flex,3,1.0
1091,BWA-no-clip,5,0.8090909090909091
1091,BWA-std,5,0.19090909090909092
1091,NW-flex,5,1.0
1091,BWA-no-clip,-1,0.8272727272727273
1091,BWA-std,-1,0.4090909090909091
1091,NW-flex,-1,1.0
1092,BWA-no-clip,0,0.7363636363636363
1092,BWA-std,0,0.12727272727272726
1092,NW-flex,0,0.996969696969697
1092,BWA-no-clip,1,0.7
1092,BWA-std,1,0.12727272727272726
1092,NW-flex,1,1.0
1092,BWA-no-clip,10,0.9
1092,BWA-std,10,0.41818181818181815
1092,NW-flex,10,1.0
1092,BWA-no-clip,2,0.8090909090909091
1092,BWA-std,2,0.13636363636363635
1092,NW-flex,2,1.0
1092,BWA-no-clip,3,0.8181818181818182
1092,BWA-std,3,0.14545454545454545
1092,NW-flex,3,1.0
1092,BWA-no-clip,5,0.8454545454545455
1092,BWA-std,5,0.2
1092,NW-flex,5,1.0
1092,BWA-no-clip,-1,0.9
1092,BWA-std,-1,0.41818181818181815
1092,NW-flex,-1,1.0
1093,BWA-no-clip,0,0.6181818181818182
1093,BWA-std,0,0.12727272727272726
1093,NW-flex,0,0.996969696969697
1093,BWA-no-clip,1,0.5909090909090909
1093,BWA-std,1,0.12727272727272726
1093,NW-flex,1,1.0
1093,BWA-no-clip,10,0.8727272727272727
1093,BWA-std,10,0.41818181818181815
1093,NW-flex,10,1.0
1093,BWA-no-clip,2,0.7363636363636363
1093,BWA-std,2,0.13636363636363635
1093,NW-flex,2,1.0
1093,BWA-no-clip,3,0.7636363636363637
1093,BWA-std,3,0.14545454545454545
1093,NW-flex,3,1.0
1093,BWA-no-clip,5,0.8454545454545455
1093,BWA-std,5,0.2
1093,NW-flex,5,1.0
1093,BWA-no-clip,-1,0.8727272727272727
1093,BWA-std,-1,0.41818181818181815
1093,NW-flex,-1,1.0
1094,BWA-no-clip,0,0.42727272727272725
1094,BWA-std,0,0.10909090909090909
1094,NW-flex,0,0.7
1094,BWA-no-clip,1,0.6
1094,BWA-std,1,0.12727272727272726
1094,NW-flex,1,0.9939393939393939
1094,BWA-no-clip,10,0.7666666666666667
1094,BWA-std,10,0.4090909090909091
1094,NW-flex,10,1.0
1094,BWA-no-clip,2,0.5909090909090909
1094,BWA-std,2,0.12727272727272726
1094,NW-flex,2,1.0
1094,BWA-no-clip,3,0.6151515151515151
1094,BWA-std,3,0.13636363636363635
1094,NW-flex,3,1.0
1094,BWA-no-clip,5,0.7575757575757576
1094,BWA-std,5,0.19090909090909092
1094,NW-flex,5,1.0
1094,BWA-no-clip,-1,0.7666666666666667
1094,BWA-std,-1,0.4090909090909091
1094,NW-flex,-1,1.0
1095,BWA-no-clip,0,0.7454545454545455
1095,BWA-std,0,0.12727272727272726
1095,NW-flex,0,1.0
1095,BWA-no-clip,1,0.7727272727272727
1095,BWA-std,1,0.12727272727272726
1095,NW-flex,1,1.0
1095,BWA-no-clip,10,0.8909090909090909
1095,BWA-std,10,0.41818181818181815
1095,NW-flex,10,1.0
1095,BWA-no-clip,2,0.8
1095,BWA-std,2,0.13636363636363635
1095,NW-flex,2,1.0
1095,BWA-no-clip,3,0.8636363636363636
1095,BWA-std,3,0.14545454545454545
1095,NW-flex,3,1.0
1095,BWA-no-clip,5,0.8727272727272727
1095,BWA-std,5,0.2
1095,NW-flex,5,1.0
1095,BWA-no-clip,-1,0.8909090909090909
1095,BWA-std,-1,0.41818181818181815
1095,NW-flex,-1,1.0
1096,BWA-no-clip,0,0.7090909090909091
1096,BWA-std,0,0.12727272727272726
1096,NW-flex,0,0.996969696969697
1096,BWA-no-clip,1,0.6909090909090909
1096,BWA-std,1,0.12727272727272726
1096,NW-flex,1,1.0
1096,BWA-no-clip,10,0.9
1096,BWA-std,10,0.41818181818181815
1096,NW-flex,10,1.0
1096,BWA-no-clip,2,0.7818181818181819
1096,BWA-std,2,0.13636363636363635
1096,NW-flex,2,1.0
1096,BWA-no-clip,3,0.8090909090909091
1096,BWA-std,3,0.14545454545454545
1096,NW-flex,3,1.0
1096,BWA-no-clip,5,0.8909090909090909
1096,BWA-std,5,0.2
1096,NW-flex,5,1.0
1096,BWA-no-clip,-1,0.9
1096,BWA-std,-1,0.41818181818181815
1096,NW-flex,-1,1.0
1097,BWA-no-clip,0,0.5272727272727272
1097,BWA-std,0,0.10909090909090909
1097,NW-flex,0,0.9
1097,BWA-no-clip,1,0.7454545454545455
1097,BWA-std,1,0.12727272727272726
1097,NW-flex,1,1.0
1097,BWA-no-clip,10,0.9090909090909091
1097,BWA-std,10,0.41818181818181815
1097,NW-flex,10,1.0
1097,BWA-no-clip,2,0.7909090909090909
1097,BWA-std,2,0.13636363636363635
1097,NW-flex,2,1.0
1097,BWA-no-clip,3,0.8545454545454545
1097,BWA-std,3,0.14545454545454545
1097,NW-flex,3,1.0
1097,BWA-no-clip,5,0.9
1097,BWA-std,5,0.2
1097,NW-flex,5,1.0
1097,BWA-no-clip,-1,0.9090909090909091
1097,BWA-std,-1,0.41818181818181815
1097,NW-flex,-1,1.0
1098,BWA-no-clip,0,0.5727272727272728
1098,BWA-std,0,0.12727272727272726
1098,NW-flex,0,0.996969696969697
1098,BWA-no-clip,1,0.5272727272727272
1098,BWA-std,1,0.12727272727272726
1098,NW-flex,1,1.0
1098,BWA-no-clip,10,0.9181818181818182
1098,BWA-std,10,0.41818181818181815
1098,NW-flex,10,1.0
1098,BWA-no-clip,2,0.8545454545454545
1098,BWA-std,2,0.13636363636363635
1098,NW-flex,2,1.0
1098,BWA-no-clip,3,0.8818181818181818
1098,BWA-std,3,0.14545454545454545
1098,NW-flex,3,1.0
1098,BWA-no-clip,5,0.9090909090909091
1098,BWA-std,5,0.2
1098,NW-flex,5,1.0
1098,BWA-no-clip,-1,0.9181818181818182
1098,BWA-std,-1,0.41818181818181815
1098,NW-flex,-1,1.0
1099,BWA-no-clip,0,0.4818181818181818
1099,BWA-std,0,0.10909090909090909
1099,NW-flex,0,0.9
1099,BWA-no-clip,1,0.6636363636363637
1099,BWA-std,1,0.12727272727272726
1099,NW-flex,1,1.0
1099,BWA-no-clip,10,0.8545454545454545
1099,BWA-std,10,0.41818181818181815
1099,NW-flex,10,1.0
1099,BWA-no-clip,2,0.7
1099,BWA-std,2,0.13636363636363635
1099,NW-flex,2,1.0
1099,BWA-no-clip,3,0.7818181818181819
1099,BWA-std,3,0.14545454545454545
1099,NW-flex,3,1.0
1099,BWA-no-clip,5,0.7909090909090909
1099,BWA-std,5,0.2
1099,NW-flex,5,1.0
1099,BWA-no-clip,-1,0.8545454545454545
1099,BWA-std,-1,0.41818181818181815
1099,NW-flex,-1,1.0
1100,BWA-no-clip,0,0.5909090909090909
1100,BWA-std,0,0.12727272727272726
1100,NW-flex,0,1.0
1100,BWA-no-clip,1,0.5909090909090909
1100,BWA-std,1,0.12727272727272726
1100,NW-flex,1,1.0
1100,BWA-no-clip,10,0.9181818181818182
1100,BWA-std,10,0.41818181818181815
1100,NW-flex,10,1.0
1100,BWA-no-clip,2,0.8181818181818182
1100,BWA-std,2,0.13636363636363635
1100,NW-flex,2,1.0
1100,BWA-no-clip,3,0.8272727272727273
1100,BWA-std,3,0.14545454545454545
1100,NW-flex,3,1.0
1100,BWA-no-clip,5,0.8909090909090909
1100,BWA-std,5,0.2
1100,NW-flex,5,1.0
1100,BWA-no-clip,-1,0.9181818181818182
1100,BWA-std,-1,0.41818181818181815
1100,NW-flex,-1,1.0
1101,BWA-no-clip,0,0.6454545454545455
1101,BWA-std,0,0.12727272727272726
1101,NW-flex,0,1.0
1101,BWA-no-clip,1,0.6181818181818182
1101,BWA-std,1,0.12727272727272726
1101,NW-flex,1,1.0
1101,BWA-no-clip,10,0.9181818181818182
1101,BWA-std,10,0.41818181818181815
1101,NW-flex,10,1.0
1101,BWA-no-clip,2,0.8727272727272727
1101,BWA-std,2,0.13636363636363635
1101,NW-flex,2,1.0
1101,BWA-no-clip,3,0.8818181818181818
1101,BWA-std,3,0.14545454545454545
1101,NW-flex,3,1.0
1101,BWA-no-clip,5,0.7545454545454545
1101,BWA-std,5,0.2
1101,NW-flex,5,1.0
1101,BWA-no-clip,-1,0.9181818181818182
1101,BWA-std,-1,0.41818181818181815
1101,NW-flex,-1,1.0
1102,BWA-no-clip,0,0.7363636363636363
1102,BWA-std,0,0.12727272727272726
1102,NW-flex,0,1.0
1102,BWA-no-clip,1,0.8090909090909091
1102,BWA-std,1,0.12727272727272726
1102,NW-flex,1,1.0
1102,BWA-no-clip,10,0.8909090909090909
1102,BWA-std,10,0.41818181818181815
1102,NW-flex,10,1.0
1102,BWA-no-clip,2,0.806060606060606
1102,BWA-std,2,0.13636363636363635
1102,NW-flex,2,1.0
1102,BWA-no-clip,3,0.8181818181818182
1102,BWA-std,3,0.14545454545454545
1102,NW-flex,3,1.0
1102,BWA-no-clip,5,0.8909090909090909
1102,BWA-std,5,0.2
1102,NW-flex,5,1.0
1102,BWA-no-clip,-1,0.8909090909090909
1102,BWA-std,-1,0.41818181818181815
1102,NW-flex,-1,1.0
1103,BWA-no-clip,0,0.8
1103,BWA-std,0,0.12727272727272726
1103,NW-flex,0,0.9939393939393939
1103,BWA-no-clip,1,0.8
1103,BWA-std,1,0.12727272727272726
1103,NW-flex,1,1.0
1103,BWA-no-clip,10,0.8818181818181818
1103,BWA-std,10,0.41818181818181815
1103,NW-flex,10,1.0
1103,BWA-no-clip,2,0.8272727272727273
1103,BWA-std,2,0.13636363636363635
1103,NW-flex,2,1.0
1103,BWA-no-clip,3,0.8272727272727273
1103,BWA-std,3,0.14545454545454545
1103,NW-flex,3,1.0
1103,BWA-no-clip,5,0.8818181818181818
1103,BWA-std,5,0.2
1103,NW-flex,5,1.0
1103,BWA-no-clip,-1,0.8818181818181818
1103,BWA-std,-1,0.41818181818181815
1103,NW-flex,-1,1.0
1104,BWA-no-clip,0,0.6727272727272727
1104,BWA-std,0,0.12727272727272726
1104,NW-flex,0,1.0
1104,BWA-no-clip,1,0.7272727272727273
1104,BWA-std,1,0.12727272727272726
1104,NW-flex,1,1.0
1104,BWA-no-clip,10,0.9181818181818182
1104,BWA-std,10,0.41818181818181815
1104,NW-flex,10,1.0
1104,BWA-no-clip,2,0.8545454545454545
1104,BWA-std,2,0.13636363636363635
1104,NW-flex,2,1.0
1104,BWA-no-clip,3,0.8727272727272727
1104,BWA-std,3,0.14545454545454545
1104,NW-flex,3,1.0
1104,BWA-no-clip,5,0.8636363636363636
1104,BWA-std,5,0.2
1104,NW-flex,5,1.0
1104,BWA-no-clip,-1,0.9181818181818182
1104,BWA-std,-1,0.41818181818181815
1104,NW-flex,-1,1.0
1105,BWA-no-clip,0,0.6909090909090909
1105,BWA-std,0,0.12727272727272726
1105,NW-flex,0,0.990909090909091
1105,BWA-no-clip,1,0.7727272727272727
1105,BWA-std,1,0.12727272727272726
1105,NW-flex,1,1.0
1105,BWA-no-clip,10,0.8636363636363636
1105,BWA-std,10,0.41818181818181815
1105,NW-flex,10,1.0
1105,BWA-no-clip,2,0.7727272727272727
1105,BWA-std,2,0.13636363636363635
1105,NW-flex,2,1.0
1105,BWA-no-clip,3,0.7454545454545455
1105,BWA-std,3,0.14545454545454545
1105,NW-flex,3,1.0
1105,BWA-no-clip,5,0.8363636363636363
1105,BWA-std,5,0.2
1105,NW-flex,5,1.0
1105,BWA-no-clip,-1,0.8636363636363636
1105,BWA-std,-1,0.41818181818181815
1105,NW-flex,-1,1.0
1106,BWA-no-clip,0,0.7272727272727273
1106,BWA-std,0,0.12727272727272726
1106,NW-flex,0,1.0
1106,BWA-no-clip,1,0.7909090909090909
1106,BWA-std,1,0.12727272727272726
1106,NW-flex,1,1.0
1106,BWA-no-clip,10,0.9181818181818182
1106,BWA-std,10,0.41818181818181815
1106,NW-flex,10,1.0
1106,BWA-no-clip,2,0.8181818181818182
1106,BWA-std,2,0.13636363636363635
1106,NW-flex,2,1.0
1106,BWA-no-clip,3,0.8545454545454545
1106,BWA-std,3,0.14545454545454545
1106,NW-flex,3,1.0
1106,BWA-no-clip,5,0.9181818181818182
1106,BWA-std,5,0.2
1106,NW-flex,5,1.0
1106,BWA-no-clip,-1,0.9181818181818182
1106,BWA-std,-1,0.41818181818181815
1106,NW-flex,-1,1.0
1107,BWA-no-clip,0,0.7818181818181819
1107,BWA-std,0,0.12727272727272726
1107,NW-flex,0,1.0
1107,BWA-no-clip,1,0.8272727272727273
1107,BWA-std,1,0.12727272727272726
1107,NW-flex,1,1.0
1107,BWA-no-clip,10,0.9
1107,BWA-std,10,0.41818181818181815
1107,NW-flex,10,1.0
1107,BWA-no-clip,2,0.7545454545454545
1107,BWA-std,2,0.13636363636363635
1107,NW-flex,2,1.0
1107,BWA-no-clip,3,0.8363636363636363
1107,BWA-std,3,0.14545454545454545
1107,NW-flex,3,1.0
1107,BWA-no-clip,5,0.8454545454545455
1107,BWA-std,5,0.2
1107,NW-flex,5,1.0
1107,BWA-no-clip,-1,0.9
1107,BWA-std,-1,0.41818181818181815
1107,NW-flex,-1,1.0
1108,BWA-no-clip,0,0.5363636363636364
1108,BWA-std,0,0.10909090909090909
1108,NW-flex,0,0.9
1108,BWA-no-clip,1,0.7272727272727273
1108,BWA-std,1,0.12727272727272726
1108,NW-flex,1,1.0
1108,BWA-no-clip,10,0.9090909090909091
1108,BWA-std,10,0.41818181818181815
1108,NW-flex,10,1.0
1108,BWA-no-clip,2,0.7727272727272727
1108,BWA-std,2,0.13636363636363635
1108,NW-flex,2,1.0
1108,BWA-no-clip,3,0.8454545454545455
1108,BWA-std,3,0.14545454545454545
1108,NW-flex,3,1.0
1108,BWA-no-clip,5,0.8545454545454545
1108,BWA-std,5,0.2
1108,NW-flex,5,1.0
1108,BWA-no-clip,-1,0.9090909090909091
1108,BWA-std,-1,0.41818181818181815
1108,NW-flex,-1,1.0
1109,BWA-no-clip,0,0.7090909090909091
1109,BWA-std,0,0.12727272727272726
1109,NW-flex,0,0.996969696969697
1109,BWA-no-clip,1,0.7909090909090909
1109,BWA-std,1,0.12727272727272726
1109,NW-flex,1,1.0
1109,BWA-no-clip,10,0.8727272727272727
1109,BWA-std,10,0.4090909090909091
1109,NW-flex,10,1.0
1109,BWA-no-clip,2,0.7363636363636363
1109,BWA-std,2,0.12727272727272726
1109,NW-flex,2,1.0
1109,BWA-no-clip,3,0.8090909090909091
1109,BWA-std,3,0.13636363636363635
1109,NW-flex,3,1.0
1109,BWA-no-clip,5,0.8363636363636363
1109,BWA-std,5,0.19090909090909092
1109,NW-flex,5,1.0
1109,BWA-no-clip,-1,0.8727272727272727
1109,BWA-std,-1,0.4090909090909091
1109,NW-flex,-1,1.0
1110,BWA-no-clip,0,0.4818181818181818
1110,BWA-std,0,0.10909090909090909
1110,NW-flex,0,0.8
1110,BWA-no-clip,1,0.6727272727272727
1110,BWA-std,1,0.12727272727272726
1110,NW-flex,1,0.996969696969697
1110,BWA-no-clip,10,0.8090909090909091
1110,BWA-std,10,0.4090909090909091
1110,NW-flex,10,1.0
1110,BWA-no-clip,2,0.7090909090909091
1110,BWA-std,2,0.12727272727272726
1110,NW-flex,2,1.0
1110,BWA-no-clip,3,0.703030303030303
1110,BWA-std,3,0.13636363636363635
1110,NW-flex,3,1.0
1110,BWA-no-clip,5,0.8
1110,BWA-std,5,0.19090909090909092
1110,NW-flex,5,1.0
1110,BWA-no-clip,-1,0.8090909090909091
1110,BWA-std,-1,0.4090909090909091
1110,NW-flex,-1,1.0
1111,BWA-no-clip,0,0.4727272727272727
1111,BWA-std,0,0.10909090909090909
1111,NW-flex,0,0.9
1111,BWA-no-clip,1,0.7727272727272727
1111,BWA-std,1,0.12727272727272726
1111,NW-flex,1,1.0
1111,BWA-no-clip,10,0.9
1111,BWA-std,10,0.41818181818181815
1111,NW-flex,10,1.0
1111,BWA-no-clip,2,0.8181818181818182
1111,BWA-std,2,0.13636363636363635
1111,NW-flex,2,1.0
1111,BWA-no-clip,3,0.8181818181818182
1111,BWA-std,3,0.14545454545454545
1111,NW-flex,3,1.0
1111,BWA-no-clip,5,0.9
1111,BWA-std,5,0.2
1111,NW-flex,5,1.0
1111,BWA-no-clip,-1,0.9
1111,BWA-std,-1,0.41818181818181815
1111,NW-flex,-1,1.0
1112,BWA-no-clip,0,0.5272727272727272
1112,BWA-std,0,0.12727272727272726
1112,NW-flex,0,0.996969696969697
1112,BWA-no-clip,1,0.5545454545454546
1112,BWA-std,1,0.12727272727272726
1112,NW-flex,1,1.0
1112,BWA-no-clip,10,0.8272727272727273
1112,BWA-std,10,0.41818181818181815
1112,NW-flex,10,1.0
1112,BWA-no-clip,2,0.5909090909090909
1112,BWA-std,2,0.13636363636363635
1112,NW-flex,2,1.0
1112,BWA-no-clip,3,0.6545454545454545
1112,BWA-std,3,0.14545454545454545
1112,NW-flex,3,1.0
1112,BWA-no-clip,5,0.7818181818181819
1112,BWA-std,5,0.2
1112,NW-flex,5,1.0
1112,BWA-no-clip,-1,0.8272727272727273
1112,BWA-std,-1,0.41818181818181815
1112,NW-flex,-1,1.0
1113,BWA-no-clip,0,0.6636363636363637
1113,BWA-std,0,0.12727272727272726
1113,NW-flex,0,1.0
1113,BWA-no-clip,1,0.6787878787878788
1113,BWA-std,1,0.12727272727272726
1113,NW-flex,1,1.0
1113,BWA-no-clip,10,0.9181818181818182
1113,BWA-std,10,0.41818181818181815
1113,NW-flex,10,1.0
1113,BWA-no-clip,2,0.8363636363636363
1113,BWA-std,2,0.13636363636363635
1113,NW-flex,2,1.0
1113,BWA-no-clip,3,0.8454545454545455
1113,BWA-std,3,0.14545454545454545
1113,NW-flex,3,1.0
1113,BWA-no-clip,5,0.9181818181818182
1113,BWA-std,5,0.2
1113,NW-flex,5,1.0
1113,BWA-no-clip,-1,0.9181818181818182
1113,BWA-std,-1,0.41818181818181815
1113,NW-flex,-1,1.0
1114,BWA-no-clip,0,0.8090909090909091
1114,BWA-std,0,0.12727272727272726
1114,NW-flex,0,1.0
1114,BWA-no-clip,1,0.8181818181818182
1114,BWA-std,1,0.12727272727272726
1114,NW-flex,1,1.0
1114,BWA-no-clip,10,0.9181818181818182
1114,BWA-std,10,0.41818181818181815
1114,NW-flex,10,1.0
1114,BWA-no-clip,2,0.8636363636363636
1114,BWA-std,2,0.13636363636363635
1114,NW-flex,2,1.0
1114,BWA-no-clip,3,0.8909090909090909
1114,BWA-std,3,0.14545454545454545
1114,NW-flex,3,1.0
1114,BWA-no-clip,5,0.9181818181818182
1114,BWA-std,5,0.2
1114,NW-flex,5,1.0
1114,BWA-no-clip,-1,0.9181818181818182
1114,BWA-std,-1,0.41818181818181815
1114,NW-flex,-1,1.0
1115,BWA-no-clip,0,0.44545454545454544
1115,BWA-std,0,0.10909090909090909
1115,NW-flex,0,0.7
1115,BWA-no-clip,1,0.6
1115,BWA-std,1,0.12727272727272726
1115,NW-flex,1,0.990909090909091
1115,BWA-no-clip,10,0.7484848484848485
1115,BWA-std,10,0.4090909090909091
1115,NW-flex,10,1.0
1115,BWA-no-clip,2,0.5212121212121212
1115,BWA-std,2,0.12727272727272726
1115,NW-flex,2,0.806060606060606
1115,BWA-no-clip,3,0.6787878787878788
1115,BWA-std,3,0.13636363636363635
1115,NW-flex,3,1.0
1115,BWA-no-clip,5,0.693939393939394
1115,BWA-std,5,0.19090909090909092
1115,NW-flex,5,1.0
1115,BWA-no-clip,-1,0.7484848484848485
1115,BWA-std,-1,0.4090909090909091
1115,NW-flex,-1,1.0
1116,BWA-no-clip,0,0.6818181818181818
1116,BWA-std,0,0.12727272727272726
1116,NW-flex,0,1.0
1116,BWA-no-clip,1,0.7363636363636363
1116,BWA-std,1,0.12727272727272726
1116,NW-flex,1,1.0
1116,BWA-no-clip,10,0.8
1116,BWA-std,10,0.4
1116,NW-flex,10,1.0
1116,BWA-no-clip,2,0.7090909090909091
1116,BWA-std,2,0.12727272727272726
1116,NW-flex,2,1.0
1116,BWA-no-clip,3,0.7363636363636363
1116,BWA-std,3,0.12727272727272726
1116,NW-flex,3,1.0
1116,BWA-no-clip,5,0.7636363636363637
1116,BWA-std,5,0.18181818181818182
1116,NW-flex,5,1.0
1116,BWA-no-clip,-1,0.8
1116,BWA-std,-1,0.4
1116,NW-flex,-1,1.0
1117,BWA-no-clip,0,0.7181818181818181
1117,BWA-std,0,0.12727272727272726
1117,NW-flex,0,1.0
1117,BWA-no-clip,1,0.7636363636363637
1117,BWA-std,1,0.12727272727272726
1117,NW-flex,1,1.0
1117,BWA-no-clip,10,0.9181818181818182
1117,BWA-std,10,0.41818181818181815
1117,NW-flex,10,1.0
1117,BWA-no-clip,2,0.8090909090909091
1117,BWA-std,2,0.13636363636363635
1117,NW-flex,2,1.0
1117,BWA-no-clip,3,0.8454545454545455
1117,BWA-std,3,0.14545454545454545
1117,NW-flex,3,1.0
1117,BWA-no-clip,5,0.9181818181818182
1117,BWA-std,5,0.2
1117,NW-flex,5,1.0
1117,BWA-no-clip,-1,0.9181818181818182
1117,BWA-std,-1,0.41818181818181815
1117,NW-flex,-1,1.0
1118,BWA-no-clip,0,0.5454545454545454
1118,BWA-std,0,0.12727272727272726
1118,NW-flex,0,1.0
1118,BWA-no-clip,1,0.5636363636363636
1118,BWA-std,1,0.12727272727272726
1118,NW-flex,1,1.0
1118,BWA-no-clip,10,0.8
1118,BWA-std,10,0.4
1118,NW-flex,10,1.0
1118,BWA-no-clip,2,0.6454545454545455
1118,BWA-std,2,0.12727272727272726
1118,NW-flex,2,1.0
1118,BWA-no-clip,3,0.7
1118,BWA-std,3,0.12727272727272726
1118,NW-flex,3,1.0
1118,BWA-no-clip,5,0.7454545454545455
1118,BWA-std,5,0.18181818181818182
1118,NW-flex,5,1.0
1118,BWA-no-clip,-1,0.8
1118,BWA-std,-1,0.4
1118,NW-flex,-1,1.0
1119,BWA-no-clip,0,0.44545454545454544
1119,BWA-std,0,0.10909090909090909
1119,NW-flex,0,0.7
1119,BWA-no-clip,1,0.6636363636363637
1119,BWA-std,1,0.12727272727272726
1119,NW-flex,1,0.9939393939393939
1119,BWA-no-clip,10,0.7666666666666667
1119,BWA-std,10,0.4090909090909091
1119,NW-flex,10,1.0
1119,BWA-no-clip,2,0.6272727272727273
1119,BWA-std,2,0.12727272727272726
1119,NW-flex,2,1.0
1119,BWA-no-clip,3,0.6606060606060606
1119,BWA-std,3,0.13636363636363635
1119,NW-flex,3,1.0
1119,BWA-no-clip,5,0.7393939393939394
1119,BWA-std,5,0.19090909090909092
1119,NW-flex,5,1.0
1119,BWA-no-clip,-1,0.7666666666666667
1119,BWA-std,-1,0.4090909090909091
1119,NW-flex,-1,1.0
1120,BWA-no-clip,0,0.6181818181818182
1120,BWA-std,0,0.12727272727272726
1120,NW-flex,0,1.0
1120,BWA-no-clip,1,0.6545454545454545
1120,BWA-std,1,0.12727272727272726
1120,NW-flex,1,1.0
1120,BWA-no-clip,10,0.8727272727272727
1120,BWA-std,10,0.41818181818181815
1120,NW-flex,10,1.0
1120,BWA-no-clip,2,0.7363636363636363
1120,BWA-std,2,0.13636363636363635
1120,NW-flex,2,1.0
1120,BWA-no-clip,3,0.7818181818181819
1120,BWA-std,3,0.14545454545454545
1120,NW-flex,3,1.0
1120,BWA-no-clip,5,0.8454545454545455
1120,BWA-std,5,0.2
1120,NW-flex,5,1.0
1120,BWA-no-clip,-1,0.8727272727272727
1120,BWA-std,-1,0.41818181818181815
1120,NW-flex,-1,1.0
1121,BWA-no-clip,0,0.7272727272727273
1121,BWA-std,0,0.12727272727272726
1121,NW-flex,0,1.0
1121,BWA-no-clip,1,0.7454545454545455
1121,BWA-std,1,0.12727272727272726
1121,NW-flex,1,1.0
1121,BWA-no-clip,10,0.9090909090909091
1121,BWA-std,10,0.41818181818181815
1121,NW-flex,10,1.0
1121,BWA-no-clip,2,0.7909090909090909
1121,BWA-std,2,0.13636363636363635
1121,NW-flex,2,1.0
1121,BWA-no-clip,3,0.7454545454545455
1121,BWA-std,3,0.14545454545454545
1121,NW-flex,3,1.0
1121,BWA-no-clip,5,0.8545454545454545
1121,BWA-std,5,0.2
1121,NW-flex,5,1.0
1121,BWA-no-clip,-1,0.9090909090909091
1121,BWA-std,-1,0.41818181818181815
1121,NW-flex,-1,1.0
1122,BWA-no-clip,0,0.4727272727272727
1122,BWA-std,0,0.10909090909090909
1122,NW-flex,0,0.8
1122,BWA-no-clip,1,0.6909090909090909
1122,BWA-std,1,0.12727272727272726
1122,NW-flex,1,0.996969696969697
1122,BWA-no-clip,10,0.8181818181818182
1122,BWA-std,10,0.4090909090909091
1122,NW-flex,10,1.0
1122,BWA-no-clip,2,0.7272727272727273
1122,BWA-std,2,0.12727272727272726
1122,NW-flex,2,1.0
1122,BWA-no-clip,3,0.7484848484848485
1122,BWA-std,3,0.13636363636363635
1122,NW-flex,3,1.0
1122,BWA-no-clip,5,0.7909090909090909
1122,BWA-std,5,0.19090909090909092
1122,NW-flex,5,1.0
1122,BWA-no-clip,-1,0.8181818181818182
1122,BWA-std,-1,0.4090909090909091
1122,NW-flex,-1,1.0
1123,BWA-no-clip,0,0.41818181818181815
1123,BWA-std,0,0.10909090909090909
1123,NW-flex,0,0.9
1123,BWA-no-clip,1,0.6909090909090909
1123,BWA-std,1,0.12727272727272726
1123,NW-flex,1,1.0
1123,BWA-no-clip,10,0.8818181818181818
1123,BWA-std,10,0.41818181818181815
1123,NW-flex,10,1.0
1123,BWA-no-clip,2,0.7545454545454545
1123,BWA-std,2,0.13636363636363635
1123,NW-flex,2,1.0
1123,BWA-no-clip,3,0.7545454545454545
1123,BWA-std,3,0.14545454545454545
1123,NW-flex,3,1.0
1123,BWA-no-clip,5,0.8545454545454545
1123,BWA-std,5,0.2
1123,NW-flex,5,1.0
1123,BWA-no-clip,-1,0.8818181818181818
1123,BWA-std,-1,0.41818181818181815
1123,NW-flex,-1,1.0
1124,BWA-no-clip,0,0.5
1124,BWA-std,0,0.10909090909090909
1124,NW-flex,0,0.9
1124,BWA-no-clip,1,0.6454545454545455
1124,BWA-std,1,0.12727272727272726
1124,NW-flex,1,0.996969696969697
1124,BWA-no-clip,10,0.8909090909090909
1124,BWA-std,10,0.41818181818181815
1124,NW-flex,10,1.0
1124,BWA-no-clip,2,0.8363636363636363
1124,BWA-std,2,0.13636363636363635
1124,NW-flex,2,1.0
1124,BWA-no-clip,3,0.7454545454545455
1124,BWA-std,3,0.14545454545454545
1124,NW-flex,3,1.0
1124,BWA-no-clip,5,0.8454545454545455
1124,BWA-std,5,0.2
1124,NW-flex,5,1.0
1124,BWA-no-clip,-1,0.8909090909090909
1124,BWA-std,-1,0.41818181818181815
1124,NW-flex,-1,1.0
1125,BWA-no-clip,0,0.7727272727272727
1125,BWA-std,0,0.12727272727272726
1125,NW-flex,0,1.0
1125,BWA-no-clip,1,0.7181818181818181
1125,BWA-std,1,0.12727272727272726
1125,NW-flex,1,1.0
1125,BWA-no-clip,10,0.8909090909090909
1125,BWA-std,10,0.41818181818181815
1125,NW-flex,10,1.0
1125,BWA-no-clip,2,0.7545454545454545
1125,BWA-std,2,0.13636363636363635
1125,NW-flex,2,1.0
1125,BWA-no-clip,3,0.8181818181818182
1125,BWA-std,3,0.14545454545454545
1125,NW-flex,3,1.0
1125,BWA-no-clip,5,0.8909090909090909
1125,BWA-std,5,0.2
1125,NW-flex,5,1.0
1125,BWA-no-clip,-1,0.8909090909090909
1125,BWA-std,-1,0.41818181818181815
1125,NW-flex,-1,1.0
1126,BWA-no-clip,0,0.41818181818181815
1126,BWA-std,0,0.10909090909090909
1126,NW-flex,0,0.9
1126,BWA-no-clip,1,0.6181818181818182
1126,BWA-std,1,0.12727272727272726
1126,NW-flex,1,1.0
1126,BWA-no-clip,10,0.8545454545454545
1126,BWA-std,10,0.41818181818181815
1126,NW-flex,10,1.0
1126,BWA-no-clip,2,0.7363636363636363
1126,BWA-std,2,0.13636363636363635
1126,NW-flex,2,1.0
1126,BWA-no-clip,3,0.7272727272727273
1126,BWA-std,3,0.14545454545454545
1126,NW-flex,3,1.0
1126,BWA-no-clip,5,0.8181818181818182
1126,BWA-std,5,0.2
1126,NW-flex,5,1.0
1126,BWA-no-clip,-1,0.8545454545454545
1126,BWA-std,-1,0.41818181818181815
1126,NW-flex,-1,1.0
1127,BWA-no-clip,0,0.7636363636363637
1127,BWA-std,0,0.12727272727272726
1127,NW-flex,0,0.9939393939393939
1127,BWA-no-clip,1,0.7636363636363637
1127,BWA-std,1,0.12727272727272726
1127,NW-flex,1,1.0
1127,BWA-no-clip,10,0.8909090909090909
1127,BWA-std,10,0.41818181818181815
1127,NW-flex,10,1.0
1127,BWA-no-clip,2,0.8545454545454545
1127,BWA-std,2,0.13636363636363635
1127,NW-flex,2,1.0
1127,BWA-no-clip,3,0.8454545454545455
1127,BWA-std,3,0.14545454545454545
1127,NW-flex,3,1.0
1127,BWA-no-clip,5,0.8727272727272727
1127,BWA-std,5,0.2
1127,NW-flex,5,1.0
1127,BWA-no-clip,-1,0.8909090909090909
1127,BWA-std,-1,0.41818181818181815
1127,NW-flex,-1,1.0
1128,BWA-no-clip,0,0.5636363636363636
1128,BWA-std,0,0.12727272727272726
1128,NW-flex,0,1.0
1128,BWA-no-clip,1,0.6363636363636364
1128,BWA-std,1,0.12727272727272726
1128,NW-flex,1,1.0
1128,BWA-no-clip,10,0.9181818181818182
1128,BWA-std,10,0.41818181818181815
1128,NW-flex,10,1.0
1128,BWA-no-clip,2,0.8181818181818182
1128,BWA-std,2,0.13636363636363635
1128,NW-flex,2,1.0
1128,BWA-no-clip,3,0.8363636363636363
1128,BWA-std,3,0.14545454545454545
1128,NW-flex,3,1.0
1128,BWA-no-clip,5,0.5636363636363636
1128,BWA-std,5,0.18181818181818182
1128,NW-flex,5,1.0
1128,BWA-no-clip,-1,0.9181818181818182
1128,BWA-std,-1,0.41818181818181815
1128,NW-flex,-1,1.0
1129,BWA-no-clip,0,0.5909090909090909
1129,BWA-std,0,0.12727272727272726
1129,NW-flex,0,1.0
1129,BWA-no-clip,1,0.7636363636363637
1129,BWA-std,1,0.12727272727272726
1129,NW-flex,1,1.0
1129,BWA-no-clip,10,0.8454545454545455
1129,BWA-std,10,0.4090909090909091
1129,NW-flex,10,1.0
1129,BWA-no-clip,2,0.7090909090909091
1129,BWA-std,2,0.12727272727272726
1129,NW-flex,2,1.0
1129,BWA-no-clip,3,0.7454545454545455
1129,BWA-std,3,0.13636363636363635
1129,NW-flex,3,1.0
1129,BWA-no-clip,5,0.8363636363636363
1129,BWA-std,5,0.19090909090909092
1129,NW-flex,5,1.0
1129,BWA-no-clip,-1,0.8454545454545455
1129,BWA-std,-1,0.4090909090909091
1129,NW-flex,-1,1.0
1130,BWA-no-clip,0,0.6090909090909091
1130,BWA-std,0,0.12727272727272726
1130,NW-flex,0,0.996969696969697
1130,BWA-no-clip,1,0.7454545454545455
1130,BWA-std,1,0.12727272727272726
1130,NW-flex,1,1.0
1130,BWA-no-clip,10,0.8090909090909091
1130,BWA-std,10,0.4
1130,NW-flex,10,1.0
1130,BWA-no-clip,2,0.7363636363636363
1130,BWA-std,2,0.12727272727272726
1130,NW-flex,2,1.0
1130,BWA-no-clip,3,0.6909090909090909
1130,BWA-std,3,0.12727272727272726
1130,NW-flex,3,1.0
1130,BWA-no-clip,5,0.7090909090909091
1130,BWA-std,5,0.18181818181818182
1130,NW-flex,5,1.0
1130,BWA-no-clip,-1,0.8090909090909091
1130,BWA-std,-1,0.4
1130,NW-flex,-1,1.0
1131,BWA-no-clip,0,0.7272727272727273
1131,BWA-std,0,0.12727272727272726
1131,NW-flex,0,1.0
1131,BWA-no-clip,1,0.7727272727272727
1131,BWA-std,1,0.12727272727272726
1131,NW-flex,1,1.0
1131,BWA-no-clip,10,0.9181818181818182
1131,BWA-std,10,0.41818181818181815
1131,NW-flex,10,1.0
1131,BWA-no-clip,2,0.8181818181818182
1131,BWA-std,2,0.13636363636363635
1131,NW-flex,2,1.0
1131,BWA-no-clip,3,0.8545454545454545
1131,BWA-std,3,0.14545454545454545
1131,NW-flex,3,1.0
1131,BWA-no-clip,5,0.8363636363636363
1131,BWA-std,5,0.2
1131,NW-flex,5,1.0
1131,BWA-no-clip,-1,0.9181818181818182
1131,BWA-std,-1,0.41818181818181815
1131,NW-flex,-1,1.0
1132,BWA-no-clip,0,0.4
1132,BWA-std,0,0.10909090909090909
1132,NW-flex,0,0.6
1132,BWA-no-clip,1,0.5969696969696969
1132,BWA-std,1,0.12727272727272726
1132,NW-flex,1,0.990909090909091
1132,BWA-no-clip,10,0.6787878787878788
1132,BWA-std,10,0.4
1132,NW-flex,10,1.0
1132,BWA-no-clip,2,0.5909090909090909
1132,BWA-std,2,0.12727272727272726
1132,NW-flex,2,1.0
1132,BWA-no-clip,3,0.6121212121212121
1132,BWA-std,3,0.13636363636363635
1132,NW-flex,3,1.0
1132,BWA-no-clip,5,0.6151515151515151
1132,BWA-std,5,0.18181818181818182
1132,NW-flex,5,1.0
1132,BWA-no-clip,-1,0.6787878787878788
1132,BWA-std,-1,0.4
1132,NW-flex,-1,1.0
1133,BWA-no-clip,0,0.43636363636363634
1133,BWA-std,0,0.10909090909090909
1133,NW-flex,0,0.7
1133,BWA-no-clip,1,0.5636363636363636
1133,BWA-std,1,0.12727272727272726
1133,NW-flex,1,0.9878787878787879
1133,BWA-no-clip,10,0.7393939393939394
1133,BWA-std,10,0.4090909090909091
1133,NW-flex,10,1.0
1133,BWA-no-clip,2,0.5696969696969697
1133,BWA-std,2,0.12727272727272726
1133,NW-flex,2,0.9030303030303031
1133,BWA-no-clip,3,0.696969696969697
1133,BWA-std,3,0.13636363636363635
1133,NW-flex,3,1.0
1133,BWA-no-clip,5,0.693939393939394
1133,BWA-std,5,0.19090909090909092
1133,NW-flex,5,1.0
1133,BWA-no-clip,-1,0.7393939393939394
1133,BWA-std,-1,0.4090909090909091
1133,NW-flex,-1,1.0
1134,BWA-no-clip,0,0.7909090909090909
1134,BWA-std,0,0.12727272727272726
1134,NW-flex,0,0.996969696969697
1134,BWA-no-clip,1,0.7818181818181819
1134,BWA-std,1,0.12727272727272726
1134,NW-flex,1,1.0
1134,BWA-no-clip,10,0.9090909090909091
1134,BWA-std,10,0.41818181818181815
1134,NW-flex,10,1.0
1134,BWA-no-clip,2,0.8272727272727273
1134,BWA-std,2,0.13636363636363635
1134,NW-flex,2,1.0
1134,BWA-no-clip,3,0.8636363636363636
1134,BWA-std,3,0.14545454545454545
1134,NW-flex,3,1.0
1134,BWA-no-clip,5,0.8545454545454545
1134,BWA-std,5,0.2
1134,NW-flex,5,1.0
1134,BWA-no-clip,-1,0.9090909090909091
1134,BWA-std,-1,0.41818181818181815
1134,NW-flex,-1,1.0
1135,BWA-no-clip,0,0.5363636363636364
1135,BWA-std,0,0.10909090909090909
1135,NW-flex,0,0.9
1135,BWA-no-clip,1,0.6727272727272727
1135,BWA-std,1,0.12727272727272726
1135,NW-flex,1,1.0
1135,BWA-no-clip,10,0.9181818181818182
1135,BWA-std,10,0.41818181818181815
1135,NW-flex,10,1.0
1135,BWA-no-clip,2,0.7636363636363637
1135,BWA-std,2,0.13636363636363635
1135,NW-flex,2,1.0
1135,BWA-no-clip,3,0.8363636363636363
1135,BWA-std,3,0.14545454545454545
1135,NW-flex,3,1.0
1135,BWA-no-clip,5,0.9
1135,BWA-std,5,0.2
1135,NW-flex,5,1.0
1135,BWA-no-clip,-1,0.9181818181818182
1135,BWA-std,-1,0.41818181818181815
1135,NW-flex,-1,1.0
1136,BWA-no-clip,0,0.7181818181818181
1136,BWA-std,0,0.12727272727272726
1136,NW-flex,0,0.990909090909091
1136,BWA-no-clip,1,0.7454545454545455
1136,BWA-std,1,0.12727272727272726
1136,NW-flex,1,1.0
1136,BWA-no-clip,10,0.9
1136,BWA-std,10,0.41818181818181815
1136,NW-flex,10,1.0
1136,BWA-no-clip,2,0.8272727272727273
1136,BWA-std,2,0.13636363636363635
1136,NW-flex,2,1.0
1136,BWA-no-clip,3,0.8909090909090909
1136,BWA-std,3,0.14545454545454545
1136,NW-flex,3,1.0
1136,BWA-no-clip,5,0.9
1136,BWA-std,5,0.2
1136,NW-flex,5,1.0
1136,BWA-no-clip,-1,0.9
1136,BWA-std,-1,0.41818181818181815
1136,NW-flex,-1,1.0
1137,BWA-no-clip,0,0.7818181818181819
1137,BWA-std,0,0.12727272727272726
1137,NW-flex,0,0.996969696969697
1137,BWA-no-clip,1,0.7454545454545455
1137,BWA-std,1,0.12727272727272726
1137,NW-flex,1,1.0
1137,BWA-no-clip,10,0.8909090909090909
1137,BWA-std,10,0.41818181818181815
1137,NW-flex,10,1.0
1137,BWA-no-clip,2,0.8
1137,BWA-std,2,0.13636363636363635
1137,NW-flex,2,1.0
1137,BWA-no-clip,3,0.8636363636363636
1137,BWA-std,3,0.14545454545454545
1137,NW-flex,3,1.0
1137,BWA-no-clip,5,0.8636363636363636
1137,BWA-std,5,0.2
1137,NW-flex,5,1.0
1137,BWA-no-clip,-1,0.8909090909090909
1137,BWA-std,-1,0.41818181818181815
1137,NW-flex,-1,1.0
1138,BWA-no-clip,0,0.7454545454545455
1138,BWA-std,0,0.12727272727272726
1138,NW-flex,0,1.0
1138,BWA-no-clip,1,0.7909090909090909
1138,BWA-std,1,0.12727272727272726
1138,NW-flex,1,1.0
1138,BWA-no-clip,10,0.8909090909090909
1138,BWA-std,10,0.41818181818181815
1138,NW-flex,10,1.0
1138,BWA-no-clip,2,0.7242424242424242
1138,BWA-std,2,0.13636363636363635
1138,NW-flex,2,1.0
1138,BWA-no-clip,3,0.8272727272727273
1138,BWA-std,3,0.14545454545454545
1138,NW-flex,3,1.0
1138,BWA-no-clip,5,0.8454545454545455
1138,BWA-std,5,0.2
1138,NW-flex,5,1.0
1138,BWA-no-clip,-1,0.8909090909090909
1138,BWA-std,-1,0.41818181818181815
1138,NW-flex,-1,1.0
1139,BWA-no-clip,0,0.37272727272727274
1139,BWA-std,0,0.10909090909090909
1139,NW-flex,0,0.7
1139,BWA-no-clip,1,0.5606060606060606
1139,BWA-std,1,0.12727272727272726
1139,NW-flex,1,0.706060606060606
1139,BWA-no-clip,10,0.7454545454545455
1139,BWA-std,10,0.4
1139,NW-flex,10,1.0
1139,BWA-no-clip,2,0.6727272727272727
1139,BWA-std,2,0.12727272727272726
1139,NW-flex,2,1.0
1139,BWA-no-clip,3,0.6545454545454545
1139,BWA-std,3,0.12727272727272726
1139,NW-flex,3,1.0
1139,BWA-no-clip,5,0.6818181818181818
1139,BWA-std,5,0.18181818181818182
1139,NW-flex,5,1.0
1139,BWA-no-clip,-1,0.7454545454545455
1139,BWA-std,-1,0.4
1139,NW-flex,-1,1.0
1140,BWA-no-clip,0,0.4909090909090909
1140,BWA-std,0,0.10909090909090909
1140,NW-flex,0,0.8
1140,BWA-no-clip,1,0.7545454545454545
1140,BWA-std,1,0.12727272727272726
1140,NW-flex,1,0.996969696969697
1140,BWA-no-clip,10,0.8272727272727273
1140,BWA-std,10,0.4090909090909091
1140,NW-flex,10,1.0
1140,BWA-no-clip,2,0.7181818181818181
1140,BWA-std,2,0.12727272727272726
1140,NW-flex,2,1.0
1140,BWA-no-clip,3,0.7363636363636363
1140,BWA-std,3,0.13636363636363635
1140,NW-flex,3,1.0
1140,BWA-no-clip,5,0.8181818181818182
1140,BWA-std,5,0.19090909090909092
1140,NW-flex,5,1.0
1140,BWA-no-clip,-1,0.8272727272727273
1140,BWA-std,-1,0.4090909090909091
1140,NW-flex,-1,1.0
1141,BWA-no-clip,0,0.509090909090909
1141,BWA-std,0,0.12727272727272726
1141,NW-flex,0,1.0
1141,BWA-no-clip,1,0.6090909090909091
1141,BWA-std,1,0.12727272727272726
1141,NW-flex,1,1.0
1141,BWA-no-clip,10,0.9181818181818182
1141,BWA-std,10,0.41818181818181815
1141,NW-flex,10,1.0
1141,BWA-no-clip,2,0.8454545454545455
1141,BWA-std,2,0.13636363636363635
1141,NW-flex,2,1.0
1141,BWA-no-clip,3,0.8636363636363636
1141,BWA-std,3,0.14545454545454545
1141,NW-flex,3,1.0
1141,BWA-no-clip,5,0.8909090909090909
1141,BWA-std,5,0.2
1141,NW-flex,5,1.0
1141,BWA-no-clip,-1,0.9181818181818182
1141,BWA-std,-1,0.41818181818181815
1141,NW-flex,-1,1.0
1142,BWA-no-clip,0,0.4818181818181818
1142,BWA-std,0,0.10909090909090909
1142,NW-flex,0,0.7
1142,BWA-no-clip,1,0.6818181818181818
1142,BWA-std,1,0.12727272727272726
1142,NW-flex,1,0.9
1142,BWA-no-clip,10,0.7818181818181819
1142,BWA-std,10,0.4
1142,NW-flex,10,1.0
1142,BWA-no-clip,2,0.5818181818181818
1142,BWA-std,2,0.12727272727272726
1142,NW-flex,2,1.0
1142,BWA-no-clip,3,0.6727272727272727
1142,BWA-std,3,0.12727272727272726
1142,NW-flex,3,1.0
1142,BWA-no-clip,5,0.7454545454545455
1142,BWA-std,5,0.18181818181818182
1142,NW-flex,5,1.0
1142,BWA-no-clip,-1,0.7818181818181819
1142,BWA-std,-1,0.4
1142,NW-flex,-1,1.0
1143,BWA-no-clip,0,0.4727272727272727
1143,BWA-std,0,0.10909090909090909
1143,NW-flex,0,0.7
1143,BWA-no-clip,1,0.5545454545454546
1143,BWA-std,1,0.12727272727272726
1143,NW-flex,1,0.9
1143,BWA-no-clip,10,0.7909090909090909
1143,BWA-std,10,0.4
1143,NW-flex,10,1.0
1143,BWA-no-clip,2,0.5818181818181818
1143,BWA-std,2,0.12727272727272726
1143,NW-flex,2,1.0
1143,BWA-no-clip,3,0.7272727272727273
1143,BWA-std,3,0.12727272727272726
1143,NW-flex,3,1.0
1143,BWA-no-clip,5,0.7545454545454545
1143,BWA-std,5,0.18181818181818182
1143,NW-flex,5,1.0
1143,BWA-no-clip,-1,0.7909090909090909
1143,BWA-std,-1,0.4
1143,NW-flex,-1,1.0
1144,BWA-no-clip,0,0.6636363636363637
1144,BWA-std,0,0.12727272727272726
1144,NW-flex,0,1.0
1144,BWA-no-clip,1,0.6787878787878788
1144,BWA-std,1,0.12727272727272726
1144,NW-flex,1,1.0
1144,BWA-no-clip,10,0.9181818181818182
1144,BWA-std,10,0.41818181818181815
1144,NW-flex,10,1.0
1144,BWA-no-clip,2,0.8363636363636363
1144,BWA-std,2,0.13636363636363635
1144,NW-flex,2,1.0
1144,BWA-no-clip,3,0.8454545454545455
1144,BWA-std,3,0.14545454545454545
1144,NW-flex,3,1.0
1144,BWA-no-clip,5,0.9181818181818182
1144,BWA-std,5,0.2
1144,NW-flex,5,1.0
1144,BWA-no-clip,-1,0.9181818181818182
1144,BWA-std,-1,0.41818181818181815
1144,NW-flex,-1,1.0
1145,BWA-no-clip,0,0.7454545454545455
1145,BWA-std,0,0.12727272727272726
1145,NW-flex,0,1.0
1145,BWA-no-clip,1,0.696969696969697
1145,BWA-std,1,0.12727272727272726
1145,NW-flex,1,1.0
1145,BWA-no-clip,10,0.8818181818181818
1145,BWA-std,10,0.41818181818181815
1145,NW-flex,10,1.0
1145,BWA-no-clip,2,0.6181818181818182
1145,BWA-std,2,0.13636363636363635
1145,NW-flex,2,1.0
1145,BWA-no-clip,3,0.7636363636363637
1145,BWA-std,3,0.14545454545454545
1145,NW-flex,3,1.0
1145,BWA-no-clip,5,0.8272727272727273
1145,BWA-std,5,0.2
1145,NW-flex,5,1.0
1145,BWA-no-clip,-1,0.8818181818181818
1145,BWA-std,-1,0.41818181818181815
1145,NW-flex,-1,1.0
1146,BWA-no-clip,0,0.6363636363636364
1146,BWA-std,0,0.12727272727272726
1146,NW-flex,0,1.0
1146,BWA-no-clip,1,0.7272727272727273
1146,BWA-std,1,0.12727272727272726
1146,NW-flex,1,1.0
1146,BWA-no-clip,10,0.8545454545454545
1146,BWA-std,10,0.4090909090909091
1146,NW-flex,10,1.0
1146,BWA-no-clip,2,0.7636363636363637
1146,BWA-std,2,0.12727272727272726
1146,NW-flex,2,1.0
1146,BWA-no-clip,3,0.6727272727272727
1146,BWA-std,3,0.13636363636363635
1146,NW-flex,3,1.0
1146,BWA-no-clip,5,0.7181818181818181
1146,BWA-std,5,0.19090909090909092
1146,NW-flex,5,1.0
1146,BWA-no-clip,-1,0.8545454545454545
1146,BWA-std,-1,0.4090909090909091
1146,NW-flex,-1,1.0
1147,BWA-no-clip,0,0.5909090909090909
1147,BWA-std,0,0.12727272727272726
1147,NW-flex,0,1.0
1147,BWA-no-clip,1,0.7636363636363637
1147,BWA-std,1,0.12727272727272726
1147,NW-flex,1,1.0
1147,BWA-no-clip,10,0.8454545454545455
1147,BWA-std,10,0.4090909090909091
1147,NW-flex,10,1.0
1147,BWA-no-clip,2,0.7090909090909091
1147,BWA-std,2,0.12727272727272726
1147,NW-flex,2,1.0
1147,BWA-no-clip,3,0.7454545454545455
1147,BWA-std,3,0.13636363636363635
1147,NW-flex,3,1.0
1147,BWA-no-clip,5,0.8363636363636363
1147,BWA-std,5,0.19090909090909092
1147,NW-flex,5,1.0
1147,BWA-no-clip,-1,0.8454545454545455
1147,BWA-std,-1,0.4090909090909091
1147,NW-flex,-1,1.0
1148,BWA-no-clip,0,0.7818181818181819
1148,BWA-std,0,0.12727272727272726
1148,NW-flex,0,0.9939393939393939
1148,BWA-no-clip,1,0.8181818181818182
1148,BWA-std,1,0.12727272727272726
1148,NW-flex,1,1.0
1148,BWA-no-clip,10,0.8909090909090909
1148,BWA-std,10,0.41818181818181815
1148,NW-flex,10,1.0
1148,BWA-no-clip,2,0.7636363636363637
1148,BWA-std,2,0.13636363636363635
1148,NW-flex,2,1.0
1148,BWA-no-clip,3,0.7909090909090909
1148,BWA-std,3,0.14545454545454545
1148,NW-flex,3,1.0
1148,BWA-no-clip,5,0.8818181818181818
1148,BWA-std,5,0.2
1148,NW-flex,5,1.0
1148,BWA-no-clip,-1,0.8909090909090909
1148,BWA-std,-1,0.41818181818181815
1148,NW-flex,-1,1.0
1149,BWA-no-clip,0,0.7727272727272727
1149,BWA-std,0,0.12727272727272726
1149,NW-flex,0,0.996969696969697
1149,BWA-no-clip,1,0.6787878787878788
1149,BWA-std,1,0.12727272727272726
1149,NW-flex,1,1.0
1149,BWA-no-clip,10,0.9
1149,BWA-std,10,0.41818181818181815
1149,NW-flex,10,1.0
1149,BWA-no-clip,2,0.7454545454545455
1149,BWA-std,2,0.13636363636363635
1149,NW-flex,2,1.0
1149,BWA-no-clip,3,0.8545454545454545
1149,BWA-std,3,0.14545454545454545
1149,NW-flex,3,1.0
1149,BWA-no-clip,5,0.8909090909090909
1149,BWA-std,5,0.2
1149,NW-flex,5,1.0
1149,BWA-no-clip,-1,0.9
1149,BWA-std,-1,0.41818181818181815
1149,NW-flex,-1,1.0
1150,BWA-no-clip,0,0.7545454545454545
1150,BWA-std,0,0.12727272727272726
1150,NW-flex,0,1.0
1150,BWA-no-clip,1,0.7818181818181819
1150,BWA-std,1,0.12727272727272726
1150,NW-flex,1,1.0
1150,BWA-no-clip,10,0.8909090909090909
1150,BWA-std,10,0.41818181818181815
1150,NW-flex,10,1.0
1150,BWA-no-clip,2,0.8090909090909091
1150,BWA-std,2,0.13636363636363635
1150,NW-flex,2,1.0
1150,BWA-no-clip,3,0.8727272727272727
1150,BWA-std,3,0.14545454545454545
1150,NW-flex,3,1.0
1150,BWA-no-clip,5,0.8727272727272727
1150,BWA-std,5,0.2
1150,NW-flex,5,1.0
1150,BWA-no-clip,-1,0.8909090909090909
1150,BWA-std,-1,0.41818181818181815
1150,NW-flex,-1,1.0
1151,BWA-no-clip,0,0.6636363636363637
1151,BWA-std,0,0.12727272727272726
1151,NW-flex,0,1.0
1151,BWA-no-clip,1,0.7272727272727273
1151,BWA-std,1,0.12727272727272726
1151,NW-flex,1,1.0
1151,BWA-no-clip,10,0.8545454545454545
1151,BWA-std,10,0.4090909090909091
1151,NW-flex,10,1.0
1151,BWA-no-clip,2,0.7727272727272727
1151,BWA-std,2,0.12727272727272726
1151,NW-flex,2,1.0
1151,BWA-no-clip,3,0.7636363636363637
1151,BWA-std,3,0.13636363636363635
1151,NW-flex,3,1.0
1151,BWA-no-clip,5,0.8
1151,BWA-std,5,0.19090909090909092
1151,NW-flex,5,1.0
1151,BWA-no-clip,-1,0.8545454545454545
1151,BWA-std,-1,0.4090909090909091
1151,NW-flex,-1,1.0
1152,BWA-no-clip,0,0.4727272727272727
1152,BWA-std,0,0.10909090909090909
1152,NW-flex,0,0.8
1152,BWA-no-clip,1,0.6727272727272727
1152,BWA-std,1,0.12727272727272726
1152,NW-flex,1,0.996969696969697
1152,BWA-no-clip,10,0.8272727272727273
1152,BWA-std,10,0.4090909090909091
1152,NW-flex,10,1.0
1152,BWA-no-clip,2,0.7242424242424242
1152,BWA-std,2,0.12727272727272726
1152,NW-flex,2,1.0
1152,BWA-no-clip,3,0.7090909090909091
1152,BWA-std,3,0.13636363636363635
1152,NW-flex,3,1.0
1152,BWA-no-clip,5,0.7727272727272727
1152,BWA-std,5,0.19090909090909092
1152,NW-flex,5,1.0
1152,BWA-no-clip,-1,0.8272727272727273
1152,BWA-std,-1,0.4090909090909091
1152,NW-flex,-1,1.0
1153,BWA-no-clip,0,0.6
1153,BWA-std,0,0.12727272727272726
1153,NW-flex,0,1.0
1153,BWA-no-clip,1,0.6545454545454545
1153,BWA-std,1,0.12727272727272726
1153,NW-flex,1,1.0
1153,BWA-no-clip,10,0.8090909090909091
1153,BWA-std,10,0.4
1153,NW-flex,10,1.0
1153,BWA-no-clip,2,0.7090909090909091
1153,BWA-std,2,0.12727272727272726
1153,NW-flex,2,1.0
1153,BWA-no-clip,3,0.6727272727272727
1153,BWA-std,3,0.12727272727272726
1153,NW-flex,3,1.0
1153,BWA-no-clip,5,0.7818181818181819
1153,BWA-std,5,0.18181818181818182
1153,NW-flex,5,1.0
1153,BWA-no-clip,-1,0.8090909090909091
1153,BWA-std,-1,0.4
1153,NW-flex,-1,1.0
1154,BWA-no-clip,0,0.7454545454545455
1154,BWA-std,0,0.12727272727272726
1154,NW-flex,0,0.996969696969697
1154,BWA-no-clip,1,0.7
1154,BWA-std,1,0.12727272727272726
1154,NW-flex,1,1.0
1154,BWA-no-clip,10,0.9181818181818182
1154,BWA-std,10,0.41818181818181815
1154,NW-flex,10,1.0
1154,BWA-no-clip,2,0.8636363636363636
1154,BWA-std,2,0.13636363636363635
1154,NW-flex,2,1.0
1154,BWA-no-clip,3,0.8909090909090909
1154,BWA-std,3,0.14545454545454545
1154,NW-flex,3,1.0
1154,BWA-no-clip,5,0.9181818181818182
1154,BWA-std,5,0.2
1154,NW-flex,5,1.0
1154,BWA-no-clip,-1,0.9181818181818182
1154,BWA-std,-1,0.41818181818181815
1154,NW-flex,-1,1.0
1155,BWA-no-clip,0,0.5363636363636364
1155,BWA-std,0,0.10909090909090909
1155,NW-flex,0,0.9
1155,BWA-no-clip,1,0.8
1155,BWA-std,1,0.12727272727272726
1155,NW-flex,1,1.0
1155,BWA-no-clip,10,0.9181818181818182
1155,BWA-std,10,0.41818181818181815
1155,NW-flex,10,1.0
1155,BWA-no-clip,2,0.7454545454545455
1155,BWA-std,2,0.13636363636363635
1155,NW-flex,2,1.0
1155,BWA-no-clip,3,0.8818181818181818
1155,BWA-std,3,0.14545454545454545
1155,NW-flex,3,1.0
1155,BWA-no-clip,5,0.9181818181818182
1155,BWA-std,5,0.2
1155,NW-flex,5,1.0
1155,BWA-no-clip,-1,0.9181818181818182
1155,BWA-std,-1,0.41818181818181815
1155,NW-flex,-1,1.0
1156,BWA-no-clip,0,0.5272727272727272
1156,BWA-std,0,0.12727272727272726
1156,NW-flex,0,1.0
1156,BWA-no-clip,1,0.5272727272727272
1156,BWA-std,1,0.12727272727272726
1156,NW-flex,1,1.0
1156,BWA-no-clip,10,0.6727272727272727
1156,BWA-std,10,0.4
1156,NW-flex,10,1.0
1156,BWA-no-clip,2,0.5454545454545454
1156,BWA-std,2,0.12727272727272726
1156,NW-flex,2,1.0
1156,BWA-no-clip,3,0.5909090909090909
1156,BWA-std,3,0.12727272727272726
1156,NW-flex,3,1.0
1156,BWA-no-clip,5,0.6545454545454545
1156,BWA-std,5,0.18181818181818182
1156,NW-flex,5,1.0
1156,BWA-no-clip,-1,0.6727272727272727
1156,BWA-std,-1,0.4
1156,NW-flex,-1,1.0
1157,BWA-no-clip,0,0.6727272727272727
1157,BWA-std,0,0.12727272727272726
1157,NW-flex,0,0.9878787878787879
1157,BWA-no-clip,1,0.6818181818181818
1157,BWA-std,1,0.12727272727272726
1157,NW-flex,1,1.0
1157,BWA-no-clip,10,0.8727272727272727
1157,BWA-std,10,0.41818181818181815
1157,NW-flex,10,1.0
1157,BWA-no-clip,2,0.7454545454545455
1157,BWA-std,2,0.13636363636363635
1157,NW-flex,2,1.0
1157,BWA-no-clip,3,0.8272727272727273
1157,BWA-std,3,0.14545454545454545
1157,NW-flex,3,1.0
1157,BWA-no-clip,5,0.8181818181818182
1157,BWA-std,5,0.2
1157,NW-flex,5,1.0
1157,BWA-no-clip,-1,0.8727272727272727
1157,BWA-std,-1,0.41818181818181815
1157,NW-flex,-1,1.0
1158,BWA-no-clip,0,0.6454545454545455
1158,BWA-std,0,0.12727272727272726
1158,NW-flex,0,0.996969696969697
1158,BWA-no-clip,1,0.7
1158,BWA-std,1,0.12727272727272726
1158,NW-flex,1,1.0
1158,BWA-no-clip,10,0.8545454545454545
1158,BWA-std,10,0.4090909090909091
1158,NW-flex,10,1.0
1158,BWA-no-clip,2,0.6545454545454545
1158,BWA-std,2,0.12727272727272726
1158,NW-flex,2,1.0
1158,BWA-no-clip,3,0.7272727272727273
1158,BWA-std,3,0.13636363636363635
1158,NW-flex,3,1.0
1158,BWA-no-clip,5,0.7727272727272727
1158,BWA-std,5,0.19090909090909092
1158,NW-flex,5,1.0
1158,BWA-no-clip,-1,0.8545454545454545
1158,BWA-std,-1,0.4090909090909091
1158,NW-flex,-1,1.0
1159,BWA-no-clip,0,0.5363636363636364
1159,BWA-std,0,0.10909090909090909
1159,NW-flex,0,0.9
1159,BWA-no-clip,1,0.7636363636363637
1159,BWA-std,1,0.12727272727272726
1159,NW-flex,1,1.0
1159,BWA-no-clip,10,0.9
1159,BWA-std,10,0.41818181818181815
1159,NW-flex,10,1.0
1159,BWA-no-clip,2,0.7545454545454545
1159,BWA-std,2,0.13636363636363635
1159,NW-flex,2,1.0
1159,BWA-no-clip,3,0.8272727272727273
1159,BWA-std,3,0.14545454545454545
1159,NW-flex,3,1.0
1159,BWA-no-clip,5,0.8363636363636363
1159,BWA-std,5,0.2
1159,NW-flex,5,1.0
1159,BWA-no-clip,-1,0.9
1159,BWA-std,-1,0.41818181818181815
1159,NW-flex,-1,1.0
1160,BWA-no-clip,0,0.42727272727272725
1160,BWA-std,0,0.10909090909090909
1160,NW-flex,0,0.7
1160,BWA-no-clip,1,0.5909090909090909
1160,BWA-std,1,0.12727272727272726
1160,NW-flex,1,0.9939393939393939
1160,BWA-no-clip,10,0.7666666666666667
1160,BWA-std,10,0.4090909090909091
1160,NW-flex,10,1.0
1160,BWA-no-clip,2,0.5454545454545454
1160,BWA-std,2,0.12727272727272726
1160,NW-flex,2,1.0
1160,BWA-no-clip,3,0.5484848484848485
1160,BWA-std,3,0.13636363636363635
1160,NW-flex,3,0.996969696969697
1160,BWA-no-clip,5,0.7484848484848485
1160,BWA-std,5,0.19090909090909092
1160,NW-flex,5,1.0
1160,BWA-no-clip,-1,0.7666666666666667
1160,BWA-std,-1,0.4090909090909091
1160,NW-flex,-1,1.0
1161,BWA-no-clip,0,0.43636363636363634
1161,BWA-std,0,0.10909090909090909
1161,NW-flex,0,0.803030303030303
1161,BWA-no-clip,1,0.7181818181818181
1161,BWA-std,1,0.12727272727272726
1161,NW-flex,1,1.0
1161,BWA-no-clip,10,0.8727272727272727
1161,BWA-std,10,0.41818181818181815
1161,NW-flex,10,1.0
1161,BWA-no-clip,2,0.7272727272727273
1161,BWA-std,2,0.13636363636363635
1161,NW-flex,2,1.0
1161,BWA-no-clip,3,0.7727272727272727
1161,BWA-std,3,0.14545454545454545
1161,NW-flex,3,1.0
1161,BWA-no-clip,5,0.8636363636363636
1161,BWA-std,5,0.2
1161,NW-flex,5,1.0
1161,BWA-no-clip,-1,0.8727272727272727
1161,BWA-std,-1,0.41818181818181815
1161,NW-flex,-1,1.0
1162,BWA-no-clip,0,0.7545454545454545
1162,BWA-std,0,0.12727272727272726
1162,NW-flex,0,0.996969696969697
1162,BWA-no-clip,1,0.7272727272727273
1162,BWA-std,1,0.12727272727272726
1162,NW-flex,1,1.0
1162,BWA-no-clip,10,0.8727272727272727
1162,BWA-std,10,0.41818181818181815
1162,NW-flex,10,1.0
1162,BWA-no-clip,2,0.8090909090909091
1162,BWA-std,2,0.13636363636363635
1162,NW-flex,2,1.0
1162,BWA-no-clip,3,0.8272727272727273
1162,BWA-std,3,0.14545454545454545
1162,NW-flex,3,1.0
1162,BWA-no-clip,5,0.8636363636363636
1162,BWA-std,5,0.2
1162,NW-flex,5,1.0
1162,BWA-no-clip,-1,0.8727272727272727
1162,BWA-std,-1,0.41818181818181815
1162,NW-flex,-1,1.0
1163,BWA-no-clip,0,0.7
1163,BWA-std,0,0.12727272727272726
1163,NW-flex,0,1.0
1163,BWA-no-clip,1,0.7454545454545455
1163,BWA-std,1,0.12727272727272726
1163,NW-flex,1,1.0
1163,BWA-no-clip,10,0.8727272727272727
1163,BWA-std,10,0.41818181818181815
1163,NW-flex,10,1.0
1163,BWA-no-clip,2,0.7545454545454545
1163,BWA-std,2,0.13636363636363635
1163,NW-flex,2,1.0
1163,BWA-no-clip,3,0.8090909090909091
1163,BWA-std,3,0.14545454545454545
1163,NW-flex,3,1.0
1163,BWA-no-clip,5,0.8272727272727273
1163,BWA-std,5,0.2
1163,NW-flex,5,1.0
1163,BWA-no-clip,-1,0.8727272727272727
1163,BWA-std,-1,0.41818181818181815
1163,NW-flex,-1,1.0
1164,BWA-no-clip,0,0.6181818181818182
1164,BWA-std,0,0.12727272727272726
1164,NW-flex,0,0.996969696969697
1164,BWA-no-clip,1,0.5818181818181818
1164,BWA-std,1,0.12727272727272726
1164,NW-flex,1,1.0
1164,BWA-no-clip,10,0.9181818181818182
1164,BWA-std,10,0.41818181818181815
1164,NW-flex,10,1.0
1164,BWA-no-clip,2,0.8
1164,BWA-std,2,0.13636363636363635
1164,NW-flex,2,1.0
1164,BWA-no-clip,3,0.8181818181818182
1164,BWA-std,3,0.14545454545454545
1164,NW-flex,3,1.0
1164,BWA-no-clip,5,0.8363636363636363
1164,BWA-std,5,0.2
1164,NW-flex,5,1.0
1164,BWA-no-clip,-1,0.9181818181818182
1164,BWA-std,-1,0.41818181818181815
1164,NW-flex,-1,1.0
1165,BWA-no-clip,0,0.7181818181818181
1165,BWA-std,0,0.12727272727272726
1165,NW-flex,0,1.0
1165,BWA-no-clip,1,0.7636363636363637
1165,BWA-std,1,0.12727272727272726
1165,NW-flex,1,1.0
1165,BWA-no-clip,10,0.9090909090909091
1165,BWA-std,10,0.41818181818181815
1165,NW-flex,10,1.0
1165,BWA-no-clip,2,0.8090909090909091
1165,BWA-std,2,0.13636363636363635
1165,NW-flex,2,1.0
1165,BWA-no-clip,3,0.8363636363636363
1165,BWA-std,3,0.14545454545454545
1165,NW-flex,3,1.0
1165,BWA-no-clip,5,0.8818181818181818
1165,BWA-std,5,0.2
1165,NW-flex,5,1.0
1165,BWA-no-clip,-1,0.9090909090909091
1165,BWA-std,-1,0.41818181818181815
1165,NW-flex,-1,1.0
1166,BWA-no-clip,0,0.4727272727272727
1166,BWA-std,0,0.10909090909090909
1166,NW-flex,0,0.8
1166,BWA-no-clip,1,0.6909090909090909
1166,BWA-std,1,0.12727272727272726
1166,NW-flex,1,0.996969696969697
1166,BWA-no-clip,10,0.8181818181818182
1166,BWA-std,10,0.4090909090909091
1166,NW-flex,10,1.0
1166,BWA-no-clip,2,0.7454545454545455
1166,BWA-std,2,0.12727272727272726
1166,NW-flex,2,1.0
1166,BWA-no-clip,3,0.7666666666666667
1166,BWA-std,3,0.13636363636363635
1166,NW-flex,3,1.0
1166,BWA-no-clip,5,0.7636363636363637
1166,BWA-std,5,0.19090909090909092
1166,NW-flex,5,1.0
1166,BWA-no-clip,-1,0.8181818181818182
1166,BWA-std,-1,0.4090909090909091
1166,NW-flex,-1,1.0
1167,BWA-no-clip,0,0.5909090909090909
1167,BWA-std,0,0.12727272727272726
1167,NW-flex,0,1.0
1167,BWA-no-clip,1,0.7545454545454545
1167,BWA-std,1,0.12727272727272726
1167,NW-flex,1,1.0
1167,BWA-no-clip,10,0.8454545454545455
1167,BWA-std,10,0.4090909090909091
1167,NW-flex,10,1.0
1167,BWA-no-clip,2,0.6909090909090909
1167,BWA-std,2,0.12727272727272726
1167,NW-flex,2,1.0
1167,BWA-no-clip,3,0.7454545454545455
1167,BWA-std,3,0.13636363636363635
1167,NW-flex,3,1.0
1167,BWA-no-clip,5,0.8363636363636363
1167,BWA-std,5,0.19090909090909092
1167,NW-flex,5,1.0
1167,BWA-no-clip,-1,0.8454545454545455
1167,BWA-std,-1,0.4090909090909091
1167,NW-flex,-1,1.0
1168,BWA-no-clip,0,0.6818181818181818
1168,BWA-std,0,0.12727272727272726
1168,NW-flex,0,1.0
1168,BWA-no-clip,1,0.6909090909090909
1168,BWA-std,1,0.12727272727272726
1168,NW-flex,1,1.0
1168,BWA-no-clip,10,0.9
1168,BWA-std,10,0.41818181818181815
1168,NW-flex,10,1.0
1168,BWA-no-clip,2,0.7636363636363637
1168,BWA-std,2,0.13636363636363635
1168,NW-flex,2,1.0
1168,BWA-no-clip,3,0.7818181818181819
1168,BWA-std,3,0.14545454545454545
1168,NW-flex,3,1.0
1168,BWA-no-clip,5,0.7727272727272727
1168,BWA-std,5,0.2
1168,NW-flex,5,1.0
1168,BWA-no-clip,-1,0.9
1168,BWA-std,-1,0.41818181818181815
1168,NW-flex,-1,1.0
1169,BWA-no-clip,0,0.7454545454545455
1169,BWA-std,0,0.12727272727272726
1169,NW-flex,0,0.996969696969697
1169,BWA-no-clip,1,0.7181818181818181
1169,BWA-std,1,0.12727272727272726
1169,NW-flex,1,1.0
1169,BWA-no-clip,10,0.9
1169,BWA-std,10,0.41818181818181815
1169,NW-flex,10,1.0
1169,BWA-no-clip,2,0.7636363636363637
1169,BWA-std,2,0.13636363636363635
1169,NW-flex,2,1.0
1169,BWA-no-clip,3,0.7909090909090909
1169,BWA-std,3,0.14545454545454545
1169,NW-flex,3,1.0
1169,BWA-no-clip,5,0.8909090909090909
1169,BWA-std,5,0.2
1169,NW-flex,5,1.0
1169,BWA-no-clip,-1,0.9
1169,BWA-std,-1,0.41818181818181815
1169,NW-flex,-1,1.0
1170,BWA-no-clip,0,0.5545454545454546
1170,BWA-std,0,0.12727272727272726
1170,NW-flex,0,0.996969696969697
1170,BWA-no-clip,1,0.6363636363636364
1170,BWA-std,1,0.12727272727272726
1170,NW-flex,1,1.0
1170,BWA-no-clip,10,0.7818181818181819
1170,BWA-std,10,0.39090909090909093
1170,NW-flex,10,1.0
1170,BWA-no-clip,2,0.7272727272727273
1170,BWA-std,2,0.12727272727272726
1170,NW-flex,2,1.0
1170,BWA-no-clip,3,0.7363636363636363
1170,BWA-std,3,0.13636363636363635
1170,NW-flex,3,1.0
1170,BWA-no-clip,5,0.7545454545454545
1170,BWA-std,5,0.17272727272727273
1170,NW-flex,5,1.0
1170,BWA-no-clip,-1,0.7818181818181819
1170,BWA-std,-1,0.39090909090909093
1170,NW-flex,-1,1.0
1171,BWA-no-clip,0,0.44545454545454544
1171,BWA-std,0,0.10909090909090909
1171,NW-flex,0,0.7
1171,BWA-no-clip,1,0.6272727272727273
1171,BWA-std,1,0.12727272727272726
1171,NW-flex,1,0.9
1171,BWA-no-clip,10,0.7636363636363637
1171,BWA-std,10,0.4
1171,NW-flex,10,1.0
1171,BWA-no-clip,2,0.7181818181818181
1171,BWA-std,2,0.12727272727272726
1171,NW-flex,2,1.0
1171,BWA-no-clip,3,0.6545454545454545
1171,BWA-std,3,0.12727272727272726
1171,NW-flex,3,1.0
1171,BWA-no-clip,5,0.7272727272727273
1171,BWA-std,5,0.18181818181818182
1171,NW-flex,5,1.0
1171,BWA-no-clip,-1,0.7636363636363637
1171,BWA-std,-1,0.4
1171,NW-flex,-1,1.0
1172,BWA-no-clip,0,0.4
1172,BWA-std,0,0.10909090909090909
1172,NW-flex,0,0.9
1172,BWA-no-clip,1,0.7272727272727273
1172,BWA-std,1,0.12727272727272726
1172,NW-flex,1,1.0
1172,BWA-no-clip,10,0.9090909090909091
1172,BWA-std,10,0.41818181818181815
1172,NW-flex,10,1.0
1172,BWA-no-clip,2,0.8363636363636363
1172,BWA-std,2,0.13636363636363635
1172,NW-flex,2,1.0
1172,BWA-no-clip,3,0.8727272727272727
1172,BWA-std,3,0.14545454545454545
1172,NW-flex,3,1.0
1172,BWA-no-clip,5,0.8909090909090909
1172,BWA-std,5,0.2
1172,NW-flex,5,1.0
1172,BWA-no-clip,-1,0.9090909090909091
1172,BWA-std,-1,0.41818181818181815
1172,NW-flex,-1,1.0
1173,BWA-no-clip,0,0.6727272727272727
1173,BWA-std,0,0.12727272727272726
1173,NW-flex,0,1.0
1173,BWA-no-clip,1,0.6545454545454545
1173,BWA-std,1,0.12727272727272726
1173,NW-flex,1,1.0
1173,BWA-no-clip,10,0.8818181818181818
1173,BWA-std,10,0.41818181818181815
1173,NW-flex,10,1.0
1173,BWA-no-clip,2,0.7545454545454545
1173,BWA-std,2,0.13636363636363635
1173,NW-flex,2,1.0
1173,BWA-no-clip,3,0.7363636363636363
1173,BWA-std,3,0.14545454545454545
1173,NW-flex,3,1.0
1173,BWA-no-clip,5,0.8545454545454545
1173,BWA-std,5,0.2
1173,NW-flex,5,1.0
1173,BWA-no-clip,-1,0.8818181818181818
1173,BWA-std,-1,0.41818181818181815
1173,NW-flex,-1,1.0
1174,BWA-no-clip,0,0.4818181818181818
1174,BWA-std,0,0.10909090909090909
1174,NW-flex,0,0.9
1174,BWA-no-clip,1,0.8090909090909091
1174,BWA-std,1,0.12727272727272726
1174,NW-flex,1,1.0
1174,BWA-no-clip,10,0.9
1174,BWA-std,10,0.41818181818181815
1174,NW-flex,10,1.0
1174,BWA-no-clip,2,0.7636363636363637
1174,BWA-std,2,0.13636363636363635
1174,NW-flex,2,0.996969696969697
1174,BWA-no-clip,3,0.8636363636363636
1174,BWA-std,3,0.14545454545454545
1174,NW-flex,3,1.0
1174,BWA-no-clip,5,0.8727272727272727
1174,BWA-std,5,0.2
1174,NW-flex,5,1.0
1174,BWA-no-clip,-1,0.9
1174,BWA-std,-1,0.41818181818181815
1174,NW-flex,-1,1.0
1175,BWA-no-clip,0,0.7181818181818181
1175,BWA-std,0,0.12727272727272726
1175,NW-flex,0,1.0
1175,BWA-no-clip,1,0.7818181818181819
1175,BWA-std,1,0.12727272727272726
1175,NW-flex,1,1.0
1175,BWA-no-clip,10,0.8909090909090909
1175,BWA-std,10,0.41818181818181815
1175,NW-flex,10,1.0
1175,BWA-no-clip,2,0.7878787878787878
1175,BWA-std,2,0.13636363636363635
1175,NW-flex,2,1.0
1175,BWA-no-clip,3,0.7727272727272727
1175,BWA-std,3,0.14545454545454545
1175,NW-flex,3,1.0
1175,BWA-no-clip,5,0.8545454545454545
1175,BWA-std,5,0.2
1175,NW-flex,5,1.0
1175,BWA-no-clip,-1,0.8909090909090909
1175,BWA-std,-1,0.41818181818181815
1175,NW-flex,-1,1.0
1176,BWA-no-clip,0,0.5
1176,BWA-std,0,0.12727272727272726
1176,NW-flex,0,1.0
1176,BWA-no-clip,1,0.6727272727272727
1176,BWA-std,1,0.12727272727272726
1176,NW-flex,1,1.0
1176,BWA-no-clip,10,0.7818181818181819
1176,BWA-std,10,0.4
1176,NW-flex,10,1.0
1176,BWA-no-clip,2,0.6181818181818182
1176,BWA-std,2,0.12727272727272726
1176,NW-flex,2,1.0
1176,BWA-no-clip,3,0.7090909090909091
1176,BWA-std,3,0.13636363636363635
1176,NW-flex,3,1.0
1176,BWA-no-clip,5,0.7363636363636363
1176,BWA-std,5,0.18181818181818182
1176,NW-flex,5,1.0
1176,BWA-no-clip,-1,0.7818181818181819
1176,BWA-std,-1,0.4
1176,NW-flex,-1,1.0
1177,BWA-no-clip,0,0.7454545454545455
1177,BWA-std,0,0.12727272727272726
1177,NW-flex,0,1.0
1177,BWA-no-clip,1,0.7818181818181819
1177,BWA-std,1,0.12727272727272726
1177,NW-flex,1,1.0
1177,BWA-no-clip,10,0.9090909090909091
1177,BWA-std,10,0.41818181818181815
1177,NW-flex,10,1.0
1177,BWA-no-clip,2,0.8636363636363636
1177,BWA-std,2,0.13636363636363635
1177,NW-flex,2,1.0
1177,BWA-no-clip,3,0.8545454545454545
1177,BWA-std,3,0.14545454545454545
1177,NW-flex,3,1.0
1177,BWA-no-clip,5,0.9
1177,BWA-std,5,0.2
1177,NW-flex,5,1.0
1177,BWA-no-clip,-1,0.9090909090909091
1177,BWA-std,-1,0.41818181818181815
1177,NW-flex,-1,1.0
1178,BWA-no-clip,0,0.6090909090909091
1178,BWA-std,0,0.12727272727272726
1178,NW-flex,0,1.0
1178,BWA-no-clip,1,0.6
1178,BWA-std,1,0.12727272727272726
1178,NW-flex,1,1.0
1178,BWA-no-clip,10,0.8272727272727273
1178,BWA-std,10,0.4090909090909091
1178,NW-flex,10,1.0
1178,BWA-no-clip,2,0.6181818181818182
1178,BWA-std,2,0.12727272727272726
1178,NW-flex,2,1.0
1178,BWA-no-clip,3,0.7606060606060606
1178,BWA-std,3,0.13636363636363635
1178,NW-flex,3,1.0
1178,BWA-no-clip,5,0.7727272727272727
1178,BWA-std,5,0.19090909090909092
1178,NW-flex,5,1.0
1178,BWA-no-clip,-1,0.8272727272727273
1178,BWA-std,-1,0.4090909090909091
1178,NW-flex,-1,1.0
1179,BWA-no-clip,0,0.7727272727272727
1179,BWA-std,0,0.12727272727272726
1179,NW-flex,0,1.0
1179,BWA-no-clip,1,0.8090909090909091
1179,BWA-std,1,0.12727272727272726
1179,NW-flex,1,1.0
1179,BWA-no-clip,10,0.9181818181818182
1179,BWA-std,10,0.41818181818181815
1179,NW-flex,10,1.0
1179,BWA-no-clip,2,0.8636363636363636
1179,BWA-std,2,0.13636363636363635
1179,NW-flex,2,1.0
1179,BWA-no-clip,3,0.8909090909090909
1179,BWA-std,3,0.14545454545454545
1179,NW-flex,3,1.0
1179,BWA-no-clip,5,0.9090909090909091
1179,BWA-std,5,0.2
1179,NW-flex,5,1.0
1179,BWA-no-clip,-1,0.9181818181818182
1179,BWA-std,-1,0.41818181818181815
1179,NW-flex,-1,1.0
1180,BWA-no-clip,0,0.5
1180,BWA-std,0,0.12727272727272726
1180,NW-flex,0,0.996969696969697
1180,BWA-no-clip,1,0.5363636363636364
1180,BWA-std,1,0.12727272727272726
1180,NW-flex,1,1.0
1180,BWA-no-clip,10,0.7363636363636363
1180,BWA-std,10,0.4
1180,NW-flex,10,1.0
1180,BWA-no-clip,2,0.6363636363636364
1180,BWA-std,2,0.12727272727272726
1180,NW-flex,2,1.0
1180,BWA-no-clip,3,0.6636363636363637
1180,BWA-std,3,0.13636363636363635
1180,NW-flex,3,1.0
1180,BWA-no-clip,5,0.6636363636363637
1180,BWA-std,5,0.18181818181818182
1180,NW-flex,5,1.0
1180,BWA-no-clip,-1,0.7363636363636363
1180,BWA-std,-1,0.4
1180,NW-flex,-1,1.0
1181,BWA-no-clip,0,0.5545454545454546
1181,BWA-std,0,0.12727272727272726
1181,NW-flex,0,1.0
1181,BWA-no-clip,1,0.5909090909090909
1181,BWA-std,1,0.12727272727272726
1181,NW-flex,1,1.0
1181,BWA-no-clip,10,0.8181818181818182
1181,BWA-std,10,0.4090909090909091
1181,NW-flex,10,1.0
1181,BWA-no-clip,2,0.6181818181818182
1181,BWA-std,2,0.12727272727272726
1181,NW-flex,2,1.0
1181,BWA-no-clip,3,0.7606060606060606
1181,BWA-std,3,0.13636363636363635
1181,NW-flex,3,1.0
1181,BWA-no-clip,5,0.7636363636363637
1181,BWA-std,5,0.19090909090909092
1181,NW-flex,5,1.0
1181,BWA-no-clip,-1,0.8181818181818182
1181,BWA-std,-1,0.4090909090909091
1181,NW-flex,-1,1.0
1182,BWA-no-clip,0,0.10909090909090909
1182,BWA-std,0,0.09090909090909091
1182,NW-flex,0,0.5121212121212121
1182,BWA-no-clip,1,0.6454545454545455
1182,BWA-std,1,0.12727272727272726
1182,NW-flex,1,1.0
1182,BWA-no-clip,10,0.8363636363636363
1182,BWA-std,10,0.41818181818181815
1182,NW-flex,10,1.0
1182,BWA-no-clip,2,0.6818181818181818
1182,BWA-std,2,0.13636363636363635
1182,NW-flex,2,1.0
1182,BWA-no-clip,3,0.7454545454545455
1182,BWA-std,3,0.14545454545454545
1182,NW-flex,3,1.0
1182,BWA-no-clip,5,0.8272727272727273
1182,BWA-std,5,0.2
1182,NW-flex,5,1.0
1182,BWA-no-clip,-1,0.8363636363636363
1182,BWA-std,-1,0.41818181818181815
1182,NW-flex,-1,1.0
1183,BWA-no-clip,0,0.45454545454545453
1183,BWA-std,0,0.10909090909090909
1183,NW-flex,0,0.7
1183,BWA-no-clip,1,0.6242424242424243
1183,BWA-std,1,0.12727272727272726
1183,NW-flex,1,0.803030303030303
1183,BWA-no-clip,10,0.7909090909090909
1183,BWA-std,10,0.4
1183,NW-flex,10,1.0
1183,BWA-no-clip,2,0.7454545454545455
1183,BWA-std,2,0.12727272727272726
1183,NW-flex,2,1.0
1183,BWA-no-clip,3,0.6909090909090909
1183,BWA-std,3,0.12727272727272726
1183,NW-flex,3,1.0
1183,BWA-no-clip,5,0.7545454545454545
1183,BWA-std,5,0.18181818181818182
1183,NW-flex,5,1.0
1183,BWA-no-clip,-1,0.7909090909090909
1183,BWA-std,-1,0.4
1183,NW-flex,-1,1.0
1184,BWA-no-clip,0,0.33636363636363636
1184,BWA-std,0,0.10909090909090909
1184,NW-flex,0,0.6090909090909091
1184,BWA-no-clip,1,0.7363636363636363
1184,BWA-std,1,0.12727272727272726
1184,NW-flex,1,1.0
1184,BWA-no-clip,10,0.8636363636363636
1184,BWA-std,10,0.41818181818181815
1184,NW-flex,10,1.0
1184,BWA-no-clip,2,0.7545454545454545
1184,BWA-std,2,0.13636363636363635
1184,NW-flex,2,1.0
1184,BWA-no-clip,3,0.8181818181818182
1184,BWA-std,3,0.14545454545454545
1184,NW-flex,3,1.0
1184,BWA-no-clip,5,0.8545454545454545
1184,BWA-std,5,0.2
1184,NW-flex,5,1.0
1184,BWA-no-clip,-1,0.8636363636363636
1184,BWA-std,-1,0.41818181818181815
1184,NW-flex,-1,1.0
1185,BWA-no-clip,0,0.6454545454545455
1185,BWA-std,0,0.12727272727272726
1185,NW-flex,0,0.996969696969697
1185,BWA-no-clip,1,0.7727272727272727
1185,BWA-std,1,0.12727272727272726
1185,NW-flex,1,1.0
1185,BWA-no-clip,10,0.8363636363636363
1185,BWA-std,10,0.4090909090909091
1185,NW-flex,10,1.0
1185,BWA-no-clip,2,0.6727272727272727
1185,BWA-std,2,0.12727272727272726
1185,NW-flex,2,1.0
1185,BWA-no-clip,3,0.8
1185,BWA-std,3,0.13636363636363635
1185,NW-flex,3,1.0
1185,BWA-no-clip,5,0.7818181818181819
1185,BWA-std,5,0.19090909090909092
1185,NW-flex,5,1.0
1185,BWA-no-clip,-1,0.8363636363636363
1185,BWA-std,-1,0.4090909090909091
1185,NW-flex,-1,1.0
1186,BWA-no-clip,0,0.4909090909090909
1186,BWA-std,0,0.10909090909090909
1186,NW-flex,0,0.9
1186,BWA-no-clip,1,0.6363636363636364
1186,BWA-std,1,0.12727272727272726
1186,NW-flex,1,1.0
1186,BWA-no-clip,10,0.8636363636363636
1186,BWA-std,10,0.41818181818181815
1186,NW-flex,10,1.0
1186,BWA-no-clip,2,0.7272727272727273
1186,BWA-std,2,0.13636363636363635
1186,NW-flex,2,1.0
1186,BWA-no-clip,3,0.7909090909090909
1186,BWA-std,3,0.14545454545454545
1186,NW-flex,3,1.0
1186,BWA-no-clip,5,0.8272727272727273
1186,BWA-std,5,0.2
1186,NW-flex,5,1.0
1186,BWA-no-clip,-1,0.8636363636363636
1186,BWA-std,-1,0.41818181818181815
1186,NW-flex,-1,1.0
1187,BWA-no-clip,0,0.41818181818181815
1187,BWA-std,0,0.10909090909090909
1187,NW-flex,0,0.9
1187,BWA-no-clip,1,0.7
1187,BWA-std,1,0.12727272727272726
1187,NW-flex,1,0.996969696969697
1187,BWA-no-clip,10,0.8909090909090909
1187,BWA-std,10,0.41818181818181815
1187,NW-flex,10,1.0
1187,BWA-no-clip,2,0.8181818181818182
1187,BWA-std,2,0.13636363636363635
1187,NW-flex,2,1.0
1187,BWA-no-clip,3,0.8818181818181818
1187,BWA-std,3,0.14545454545454545
1187,NW-flex,3,1.0
1187,BWA-no-clip,5,0.8909090909090909
1187,BWA-std,5,0.2
1187,NW-flex,5,1.0
1187,BWA-no-clip,-1,0.8909090909090909
1187,BWA-std,-1,0.41818181818181815
1187,NW-flex,-1,1.0
1188,BWA-no-clip,0,0.6454545454545455
1188,BWA-std,0,0.12727272727272726
1188,NW-flex,0,1.0
1188,BWA-no-clip,1,0.7636363636363637
1188,BWA-std,1,0.12727272727272726
1188,NW-flex,1,1.0
1188,BWA-no-clip,10,0.8545454545454545
1188,BWA-std,10,0.41818181818181815
1188,NW-flex,10,1.0
1188,BWA-no-clip,2,0.8
1188,BWA-std,2,0.13636363636363635
1188,NW-flex,2,1.0
1188,BWA-no-clip,3,0.8
1188,BWA-std,3,0.14545454545454545
1188,NW-flex,3,1.0
1188,BWA-no-clip,5,0.8454545454545455
1188,BWA-std,5,0.2
1188,NW-flex,5,1.0
1188,BWA-no-clip,-1,0.8545454545454545
1188,BWA-std,-1,0.41818181818181815
1188,NW-flex,-1,1.0
1189,BWA-no-clip,0,0.42727272727272725
1189,BWA-std,0,0.10909090909090909
1189,NW-flex,0,0.7
1189,BWA-no-clip,1,0.6090909090909091
1189,BWA-std,1,0.12727272727272726
1189,NW-flex,1,0.9939393939393939
1189,BWA-no-clip,10,0.7666666666666667
1189,BWA-std,10,0.4090909090909091
1189,NW-flex,10,1.0
1189,BWA-no-clip,2,0.6181818181818182
1189,BWA-std,2,0.12727272727272726
1189,NW-flex,2,1.0
1189,BWA-no-clip,3,0.4666666666666667
1189,BWA-std,3,0.12727272727272726
1189,NW-flex,3,0.996969696969697
1189,BWA-no-clip,5,0.7393939393939394
1189,BWA-std,5,0.19090909090909092
1189,NW-flex,5,1.0
1189,BWA-no-clip,-1,0.7666666666666667
1189,BWA-std,-1,0.4090909090909091
1189,NW-flex,-1,1.0
1190,BWA-no-clip,0,0.7454545454545455
1190,BWA-std,0,0.12727272727272726
1190,NW-flex,0,1.0
1190,BWA-no-clip,1,0.7090909090909091
1190,BWA-std,1,0.12727272727272726
1190,NW-flex,1,1.0
1190,BWA-no-clip,10,0.8909090909090909
1190,BWA-std,10,0.41818181818181815
1190,NW-flex,10,1.0
1190,BWA-no-clip,2,0.8090909090909091
1190,BWA-std,2,0.13636363636363635
1190,NW-flex,2,1.0
1190,BWA-no-clip,3,0.7272727272727273
1190,BWA-std,3,0.14545454545454545
1190,NW-flex,3,1.0
1190,BWA-no-clip,5,0.8454545454545455
1190,BWA-std,5,0.2
1190,NW-flex,5,1.0
1190,BWA-no-clip,-1,0.8909090909090909
1190,BWA-std,-1,0.41818181818181815
1190,NW-flex,-1,1.0
1191,BWA-no-clip,0,0.3696969696969697
1191,BWA-std,0,0.10909090909090909
1191,NW-flex,0,0.7
1191,BWA-no-clip,1,0.45454545454545453
1191,BWA-std,1,0.12727272727272726
1191,NW-flex,1,0.9878787878787879
1191,BWA-no-clip,10,0.7393939393939394
1191,BWA-std,10,0.4090909090909091
1191,NW-flex,10,1.0
1191,BWA-no-clip,2,0.5060606060606061
1191,BWA-std,2,0.12727272727272726
1191,NW-flex,2,0.9030303030303031
1191,BWA-no-clip,3,0.6696969696969697
1191,BWA-std,3,0.13636363636363635
1191,NW-flex,3,1.0
1191,BWA-no-clip,5,0.593939393939394
1191,BWA-std,5,0.19090909090909092
1191,NW-flex,5,1.0
1191,BWA-no-clip,-1,0.7393939393939394
1191,BWA-std,-1,0.4090909090909091
1191,NW-flex,-1,1.0
1192,BWA-no-clip,0,0.6727272727272727
1192,BWA-std,0,0.12727272727272726
1192,NW-flex,0,0.990909090909091
1192,BWA-no-clip,1,0.6909090909090909
1192,BWA-std,1,0.12727272727272726
1192,NW-flex,1,1.0
1192,BWA-no-clip,10,0.8727272727272727
1192,BWA-std,10,0.41818181818181815
1192,NW-flex,10,1.0
1192,BWA-no-clip,2,0.6545454545454545
1192,BWA-std,2,0.13636363636363635
1192,NW-flex,2,1.0
1192,BWA-no-clip,3,0.7545454545454545
1192,BWA-std,3,0.14545454545454545
1192,NW-flex,3,1.0
1192,BWA-no-clip,5,0.8363636363636363
1192,BWA-std,5,0.2
1192,NW-flex,5,1.0
1192,BWA-no-clip,-1,0.8727272727272727
1192,BWA-std,-1,0.41818181818181815
1192,NW-flex,-1,1.0
1193,BWA-no-clip,0,0.4909090909090909
1193,BWA-std,0,0.12727272727272726
1193,NW-flex,0,0.996969696969697
1193,BWA-no-clip,1,0.5727272727272728
1193,BWA-std,1,0.12727272727272726
1193,NW-flex,1,1.0
1193,BWA-no-clip,10,0.7545454545454545
1193,BWA-std,10,0.4
1193,NW-flex,10,1.0
1193,BWA-no-clip,2,0.5909090909090909
1193,BWA-std,2,0.12727272727272726
1193,NW-flex,2,1.0
1193,BWA-no-clip,3,0.6636363636363637
1193,BWA-std,3,0.12727272727272726
1193,NW-flex,3,1.0
1193,BWA-no-clip,5,0.7
1193,BWA-std,5,0.18181818181818182
1193,NW-flex,5,1.0
1193,BWA-no-clip,-1,0.7545454545454545
1193,BWA-std,-1,0.4
1193,NW-flex,-1,1.0
1194,BWA-no-clip,0,0.39090909090909093
1194,BWA-std,0,0.10909090909090909
1194,NW-flex,0,0.6
1194,BWA-no-clip,1,0.5909090909090909
1194,BWA-std,1,0.12727272727272726
1194,NW-flex,1,0.990909090909091
1194,BWA-no-clip,10,0.6515151515151515
1194,BWA-std,10,0.4
1194,NW-flex,10,1.0
1194,BWA-no-clip,2,0.4090909090909091
1194,BWA-std,2,0.12727272727272726
1194,NW-flex,2,1.0
1194,BWA-no-clip,3,0.5515151515151515
1194,BWA-std,3,0.13636363636363635
1194,NW-flex,3,0.9030303030303031
1194,BWA-no-clip,5,0.5151515151515151
1194,BWA-std,5,0.18181818181818182
1194,NW-flex,5,1.0
1194,BWA-no-clip,-1,0.6515151515151515
1194,BWA-std,-1,0.4
1194,NW-flex,-1,1.0
1195,BWA-no-clip,0,0.7909090909090909
1195,BWA-std,0,0.12727272727272726
1195,NW-flex,0,0.996969696969697
1195,BWA-no-clip,1,0.7636363636363637
1195,BWA-std,1,0.12727272727272726
1195,NW-flex,1,1.0
1195,BWA-no-clip,10,0.8909090909090909
1195,BWA-std,10,0.41818181818181815
1195,NW-flex,10,1.0
1195,BWA-no-clip,2,0.8181818181818182
1195,BWA-std,2,0.13636363636363635
1195,NW-flex,2,1.0
1195,BWA-no-clip,3,0.8818181818181818
1195,BWA-std,3,0.14545454545454545
1195,NW-flex,3,1.0
1195,BWA-no-clip,5,0.8909090909090909
1195,BWA-std,5,0.2
1195,NW-flex,5,1.0
1195,BWA-no-clip,-1,0.8909090909090909
1195,BWA-std,-1,0.41818181818181815
1195,NW-flex,-1,1.0
1196,BWA-no-clip,0,0.4636363636363636
1196,BWA-std,0,0.10909090909090909
1196,NW-flex,0,0.9
1196,BWA-no-clip,1,0.6272727272727273
1196,BWA-std,1,0.12727272727272726
1196,NW-flex,1,0.9939393939393939
1196,BWA-no-clip,10,0.8818181818181818
1196,BWA-std,10,0.41818181818181815
1196,NW-flex,10,1.0
1196,BWA-no-clip,2,0.6818181818181818
1196,BWA-std,2,0.13636363636363635
1196,NW-flex,2,1.0
1196,BWA-no-clip,3,0.8545454545454545
1196,BWA-std,3,0.14545454545454545
1196,NW-flex,3,1.0
1196,BWA-no-clip,5,0.8272727272727273
1196,BWA-std,5,0.2
1196,NW-flex,5,1.0
1196,BWA-no-clip,-1,0.8818181818181818
1196,BWA-std,-1,0.41818181818181815
1196,NW-flex,-1,1.0
1197,BWA-no-clip,0,0.4727272727272727
1197,BWA-std,0,0.10909090909090909
1197,NW-flex,0,0.9
1197,BWA-no-clip,1,0.6363636363636364
1197,BWA-std,1,0.12727272727272726
1197,NW-flex,1,1.0
1197,BWA-no-clip,10,0.8727272727272727
1197,BWA-std,10,0.41818181818181815
1197,NW-flex,10,1.0
1197,BWA-no-clip,2,0.6636363636363637
1197,BWA-std,2,0.13636363636363635
1197,NW-flex,2,1.0
1197,BWA-no-clip,3,0.7454545454545455
1197,BWA-std,3,0.14545454545454545
1197,NW-flex,3,1.0
1197,BWA-no-clip,5,0.8727272727272727
1197,BWA-std,5,0.2
1197,NW-flex,5,1.0
1197,BWA-no-clip,-1,0.8727272727272727
1197,BWA-std,-1,0.41818181818181815
1197,NW-flex,-1,1.0
1198,BWA-no-clip,0,0.7181818181818181
1198,BWA-std,0,0.12727272727272726
1198,NW-flex,0,0.9939393939393939
1198,BWA-no-clip,1,0.7363636363636363
1198,BWA-std,1,0.12727272727272726
1198,NW-flex,1,1.0
1198,BWA-no-clip,10,0.8545454545454545
1198,BWA-std,10,0.41818181818181815
1198,NW-flex,10,1.0
1198,BWA-no-clip,2,0.7545454545454545
1198,BWA-std,2,0.13636363636363635
1198,NW-flex,2,1.0
1198,BWA-no-clip,3,0.8454545454545455
1198,BWA-std,3,0.14545454545454545
1198,NW-flex,3,1.0
1198,BWA-no-clip,5,0.8
1198,BWA-std,5,0.2
1198,NW-flex,5,1.0
1198,BWA-no-clip,-1,0.8545454545454545
1198,BWA-std,-1,0.41818181818181815
1198,NW-flex,-1,1.0
1199,BWA-no-clip,0,0.5272727272727272
1199,BWA-std,0,0.10909090909090909
1199,NW-flex,0,0.9
1199,BWA-no-clip,1,0.7727272727272727
1199,BWA-std,1,0.12727272727272726
1199,NW-flex,1,1.0
1199,BWA-no-clip,10,0.9
1199,BWA-std,10,0.41818181818181815
1199,NW-flex,10,1.0
1199,BWA-no-clip,2,0.7727272727272727
1199,BWA-std,2,0.13636363636363635
1199,NW-flex,2,1.0
1199,BWA-no-clip,3,0.8909090909090909
1199,BWA-std,3,0.14545454545454545
1199,NW-flex,3,1.0
1199,BWA-no-clip,5,0.8909090909090909
1199,BWA-std,5,0.2
1199,NW-flex,5,1.0
1199,BWA-no-clip,-1,0.9
1199,BWA-std,-1,0.41818181818181815
1199,NW-flex,-1,1.0
1200,BWA-no-clip,0,0.7363636363636363
1200,BWA-std,0,0.12727272727272726
1200,NW-flex,0,0.9939393939393939
1200,BWA-no-clip,1,0.7454545454545455
1200,BWA-std,1,0.12727272727272726
1200,NW-flex,1,1.0
1200,BWA-no-clip,10,0.8909090909090909
1200,BWA-std,10,0.41818181818181815
1200,NW-flex,10,1.0
1200,BWA-no-clip,2,0.8181818181818182
1200,BWA-std,2,0.13636363636363635
1200,NW-flex,2,1.0
1200,BWA-no-clip,3,0.8818181818181818
1200,BWA-std,3,0.14545454545454545
1200,NW-flex,3,1.0
1200,BWA-no-clip,5,0.8909090909090909
1200,BWA-std,5,0.2
1200,NW-flex,5,1.0
1200,BWA-no-clip,-1,0.8909090909090909
1200,BWA-std,-1,0.41818181818181815
1200,NW-flex,-1,1.0
1201,BWA-no-clip,0,0.43636363636363634
1201,BWA-std,0,0.10909090909090909
1201,NW-flex,0,0.7
1201,BWA-no-clip,1,0.5909090909090909
1201,BWA-std,1,0.12727272727272726
1201,NW-flex,1,0.9939393939393939
1201,BWA-no-clip,10,0.7666666666666667
1201,BWA-std,10,0.4090909090909091
1201,NW-flex,10,1.0
1201,BWA-no-clip,2,0.6090909090909091
1201,BWA-std,2,0.12727272727272726
1201,NW-flex,2,1.0
1201,BWA-no-clip,3,0.5575757575757576
1201,BWA-std,3,0.13636363636363635
1201,NW-flex,3,0.996969696969697
1201,BWA-no-clip,5,0.7575757575757576
1201,BWA-std,5,0.19090909090909092
1201,NW-flex,5,1.0
1201,BWA-no-clip,-1,0.7666666666666667
1201,BWA-std,-1,0.4090909090909091
1201,NW-flex,-1,1.0
1202,BWA-no-clip,0,0.4090909090909091
1202,BWA-std,0,0.10909090909090909
1202,NW-flex,0,0.7
1202,BWA-no-clip,1,0.6
1202,BWA-std,1,0.12727272727272726
1202,NW-flex,1,0.9939393939393939
1202,BWA-no-clip,10,0.7575757575757576
1202,BWA-std,10,0.4090909090909091
1202,NW-flex,10,1.0
1202,BWA-no-clip,2,0.5909090909090909
1202,BWA-std,2,0.12727272727272726
1202,NW-flex,2,1.0
1202,BWA-no-clip,3,0.4121212121212121
1202,BWA-std,3,0.11818181818181818
1202,NW-flex,3,0.996969696969697
1202,BWA-no-clip,5,0.7212121212121212
1202,BWA-std,5,0.19090909090909092
1202,NW-flex,5,1.0
1202,BWA-no-clip,-1,0.7575757575757576
1202,BWA-std,-1,0.4090909090909091
1202,NW-flex,-1,1.0
1203,BWA-no-clip,0,0.45454545454545453
1203,BWA-std,0,0.10909090909090909
1203,NW-flex,0,0.9
1203,BWA-no-clip,1,0.7848484848484848
1203,BWA-std,1,0.12727272727272726
1203,NW-flex,1,1.0
1203,BWA-no-clip,10,0.9181818181818182
1203,BWA-std,10,0.41818181818181815
1203,NW-flex,10,1.0
1203,BWA-no-clip,2,0.8363636363636363
1203,BWA-std,2,0.13636363636363635
1203,NW-flex,2,1.0
1203,BWA-no-clip,3,0.8545454545454545
1203,BWA-std,3,0.14545454545454545
1203,NW-flex,3,1.0
1203,BWA-no-clip,5,0.8909090909090909
1203,BWA-std,5,0.2
1203,NW-flex,5,1.0
1203,BWA-no-clip,-1,0.9181818181818182
1203,BWA-std,-1,0.41818181818181815
1203,NW-flex,-1,1.0
1204,BWA-no-clip,0,0.6636363636363637
1204,BWA-std,0,0.12727272727272726
1204,NW-flex,0,1.0
1204,BWA-no-clip,1,0.7272727272727273
1204,BWA-std,1,0.12727272727272726
1204,NW-flex,1,1.0
1204,BWA-no-clip,10,0.8545454545454545
1204,BWA-std,10,0.41818181818181815
1204,NW-flex,10,1.0
1204,BWA-no-clip,2,0.6818181818181818
1204,BWA-std,2,0.13636363636363635
1204,NW-flex,2,1.0
1204,BWA-no-clip,3,0.7363636363636363
1204,BWA-std,3,0.14545454545454545
1204,NW-flex,3,1.0
1204,BWA-no-clip,5,0.8363636363636363
1204,BWA-std,5,0.2
1204,NW-flex,5,1.0
1204,BWA-no-clip,-1,0.8545454545454545
1204,BWA-std,-1,0.41818181818181815
1204,NW-flex,-1,1.0
1205,BWA-no-clip,0,0.6272727272727273
1205,BWA-std,0,0.12727272727272726
1205,NW-flex,0,0.996969696969697
1205,BWA-no-clip,1,0.7454545454545455
1205,BWA-std,1,0.12727272727272726
1205,NW-flex,1,1.0
1205,BWA-no-clip,10,0.8
1205,BWA-std,10,0.4
1205,NW-flex,10,1.0
1205,BWA-no-clip,2,0.7
1205,BWA-std,2,0.12727272727272726
1205,NW-flex,2,1.0
1205,BWA-no-clip,3,0.7181818181818181
1205,BWA-std,3,0.12727272727272726
1205,NW-flex,3,1.0
1205,BWA-no-clip,5,0.7727272727272727
1205,BWA-std,5,0.18181818181818182
1205,NW-flex,5,1.0
1205,BWA-no-clip,-1,0.8
1205,BWA-std,-1,0.4
1205,NW-flex,-1,1.0
1206,BWA-no-clip,0,0.5181818181818182
1206,BWA-std,0,0.10909090909090909
1206,NW-flex,0,0.9
1206,BWA-no-clip,1,0.7
1206,BWA-std,1,0.12727272727272726
1206,NW-flex,1,1.0
1206,BWA-no-clip,10,0.8818181818181818
1206,BWA-std,10,0.41818181818181815
1206,NW-flex,10,1.0
1206,BWA-no-clip,2,0.7
1206,BWA-std,2,0.13636363636363635
1206,NW-flex,2,1.0
1206,BWA-no-clip,3,0.8090909090909091
1206,BWA-std,3,0.14545454545454545
1206,NW-flex,3,1.0
1206,BWA-no-clip,5,0.8636363636363636
1206,BWA-std,5,0.2
1206,NW-flex,5,1.0
1206,BWA-no-clip,-1,0.8818181818181818
1206,BWA-std,-1,0.41818181818181815
1206,NW-flex,-1,1.0
1207,BWA-no-clip,0,0.36363636363636365
1207,BWA-std,0,0.10909090909090909
1207,NW-flex,0,0.6
1207,BWA-no-clip,1,0.49696969696969695
1207,BWA-std,1,0.12727272727272726
1207,NW-flex,1,0.990909090909091
1207,BWA-no-clip,10,0.6787878787878788
1207,BWA-std,10,0.4
1207,NW-flex,10,1.0
1207,BWA-no-clip,2,0.4636363636363636
1207,BWA-std,2,0.12727272727272726
1207,NW-flex,2,1.0
1207,BWA-no-clip,3,0.5121212121212121
1207,BWA-std,3,0.13636363636363635
1207,NW-flex,3,1.0
1207,BWA-no-clip,5,0.6393939393939394
1207,BWA-std,5,0.18181818181818182
1207,NW-flex,5,1.0
1207,BWA-no-clip,-1,0.6787878787878788
1207,BWA-std,-1,0.4
1207,NW-flex,-1,1.0
1208,BWA-no-clip,0,0.5454545454545454
1208,BWA-std,0,0.12727272727272726
1208,NW-flex,0,1.0
1208,BWA-no-clip,1,0.6363636363636364
1208,BWA-std,1,0.12727272727272726
1208,NW-flex,1,1.0
1208,BWA-no-clip,10,0.8272727272727273
1208,BWA-std,10,0.4090909090909091
1208,NW-flex,10,1.0
1208,BWA-no-clip,2,0.6727272727272727
1208,BWA-std,2,0.12727272727272726
1208,NW-flex,2,1.0
1208,BWA-no-clip,3,0.7272727272727273
1208,BWA-std,3,0.13636363636363635
1208,NW-flex,3,1.0
1208,BWA-no-clip,5,0.8090909090909091
1208,BWA-std,5,0.19090909090909092
1208,NW-flex,5,1.0
1208,BWA-no-clip,-1,0.8272727272727273
1208,BWA-std,-1,0.4090909090909091
1208,NW-flex,-1,1.0
1209,BWA-no-clip,0,0.6818181818181818
1209,BWA-std,0,0.12727272727272726
1209,NW-flex,0,0.996969696969697
1209,BWA-no-clip,1,0.7181818181818181
1209,BWA-std,1,0.12727272727272726
1209,NW-flex,1,1.0
1209,BWA-no-clip,10,0.8545454545454545
1209,BWA-std,10,0.4090909090909091
1209,NW-flex,10,1.0
1209,BWA-no-clip,2,0.7
1209,BWA-std,2,0.12727272727272726
1209,NW-flex,2,1.0
1209,BWA-no-clip,3,0.6818181818181818
1209,BWA-std,3,0.13636363636363635
1209,NW-flex,3,1.0
1209,BWA-no-clip,5,0.8181818181818182
1209,BWA-std,5,0.19090909090909092
1209,NW-flex,5,1.0
1209,BWA-no-clip,-1,0.8545454545454545
1209,BWA-std,-1,0.4090909090909091
1209,NW-flex,-1,1.0
1210,BWA-no-clip,0,0.4636363636363636
1210,BWA-std,0,0.10909090909090909
1210,NW-flex,0,0.8
1210,BWA-no-clip,1,0.6727272727272727
1210,BWA-std,1,0.12727272727272726
1210,NW-flex,1,0.996969696969697
1210,BWA-no-clip,10,0.8272727272727273
1210,BWA-std,10,0.4090909090909091
1210,NW-flex,10,1.0
1210,BWA-no-clip,2,0.7333333333333333
1210,BWA-std,2,0.12727272727272726
1210,NW-flex,2,1.0
1210,BWA-no-clip,3,0.7636363636363637
1210,BWA-std,3,0.13636363636363635
1210,NW-flex,3,1.0
1210,BWA-no-clip,5,0.7181818181818181
1210,BWA-std,5,0.19090909090909092
1210,NW-flex,5,1.0
1210,BWA-no-clip,-1,0.8272727272727273
1210,BWA-std,-1,0.4090909090909091
1210,NW-flex,-1,1.0
1211,BWA-no-clip,0,0.6818181818181818
1211,BWA-std,0,0.12727272727272726
1211,NW-flex,0,1.0
1211,BWA-no-clip,1,0.6818181818181818
1211,BWA-std,1,0.12727272727272726
1211,NW-flex,1,1.0
1211,BWA-no-clip,10,0.8727272727272727
1211,BWA-std,10,0.41818181818181815
1211,NW-flex,10,1.0
1211,BWA-no-clip,2,0.7454545454545455
1211,BWA-std,2,0.13636363636363635
1211,NW-flex,2,1.0
1211,BWA-no-clip,3,0.7363636363636363
1211,BWA-std,3,0.14545454545454545
1211,NW-flex,3,1.0
1211,BWA-no-clip,5,0.8454545454545455
1211,BWA-std,5,0.2
1211,NW-flex,5,1.0
1211,BWA-no-clip,-1,0.8727272727272727
1211,BWA-std,-1,0.41818181818181815
1211,NW-flex,-1,1.0
1212,BWA-no-clip,0,0.7181818181818181
1212,BWA-std,0,0.12727272727272726
1212,NW-flex,0,0.9939393939393939
1212,BWA-no-clip,1,0.6909090909090909
1212,BWA-std,1,0.12727272727272726
1212,NW-flex,1,1.0
1212,BWA-no-clip,10,0.9090909090909091
1212,BWA-std,10,0.41818181818181815
1212,NW-flex,10,1.0
1212,BWA-no-clip,2,0.7818181818181819
1212,BWA-std,2,0.13636363636363635
1212,NW-flex,2,1.0
1212,BWA-no-clip,3,0.8090909090909091
1212,BWA-std,3,0.14545454545454545
1212,NW-flex,3,1.0
1212,BWA-no-clip,5,0.8818181818181818
1212,BWA-std,5,0.2
1212,NW-flex,5,1.0
1212,BWA-no-clip,-1,0.9090909090909091
1212,BWA-std,-1,0.41818181818181815
1212,NW-flex,-1,1.0
1213,BWA-no-clip,0,0.4727272727272727
1213,BWA-std,0,0.10909090909090909
1213,NW-flex,0,0.9
1213,BWA-no-clip,1,0.7636363636363637
1213,BWA-std,1,0.12727272727272726
1213,NW-flex,1,1.0
1213,BWA-no-clip,10,0.8545454545454545
1213,BWA-std,10,0.41818181818181815
1213,NW-flex,10,1.0
1213,BWA-no-clip,2,0.6909090909090909
1213,BWA-std,2,0.13636363636363635
1213,NW-flex,2,0.9939393939393939
1213,BWA-no-clip,3,0.7909090909090909
1213,BWA-std,3,0.14545454545454545
1213,NW-flex,3,1.0
1213,BWA-no-clip,5,0.8272727272727273
1213,BWA-std,5,0.2
1213,NW-flex,5,1.0
1213,BWA-no-clip,-1,0.8545454545454545
1213,BWA-std,-1,0.41818181818181815
1213,NW-flex,-1,1.0
1214,BWA-no-clip,0,0.6272727272727273
1214,BWA-std,0,0.12727272727272726
1214,NW-flex,0,0.996969696969697
1214,BWA-no-clip,1,0.6
1214,BWA-std,1,0.12727272727272726
1214,NW-flex,1,1.0
1214,BWA-no-clip,10,0.8545454545454545
1214,BWA-std,10,0.4090909090909091
1214,NW-flex,10,1.0
1214,BWA-no-clip,2,0.6636363636363637
1214,BWA-std,2,0.12727272727272726
1214,NW-flex,2,1.0
1214,BWA-no-clip,3,0.8181818181818182
1214,BWA-std,3,0.13636363636363635
1214,NW-flex,3,1.0
1214,BWA-no-clip,5,0.8
1214,BWA-std,5,0.19090909090909092
1214,NW-flex,5,1.0
1214,BWA-no-clip,-1,0.8545454545454545
1214,BWA-std,-1,0.4090909090909091
1214,NW-flex,-1,1.0
1215,BWA-no-clip,0,0.44545454545454544
1215,BWA-std,0,0.10909090909090909
1215,NW-flex,0,0.7
1215,BWA-no-clip,1,0.6181818181818182
1215,BWA-std,1,0.12727272727272726
1215,NW-flex,1,0.9939393939393939
1215,BWA-no-clip,10,0.7666666666666667
1215,BWA-std,10,0.4090909090909091
1215,NW-flex,10,1.0
1215,BWA-no-clip,2,0.6181818181818182
1215,BWA-std,2,0.12727272727272726
1215,NW-flex,2,1.0
1215,BWA-no-clip,3,0.6696969696969697
1215,BWA-std,3,0.13636363636363635
1215,NW-flex,3,1.0
1215,BWA-no-clip,5,0.7393939393939394
1215,BWA-std,5,0.19090909090909092
1215,NW-flex,5,1.0
1215,BWA-no-clip,-1,0.7666666666666667
1215,BWA-std,-1,0.4090909090909091
1215,NW-flex,-1,1.0
1216,BWA-no-clip,0,0.6363636363636364
1216,BWA-std,0,0.12727272727272726
1216,NW-flex,0,1.0
1216,BWA-no-clip,1,0.7
1216,BWA-std,1,0.12727272727272726
1216,NW-flex,1,1.0
1216,BWA-no-clip,10,0.8818181818181818
1216,BWA-std,10,0.41818181818181815
1216,NW-flex,10,1.0
1216,BWA-no-clip,2,0.7090909090909091
1216,BWA-std,2,0.13636363636363635
1216,NW-flex,2,1.0
1216,BWA-no-clip,3,0.7545454545454545
1216,BWA-std,3,0.14545454545454545
1216,NW-flex,3,1.0
1216,BWA-no-clip,5,0.8181818181818182
1216,BWA-std,5,0.2
1216,NW-flex,5,1.0
1216,BWA-no-clip,-1,0.8818181818181818
1216,BWA-std,-1,0.41818181818181815
1216,NW-flex,-1,1.0
1217,BWA-no-clip,0,0.39090909090909093
1217,BWA-std,0,0.10909090909090909
1217,NW-flex,0,0.6
1217,BWA-no-clip,1,0.5545454545454546
1217,BWA-std,1,0.12727272727272726
1217,NW-flex,1,0.990909090909091
1217,BWA-no-clip,10,0.6242424242424243
1217,BWA-std,10,0.4
1217,NW-flex,10,1.0
1217,BWA-no-clip,2,0.4727272727272727
1217,BWA-std,2,0.14545454545454545
1217,NW-flex,2,1.0
1217,BWA-no-clip,3,0.5242424242424243
1217,BWA-std,3,0.13636363636363635
1217,NW-flex,3,0.9030303030303031
1217,BWA-no-clip,5,0.6060606060606061
1217,BWA-std,5,0.18181818181818182
1217,NW-flex,5,1.0
1217,BWA-no-clip,-1,0.6242424242424243
1217,BWA-std,-1,0.4
1217,NW-flex,-1,1.0
1218,BWA-no-clip,0,0.4636363636363636
1218,BWA-std,0,0.10909090909090909
1218,NW-flex,0,0.8
1218,BWA-no-clip,1,0.6696969696969697
1218,BWA-std,1,0.12727272727272726
1218,NW-flex,1,0.996969696969697
1218,BWA-no-clip,10,0.7727272727272727
1218,BWA-std,10,0.4090909090909091
1218,NW-flex,10,1.0
1218,BWA-no-clip,2,0.509090909090909
1218,BWA-std,2,0.12727272727272726
1218,NW-flex,2,0.996969696969697
1218,BWA-no-clip,3,0.6636363636363637
1218,BWA-std,3,0.13636363636363635
1218,NW-flex,3,1.0
1218,BWA-no-clip,5,0.7363636363636363
1218,BWA-std,5,0.19090909090909092
1218,NW-flex,5,1.0
1218,BWA-no-clip,-1,0.7727272727272727
1218,BWA-std,-1,0.4090909090909091
1218,NW-flex,-1,1.0
1219,BWA-no-clip,0,0.6090909090909091
1219,BWA-std,0,0.12727272727272726
1219,NW-flex,0,0.990909090909091
1219,BWA-no-clip,1,0.6545454545454545
1219,BWA-std,1,0.12727272727272726
1219,NW-flex,1,1.0
1219,BWA-no-clip,10,0.8727272727272727
1219,BWA-std,10,0.41818181818181815
1219,NW-flex,10,1.0
1219,BWA-no-clip,2,0.7272727272727273
1219,BWA-std,2,0.13636363636363635
1219,NW-flex,2,1.0
1219,BWA-no-clip,3,0.7818181818181819
1219,BWA-std,3,0.14545454545454545
1219,NW-flex,3,1.0
1219,BWA-no-clip,5,0.8454545454545455
1219,BWA-std,5,0.2
1219,NW-flex,5,1.0
1219,BWA-no-clip,-1,0.8727272727272727
1219,BWA-std,-1,0.41818181818181815
1219,NW-flex,-1,1.0
1220,BWA-no-clip,0,0.7
1220,BWA-std,0,0.12727272727272726
1220,NW-flex,0,0.9939393939393939
1220,BWA-no-clip,1,0.7181818181818181
1220,BWA-std,1,0.12727272727272726
1220,NW-flex,1,1.0
1220,BWA-no-clip,10,0.8636363636363636
1220,BWA-std,10,0.41818181818181815
1220,NW-flex,10,1.0
1220,BWA-no-clip,2,0.8636363636363636
1220,BWA-std,2,0.13636363636363635
1220,NW-flex,2,1.0
1220,BWA-no-clip,3,0.8363636363636363
1220,BWA-std,3,0.14545454545454545
1220,NW-flex,3,1.0
1220,BWA-no-clip,5,0.8545454545454545
1220,BWA-std,5,0.2
1220,NW-flex,5,1.0
1220,BWA-no-clip,-1,0.8636363636363636
1220,BWA-std,-1,0.41818181818181815
1220,NW-flex,-1,1.0
1221,BWA-no-clip,0,0.6181818181818182
1221,BWA-std,0,0.12727272727272726
1221,NW-flex,0,0.990909090909091
1221,BWA-no-clip,1,0.6545454545454545
1221,BWA-std,1,0.12727272727272726
1221,NW-flex,1,1.0
1221,BWA-no-clip,10,0.8818181818181818
1221,BWA-std,10,0.41818181818181815
1221,NW-flex,10,1.0
1221,BWA-no-clip,2,0.7363636363636363
1221,BWA-std,2,0.13636363636363635
1221,NW-flex,2,1.0
1221,BWA-no-clip,3,0.7909090909090909
1221,BWA-std,3,0.14545454545454545
1221,NW-flex,3,1.0
1221,BWA-no-clip,5,0.8363636363636363
1221,BWA-std,5,0.2
1221,NW-flex,5,1.0
1221,BWA-no-clip,-1,0.8818181818181818
1221,BWA-std,-1,0.41818181818181815
1221,NW-flex,-1,1.0
1222,BWA-no-clip,0,0.5
1222,BWA-std,0,0.10909090909090909
1222,NW-flex,0,0.8
1222,BWA-no-clip,1,0.6787878787878788
1222,BWA-std,1,0.12727272727272726
1222,NW-flex,1,0.996969696969697
1222,BWA-no-clip,10,0.8
1222,BWA-std,10,0.4090909090909091
1222,NW-flex,10,1.0
1222,BWA-no-clip,2,0.6090909090909091
1222,BWA-std,2,0.12727272727272726
1222,NW-flex,2,0.996969696969697
1222,BWA-no-clip,3,0.6909090909090909
1222,BWA-std,3,0.13636363636363635
1222,NW-flex,3,1.0
1222,BWA-no-clip,5,0.7909090909090909
1222,BWA-std,5,0.19090909090909092
1222,NW-flex,5,1.0
1222,BWA-no-clip,-1,0.8
1222,BWA-std,-1,0.4090909090909091
1222,NW-flex,-1,1.0
1223,BWA-no-clip,0,0.43636363636363634
1223,BWA-std,0,0.10909090909090909
1223,NW-flex,0,0.7
1223,BWA-no-clip,1,0.6272727272727273
1223,BWA-std,1,0.12727272727272726
1223,NW-flex,1,0.9939393939393939
1223,BWA-no-clip,10,0.7575757575757576
1223,BWA-std,10,0.4090909090909091
1223,NW-flex,10,1.0
1223,BWA-no-clip,2,0.6
1223,BWA-std,2,0.12727272727272726
1223,NW-flex,2,1.0
1223,BWA-no-clip,3,0.6727272727272727
1223,BWA-std,3,0.13636363636363635
1223,NW-flex,3,1.0
1223,BWA-no-clip,5,0.6757575757575758
1223,BWA-std,5,0.19090909090909092
1223,NW-flex,5,1.0
1223,BWA-no-clip,-1,0.7575757575757576
1223,BWA-std,-1,0.4090909090909091
1223,NW-flex,-1,1.0
1224,BWA-no-clip,0,0.5545454545454546
1224,BWA-std,0,0.12727272727272726
1224,NW-flex,0,0.996969696969697
1224,BWA-no-clip,1,0.6727272727272727
1224,BWA-std,1,0.12727272727272726
1224,NW-flex,1,1.0
1224,BWA-no-clip,10,0.8
1224,BWA-std,10,0.4
1224,NW-flex,10,1.0
1224,BWA-no-clip,2,0.6272727272727273
1224,BWA-std,2,0.12727272727272726
1224,NW-flex,2,1.0
1224,BWA-no-clip,3,0.7454545454545455
1224,BWA-std,3,0.13636363636363635
1224,NW-flex,3,1.0
1224,BWA-no-clip,5,0.7818181818181819
1224,BWA-std,5,0.18181818181818182
1224,NW-flex,5,1.0
1224,BWA-no-clip,-1,0.8
1224,BWA-std,-1,0.4
1224,NW-flex,-1,1.0
1225,BWA-no-clip,0,0.7636363636363637
1225,BWA-std,0,0.12727272727272726
1225,NW-flex,0,0.9939393939393939
1225,BWA-no-clip,1,0.7909090909090909
1225,BWA-std,1,0.12727272727272726
1225,NW-flex,1,1.0
1225,BWA-no-clip,10,0.8818181818181818
1225,BWA-std,10,0.41818181818181815
1225,NW-flex,10,1.0
1225,BWA-no-clip,2,0.8181818181818182
1225,BWA-std,2,0.13636363636363635
1225,NW-flex,2,1.0
1225,BWA-no-clip,3,0.8181818181818182
1225,BWA-std,3,0.14545454545454545
1225,NW-flex,3,1.0
1225,BWA-no-clip,5,0.8363636363636363
1225,BWA-std,5,0.2
1225,NW-flex,5,1.0
1225,BWA-no-clip,-1,0.8818181818181818
1225,BWA-std,-1,0.41818181818181815
1225,NW-flex,-1,1.0
1226,BWA-no-clip,0,0.4818181818181818
1226,BWA-std,0,0.10909090909090909
1226,NW-flex,0,0.9
1226,BWA-no-clip,1,0.6909090909090909
1226,BWA-std,1,0.12727272727272726
1226,NW-flex,1,1.0
1226,BWA-no-clip,10,0.8636363636363636
1226,BWA-std,10,0.41818181818181815
1226,NW-flex,10,1.0
1226,BWA-no-clip,2,0.6909090909090909
1226,BWA-std,2,0.13636363636363635
1226,NW-flex,2,1.0
1226,BWA-no-clip,3,0.7272727272727273
1226,BWA-std,3,0.14545454545454545
1226,NW-flex,3,1.0
1226,BWA-no-clip,5,0.8636363636363636
1226,BWA-std,5,0.2
1226,NW-flex,5,1.0
1226,BWA-no-clip,-1,0.8636363636363636
1226,BWA-std,-1,0.41818181818181815
1226,NW-flex,-1,1.0
1227,BWA-no-clip,0,0.5545454545454546
1227,BWA-std,0,0.12727272727272726
1227,NW-flex,0,0.996969696969697
1227,BWA-no-clip,1,0.7515151515151515
1227,BWA-std,1,0.12727272727272726
1227,NW-flex,1,1.0
1227,BWA-no-clip,10,0.8181818181818182
1227,BWA-std,10,0.4090909090909091
1227,NW-flex,10,1.0
1227,BWA-no-clip,2,0.6090909090909091
1227,BWA-std,2,0.12727272727272726
1227,NW-flex,2,1.0
1227,BWA-no-clip,3,0.7818181818181819
1227,BWA-std,3,0.13636363636363635
1227,NW-flex,3,1.0
1227,BWA-no-clip,5,0.7727272727272727
1227,BWA-std,5,0.19090909090909092
1227,NW-flex,5,1.0
1227,BWA-no-clip,-1,0.8181818181818182
1227,BWA-std,-1,0.4090909090909091
1227,NW-flex,-1,1.0
1228,BWA-no-clip,0,0.5909090909090909
1228,BWA-std,0,0.12727272727272726
1228,NW-flex,0,1.0
1228,BWA-no-clip,1,0.5636363636363636
1228,BWA-std,1,0.12727272727272726
1228,NW-flex,1,1.0
1228,BWA-no-clip,10,0.8363636363636363
1228,BWA-std,10,0.41818181818181815
1228,NW-flex,10,1.0
1228,BWA-no-clip,2,0.6181818181818182
1228,BWA-std,2,0.13636363636363635
1228,NW-flex,2,1.0
1228,BWA-no-clip,3,0.7909090909090909
1228,BWA-std,3,0.14545454545454545
1228,NW-flex,3,1.0
1228,BWA-no-clip,5,0.7545454545454545
1228,BWA-std,5,0.2
1228,NW-flex,5,1.0
1228,BWA-no-clip,-1,0.8363636363636363
1228,BWA-std,-1,0.41818181818181815
1228,NW-flex,-1,1.0
1229,BWA-no-clip,0,0.12727272727272726
1229,BWA-std,0,0.09090909090909091
1229,NW-flex,0,0.22121212121212122
1229,BWA-no-clip,1,0.5909090909090909
1229,BWA-std,1,0.11818181818181818
1229,NW-flex,1,1.0
1229,BWA-no-clip,10,0.8636363636363636
1229,BWA-std,10,0.41818181818181815
1229,NW-flex,10,1.0
1229,BWA-no-clip,2,0.7454545454545455
1229,BWA-std,2,0.13636363636363635
1229,NW-flex,2,1.0
1229,BWA-no-clip,3,0.7727272727272727
1229,BWA-std,3,0.14545454545454545
1229,NW-flex,3,1.0
1229,BWA-no-clip,5,0.8272727272727273
1229,BWA-std,5,0.2
1229,NW-flex,5,1.0
1229,BWA-no-clip,-1,0.8636363636363636
1229,BWA-std,-1,0.41818181818181815
1229,NW-flex,-1,1.0
1230,BWA-no-clip,0,0.41818181818181815
1230,BWA-std,0,0.10909090909090909
1230,NW-flex,0,0.7
1230,BWA-no-clip,1,0.5545454545454546
1230,BWA-std,1,0.12727272727272726
1230,NW-flex,1,0.990909090909091
1230,BWA-no-clip,10,0.7484848484848485
1230,BWA-std,10,0.4090909090909091
1230,NW-flex,10,1.0
1230,BWA-no-clip,2,0.4666666666666667
1230,BWA-std,2,0.13333333333333333
1230,NW-flex,2,0.7090909090909091
1230,BWA-no-clip,3,0.6151515151515151
1230,BWA-std,3,0.13636363636363635
1230,NW-flex,3,1.0
1230,BWA-no-clip,5,0.7393939393939394
1230,BWA-std,5,0.19090909090909092
1230,NW-flex,5,1.0
1230,BWA-no-clip,-1,0.7484848484848485
1230,BWA-std,-1,0.4090909090909091
1230,NW-flex,-1,1.0
1231,BWA-no-clip,0,0.5181818181818182
1231,BWA-std,0,0.12727272727272726
1231,NW-flex,0,0.996969696969697
1231,BWA-no-clip,1,0.6272727272727273
1231,BWA-std,1,0.12727272727272726
1231,NW-flex,1,1.0
1231,BWA-no-clip,10,0.7818181818181819
1231,BWA-std,10,0.4
1231,NW-flex,10,1.0
1231,BWA-no-clip,2,0.5909090909090909
1231,BWA-std,2,0.12727272727272726
1231,NW-flex,2,1.0
1231,BWA-no-clip,3,0.7090909090909091
1231,BWA-std,3,0.13636363636363635
1231,NW-flex,3,1.0
1231,BWA-no-clip,5,0.7181818181818181
1231,BWA-std,5,0.18181818181818182
1231,NW-flex,5,1.0
1231,BWA-no-clip,-1,0.7818181818181819
1231,BWA-std,-1,0.4
1231,NW-flex,-1,1.0
1232,BWA-no-clip,0,0.7636363636363637
1232,BWA-std,0,0.12727272727272726
1232,NW-flex,0,1.0
1232,BWA-no-clip,1,0.7545454545454545
1232,BWA-std,1,0.12727272727272726
1232,NW-flex,1,1.0
1232,BWA-no-clip,10,0.8909090909090909
1232,BWA-std,10,0.41818181818181815
1232,NW-flex,10,1.0
1232,BWA-no-clip,2,0.7727272727272727
1232,BWA-std,2,0.13636363636363635
1232,NW-flex,2,1.0
1232,BWA-no-clip,3,0.7909090909090909
1232,BWA-std,3,0.14545454545454545
1232,NW-flex,3,1.0
1232,BWA-no-clip,5,0.8727272727272727
1232,BWA-std,5,0.2
1232,NW-flex,5,1.0
1232,BWA-no-clip,-1,0.8909090909090909
1232,BWA-std,-1,0.41818181818181815
1232,NW-flex,-1,1.0
1233,BWA-no-clip,0,0.41818181818181815
1233,BWA-std,0,0.10909090909090909
1233,NW-flex,0,0.803030303030303
1233,BWA-no-clip,1,0.7727272727272727
1233,BWA-std,1,0.12727272727272726
1233,NW-flex,1,1.0
1233,BWA-no-clip,10,0.8727272727272727
1233,BWA-std,10,0.41818181818181815
1233,NW-flex,10,1.0
1233,BWA-no-clip,2,0.7636363636363637
1233,BWA-std,2,0.13636363636363635
1233,NW-flex,2,1.0
1233,BWA-no-clip,3,0.7363636363636363
1233,BWA-std,3,0.14545454545454545
1233,NW-flex,3,1.0
1233,BWA-no-clip,5,0.8454545454545455
1233,BWA-std,5,0.2
1233,NW-flex,5,1.0
1233,BWA-no-clip,-1,0.8727272727272727
1233,BWA-std,-1,0.41818181818181815
1233,NW-flex,-1,1.0
1234,BWA-no-clip,0,0.32727272727272727
1234,BWA-std,0,0.10909090909090909
1234,NW-flex,0,0.6090909090909091
1234,BWA-no-clip,1,0.6454545454545455
1234,BWA-std,1,0.12727272727272726
1234,NW-flex,1,1.0
1234,BWA-no-clip,10,0.8363636363636363
1234,BWA-std,10,0.41818181818181815
1234,NW-flex,10,1.0
1234,BWA-no-clip,2,0.6727272727272727
1234,BWA-std,2,0.13636363636363635
1234,NW-flex,2,1.0
1234,BWA-no-clip,3,0.7363636363636363
1234,BWA-std,3,0.14545454545454545
1234,NW-flex,3,1.0
1234,BWA-no-clip,5,0.7909090909090909
1234,BWA-std,5,0.2
1234,NW-flex,5,1.0
1234,BWA-no-clip,-1,0.8363636363636363
1234,BWA-std,-1,0.41818181818181815
1234,NW-flex,-1,1.0
1235,BWA-no-clip,0,0.4909090909090909
1235,BWA-std,0,0.10909090909090909
1235,NW-flex,0,0.9
1235,BWA-no-clip,1,0.7454545454545455
1235,BWA-std,1,0.12727272727272726
1235,NW-flex,1,1.0
1235,BWA-no-clip,10,0.8545454545454545
1235,BWA-std,10,0.41818181818181815
1235,NW-flex,10,1.0
1235,BWA-no-clip,2,0.7090909090909091
1235,BWA-std,2,0.13636363636363635
1235,NW-flex,2,1.0
1235,BWA-no-clip,3,0.7181818181818181
1235,BWA-std,3,0.14545454545454545
1235,NW-flex,3,1.0
1235,BWA-no-clip,5,0.8363636363636363
1235,BWA-std,5,0.2
1235,NW-flex,5,1.0
1235,BWA-no-clip,-1,0.8545454545454545
1235,BWA-std,-1,0.41818181818181815
1235,NW-flex,-1,1.0
1236,BWA-no-clip,0,0.5818181818181818
1236,BWA-std,0,0.12727272727272726
1236,NW-flex,0,0.996969696969697
1236,BWA-no-clip,1,0.6363636363636364
1236,BWA-std,1,0.12727272727272726
1236,NW-flex,1,1.0
1236,BWA-no-clip,10,0.8090909090909091
1236,BWA-std,10,0.4
1236,NW-flex,10,1.0
1236,BWA-no-clip,2,0.7090909090909091
1236,BWA-std,2,0.12727272727272726
1236,NW-flex,2,1.0
1236,BWA-no-clip,3,0.7272727272727273
1236,BWA-std,3,0.13636363636363635
1236,NW-flex,3,1.0
1236,BWA-no-clip,5,0.7727272727272727
1236,BWA-std,5,0.18181818181818182
1236,NW-flex,5,1.0
1236,BWA-no-clip,-1,0.8090909090909091
1236,BWA-std,-1,0.4
1236,NW-flex,-1,1.0
1237,BWA-no-clip,0,0.35454545454545455
1237,BWA-std,0,0.10909090909090909
1237,NW-flex,0,0.9
1237,BWA-no-clip,1,0.5454545454545454
1237,BWA-std,1,0.12727272727272726
1237,NW-flex,1,0.996969696969697
1237,BWA-no-clip,10,0.9090909090909091
1237,BWA-std,10,0.41818181818181815
1237,NW-flex,10,1.0
1237,BWA-no-clip,2,0.7818181818181819
1237,BWA-std,2,0.13636363636363635
1237,NW-flex,2,1.0
1237,BWA-no-clip,3,0.8
1237,BWA-std,3,0.14545454545454545
1237,NW-flex,3,1.0
1237,BWA-no-clip,5,0.8818181818181818
1237,BWA-std,5,0.2
1237,NW-flex,5,1.0
1237,BWA-no-clip,-1,0.9090909090909091
1237,BWA-std,-1,0.41818181818181815
1237,NW-flex,-1,1.0
1238,BWA-no-clip,0,0.44242424242424244
1238,BWA-std,0,0.10909090909090909
1238,NW-flex,0,0.7
1238,BWA-no-clip,1,0.5636363636363636
1238,BWA-std,1,0.12727272727272726
1238,NW-flex,1,0.9939393939393939
1238,BWA-no-clip,10,0.7666666666666667
1238,BWA-std,10,0.4090909090909091
1238,NW-flex,10,1.0
1238,BWA-no-clip,2,0.6090909090909091
1238,BWA-std,2,0.12727272727272726
1238,NW-flex,2,1.0
1238,BWA-no-clip,3,0.4090909090909091
1238,BWA-std,3,0.11818181818181818
1238,NW-flex,3,0.996969696969697
1238,BWA-no-clip,5,0.7393939393939394
1238,BWA-std,5,0.19090909090909092
1238,NW-flex,5,1.0
1238,BWA-no-clip,-1,0.7666666666666667
1238,BWA-std,-1,0.4090909090909091
1238,NW-flex,-1,1.0
1239,BWA-no-clip,0,0.7090909090909091
1239,BWA-std,0,0.12727272727272726
1239,NW-flex,0,0.996969696969697
1239,BWA-no-clip,1,0.7636363636363637
1239,BWA-std,1,0.12727272727272726
1239,NW-flex,1,1.0
1239,BWA-no-clip,10,0.8545454545454545
1239,BWA-std,10,0.4090909090909091
1239,NW-flex,10,1.0
1239,BWA-no-clip,2,0.7272727272727273
1239,BWA-std,2,0.12727272727272726
1239,NW-flex,2,1.0
1239,BWA-no-clip,3,0.7090909090909091
1239,BWA-std,3,0.13636363636363635
1239,NW-flex,3,1.0
1239,BWA-no-clip,5,0.8454545454545455
1239,BWA-std,5,0.19090909090909092
1239,NW-flex,5,1.0
1239,BWA-no-clip,-1,0.8545454545454545
1239,BWA-std,-1,0.4090909090909091
1239,NW-flex,-1,1.0
1240,BWA-no-clip,0,0.41818181818181815
1240,BWA-std,0,0.10909090909090909
1240,NW-flex,0,0.7
1240,BWA-no-clip,1,0.6
1240,BWA-std,1,0.12727272727272726
1240,NW-flex,1,0.9
1240,BWA-no-clip,10,0.7363636363636363
1240,BWA-std,10,0.4
1240,NW-flex,10,1.0
1240,BWA-no-clip,2,0.6090909090909091
1240,BWA-std,2,0.12727272727272726
1240,NW-flex,2,1.0
1240,BWA-no-clip,3,0.6636363636363637
1240,BWA-std,3,0.12727272727272726
1240,NW-flex,3,1.0
1240,BWA-no-clip,5,0.7
1240,BWA-std,5,0.18181818181818182
1240,NW-flex,5,1.0
1240,BWA-no-clip,-1,0.7363636363636363
1240,BWA-std,-1,0.4
1240,NW-flex,-1,1.0
1241,BWA-no-clip,0,0.7363636363636363
1241,BWA-std,0,0.12727272727272726
1241,NW-flex,0,0.990909090909091
1241,BWA-no-clip,1,0.8181818181818182
1241,BWA-std,1,0.12727272727272726
1241,NW-flex,1,1.0
1241,BWA-no-clip,10,0.8636363636363636
1241,BWA-std,10,0.41818181818181815
1241,NW-flex,10,1.0
1241,BWA-no-clip,2,0.8090909090909091
1241,BWA-std,2,0.13636363636363635
1241,NW-flex,2,1.0
1241,BWA-no-clip,3,0.7909090909090909
1241,BWA-std,3,0.14545454545454545
1241,NW-flex,3,1.0
1241,BWA-no-clip,5,0.8545454545454545
1241,BWA-std,5,0.2
1241,NW-flex,5,1.0
1241,BWA-no-clip,-1,0.8636363636363636
1241,BWA-std,-1,0.41818181818181815
1241,NW-flex,-1,1.0
1242,BWA-no-clip,0,0.4636363636363636
1242,BWA-std,0,0.10909090909090909
1242,NW-flex,0,0.9
1242,BWA-no-clip,1,0.6818181818181818
1242,BWA-std,1,0.12727272727272726
1242,NW-flex,1,0.996969696969697
1242,BWA-no-clip,10,0.9090909090909091
1242,BWA-std,10,0.41818181818181815
1242,NW-flex,10,1.0
1242,BWA-no-clip,2,0.8363636363636363
1242,BWA-std,2,0.13636363636363635
1242,NW-flex,2,1.0
1242,BWA-no-clip,3,0.6545454545454545
1242,BWA-std,3,0.14545454545454545
1242,NW-flex,3,1.0
1242,BWA-no-clip,5,0.9090909090909091
1242,BWA-std,5,0.2
1242,NW-flex,5,1.0
1242,BWA-no-clip,-1,0.9090909090909091
1242,BWA-std,-1,0.41818181818181815
1242,NW-flex,-1,1.0
1243,BWA-no-clip,0,0.23030303030303031
1243,BWA-std,0,0.10909090909090909
1243,NW-flex,0,0.3
1243,BWA-no-clip,1,0.32727272727272727
1243,BWA-std,1,0.12727272727272726
1243,NW-flex,1,0.9818181818181818
1243,BWA-no-clip,10,0.42424242424242425
1243,BWA-std,10,0.3242424242424242
1243,NW-flex,10,1.0
1243,BWA-no-clip,2,0.36363636363636365
1243,BWA-std,2,0.13636363636363635
1243,NW-flex,2,1.0
1243,BWA-no-clip,3,0.3939393939393939
1243,BWA-std,3,0.13636363636363635
1243,NW-flex,3,1.0
1243,BWA-no-clip,5,0.3696969696969697
1243,BWA-std,5,0.13636363636363635
1243,NW-flex,5,1.0
1243,BWA-no-clip,-1,0.42424242424242425
1243,BWA-std,-1,0.3242424242424242
1243,NW-flex,-1,1.0
1244,BWA-no-clip,0,0.5636363636363636
1244,BWA-std,0,0.12727272727272726
1244,NW-flex,0,0.9939393939393939
1244,BWA-no-clip,1,0.7181818181818181
1244,BWA-std,1,0.12727272727272726
1244,NW-flex,1,1.0
1244,BWA-no-clip,10,0.8545454545454545
1244,BWA-std,10,0.41818181818181815
1244,NW-flex,10,1.0
1244,BWA-no-clip,2,0.7363636363636363
1244,BWA-std,2,0.13636363636363635
1244,NW-flex,2,1.0
1244,BWA-no-clip,3,0.8272727272727273
1244,BWA-std,3,0.14545454545454545
1244,NW-flex,3,1.0
1244,BWA-no-clip,5,0.6909090909090909
1244,BWA-std,5,0.2
1244,NW-flex,5,1.0
1244,BWA-no-clip,-1,0.8545454545454545
1244,BWA-std,-1,0.41818181818181815
1244,NW-flex,-1,1.0
1245,BWA-no-clip,0,0.6818181818181818
1245,BWA-std,0,0.12727272727272726
1245,NW-flex,0,0.996969696969697
1245,BWA-no-clip,1,0.6545454545454545
1245,BWA-std,1,0.12727272727272726
1245,NW-flex,1,1.0
1245,BWA-no-clip,10,0.8454545454545455
1245,BWA-std,10,0.4090909090909091
1245,NW-flex,10,1.0
1245,BWA-no-clip,2,0.7636363636363637
1245,BWA-std,2,0.12727272727272726
1245,NW-flex,2,1.0
1245,BWA-no-clip,3,0.7818181818181819
1245,BWA-std,3,0.13636363636363635
1245,NW-flex,3,1.0
1245,BWA-no-clip,5,0.8363636363636363
1245,BWA-std,5,0.19090909090909092
1245,NW-flex,5,1.0
1245,BWA-no-clip,-1,0.8454545454545455
1245,BWA-std,-1,0.4090909090909091
1245,NW-flex,-1,1.0
1246,BWA-no-clip,0,0.4818181818181818
1246,BWA-std,0,0.10909090909090909
1246,NW-flex,0,0.8
1246,BWA-no-clip,1,0.6818181818181818
1246,BWA-std,1,0.12727272727272726
1246,NW-flex,1,0.996969696969697
1246,BWA-no-clip,10,0.8272727272727273
1246,BWA-std,10,0.4090909090909091
1246,NW-flex,10,1.0
1246,BWA-no-clip,2,0.6212121212121212
1246,BWA-std,2,0.12727272727272726
1246,NW-flex,2,0.9939393939393939
1246,BWA-no-clip,3,0.7
1246,BWA-std,3,0.13636363636363635
1246,NW-flex,3,1.0
1246,BWA-no-clip,5,0.7818181818181819
1246,BWA-std,5,0.19090909090909092
1246,NW-flex,5,1.0
1246,BWA-no-clip,-1,0.8272727272727273
1246,BWA-std,-1,0.4090909090909091
1246,NW-flex,-1,1.0
1247,BWA-no-clip,0,0.2636363636363636
1247,BWA-std,0,0.10909090909090909
1247,NW-flex,0,0.706060606060606
1247,BWA-no-clip,1,0.7636363636363637
1247,BWA-std,1,0.12727272727272726
1247,NW-flex,1,1.0
1247,BWA-no-clip,10,0.8727272727272727
1247,BWA-std,10,0.41818181818181815
1247,NW-flex,10,1.0
1247,BWA-no-clip,2,0.8181818181818182
1247,BWA-std,2,0.13636363636363635
1247,NW-flex,2,1.0
1247,BWA-no-clip,3,0.6727272727272727
1247,BWA-std,3,0.14545454545454545
1247,NW-flex,3,1.0
1247,BWA-no-clip,5,0.8727272727272727
1247,BWA-std,5,0.2
1247,NW-flex,5,1.0
1247,BWA-no-clip,-1,0.8727272727272727
1247,BWA-std,-1,0.41818181818181815
1247,NW-flex,-1,1.0
1248,BWA-no-clip,0,0.7090909090909091
1248,BWA-std,0,0.12727272727272726
1248,NW-flex,0,0.9939393939393939
1248,BWA-no-clip,1,0.6909090909090909
1248,BWA-std,1,0.12727272727272726
1248,NW-flex,1,1.0
1248,BWA-no-clip,10,0.9090909090909091
1248,BWA-std,10,0.41818181818181815
1248,NW-flex,10,1.0
1248,BWA-no-clip,2,0.7818181818181819
1248,BWA-std,2,0.13636363636363635
1248,NW-flex,2,1.0
1248,BWA-no-clip,3,0.8090909090909091
1248,BWA-std,3,0.14545454545454545
1248,NW-flex,3,1.0
1248,BWA-no-clip,5,0.8818181818181818
1248,BWA-std,5,0.2
1248,NW-flex,5,1.0
1248,BWA-no-clip,-1,0.9090909090909091
1248,BWA-std,-1,0.41818181818181815
1248,NW-flex,-1,1.0
1249,BWA-no-clip,0,0.32727272727272727
1249,BWA-std,0,0.10909090909090909
1249,NW-flex,0,0.5
1249,BWA-no-clip,1,0.49696969696969695
1249,BWA-std,1,0.12727272727272726
1249,NW-flex,1,0.9878787878787879
1249,BWA-no-clip,10,0.6
1249,BWA-std,10,0.38181818181818183
1249,NW-flex,10,1.0
1249,BWA-no-clip,2,0.509090909090909
1249,BWA-std,2,0.12727272727272726
1249,NW-flex,2,1.0
1249,BWA-no-clip,3,0.5575757575757576
1249,BWA-std,3,0.13636363636363635
1249,NW-flex,3,1.0
1249,BWA-no-clip,5,0.4303030303030303
1249,BWA-std,5,0.15454545454545454
1249,NW-flex,5,0.996969696969697
1249,BWA-no-clip,-1,0.6
1249,BWA-std,-1,0.38181818181818183
1249,NW-flex,-1,1.0
1250,BWA-no-clip,0,0.7272727272727273
1250,BWA-std,0,0.12727272727272726
1250,NW-flex,0,1.0
1250,BWA-no-clip,1,0.7090909090909091
1250,BWA-std,1,0.12727272727272726
1250,NW-flex,1,1.0
1250,BWA-no-clip,10,0.8818181818181818
1250,BWA-std,10,0.41818181818181815
1250,NW-flex,10,1.0
1250,BWA-no-clip,2,0.7545454545454545
1250,BWA-std,2,0.13636363636363635
1250,NW-flex,2,1.0
1250,BWA-no-clip,3,0.8363636363636363
1250,BWA-std,3,0.14545454545454545
1250,NW-flex,3,1.0
1250,BWA-no-clip,5,0.8454545454545455
1250,BWA-std,5,0.2
1250,NW-flex,5,1.0
1250,BWA-no-clip,-1,0.8818181818181818
1250,BWA-std,-1,0.41818181818181815
1250,NW-flex,-1,1.0
1251,BWA-no-clip,0,0.7545454545454545
1251,BWA-std,0,0.12727272727272726
1251,NW-flex,0,0.9939393939393939
1251,BWA-no-clip,1,0.7545454545454545
1251,BWA-std,1,0.12727272727272726
1251,NW-flex,1,1.0
1251,BWA-no-clip,10,0.8818181818181818
1251,BWA-std,10,0.41818181818181815
1251,NW-flex,10,1.0
1251,BWA-no-clip,2,0.8363636363636363
1251,BWA-std,2,0.13636363636363635
1251,NW-flex,2,1.0
1251,BWA-no-clip,3,0.8636363636363636
1251,BWA-std,3,0.14545454545454545
1251,NW-flex,3,1.0
1251,BWA-no-clip,5,0.8727272727272727
1251,BWA-std,5,0.2
1251,NW-flex,5,1.0
1251,BWA-no-clip,-1,0.8818181818181818
1251,BWA-std,-1,0.41818181818181815
1251,NW-flex,-1,1.0
1252,BWA-no-clip,0,0.8
1252,BWA-std,0,0.12727272727272726
1252,NW-flex,0,0.9939393939393939
1252,BWA-no-clip,1,0.8
1252,BWA-std,1,0.12727272727272726
1252,NW-flex,1,1.0
1252,BWA-no-clip,10,0.8727272727272727
1252,BWA-std,10,0.41818181818181815
1252,NW-flex,10,1.0
1252,BWA-no-clip,2,0.8181818181818182
1252,BWA-std,2,0.13636363636363635
1252,NW-flex,2,1.0
1252,BWA-no-clip,3,0.8545454545454545
1252,BWA-std,3,0.14545454545454545
1252,NW-flex,3,1.0
1252,BWA-no-clip,5,0.8636363636363636
1252,BWA-std,5,0.2
1252,NW-flex,5,1.0
1252,BWA-no-clip,-1,0.8727272727272727
1252,BWA-std,-1,0.41818181818181815
1252,NW-flex,-1,1.0
1253,BWA-no-clip,0,0.6909090909090909
1253,BWA-std,0,0.12727272727272726
1253,NW-flex,0,1.0
1253,BWA-no-clip,1,0.6727272727272727
1253,BWA-std,1,0.12727272727272726
1253,NW-flex,1,1.0
1253,BWA-no-clip,10,0.8545454545454545
1253,BWA-std,10,0.41818181818181815
1253,NW-flex,10,1.0
1253,BWA-no-clip,2,0.7636363636363637
1253,BWA-std,2,0.13636363636363635
1253,NW-flex,2,1.0
1253,BWA-no-clip,3,0.7636363636363637
1253,BWA-std,3,0.14545454545454545
1253,NW-flex,3,1.0
1253,BWA-no-clip,5,0.7909090909090909
1253,BWA-std,5,0.2
1253,NW-flex,5,1.0
1253,BWA-no-clip,-1,0.8545454545454545
1253,BWA-std,-1,0.41818181818181815
1253,NW-flex,-1,1.0
1254,BWA-no-clip,0,0.4818181818181818
1254,BWA-std,0,0.10909090909090909
1254,NW-flex,0,0.9
1254,BWA-no-clip,1,0.5272727272727272
1254,BWA-std,1,0.12727272727272726
1254,NW-flex,1,0.996969696969697
1254,BWA-no-clip,10,0.8636363636363636
1254,BWA-std,10,0.41818181818181815
1254,NW-flex,10,1.0
1254,BWA-no-clip,2,0.6909090909090909
1254,BWA-std,2,0.13636363636363635
1254,NW-flex,2,1.0
1254,BWA-no-clip,3,0.7272727272727273
1254,BWA-std,3,0.14545454545454545
1254,NW-flex,3,1.0
1254,BWA-no-clip,5,0.8545454545454545
1254,BWA-std,5,0.2
1254,NW-flex,5,1.0
1254,BWA-no-clip,-1,0.8636363636363636
1254,BWA-std,-1,0.41818181818181815
1254,NW-flex,-1,1.0
1255,BWA-no-clip,0,0.4
1255,BWA-std,0,0.10909090909090909
1255,NW-flex,0,0.706060606060606
1255,BWA-no-clip,1,0.6363636363636364
1255,BWA-std,1,0.12727272727272726
1255,NW-flex,1,1.0
1255,BWA-no-clip,10,0.8545454545454545
1255,BWA-std,10,0.41818181818181815
1255,NW-flex,10,1.0
1255,BWA-no-clip,2,0.6727272727272727
1255,BWA-std,2,0.13636363636363635
1255,NW-flex,2,1.0
1255,BWA-no-clip,3,0.7
1255,BWA-std,3,0.14545454545454545
1255,NW-flex,3,1.0
1255,BWA-no-clip,5,0.8454545454545455
1255,BWA-std,5,0.2
1255,NW-flex,5,1.0
1255,BWA-no-clip,-1,0.8545454545454545
1255,BWA-std,-1,0.41818181818181815
1255,NW-flex,-1,1.0
1256,BWA-no-clip,0,0.509090909090909
1256,BWA-std,0,0.10909090909090909
1256,NW-flex,0,0.9
1256,BWA-no-clip,1,0.6636363636363637
1256,BWA-std,1,0.12727272727272726
1256,NW-flex,1,0.996969696969697
1256,BWA-no-clip,10,0.8727272727272727
1256,BWA-std,10,0.41818181818181815
1256,NW-flex,10,1.0
1256,BWA-no-clip,2,0.7727272727272727
1256,BWA-std,2,0.13636363636363635
1256,NW-flex,2,1.0
1256,BWA-no-clip,3,0.7909090909090909
1256,BWA-std,3,0.14545454545454545
1256,NW-flex,3,1.0
1256,BWA-no-clip,5,0.7818181818181819
1256,BWA-std,5,0.2
1256,NW-flex,5,1.0
1256,BWA-no-clip,-1,0.8727272727272727
1256,BWA-std,-1,0.41818181818181815
1256,NW-flex,-1,1.0
1257,BWA-no-clip,0,0.7272727272727273
1257,BWA-std,0,0.12727272727272726
1257,NW-flex,0,0.9939393939393939
1257,BWA-no-clip,1,0.7363636363636363
1257,BWA-std,1,0.12727272727272726
1257,NW-flex,1,1.0
1257,BWA-no-clip,10,0.8818181818181818
1257,BWA-std,10,0.41818181818181815
1257,NW-flex,10,1.0
1257,BWA-no-clip,2,0.8363636363636363
1257,BWA-std,2,0.13636363636363635
1257,NW-flex,2,1.0
1257,BWA-no-clip,3,0.8272727272727273
1257,BWA-std,3,0.14545454545454545
1257,NW-flex,3,1.0
1257,BWA-no-clip,5,0.8727272727272727
1257,BWA-std,5,0.2
1257,NW-flex,5,1.0
1257,BWA-no-clip,-1,0.8818181818181818
1257,BWA-std,-1,0.41818181818181815
1257,NW-flex,-1,1.0
1258,BWA-no-clip,0,0.4818181818181818
1258,BWA-std,0,0.10909090909090909
1258,NW-flex,0,0.9
1258,BWA-no-clip,1,0.6454545454545455
1258,BWA-std,1,0.12727272727272726
1258,NW-flex,1,0.996969696969697
1258,BWA-no-clip,10,0.8909090909090909
1258,BWA-std,10,0.41818181818181815
1258,NW-flex,10,1.0
1258,BWA-no-clip,2,0.7636363636363637
1258,BWA-std,2,0.13636363636363635
1258,NW-flex,2,1.0
1258,BWA-no-clip,3,0.7454545454545455
1258,BWA-std,3,0.14545454545454545
1258,NW-flex,3,1.0
1258,BWA-no-clip,5,0.8636363636363636
1258,BWA-std,5,0.2
1258,NW-flex,5,1.0
1258,BWA-no-clip,-1,0.8909090909090909
1258,BWA-std,-1,0.41818181818181815
1258,NW-flex,-1,1.0
1259,BWA-no-clip,0,0.43636363636363634
1259,BWA-std,0,0.10909090909090909
1259,NW-flex,0,0.803030303030303
1259,BWA-no-clip,1,0.7454545454545455
1259,BWA-std,1,0.12727272727272726
1259,NW-flex,1,1.0
1259,BWA-no-clip,10,0.8727272727272727
1259,BWA-std,10,0.41818181818181815
1259,NW-flex,10,1.0
1259,BWA-no-clip,2,0.7272727272727273
1259,BWA-std,2,0.13636363636363635
1259,NW-flex,2,1.0
1259,BWA-no-clip,3,0.7727272727272727
1259,BWA-std,3,0.14545454545454545
1259,NW-flex,3,1.0
1259,BWA-no-clip,5,0.8363636363636363
1259,BWA-std,5,0.2
1259,NW-flex,5,1.0
1259,BWA-no-clip,-1,0.8727272727272727
1259,BWA-std,-1,0.41818181818181815
1259,NW-flex,-1,1.0
1260,BWA-no-clip,0,0.39090909090909093
1260,BWA-std,0,0.10909090909090909
1260,NW-flex,0,0.7
1260,BWA-no-clip,1,0.3878787878787879
1260,BWA-std,1,0.12727272727272726
1260,NW-flex,1,0.803030303030303
1260,BWA-no-clip,10,0.7181818181818181
1260,BWA-std,10,0.4
1260,NW-flex,10,1.0
1260,BWA-no-clip,2,0.5818181818181818
1260,BWA-std,2,0.12727272727272726
1260,NW-flex,2,1.0
1260,BWA-no-clip,3,0.5909090909090909
1260,BWA-std,3,0.12727272727272726
1260,NW-flex,3,1.0
1260,BWA-no-clip,5,0.6
1260,BWA-std,5,0.18181818181818182
1260,NW-flex,5,1.0
1260,BWA-no-clip,-1,0.7181818181818181
1260,BWA-std,-1,0.4
1260,NW-flex,-1,1.0
1261,BWA-no-clip,0,0.2545454545454545
1261,BWA-std,0,0.10909090909090909
1261,NW-flex,0,0.996969696969697
1261,BWA-no-clip,1,0.42727272727272725
1261,BWA-std,1,0.12727272727272726
1261,NW-flex,1,1.0
1261,BWA-no-clip,10,0.6636363636363637
1261,BWA-std,10,0.33636363636363636
1261,NW-flex,10,1.0
1261,BWA-no-clip,2,0.5181818181818182
1261,BWA-std,2,0.12727272727272726
1261,NW-flex,2,1.0
1261,BWA-no-clip,3,0.6454545454545455
1261,BWA-std,3,0.13636363636363635
1261,NW-flex,3,1.0
1261,BWA-no-clip,5,0.6454545454545455
1261,BWA-std,5,0.14545454545454545
1261,NW-flex,5,1.0
1261,BWA-no-clip,-1,0.6636363636363637
1261,BWA-std,-1,0.33636363636363636
1261,NW-flex,-1,1.0
1262,BWA-no-clip,0,0.6636363636363637
1262,BWA-std,0,0.12727272727272726
1262,NW-flex,0,0.9939393939393939
1262,BWA-no-clip,1,0.7181818181818181
1262,BWA-std,1,0.12727272727272726
1262,NW-flex,1,1.0
1262,BWA-no-clip,10,0.8181818181818182
1262,BWA-std,10,0.41818181818181815
1262,NW-flex,10,1.0
1262,BWA-no-clip,2,0.8
1262,BWA-std,2,0.13636363636363635
1262,NW-flex,2,1.0
1262,BWA-no-clip,3,0.6909090909090909
1262,BWA-std,3,0.14545454545454545
1262,NW-flex,3,1.0
1262,BWA-no-clip,5,0.7727272727272727
1262,BWA-std,5,0.2
1262,NW-flex,5,1.0
1262,BWA-no-clip,-1,0.8181818181818182
1262,BWA-std,-1,0.41818181818181815
1262,NW-flex,-1,1.0
1263,BWA-no-clip,0,0.16363636363636364
1263,BWA-std,0,0.09090909090909091
1263,NW-flex,0,0.22121212121212122
1263,BWA-no-clip,1,0.5909090909090909
1263,BWA-std,1,0.11818181818181818
1263,NW-flex,1,1.0
1263,BWA-no-clip,10,0.8636363636363636
1263,BWA-std,10,0.41818181818181815
1263,NW-flex,10,1.0
1263,BWA-no-clip,2,0.7454545454545455
1263,BWA-std,2,0.13636363636363635
1263,NW-flex,2,1.0
1263,BWA-no-clip,3,0.7727272727272727
1263,BWA-std,3,0.14545454545454545
1263,NW-flex,3,1.0
1263,BWA-no-clip,5,0.8272727272727273
1263,BWA-std,5,0.2
1263,NW-flex,5,1.0
1263,BWA-no-clip,-1,0.8636363636363636
1263,BWA-std,-1,0.41818181818181815
1263,NW-flex,-1,1.0
1264,BWA-no-clip,0,0.5272727272727272
1264,BWA-std,0,0.10909090909090909
1264,NW-flex,0,0.9
1264,BWA-no-clip,1,0.7
1264,BWA-std,1,0.12727272727272726
1264,NW-flex,1,0.996969696969697
1264,BWA-no-clip,10,0.8818181818181818
1264,BWA-std,10,0.41818181818181815
1264,NW-flex,10,1.0
1264,BWA-no-clip,2,0.8272727272727273
1264,BWA-std,2,0.13636363636363635
1264,NW-flex,2,1.0
1264,BWA-no-clip,3,0.8545454545454545
1264,BWA-std,3,0.14545454545454545
1264,NW-flex,3,1.0
1264,BWA-no-clip,5,0.8545454545454545
1264,BWA-std,5,0.2
1264,NW-flex,5,1.0
1264,BWA-no-clip,-1,0.8818181818181818
1264,BWA-std,-1,0.41818181818181815
1264,NW-flex,-1,1.0
1265,BWA-no-clip,0,0.6
1265,BWA-std,0,0.12727272727272726
1265,NW-flex,0,0.9939393939393939
1265,BWA-no-clip,1,0.6818181818181818
1265,BWA-std,1,0.12727272727272726
1265,NW-flex,1,1.0
1265,BWA-no-clip,10,0.8727272727272727
1265,BWA-std,10,0.41818181818181815
1265,NW-flex,10,1.0
1265,BWA-no-clip,2,0.7545454545454545
1265,BWA-std,2,0.13636363636363635
1265,NW-flex,2,1.0
1265,BWA-no-clip,3,0.8636363636363636
1265,BWA-std,3,0.14545454545454545
1265,NW-flex,3,1.0
1265,BWA-no-clip,5,0.7818181818181819
1265,BWA-std,5,0.2
1265,NW-flex,5,1.0
1265,BWA-no-clip,-1,0.8727272727272727
1265,BWA-std,-1,0.41818181818181815
1265,NW-flex,-1,1.0
1266,BWA-no-clip,0,0.6181818181818182
1266,BWA-std,0,0.12727272727272726
1266,NW-flex,0,0.996969696969697
1266,BWA-no-clip,1,0.8090909090909091
1266,BWA-std,1,0.12727272727272726
1266,NW-flex,1,1.0
1266,BWA-no-clip,10,0.8363636363636363
1266,BWA-std,10,0.4090909090909091
1266,NW-flex,10,1.0
1266,BWA-no-clip,2,0.6363636363636364
1266,BWA-std,2,0.12727272727272726
1266,NW-flex,2,1.0
1266,BWA-no-clip,3,0.7545454545454545
1266,BWA-std,3,0.13636363636363635
1266,NW-flex,3,1.0
1266,BWA-no-clip,5,0.7909090909090909
1266,BWA-std,5,0.19090909090909092
1266,NW-flex,5,1.0
1266,BWA-no-clip,-1,0.8363636363636363
1266,BWA-std,-1,0.4090909090909091
1266,NW-flex,-1,1.0
1267,BWA-no-clip,0,0.42727272727272725
1267,BWA-std,0,0.10909090909090909
1267,NW-flex,0,0.7
1267,BWA-no-clip,1,0.6090909090909091
1267,BWA-std,1,0.12727272727272726
1267,NW-flex,1,0.9939393939393939
1267,BWA-no-clip,10,0.7666666666666667
1267,BWA-std,10,0.4090909090909091
1267,NW-flex,10,1.0
1267,BWA-no-clip,2,0.6090909090909091
1267,BWA-std,2,0.12727272727272726
1267,NW-flex,2,1.0
1267,BWA-no-clip,3,0.5393939393939394
1267,BWA-std,3,0.13636363636363635
1267,NW-flex,3,0.996969696969697
1267,BWA-no-clip,5,0.7393939393939394
1267,BWA-std,5,0.19090909090909092
1267,NW-flex,5,1.0
1267,BWA-no-clip,-1,0.7666666666666667
1267,BWA-std,-1,0.4090909090909091
1267,NW-flex,-1,1.0
1268,BWA-no-clip,0,0.7
1268,BWA-std,0,0.12727272727272726
1268,NW-flex,0,1.0
1268,BWA-no-clip,1,0.7181818181818181
1268,BWA-std,1,0.12727272727272726
1268,NW-flex,1,1.0
1268,BWA-no-clip,10,0.8636363636363636
1268,BWA-std,10,0.4090909090909091
1268,NW-flex,10,1.0
1268,BWA-no-clip,2,0.6636363636363637
1268,BWA-std,2,0.12727272727272726
1268,NW-flex,2,1.0
1268,BWA-no-clip,3,0.8181818181818182
1268,BWA-std,3,0.13636363636363635
1268,NW-flex,3,1.0
1268,BWA-no-clip,5,0.8090909090909091
1268,BWA-std,5,0.19090909090909092
1268,NW-flex,5,1.0
1268,BWA-no-clip,-1,0.8636363636363636
1268,BWA-std,-1,0.4090909090909091
1268,NW-flex,-1,1.0
1269,BWA-no-clip,0,0.7454545454545455
1269,BWA-std,0,0.12727272727272726
1269,NW-flex,0,1.0
1269,BWA-no-clip,1,0.7454545454545455
1269,BWA-std,1,0.12727272727272726
1269,NW-flex,1,1.0
1269,BWA-no-clip,10,0.9
1269,BWA-std,10,0.41818181818181815
1269,NW-flex,10,1.0
1269,BWA-no-clip,2,0.8181818181818182
1269,BWA-std,2,0.13636363636363635
1269,NW-flex,2,1.0
1269,BWA-no-clip,3,0.8363636363636363
1269,BWA-std,3,0.14545454545454545
1269,NW-flex,3,1.0
1269,BWA-no-clip,5,0.7636363636363637
1269,BWA-std,5,0.2
1269,NW-flex,5,1.0
1269,BWA-no-clip,-1,0.9
1269,BWA-std,-1,0.41818181818181815
1269,NW-flex,-1,1.0
1270,BWA-no-clip,0,0.4818181818181818
1270,BWA-std,0,0.10909090909090909
1270,NW-flex,0,0.9
1270,BWA-no-clip,1,0.7272727272727273
1270,BWA-std,1,0.12727272727272726
1270,NW-flex,1,1.0
1270,BWA-no-clip,10,0.9090909090909091
1270,BWA-std,10,0.41818181818181815
1270,NW-flex,10,1.0
1270,BWA-no-clip,2,0.8181818181818182
1270,BWA-std,2,0.13636363636363635
1270,NW-flex,2,1.0
1270,BWA-no-clip,3,0.8363636363636363
1270,BWA-std,3,0.14545454545454545
1270,NW-flex,3,1.0
1270,BWA-no-clip,5,0.9090909090909091
1270,BWA-std,5,0.2
1270,NW-flex,5,1.0
1270,BWA-no-clip,-1,0.9090909090909091
1270,BWA-std,-1,0.41818181818181815
1270,NW-flex,-1,1.0
1271,BWA-no-clip,0,0.4
1271,BWA-std,0,0.10909090909090909
1271,NW-flex,0,0.7
1271,BWA-no-clip,1,0.5424242424242425
1271,BWA-std,1,0.12727272727272726
1271,NW-flex,1,0.706060606060606
1271,BWA-no-clip,10,0.7545454545454545
1271,BWA-std,10,0.4
1271,NW-flex,10,1.0
1271,BWA-no-clip,2,0.7
1271,BWA-std,2,0.12727272727272726
1271,NW-flex,2,1.0
1271,BWA-no-clip,3,0.6909090909090909
1271,BWA-std,3,0.12727272727272726
1271,NW-flex,3,1.0
1271,BWA-no-clip,5,0.6636363636363637
1271,BWA-std,5,0.18181818181818182
1271,NW-flex,5,1.0
1271,BWA-no-clip,-1,0.7545454545454545
1271,BWA-std,-1,0.4
1271,NW-flex,-1,1.0
1272,BWA-no-clip,0,0.7454545454545455
1272,BWA-std,0,0.12727272727272726
1272,NW-flex,0,1.0
1272,BWA-no-clip,1,0.7636363636363637
1272,BWA-std,1,0.12727272727272726
1272,NW-flex,1,1.0
1272,BWA-no-clip,10,0.9090909090909091
1272,BWA-std,10,0.41818181818181815
1272,NW-flex,10,1.0
1272,BWA-no-clip,2,0.8090909090909091
1272,BWA-std,2,0.13636363636363635
1272,NW-flex,2,1.0
1272,BWA-no-clip,3,0.7818181818181819
1272,BWA-std,3,0.14545454545454545
1272,NW-flex,3,1.0
1272,BWA-no-clip,5,0.8545454545454545
1272,BWA-std,5,0.2
1272,NW-flex,5,1.0
1272,BWA-no-clip,-1,0.9090909090909091
1272,BWA-std,-1,0.41818181818181815
1272,NW-flex,-1,1.0
1273,BWA-no-clip,0,0.41818181818181815
1273,BWA-std,0,0.10909090909090909
1273,NW-flex,0,0.8
1273,BWA-no-clip,1,0.6363636363636364
1273,BWA-std,1,0.12727272727272726
1273,NW-flex,1,0.996969696969697
1273,BWA-no-clip,10,0.8
1273,BWA-std,10,0.4090909090909091
1273,NW-flex,10,1.0
1273,BWA-no-clip,2,0.6727272727272727
1273,BWA-std,2,0.12727272727272726
1273,NW-flex,2,1.0
1273,BWA-no-clip,3,0.7575757575757576
1273,BWA-std,3,0.13636363636363635
1273,NW-flex,3,1.0
1273,BWA-no-clip,5,0.7454545454545455
1273,BWA-std,5,0.19090909090909092
1273,NW-flex,5,1.0
1273,BWA-no-clip,-1,0.8
1273,BWA-std,-1,0.4090909090909091
1273,NW-flex,-1,1.0
1274,BWA-no-clip,0,0.5454545454545454
1274,BWA-std,0,0.12727272727272726
1274,NW-flex,0,0.9878787878787879
1274,BWA-no-clip,1,0.6545454545454545
1274,BWA-std,1,0.12727272727272726
1274,NW-flex,1,1.0
1274,BWA-no-clip,10,0.8636363636363636
1274,BWA-std,10,0.41818181818181815
1274,NW-flex,10,1.0
1274,BWA-no-clip,2,0.6818181818181818
1274,BWA-std,2,0.13636363636363635
1274,NW-flex,2,1.0
1274,BWA-no-clip,3,0.8363636363636363
1274,BWA-std,3,0.14545454545454545
1274,NW-flex,3,1.0
1274,BWA-no-clip,5,0.8090909090909091
1274,BWA-std,5,0.2
1274,NW-flex,5,1.0
1274,BWA-no-clip,-1,0.8636363636363636
1274,BWA-std,-1,0.41818181818181815
1274,NW-flex,-1,1.0
1275,BWA-no-clip,0,0.5727272727272728
1275,BWA-std,0,0.12727272727272726
1275,NW-flex,0,0.996969696969697
1275,BWA-no-clip,1,0.7363636363636363
1275,BWA-std,1,0.12727272727272726
1275,NW-flex,1,1.0
1275,BWA-no-clip,10,0.7909090909090909
1275,BWA-std,10,0.4090909090909091
1275,NW-flex,10,1.0
1275,BWA-no-clip,2,0.4575757575757576
1275,BWA-std,2,0.11818181818181818
1275,NW-flex,2,1.0
1275,BWA-no-clip,3,0.7363636363636363
1275,BWA-std,3,0.13636363636363635
1275,NW-flex,3,1.0
1275,BWA-no-clip,5,0.7545454545454545
1275,BWA-std,5,0.19090909090909092
1275,NW-flex,5,1.0
1275,BWA-no-clip,-1,0.7909090909090909
1275,BWA-std,-1,0.4090909090909091
1275,NW-flex,-1,1.0
1276,BWA-no-clip,0,0.6545454545454545
1276,BWA-std,0,0.12727272727272726
1276,NW-flex,0,1.0
1276,BWA-no-clip,1,0.7181818181818181
1276,BWA-std,1,0.12727272727272726
1276,NW-flex,1,1.0
1276,BWA-no-clip,10,0.8545454545454545
1276,BWA-std,10,0.4090909090909091
1276,NW-flex,10,1.0
1276,BWA-no-clip,2,0.7181818181818181
1276,BWA-std,2,0.12727272727272726
1276,NW-flex,2,1.0
1276,BWA-no-clip,3,0.7545454545454545
1276,BWA-std,3,0.13636363636363635
1276,NW-flex,3,1.0
1276,BWA-no-clip,5,0.8090909090909091
1276,BWA-std,5,0.19090909090909092
1276,NW-flex,5,1.0
1276,BWA-no-clip,-1,0.8545454545454545
1276,BWA-std,-1,0.4090909090909091
1276,NW-flex,-1,1.0
1277,BWA-no-clip,0,0.509090909090909
1277,BWA-std,0,0.12727272727272726
1277,NW-flex,0,1.0
1277,BWA-no-clip,1,0.5181818181818182
1277,BWA-std,1,0.12727272727272726
1277,NW-flex,1,1.0
1277,BWA-no-clip,10,0.7818181818181819
1277,BWA-std,10,0.4
1277,NW-flex,10,1.0
1277,BWA-no-clip,2,0.6181818181818182
1277,BWA-std,2,0.12727272727272726
1277,NW-flex,2,1.0
1277,BWA-no-clip,3,0.6727272727272727
1277,BWA-std,3,0.12727272727272726
1277,NW-flex,3,1.0
1277,BWA-no-clip,5,0.7454545454545455
1277,BWA-std,5,0.18181818181818182
1277,NW-flex,5,1.0
1277,BWA-no-clip,-1,0.7818181818181819
1277,BWA-std,-1,0.4
1277,NW-flex,-1,1.0
1278,BWA-no-clip,0,0.7181818181818181
1278,BWA-std,0,0.12727272727272726
1278,NW-flex,0,0.990909090909091
1278,BWA-no-clip,1,0.7727272727272727
1278,BWA-std,1,0.12727272727272726
1278,NW-flex,1,1.0
1278,BWA-no-clip,10,0.8909090909090909
1278,BWA-std,10,0.41818181818181815
1278,NW-flex,10,1.0
1278,BWA-no-clip,2,0.7636363636363637
1278,BWA-std,2,0.13636363636363635
1278,NW-flex,2,1.0
1278,BWA-no-clip,3,0.7272727272727273
1278,BWA-std,3,0.14545454545454545
1278,NW-flex,3,1.0
1278,BWA-no-clip,5,0.8363636363636363
1278,BWA-std,5,0.2
1278,NW-flex,5,1.0
1278,BWA-no-clip,-1,0.8909090909090909
1278,BWA-std,-1,0.41818181818181815
1278,NW-flex,-1,1.0
1279,BWA-no-clip,0,0.7272727272727273
1279,BWA-std,0,0.12727272727272726
1279,NW-flex,0,0.9939393939393939
1279,BWA-no-clip,1,0.6636363636363637
1279,BWA-std,1,0.12727272727272726
1279,NW-flex,1,1.0
1279,BWA-no-clip,10,0.9090909090909091
1279,BWA-std,10,0.41818181818181815
1279,NW-flex,10,1.0
1279,BWA-no-clip,2,0.8
1279,BWA-std,2,0.13636363636363635
1279,NW-flex,2,1.0
1279,BWA-no-clip,3,0.8272727272727273
1279,BWA-std,3,0.14545454545454545
1279,NW-flex,3,1.0
1279,BWA-no-clip,5,0.8545454545454545
1279,BWA-std,5,0.2
1279,NW-flex,5,1.0
1279,BWA-no-clip,-1,0.9090909090909091
1279,BWA-std,-1,0.41818181818181815
1279,NW-flex,-1,1.0
1280,BWA-no-clip,0,0.7
1280,BWA-std,0,0.12727272727272726
1280,NW-flex,0,0.996969696969697
1280,BWA-no-clip,1,0.6909090909090909
1280,BWA-std,1,0.12727272727272726
1280,NW-flex,1,1.0
1280,BWA-no-clip,10,0.9090909090909091
1280,BWA-std,10,0.41818181818181815
1280,NW-flex,10,1.0
1280,BWA-no-clip,2,0.7636363636363637
1280,BWA-std,2,0.13636363636363635
1280,NW-flex,2,1.0
1280,BWA-no-clip,3,0.7818181818181819
1280,BWA-std,3,0.14545454545454545
1280,NW-flex,3,1.0
1280,BWA-no-clip,5,0.8545454545454545
1280,BWA-std,5,0.2
1280,NW-flex,5,1.0
1280,BWA-no-clip,-1,0.9090909090909091
1280,BWA-std,-1,0.41818181818181815
1280,NW-flex,-1,1.0
1281,BWA-no-clip,0,0.7636363636363637
1281,BWA-std,0,0.12727272727272726
1281,NW-flex,0,0.996969696969697
1281,BWA-no-clip,1,0.7545454545454545
1281,BWA-std,1,0.12727272727272726
1281,NW-flex,1,1.0
1281,BWA-no-clip,10,0.8727272727272727
1281,BWA-std,10,0.4090909090909091
1281,NW-flex,10,1.0
1281,BWA-no-clip,2,0.7363636363636363
1281,BWA-std,2,0.12727272727272726
1281,NW-flex,2,1.0
1281,BWA-no-clip,3,0.8090909090909091
1281,BWA-std,3,0.13636363636363635
1281,NW-flex,3,1.0
1281,BWA-no-clip,5,0.8636363636363636
1281,BWA-std,5,0.19090909090909092
1281,NW-flex,5,1.0
1281,BWA-no-clip,-1,0.8727272727272727
1281,BWA-std,-1,0.4090909090909091
1281,NW-flex,-1,1.0
1282,BWA-no-clip,0,0.7636363636363637
1282,BWA-std,0,0.12727272727272726
1282,NW-flex,0,0.9939393939393939
1282,BWA-no-clip,1,0.7909090909090909
1282,BWA-std,1,0.12727272727272726
1282,NW-flex,1,1.0
1282,BWA-no-clip,10,0.9
1282,BWA-std,10,0.41818181818181815
1282,NW-flex,10,1.0
1282,BWA-no-clip,2,0.8181818181818182
1282,BWA-std,2,0.13636363636363635
1282,NW-flex,2,1.0
1282,BWA-no-clip,3,0.8909090909090909
1282,BWA-std,3,0.14545454545454545
1282,NW-flex,3,1.0
1282,BWA-no-clip,5,0.8909090909090909
1282,BWA-std,5,0.2
1282,NW-flex,5,1.0
1282,BWA-no-clip,-1,0.9
1282,BWA-std,-1,0.41818181818181815
1282,NW-flex,-1,1.0
1283,BWA-no-clip,0,0.7363636363636363
1283,BWA-std,0,0.12727272727272726
1283,NW-flex,0,0.990909090909091
1283,BWA-no-clip,1,0.7090909090909091
1283,BWA-std,1,0.12727272727272726
1283,NW-flex,1,1.0
1283,BWA-no-clip,10,0.9090909090909091
1283,BWA-std,10,0.41818181818181815
1283,NW-flex,10,1.0
1283,BWA-no-clip,2,0.8272727272727273
1283,BWA-std,2,0.13636363636363635
1283,NW-flex,2,1.0
1283,BWA-no-clip,3,0.8909090909090909
1283,BWA-std,3,0.14545454545454545
1283,NW-flex,3,1.0
1283,BWA-no-clip,5,0.8818181818181818
1283,BWA-std,5,0.2
1283,NW-flex,5,1.0
1283,BWA-no-clip,-1,0.9090909090909091
1283,BWA-std,-1,0.41818181818181815
1283,NW-flex,-1,1.0
1284,BWA-no-clip,0,0.5454545454545454
1284,BWA-std,0,0.10909090909090909
1284,NW-flex,0,0.9
1284,BWA-no-clip,1,0.7454545454545455
1284,BWA-std,1,0.12727272727272726
1284,NW-flex,1,1.0
1284,BWA-no-clip,10,0.8181818181818182
1284,BWA-std,10,0.41818181818181815
1284,NW-flex,10,1.0
1284,BWA-no-clip,2,0.7454545454545455
1284,BWA-std,2,0.13636363636363635
1284,NW-flex,2,1.0
1284,BWA-no-clip,3,0.6909090909090909
1284,BWA-std,3,0.14545454545454545
1284,NW-flex,3,1.0
1284,BWA-no-clip,5,0.7363636363636363
1284,BWA-std,5,0.2
1284,NW-flex,5,1.0
1284,BWA-no-clip,-1,0.8181818181818182
1284,BWA-std,-1,0.41818181818181815
1284,NW-flex,-1,1.0
1285,BWA-no-clip,0,0.5545454545454546
1285,BWA-std,0,0.12727272727272726
1285,NW-flex,0,0.9030303030303031
1285,BWA-no-clip,1,0.6
1285,BWA-std,1,0.12727272727272726
1285,NW-flex,1,0.996969696969697
1285,BWA-no-clip,10,0.8727272727272727
1285,BWA-std,10,0.41818181818181815
1285,NW-flex,10,1.0
1285,BWA-no-clip,2,0.7727272727272727
1285,BWA-std,2,0.13636363636363635
1285,NW-flex,2,1.0
1285,BWA-no-clip,3,0.7909090909090909
1285,BWA-std,3,0.14545454545454545
1285,NW-flex,3,1.0
1285,BWA-no-clip,5,0.7545454545454545
1285,BWA-std,5,0.2
1285,NW-flex,5,1.0
1285,BWA-no-clip,-1,0.8727272727272727
1285,BWA-std,-1,0.41818181818181815
1285,NW-flex,-1,1.0
1286,BWA-no-clip,0,0.6909090909090909
1286,BWA-std,0,0.12727272727272726
1286,NW-flex,0,0.9030303030303031
1286,BWA-no-clip,1,0.7363636363636363
1286,BWA-std,1,0.12727272727272726
1286,NW-flex,1,0.996969696969697
1286,BWA-no-clip,10,0.8636363636363636
1286,BWA-std,10,0.41818181818181815
1286,NW-flex,10,1.0
1286,BWA-no-clip,2,0.8636363636363636
1286,BWA-std,2,0.13636363636363635
1286,NW-flex,2,1.0
1286,BWA-no-clip,3,0.8636363636363636
1286,BWA-std,3,0.14545454545454545
1286,NW-flex,3,1.0
1286,BWA-no-clip,5,0.8363636363636363
1286,BWA-std,5,0.2
1286,NW-flex,5,1.0
1286,BWA-no-clip,-1,0.8636363636363636
1286,BWA-std,-1,0.41818181818181815
1286,NW-flex,-1,1.0
1287,BWA-no-clip,0,0.7363636363636363
1287,BWA-std,0,0.12727272727272726
1287,NW-flex,0,1.0
1287,BWA-no-clip,1,0.7454545454545455
1287,BWA-std,1,0.12727272727272726
1287,NW-flex,1,1.0
1287,BWA-no-clip,10,0.8818181818181818
1287,BWA-std,10,0.41818181818181815
1287,NW-flex,10,1.0
1287,BWA-no-clip,2,0.5909090909090909
1287,BWA-std,2,0.13636363636363635
1287,NW-flex,2,0.9939393939393939
1287,BWA-no-clip,3,0.8090909090909091
1287,BWA-std,3,0.14545454545454545
1287,NW-flex,3,1.0
1287,BWA-no-clip,5,0.8636363636363636
1287,BWA-std,5,0.2
1287,NW-flex,5,1.0
1287,BWA-no-clip,-1,0.8818181818181818
1287,BWA-std,-1,0.41818181818181815
1287,NW-flex,-1,1.0
1288,BWA-no-clip,0,0.5545454545454546
1288,BWA-std,0,0.12727272727272726
1288,NW-flex,0,1.0
1288,BWA-no-clip,1,0.33636363636363636
1288,BWA-std,1,0.11818181818181818
1288,NW-flex,1,1.0
1288,BWA-no-clip,10,0.7393939393939394
1288,BWA-std,10,0.4090909090909091
1288,NW-flex,10,1.0
1288,BWA-no-clip,2,0.6
1288,BWA-std,2,0.12727272727272726
1288,NW-flex,2,1.0
1288,BWA-no-clip,3,0.696969696969697
1288,BWA-std,3,0.13636363636363635
1288,NW-flex,3,1.0
1288,BWA-no-clip,5,0.7212121212121212
1288,BWA-std,5,0.19090909090909092
1288,NW-flex,5,1.0
1288,BWA-no-clip,-1,0.7393939393939394
1288,BWA-std,-1,0.4090909090909091
1288,NW-flex,-1,1.0
1289,BWA-no-clip,0,0.5454545454545454
1289,BWA-std,0,0.10909090909090909
1289,NW-flex,0,0.8
1289,BWA-no-clip,1,0.7636363636363637
1289,BWA-std,1,0.12727272727272726
1289,NW-flex,1,1.0
1289,BWA-no-clip,10,0.9090909090909091
1289,BWA-std,10,0.41818181818181815
1289,NW-flex,10,1.0
1289,BWA-no-clip,2,0.7818181818181819
1289,BWA-std,2,0.13636363636363635
1289,NW-flex,2,1.0
1289,BWA-no-clip,3,0.7818181818181819
1289,BWA-std,3,0.14545454545454545
1289,NW-flex,3,1.0
1289,BWA-no-clip,5,0.8727272727272727
1289,BWA-std,5,0.2
1289,NW-flex,5,1.0
1289,BWA-no-clip,-1,0.9090909090909091
1289,BWA-std,-1,0.41818181818181815
1289,NW-flex,-1,1.0
1290,BWA-no-clip,0,0.5181818181818182
1290,BWA-std,0,0.10909090909090909
1290,NW-flex,0,0.8
1290,BWA-no-clip,1,0.7727272727272727
1290,BWA-std,1,0.12727272727272726
1290,NW-flex,1,1.0
1290,BWA-no-clip,10,0.8727272727272727
1290,BWA-std,10,0.4090909090909091
1290,NW-flex,10,1.0
1290,BWA-no-clip,2,0.7696969696969697
1290,BWA-std,2,0.12727272727272726
1290,NW-flex,2,1.0
1290,BWA-no-clip,3,0.7636363636363637
1290,BWA-std,3,0.13636363636363635
1290,NW-flex,3,1.0
1290,BWA-no-clip,5,0.8545454545454545
1290,BWA-std,5,0.19090909090909092
1290,NW-flex,5,1.0
1290,BWA-no-clip,-1,0.8727272727272727
1290,BWA-std,-1,0.4090909090909091
1290,NW-flex,-1,1.0
1291,BWA-no-clip,0,0.7
1291,BWA-std,0,0.12727272727272726
1291,NW-flex,0,1.0
1291,BWA-no-clip,1,0.6909090909090909
1291,BWA-std,1,0.12727272727272726
1291,NW-flex,1,1.0
1291,BWA-no-clip,10,0.8272727272727273
1291,BWA-std,10,0.4090909090909091
1291,NW-flex,10,1.0
1291,BWA-no-clip,2,0.6212121212121212
1291,BWA-std,2,0.12727272727272726
1291,NW-flex,2,0.9939393939393939
1291,BWA-no-clip,3,0.7363636363636363
1291,BWA-std,3,0.13636363636363635
1291,NW-flex,3,1.0
1291,BWA-no-clip,5,0.8181818181818182
1291,BWA-std,5,0.19090909090909092
1291,NW-flex,5,1.0
1291,BWA-no-clip,-1,0.8272727272727273
1291,BWA-std,-1,0.4090909090909091
1291,NW-flex,-1,1.0
1292,BWA-no-clip,0,0.7
1292,BWA-std,0,0.12727272727272726
1292,NW-flex,0,1.0
1292,BWA-no-clip,1,0.6787878787878788
1292,BWA-std,1,0.12727272727272726
1292,NW-flex,1,0.9030303030303031
1292,BWA-no-clip,10,0.8181818181818182
1292,BWA-std,10,0.4090909090909091
1292,NW-flex,10,1.0
1292,BWA-no-clip,2,0.6363636363636364
1292,BWA-std,2,0.12727272727272726
1292,NW-flex,2,1.0
1292,BWA-no-clip,3,0.7818181818181819
1292,BWA-std,3,0.13636363636363635
1292,NW-flex,3,1.0
1292,BWA-no-clip,5,0.7636363636363637
1292,BWA-std,5,0.19090909090909092
1292,NW-flex,5,1.0
1292,BWA-no-clip,-1,0.8181818181818182
1292,BWA-std,-1,0.4090909090909091
1292,NW-flex,-1,1.0
1293,BWA-no-clip,0,0.5272727272727272
1293,BWA-std,0,0.10909090909090909
1293,NW-flex,0,0.9
1293,BWA-no-clip,1,0.8454545454545455
1293,BWA-std,1,0.12727272727272726
1293,NW-flex,1,1.0
1293,BWA-no-clip,10,0.8909090909090909
1293,BWA-std,10,0.41818181818181815
1293,NW-flex,10,1.0
1293,BWA-no-clip,2,0.8090909090909091
1293,BWA-std,2,0.13636363636363635
1293,NW-flex,2,1.0
1293,BWA-no-clip,3,0.8727272727272727
1293,BWA-std,3,0.14545454545454545
1293,NW-flex,3,1.0
1293,BWA-no-clip,5,0.8636363636363636
1293,BWA-std,5,0.2
1293,NW-flex,5,1.0
1293,BWA-no-clip,-1,0.8909090909090909
1293,BWA-std,-1,0.41818181818181815
1293,NW-flex,-1,1.0
1294,BWA-no-clip,0,0.7090909090909091
1294,BWA-std,0,0.12727272727272726
1294,NW-flex,0,0.9030303030303031
1294,BWA-no-clip,1,0.7363636363636363
1294,BWA-std,1,0.12727272727272726
1294,NW-flex,1,0.996969696969697
1294,BWA-no-clip,10,0.8909090909090909
1294,BWA-std,10,0.41818181818181815
1294,NW-flex,10,1.0
1294,BWA-no-clip,2,0.8454545454545455
1294,BWA-std,2,0.13636363636363635
1294,NW-flex,2,1.0
1294,BWA-no-clip,3,0.7454545454545455
1294,BWA-std,3,0.14545454545454545
1294,NW-flex,3,1.0
1294,BWA-no-clip,5,0.8818181818181818
1294,BWA-std,5,0.2
1294,NW-flex,5,1.0
1294,BWA-no-clip,-1,0.8909090909090909
1294,BWA-std,-1,0.41818181818181815
1294,NW-flex,-1,1.0
1295,BWA-no-clip,0,0.4636363636363636
1295,BWA-std,0,0.12727272727272726
1295,NW-flex,0,1.0
1295,BWA-no-clip,1,0.5
1295,BWA-std,1,0.12727272727272726
1295,NW-flex,1,1.0
1295,BWA-no-clip,10,0.6151515151515151
1295,BWA-std,10,0.4
1295,NW-flex,10,1.0
1295,BWA-no-clip,2,0.4909090909090909
1295,BWA-std,2,0.12727272727272726
1295,NW-flex,2,1.0
1295,BWA-no-clip,3,0.5333333333333333
1295,BWA-std,3,0.13636363636363635
1295,NW-flex,3,1.0
1295,BWA-no-clip,5,0.5878787878787879
1295,BWA-std,5,0.18181818181818182
1295,NW-flex,5,1.0
1295,BWA-no-clip,-1,0.6151515151515151
1295,BWA-std,-1,0.4
1295,NW-flex,-1,1.0
1296,BWA-no-clip,0,0.5454545454545454
1296,BWA-std,0,0.12727272727272726
1296,NW-flex,0,0.996969696969697
1296,BWA-no-clip,1,0.6181818181818182
1296,BWA-std,1,0.12727272727272726
1296,NW-flex,1,1.0
1296,BWA-no-clip,10,0.7818181818181819
1296,BWA-std,10,0.4
1296,NW-flex,10,1.0
1296,BWA-no-clip,2,0.6454545454545455
1296,BWA-std,2,0.12727272727272726
1296,NW-flex,2,1.0
1296,BWA-no-clip,3,0.6818181818181818
1296,BWA-std,3,0.12727272727272726
1296,NW-flex,3,1.0
1296,BWA-no-clip,5,0.7363636363636363
1296,BWA-std,5,0.18181818181818182
1296,NW-flex,5,1.0
1296,BWA-no-clip,-1,0.7818181818181819
1296,BWA-std,-1,0.4
1296,NW-flex,-1,1.0
1297,BWA-no-clip,0,0.5363636363636364
1297,BWA-std,0,0.12727272727272726
1297,NW-flex,0,0.9030303030303031
1297,BWA-no-clip,1,0.5272727272727272
1297,BWA-std,1,0.12727272727272726
1297,NW-flex,1,0.996969696969697
1297,BWA-no-clip,10,0.8
1297,BWA-std,10,0.41818181818181815
1297,NW-flex,10,1.0
1297,BWA-no-clip,2,0.6454545454545455
1297,BWA-std,2,0.13636363636363635
1297,NW-flex,2,1.0
1297,BWA-no-clip,3,0.7727272727272727
1297,BWA-std,3,0.14545454545454545
1297,NW-flex,3,1.0
1297,BWA-no-clip,5,0.8
1297,BWA-std,5,0.2
1297,NW-flex,5,1.0
1297,BWA-no-clip,-1,0.8
1297,BWA-std,-1,0.41818181818181815
1297,NW-flex,-1,1.0
1298,BWA-no-clip,0,0.6545454545454545
1298,BWA-std,0,0.12727272727272726
1298,NW-flex,0,0.996969696969697
1298,BWA-no-clip,1,0.5969696969696969
1298,BWA-std,1,0.11818181818181818
1298,NW-flex,1,1.0
1298,BWA-no-clip,10,0.8545454545454545
1298,BWA-std,10,0.4090909090909091
1298,NW-flex,10,1.0
1298,BWA-no-clip,2,0.7727272727272727
1298,BWA-std,2,0.12727272727272726
1298,NW-flex,2,1.0
1298,BWA-no-clip,3,0.7363636363636363
1298,BWA-std,3,0.13636363636363635
1298,NW-flex,3,1.0
1298,BWA-no-clip,5,0.7909090909090909
1298,BWA-std,5,0.19090909090909092
1298,NW-flex,5,1.0
1298,BWA-no-clip,-1,0.8545454545454545
1298,BWA-std,-1,0.4090909090909091
1298,NW-flex,-1,1.0
1299,BWA-no-clip,0,0.6909090909090909
1299,BWA-std,0,0.12727272727272726
1299,NW-flex,0,0.996969696969697
1299,BWA-no-clip,1,0.6818181818181818
1299,BWA-std,1,0.12727272727272726
1299,NW-flex,1,1.0
1299,BWA-no-clip,10,0.9090909090909091
1299,BWA-std,10,0.41818181818181815
1299,NW-flex,10,1.0
1299,BWA-no-clip,2,0.8090909090909091
1299,BWA-std,2,0.13636363636363635
1299,NW-flex,2,1.0
1299,BWA-no-clip,3,0.8090909090909091
1299,BWA-std,3,0.14545454545454545
1299,NW-flex,3,1.0
1299,BWA-no-clip,5,0.9
1299,BWA-std,5,0.2
1299,NW-flex,5,1.0
1299,BWA-no-clip,-1,0.9090909090909091
1299,BWA-std,-1,0.41818181818181815
1299,NW-flex,-1,1.0
1300,BWA-no-clip,0,0.6545454545454545
1300,BWA-std,0,0.12727272727272726
1300,NW-flex,0,0.9030303030303031
1300,BWA-no-clip,1,0.7
1300,BWA-std,1,0.12727272727272726
1300,NW-flex,1,0.996969696969697
1300,BWA-no-clip,10,0.8818181818181818
1300,BWA-std,10,0.41818181818181815
1300,NW-flex,10,1.0
1300,BWA-no-clip,2,0.7909090909090909
1300,BWA-std,2,0.13636363636363635
1300,NW-flex,2,1.0
1300,BWA-no-clip,3,0.7636363636363637
1300,BWA-std,3,0.14545454545454545
1300,NW-flex,3,1.0
1300,BWA-no-clip,5,0.8727272727272727
1300,BWA-std,5,0.2
1300,NW-flex,5,1.0
1300,BWA-no-clip,-1,0.8818181818181818
1300,BWA-std,-1,0.41818181818181815
1300,NW-flex,-1,1.0
1301,BWA-no-clip,0,0.7454545454545455
1301,BWA-std,0,0.12727272727272726
1301,NW-flex,0,1.0
1301,BWA-no-clip,1,0.706060606060606
1301,BWA-std,1,0.12727272727272726
1301,NW-flex,1,0.9939393939393939
1301,BWA-no-clip,10,0.9181818181818182
1301,BWA-std,10,0.41818181818181815
1301,NW-flex,10,1.0
1301,BWA-no-clip,2,0.7909090909090909
1301,BWA-std,2,0.13636363636363635
1301,NW-flex,2,1.0
1301,BWA-no-clip,3,0.7818181818181819
1301,BWA-std,3,0.14545454545454545
1301,NW-flex,3,1.0
1301,BWA-no-clip,5,0.9181818181818182
1301,BWA-std,5,0.2
1301,NW-flex,5,1.0
1301,BWA-no-clip,-1,0.9181818181818182
1301,BWA-std,-1,0.41818181818181815
1301,NW-flex,-1,1.0
1302,BWA-no-clip,0,0.7909090909090909
1302,BWA-std,0,0.12727272727272726
1302,NW-flex,0,1.0
1302,BWA-no-clip,1,0.7
1302,BWA-std,1,0.12727272727272726
1302,NW-flex,1,0.996969696969697
1302,BWA-no-clip,10,0.9090909090909091
1302,BWA-std,10,0.41818181818181815
1302,NW-flex,10,1.0
1302,BWA-no-clip,2,0.7545454545454545
1302,BWA-std,2,0.13636363636363635
1302,NW-flex,2,1.0
1302,BWA-no-clip,3,0.8818181818181818
1302,BWA-std,3,0.14545454545454545
1302,NW-flex,3,1.0
1302,BWA-no-clip,5,0.9090909090909091
1302,BWA-std,5,0.2
1302,NW-flex,5,1.0
1302,BWA-no-clip,-1,0.9090909090909091
1302,BWA-std,-1,0.41818181818181815
1302,NW-flex,-1,1.0
1303,BWA-no-clip,0,0.5909090909090909
1303,BWA-std,0,0.10909090909090909
1303,NW-flex,0,0.9
1303,BWA-no-clip,1,0.7363636363636363
1303,BWA-std,1,0.12727272727272726
1303,NW-flex,1,1.0
1303,BWA-no-clip,10,0.9
1303,BWA-std,10,0.41818181818181815
1303,NW-flex,10,1.0
1303,BWA-no-clip,2,0.7363636363636363
1303,BWA-std,2,0.13636363636363635
1303,NW-flex,2,1.0
1303,BWA-no-clip,3,0.7727272727272727
1303,BWA-std,3,0.14545454545454545
1303,NW-flex,3,1.0
1303,BWA-no-clip,5,0.8272727272727273
1303,BWA-std,5,0.2
1303,NW-flex,5,1.0
1303,BWA-no-clip,-1,0.9
1303,BWA-std,-1,0.41818181818181815
1303,NW-flex,-1,1.0
1304,BWA-no-clip,0,0.8272727272727273
1304,BWA-std,0,0.12727272727272726
1304,NW-flex,0,0.996969696969697
1304,BWA-no-clip,1,0.8272727272727273
1304,BWA-std,1,0.12727272727272726
1304,NW-flex,1,1.0
1304,BWA-no-clip,10,0.9181818181818182
1304,BWA-std,10,0.41818181818181815
1304,NW-flex,10,1.0
1304,BWA-no-clip,2,0.8272727272727273
1304,BWA-std,2,0.13636363636363635
1304,NW-flex,2,1.0
1304,BWA-no-clip,3,0.8636363636363636
1304,BWA-std,3,0.14545454545454545
1304,NW-flex,3,1.0
1304,BWA-no-clip,5,0.9
1304,BWA-std,5,0.2
1304,NW-flex,5,1.0
1304,BWA-no-clip,-1,0.9181818181818182
1304,BWA-std,-1,0.41818181818181815
1304,NW-flex,-1,1.0
1305,BWA-no-clip,0,0.6
1305,BWA-std,0,0.12727272727272726
1305,NW-flex,0,1.0
1305,BWA-no-clip,1,0.7727272727272727
1305,BWA-std,1,0.12727272727272726
1305,NW-flex,1,1.0
1305,BWA-no-clip,10,0.8727272727272727
1305,BWA-std,10,0.41818181818181815
1305,NW-flex,10,1.0
1305,BWA-no-clip,2,0.8
1305,BWA-std,2,0.13636363636363635
1305,NW-flex,2,1.0
1305,BWA-no-clip,3,0.7818181818181819
1305,BWA-std,3,0.14545454545454545
1305,NW-flex,3,1.0
1305,BWA-no-clip,5,0.8636363636363636
1305,BWA-std,5,0.2
1305,NW-flex,5,1.0
1305,BWA-no-clip,-1,0.8727272727272727
1305,BWA-std,-1,0.41818181818181815
1305,NW-flex,-1,1.0
1306,BWA-no-clip,0,0.5727272727272728
1306,BWA-std,0,0.12727272727272726
1306,NW-flex,0,0.9939393939393939
1306,BWA-no-clip,1,0.6090909090909091
1306,BWA-std,1,0.12727272727272726
1306,NW-flex,1,1.0
1306,BWA-no-clip,10,0.8818181818181818
1306,BWA-std,10,0.41818181818181815
1306,NW-flex,10,1.0
1306,BWA-no-clip,2,0.7727272727272727
1306,BWA-std,2,0.13636363636363635
1306,NW-flex,2,1.0
1306,BWA-no-clip,3,0.7909090909090909
1306,BWA-std,3,0.14545454545454545
1306,NW-flex,3,1.0
1306,BWA-no-clip,5,0.8636363636363636
1306,BWA-std,5,0.2
1306,NW-flex,5,1.0
1306,BWA-no-clip,-1,0.8818181818181818
1306,BWA-std,-1,0.41818181818181815
1306,NW-flex,-1,1.0
1307,BWA-no-clip,0,0.6727272727272727
1307,BWA-std,0,0.12727272727272726
1307,NW-flex,0,0.9030303030303031
1307,BWA-no-clip,1,0.7090909090909091
1307,BWA-std,1,0.12727272727272726
1307,NW-flex,1,0.996969696969697
1307,BWA-no-clip,10,0.8545454545454545
1307,BWA-std,10,0.41818181818181815
1307,NW-flex,10,1.0
1307,BWA-no-clip,2,0.7818181818181819
1307,BWA-std,2,0.13636363636363635
1307,NW-flex,2,1.0
1307,BWA-no-clip,3,0.8454545454545455
1307,BWA-std,3,0.14545454545454545
1307,NW-flex,3,1.0
1307,BWA-no-clip,5,0.8
1307,BWA-std,5,0.2
1307,NW-flex,5,1.0
1307,BWA-no-clip,-1,0.8545454545454545
1307,BWA-std,-1,0.41818181818181815
1307,NW-flex,-1,1.0
1308,BWA-no-clip,0,0.6545454545454545
1308,BWA-std,0,0.12727272727272726
1308,NW-flex,0,1.0
1308,BWA-no-clip,1,0.7545454545454545
1308,BWA-std,1,0.12727272727272726
1308,NW-flex,1,1.0
1308,BWA-no-clip,10,0.8727272727272727
1308,BWA-std,10,0.41818181818181815
1308,NW-flex,10,1.0
1308,BWA-no-clip,2,0.6727272727272727
1308,BWA-std,2,0.13636363636363635
1308,NW-flex,2,1.0
1308,BWA-no-clip,3,0.8
1308,BWA-std,3,0.14545454545454545
1308,NW-flex,3,1.0
1308,BWA-no-clip,5,0.8454545454545455
1308,BWA-std,5,0.2
1308,NW-flex,5,1.0
1308,BWA-no-clip,-1,0.8727272727272727
1308,BWA-std,-1,0.41818181818181815
1308,NW-flex,-1,1.0
1309,BWA-no-clip,0,0.6
1309,BWA-std,0,0.10909090909090909
1309,NW-flex,0,0.9
1309,BWA-no-clip,1,0.796969696969697
1309,BWA-std,1,0.12727272727272726
1309,NW-flex,1,1.0
1309,BWA-no-clip,10,0.9181818181818182
1309,BWA-std,10,0.41818181818181815
1309,NW-flex,10,1.0
1309,BWA-no-clip,2,0.8636363636363636
1309,BWA-std,2,0.13636363636363635
1309,NW-flex,2,1.0
1309,BWA-no-clip,3,0.8818181818181818
1309,BWA-std,3,0.14545454545454545
1309,NW-flex,3,1.0
1309,BWA-no-clip,5,0.9090909090909091
1309,BWA-std,5,0.2
1309,NW-flex,5,1.0
1309,BWA-no-clip,-1,0.9181818181818182
1309,BWA-std,-1,0.41818181818181815
1309,NW-flex,-1,1.0
1310,BWA-no-clip,0,0.5727272727272728
1310,BWA-std,0,0.12727272727272726
1310,NW-flex,0,1.0
1310,BWA-no-clip,1,0.6
1310,BWA-std,1,0.12727272727272726
1310,NW-flex,1,1.0
1310,BWA-no-clip,10,0.7545454545454545
1310,BWA-std,10,0.4
1310,NW-flex,10,1.0
1310,BWA-no-clip,2,0.5818181818181818
1310,BWA-std,2,0.12727272727272726
1310,NW-flex,2,1.0
1310,BWA-no-clip,3,0.6636363636363637
1310,BWA-std,3,0.12727272727272726
1310,NW-flex,3,1.0
1310,BWA-no-clip,5,0.6181818181818182
1310,BWA-std,5,0.18181818181818182
1310,NW-flex,5,1.0
1310,BWA-no-clip,-1,0.7545454545454545
1310,BWA-std,-1,0.4
1310,NW-flex,-1,1.0
1311,BWA-no-clip,0,0.6454545454545455
1311,BWA-std,0,0.12727272727272726
1311,NW-flex,0,1.0
1311,BWA-no-clip,1,0.7636363636363637
1311,BWA-std,1,0.12727272727272726
1311,NW-flex,1,1.0
1311,BWA-no-clip,10,0.8727272727272727
1311,BWA-std,10,0.41818181818181815
1311,NW-flex,10,1.0
1311,BWA-no-clip,2,0.7181818181818181
1311,BWA-std,2,0.13636363636363635
1311,NW-flex,2,1.0
1311,BWA-no-clip,3,0.8090909090909091
1311,BWA-std,3,0.14545454545454545
1311,NW-flex,3,1.0
1311,BWA-no-clip,5,0.8545454545454545
1311,BWA-std,5,0.2
1311,NW-flex,5,1.0
1311,BWA-no-clip,-1,0.8727272727272727
1311,BWA-std,-1,0.41818181818181815
1311,NW-flex,-1,1.0
1312,BWA-no-clip,0,0.3090909090909091
1312,BWA-std,0,0.10909090909090909
1312,NW-flex,0,0.9
1312,BWA-no-clip,1,0.5454545454545454
1312,BWA-std,1,0.12727272727272726
1312,NW-flex,1,1.0
1312,BWA-no-clip,10,0.7909090909090909
1312,BWA-std,10,0.41818181818181815
1312,NW-flex,10,1.0
1312,BWA-no-clip,2,0.6818181818181818
1312,BWA-std,2,0.13636363636363635
1312,NW-flex,2,1.0
1312,BWA-no-clip,3,0.6363636363636364
1312,BWA-std,3,0.14545454545454545
1312,NW-flex,3,1.0
1312,BWA-no-clip,5,0.7363636363636363
1312,BWA-std,5,0.2
1312,NW-flex,5,1.0
1312,BWA-no-clip,-1,0.7909090909090909
1312,BWA-std,-1,0.41818181818181815
1312,NW-flex,-1,1.0
1313,BWA-no-clip,0,0.6818181818181818
1313,BWA-std,0,0.12727272727272726
1313,NW-flex,0,0.996969696969697
1313,BWA-no-clip,1,0.6727272727272727
1313,BWA-std,1,0.12727272727272726
1313,NW-flex,1,1.0
1313,BWA-no-clip,10,0.9181818181818182
1313,BWA-std,10,0.41818181818181815
1313,NW-flex,10,1.0
1313,BWA-no-clip,2,0.8545454545454545
1313,BWA-std,2,0.13636363636363635
1313,NW-flex,2,1.0
1313,BWA-no-clip,3,0.8454545454545455
1313,BWA-std,3,0.14545454545454545
1313,NW-flex,3,1.0
1313,BWA-no-clip,5,0.7545454545454545
1313,BWA-std,5,0.2
1313,NW-flex,5,1.0
1313,BWA-no-clip,-1,0.9181818181818182
1313,BWA-std,-1,0.41818181818181815
1313,NW-flex,-1,1.0
1314,BWA-no-clip,0,0.7090909090909091
1314,BWA-std,0,0.12727272727272726
1314,NW-flex,0,0.996969696969697
1314,BWA-no-clip,1,0.7
1314,BWA-std,1,0.12727272727272726
1314,NW-flex,1,1.0
1314,BWA-no-clip,10,0.9090909090909091
1314,BWA-std,10,0.41818181818181815
1314,NW-flex,10,1.0
1314,BWA-no-clip,2,0.8272727272727273
1314,BWA-std,2,0.13636363636363635
1314,NW-flex,2,1.0
1314,BWA-no-clip,3,0.8272727272727273
1314,BWA-std,3,0.14545454545454545
1314,NW-flex,3,1.0
1314,BWA-no-clip,5,0.8818181818181818
1314,BWA-std,5,0.2
1314,NW-flex,5,1.0
1314,BWA-no-clip,-1,0.9090909090909091
1314,BWA-std,-1,0.41818181818181815
1314,NW-flex,-1,1.0
1315,BWA-no-clip,0,0.7727272727272727
1315,BWA-std,0,0.12727272727272726
1315,NW-flex,0,1.0
1315,BWA-no-clip,1,0.6909090909090909
1315,BWA-std,1,0.12727272727272726
1315,NW-flex,1,0.996969696969697
1315,BWA-no-clip,10,0.8909090909090909
1315,BWA-std,10,0.41818181818181815
1315,NW-flex,10,1.0
1315,BWA-no-clip,2,0.8515151515151516
1315,BWA-std,2,0.13636363636363635
1315,NW-flex,2,1.0
1315,BWA-no-clip,3,0.7727272727272727
1315,BWA-std,3,0.14545454545454545
1315,NW-flex,3,1.0
1315,BWA-no-clip,5,0.8909090909090909
1315,BWA-std,5,0.2
1315,NW-flex,5,1.0
1315,BWA-no-clip,-1,0.8909090909090909
1315,BWA-std,-1,0.41818181818181815
1315,NW-flex,-1,1.0
1316,BWA-no-clip,0,0.6545454545454545
1316,BWA-std,0,0.12727272727272726
1316,NW-flex,0,1.0
1316,BWA-no-clip,1,0.6636363636363637
1316,BWA-std,1,0.12727272727272726
1316,NW-flex,1,1.0
1316,BWA-no-clip,10,0.7575757575757576
1316,BWA-std,10,0.4090909090909091
1316,NW-flex,10,1.0
1316,BWA-no-clip,2,0.6545454545454545
1316,BWA-std,2,0.12727272727272726
1316,NW-flex,2,1.0
1316,BWA-no-clip,3,0.6151515151515151
1316,BWA-std,3,0.13636363636363635
1316,NW-flex,3,1.0
1316,BWA-no-clip,5,0.7484848484848485
1316,BWA-std,5,0.19090909090909092
1316,NW-flex,5,1.0
1316,BWA-no-clip,-1,0.7575757575757576
1316,BWA-std,-1,0.4090909090909091
1316,NW-flex,-1,1.0
1317,BWA-no-clip,0,0.6818181818181818
1317,BWA-std,0,0.12727272727272726
1317,NW-flex,0,1.0
1317,BWA-no-clip,1,0.6909090909090909
1317,BWA-std,1,0.12727272727272726
1317,NW-flex,1,0.996969696969697
1317,BWA-no-clip,10,0.9090909090909091
1317,BWA-std,10,0.41818181818181815
1317,NW-flex,10,1.0
1317,BWA-no-clip,2,0.8454545454545455
1317,BWA-std,2,0.13636363636363635
1317,NW-flex,2,1.0
1317,BWA-no-clip,3,0.8181818181818182
1317,BWA-std,3,0.14545454545454545
1317,NW-flex,3,1.0
1317,BWA-no-clip,5,0.9090909090909091
1317,BWA-std,5,0.2
1317,NW-flex,5,1.0
1317,BWA-no-clip,-1,0.9090909090909091
1317,BWA-std,-1,0.41818181818181815
1317,NW-flex,-1,1.0
1318,BWA-no-clip,0,0.7818181818181819
1318,BWA-std,0,0.12727272727272726
1318,NW-flex,0,1.0
1318,BWA-no-clip,1,0.8363636363636363
1318,BWA-std,1,0.12727272727272726
1318,NW-flex,1,1.0
1318,BWA-no-clip,10,0.9
1318,BWA-std,10,0.41818181818181815
1318,NW-flex,10,1.0
1318,BWA-no-clip,2,0.8181818181818182
1318,BWA-std,2,0.13636363636363635
1318,NW-flex,2,1.0
1318,BWA-no-clip,3,0.8363636363636363
1318,BWA-std,3,0.14545454545454545
1318,NW-flex,3,1.0
1318,BWA-no-clip,5,0.9
1318,BWA-std,5,0.2
1318,NW-flex,5,1.0
1318,BWA-no-clip,-1,0.9
1318,BWA-std,-1,0.41818181818181815
1318,NW-flex,-1,1.0
1319,BWA-no-clip,0,0.5272727272727272
1319,BWA-std,0,0.10909090909090909
1319,NW-flex,0,0.8
1319,BWA-no-clip,1,0.7818181818181819
1319,BWA-std,1,0.12727272727272726
1319,NW-flex,1,1.0
1319,BWA-no-clip,10,0.8909090909090909
1319,BWA-std,10,0.41818181818181815
1319,NW-flex,10,1.0
1319,BWA-no-clip,2,0.8727272727272727
1319,BWA-std,2,0.13636363636363635
1319,NW-flex,2,1.0
1319,BWA-no-clip,3,0.8
1319,BWA-std,3,0.14545454545454545
1319,NW-flex,3,1.0
1319,BWA-no-clip,5,0.8818181818181818
1319,BWA-std,5,0.2
1319,NW-flex,5,1.0
1319,BWA-no-clip,-1,0.8909090909090909
1319,BWA-std,-1,0.41818181818181815
1319,NW-flex,-1,1.0
1320,BWA-no-clip,0,0.7181818181818181
1320,BWA-std,0,0.12727272727272726
1320,NW-flex,0,0.9939393939393939
1320,BWA-no-clip,1,0.7454545454545455
1320,BWA-std,1,0.12727272727272726
1320,NW-flex,1,1.0
1320,BWA-no-clip,10,0.8909090909090909
1320,BWA-std,10,0.41818181818181815
1320,NW-flex,10,1.0
1320,BWA-no-clip,2,0.8181818181818182
1320,BWA-std,2,0.13636363636363635
1320,NW-flex,2,1.0
1320,BWA-no-clip,3,0.8636363636363636
1320,BWA-std,3,0.14545454545454545
1320,NW-flex,3,1.0
1320,BWA-no-clip,5,0.8818181818181818
1320,BWA-std,5,0.2
1320,NW-flex,5,1.0
1320,BWA-no-clip,-1,0.8909090909090909
1320,BWA-std,-1,0.41818181818181815
1320,NW-flex,-1,1.0
1321,BWA-no-clip,0,0.6181818181818182
1321,BWA-std,0,0.12727272727272726
1321,NW-flex,0,1.0
1321,BWA-no-clip,1,0.6090909090909091
1321,BWA-std,1,0.12727272727272726
1321,NW-flex,1,0.806060606060606
1321,BWA-no-clip,10,0.8090909090909091
1321,BWA-std,10,0.4090909090909091
1321,NW-flex,10,1.0
1321,BWA-no-clip,2,0.6636363636363637
1321,BWA-std,2,0.12727272727272726
1321,NW-flex,2,1.0
1321,BWA-no-clip,3,0.6636363636363637
1321,BWA-std,3,0.13636363636363635
1321,NW-flex,3,1.0
1321,BWA-no-clip,5,0.8090909090909091
1321,BWA-std,5,0.19090909090909092
1321,NW-flex,5,1.0
1321,BWA-no-clip,-1,0.8090909090909091
1321,BWA-std,-1,0.4090909090909091
1321,NW-flex,-1,1.0
1322,BWA-no-clip,0,0.6545454545454545
1322,BWA-std,0,0.12727272727272726
1322,NW-flex,0,0.990909090909091
1322,BWA-no-clip,1,0.6545454545454545
1322,BWA-std,1,0.12727272727272726
1322,NW-flex,1,1.0
1322,BWA-no-clip,10,0.9090909090909091
1322,BWA-std,10,0.41818181818181815
1322,NW-flex,10,1.0
1322,BWA-no-clip,2,0.7454545454545455
1322,BWA-std,2,0.13636363636363635
1322,NW-flex,2,1.0
1322,BWA-no-clip,3,0.8090909090909091
1322,BWA-std,3,0.14545454545454545
1322,NW-flex,3,1.0
1322,BWA-no-clip,5,0.8545454545454545
1322,BWA-std,5,0.2
1322,NW-flex,5,1.0
1322,BWA-no-clip,-1,0.9090909090909091
1322,BWA-std,-1,0.41818181818181815
1322,NW-flex,-1,1.0
1323,BWA-no-clip,0,0.7272727272727273
1323,BWA-std,0,0.12727272727272726
1323,NW-flex,0,0.9939393939393939
1323,BWA-no-clip,1,0.7
1323,BWA-std,1,0.12727272727272726
1323,NW-flex,1,1.0
1323,BWA-no-clip,10,0.8636363636363636
1323,BWA-std,10,0.41818181818181815
1323,NW-flex,10,1.0
1323,BWA-no-clip,2,0.7454545454545455
1323,BWA-std,2,0.13636363636363635
1323,NW-flex,2,1.0
1323,BWA-no-clip,3,0.8636363636363636
1323,BWA-std,3,0.14545454545454545
1323,NW-flex,3,1.0
1323,BWA-no-clip,5,0.7727272727272727
1323,BWA-std,5,0.2
1323,NW-flex,5,1.0
1323,BWA-no-clip,-1,0.8636363636363636
1323,BWA-std,-1,0.41818181818181815
1323,NW-flex,-1,1.0
1324,BWA-no-clip,0,0.4727272727272727
1324,BWA-std,0,0.10909090909090909
1324,NW-flex,0,0.9
1324,BWA-no-clip,1,0.7636363636363637
1324,BWA-std,1,0.12727272727272726
1324,NW-flex,1,1.0
1324,BWA-no-clip,10,0.8545454545454545
1324,BWA-std,10,0.41818181818181815
1324,NW-flex,10,1.0
1324,BWA-no-clip,2,0.7454545454545455
1324,BWA-std,2,0.13636363636363635
1324,NW-flex,2,1.0
1324,BWA-no-clip,3,0.8181818181818182
1324,BWA-std,3,0.14545454545454545
1324,NW-flex,3,1.0
1324,BWA-no-clip,5,0.8454545454545455
1324,BWA-std,5,0.2
1324,NW-flex,5,1.0
1324,BWA-no-clip,-1,0.8545454545454545
1324,BWA-std,-1,0.41818181818181815
1324,NW-flex,-1,1.0
1325,BWA-no-clip,0,0.6454545454545455
1325,BWA-std,0,0.12727272727272726
1325,NW-flex,0,1.0
1325,BWA-no-clip,1,0.7363636363636363
1325,BWA-std,1,0.12727272727272726
1325,NW-flex,1,1.0
1325,BWA-no-clip,10,0.8909090909090909
1325,BWA-std,10,0.41818181818181815
1325,NW-flex,10,1.0
1325,BWA-no-clip,2,0.7090909090909091
1325,BWA-std,2,0.13636363636363635
1325,NW-flex,2,0.996969696969697
1325,BWA-no-clip,3,0.7727272727272727
1325,BWA-std,3,0.14545454545454545
1325,NW-flex,3,1.0
1325,BWA-no-clip,5,0.8636363636363636
1325,BWA-std,5,0.2
1325,NW-flex,5,1.0
1325,BWA-no-clip,-1,0.8909090909090909
1325,BWA-std,-1,0.41818181818181815
1325,NW-flex,-1,1.0
1326,BWA-no-clip,0,0.5818181818181818
1326,BWA-std,0,0.10909090909090909
1326,NW-flex,0,0.9
1326,BWA-no-clip,1,0.8090909090909091
1326,BWA-std,1,0.12727272727272726
1326,NW-flex,1,1.0
1326,BWA-no-clip,10,0.9181818181818182
1326,BWA-std,10,0.41818181818181815
1326,NW-flex,10,1.0
1326,BWA-no-clip,2,0.8545454545454545
1326,BWA-std,2,0.13636363636363635
1326,NW-flex,2,1.0
1326,BWA-no-clip,3,0.8
1326,BWA-std,3,0.14545454545454545
1326,NW-flex,3,1.0
1326,BWA-no-clip,5,0.8909090909090909
1326,BWA-std,5,0.2
1326,NW-flex,5,1.0
1326,BWA-no-clip,-1,0.9181818181818182
1326,BWA-std,-1,0.41818181818181815
1326,NW-flex,-1,1.0
1327,BWA-no-clip,0,0.7
1327,BWA-std,0,0.12727272727272726
1327,NW-flex,0,1.0
1327,BWA-no-clip,1,0.7272727272727273
1327,BWA-std,1,0.12727272727272726
1327,NW-flex,1,1.0
1327,BWA-no-clip,10,0.8272727272727273
1327,BWA-std,10,0.4090909090909091
1327,NW-flex,10,1.0
1327,BWA-no-clip,2,0.6878787878787879
1327,BWA-std,2,0.12727272727272726
1327,NW-flex,2,0.996969696969697
1327,BWA-no-clip,3,0.6818181818181818
1327,BWA-std,3,0.13636363636363635
1327,NW-flex,3,1.0
1327,BWA-no-clip,5,0.8181818181818182
1327,BWA-std,5,0.19090909090909092
1327,NW-flex,5,1.0
1327,BWA-no-clip,-1,0.8272727272727273
1327,BWA-std,-1,0.4090909090909091
1327,NW-flex,-1,1.0
1328,BWA-no-clip,0,0.6727272727272727
1328,BWA-std,0,0.12727272727272726
1328,NW-flex,0,0.996969696969697
1328,BWA-no-clip,1,0.6909090909090909
1328,BWA-std,1,0.12727272727272726
1328,NW-flex,1,1.0
1328,BWA-no-clip,10,0.8454545454545455
1328,BWA-std,10,0.4090909090909091
1328,NW-flex,10,1.0
1328,BWA-no-clip,2,0.7545454545454545
1328,BWA-std,2,0.12727272727272726
1328,NW-flex,2,1.0
1328,BWA-no-clip,3,0.7818181818181819
1328,BWA-std,3,0.13636363636363635
1328,NW-flex,3,1.0
1328,BWA-no-clip,5,0.7727272727272727
1328,BWA-std,5,0.19090909090909092
1328,NW-flex,5,1.0
1328,BWA-no-clip,-1,0.8454545454545455
1328,BWA-std,-1,0.4090909090909091
1328,NW-flex,-1,1.0
1329,BWA-no-clip,0,0.7181818181818181
1329,BWA-std,0,0.12727272727272726
1329,NW-flex,0,1.0
1329,BWA-no-clip,1,0.6787878787878788
1329,BWA-std,1,0.12727272727272726
1329,NW-flex,1,0.9030303030303031
1329,BWA-no-clip,10,0.8272727272727273
1329,BWA-std,10,0.4090909090909091
1329,NW-flex,10,1.0
1329,BWA-no-clip,2,0.7272727272727273
1329,BWA-std,2,0.12727272727272726
1329,NW-flex,2,1.0
1329,BWA-no-clip,3,0.7545454545454545
1329,BWA-std,3,0.13636363636363635
1329,NW-flex,3,1.0
1329,BWA-no-clip,5,0.8
1329,BWA-std,5,0.19090909090909092
1329,NW-flex,5,1.0
1329,BWA-no-clip,-1,0.8272727272727273
1329,BWA-std,-1,0.4090909090909091
1329,NW-flex,-1,1.0
1330,BWA-no-clip,0,0.4818181818181818
1330,BWA-std,0,0.12727272727272726
1330,NW-flex,0,1.0
1330,BWA-no-clip,1,0.49696969696969695
1330,BWA-std,1,0.12727272727272726
1330,NW-flex,1,1.0
1330,BWA-no-clip,10,0.6
1330,BWA-std,10,0.38181818181818183
1330,NW-flex,10,1.0
1330,BWA-no-clip,2,0.5363636363636364
1330,BWA-std,2,0.12727272727272726
1330,NW-flex,2,1.0
1330,BWA-no-clip,3,0.5515151515151515
1330,BWA-std,3,0.13636363636363635
1330,NW-flex,3,1.0
1330,BWA-no-clip,5,0.4303030303030303
1330,BWA-std,5,0.15454545454545454
1330,NW-flex,5,1.0
1330,BWA-no-clip,-1,0.6
1330,BWA-std,-1,0.38181818181818183
1330,NW-flex,-1,1.0
1331,BWA-no-clip,0,0.7272727272727273
1331,BWA-std,0,0.12727272727272726
1331,NW-flex,0,0.9030303030303031
1331,BWA-no-clip,1,0.8090909090909091
1331,BWA-std,1,0.12727272727272726
1331,NW-flex,1,0.996969696969697
1331,BWA-no-clip,10,0.9090909090909091
1331,BWA-std,10,0.41818181818181815
1331,NW-flex,10,1.0
1331,BWA-no-clip,2,0.7181818181818181
1331,BWA-std,2,0.13636363636363635
1331,NW-flex,2,1.0
1331,BWA-no-clip,3,0.8272727272727273
1331,BWA-std,3,0.14545454545454545
1331,NW-flex,3,1.0
1331,BWA-no-clip,5,0.8818181818181818
1331,BWA-std,5,0.2
1331,NW-flex,5,1.0
1331,BWA-no-clip,-1,0.9090909090909091
1331,BWA-std,-1,0.41818181818181815
1331,NW-flex,-1,1.0
1332,BWA-no-clip,0,0.22727272727272727
1332,BWA-std,0,0.10909090909090909
1332,NW-flex,0,0.7
1332,BWA-no-clip,1,0.38181818181818183
1332,BWA-std,1,0.12727272727272726
1332,NW-flex,1,1.0
1332,BWA-no-clip,10,0.6818181818181818
1332,BWA-std,10,0.4
1332,NW-flex,10,1.0
1332,BWA-no-clip,2,0.5727272727272728
1332,BWA-std,2,0.12727272727272726
1332,NW-flex,2,1.0
1332,BWA-no-clip,3,0.6090909090909091
1332,BWA-std,3,0.12727272727272726
1332,NW-flex,3,1.0
1332,BWA-no-clip,5,0.6818181818181818
1332,BWA-std,5,0.18181818181818182
1332,NW-flex,5,1.0
1332,BWA-no-clip,-1,0.6818181818181818
1332,BWA-std,-1,0.4
1332,NW-flex,-1,1.0
1333,BWA-no-clip,0,0.4909090909090909
1333,BWA-std,0,0.10909090909090909
1333,NW-flex,0,0.9
1333,BWA-no-clip,1,0.6818181818181818
1333,BWA-std,1,0.12727272727272726
1333,NW-flex,1,1.0
1333,BWA-no-clip,10,0.7818181818181819
1333,BWA-std,10,0.41818181818181815
1333,NW-flex,10,1.0
1333,BWA-no-clip,2,0.7181818181818181
1333,BWA-std,2,0.13636363636363635
1333,NW-flex,2,1.0
1333,BWA-no-clip,3,0.6272727272727273
1333,BWA-std,3,0.14545454545454545
1333,NW-flex,3,1.0
1333,BWA-no-clip,5,0.7818181818181819
1333,BWA-std,5,0.2
1333,NW-flex,5,1.0
1333,BWA-no-clip,-1,0.7818181818181819
1333,BWA-std,-1,0.41818181818181815
1333,NW-flex,-1,1.0
1334,BWA-no-clip,0,0.5
1334,BWA-std,0,0.12727272727272726
1334,NW-flex,0,1.0
1334,BWA-no-clip,1,0.5454545454545454
1334,BWA-std,1,0.12727272727272726
1334,NW-flex,1,1.0
1334,BWA-no-clip,10,0.6696969696969697
1334,BWA-std,10,0.4
1334,NW-flex,10,1.0
1334,BWA-no-clip,2,0.5
1334,BWA-std,2,0.11818181818181818
1334,NW-flex,2,1.0
1334,BWA-no-clip,3,0.45151515151515154
1334,BWA-std,3,0.13636363636363635
1334,NW-flex,3,0.9030303030303031
1334,BWA-no-clip,5,0.509090909090909
1334,BWA-std,5,0.17272727272727273
1334,NW-flex,5,1.0
1334,BWA-no-clip,-1,0.6696969696969697
1334,BWA-std,-1,0.4
1334,NW-flex,-1,1.0
1335,BWA-no-clip,0,0.5454545454545454
1335,BWA-std,0,0.10909090909090909
1335,NW-flex,0,0.8
1335,BWA-no-clip,1,0.7636363636363637
1335,BWA-std,1,0.12727272727272726
1335,NW-flex,1,1.0
1335,BWA-no-clip,10,0.9090909090909091
1335,BWA-std,10,0.41818181818181815
1335,NW-flex,10,1.0
1335,BWA-no-clip,2,0.7606060606060606
1335,BWA-std,2,0.13636363636363635
1335,NW-flex,2,1.0
1335,BWA-no-clip,3,0.8454545454545455
1335,BWA-std,3,0.14545454545454545
1335,NW-flex,3,1.0
1335,BWA-no-clip,5,0.9
1335,BWA-std,5,0.2
1335,NW-flex,5,1.0
1335,BWA-no-clip,-1,0.9090909090909091
1335,BWA-std,-1,0.41818181818181815
1335,NW-flex,-1,1.0
1336,BWA-no-clip,0,0.5363636363636364
1336,BWA-std,0,0.12727272727272726
1336,NW-flex,0,0.9030303030303031
1336,BWA-no-clip,1,0.5727272727272728
1336,BWA-std,1,0.12727272727272726
1336,NW-flex,1,0.996969696969697
1336,BWA-no-clip,10,0.8454545454545455
1336,BWA-std,10,0.41818181818181815
1336,NW-flex,10,1.0
1336,BWA-no-clip,2,0.6818181818181818
1336,BWA-std,2,0.13636363636363635
1336,NW-flex,2,1.0
1336,BWA-no-clip,3,0.7545454545454545
1336,BWA-std,3,0.14545454545454545
1336,NW-flex,3,1.0
1336,BWA-no-clip,5,0.8454545454545455
1336,BWA-std,5,0.2
1336,NW-flex,5,1.0
1336,BWA-no-clip,-1,0.8454545454545455
1336,BWA-std,-1,0.41818181818181815
1336,NW-flex,-1,1.0
1337,BWA-no-clip,0,0.8
1337,BWA-std,0,0.12727272727272726
1337,NW-flex,0,1.0
1337,BWA-no-clip,1,0.7545454545454545
1337,BWA-std,1,0.12727272727272726
1337,NW-flex,1,0.996969696969697
1337,BWA-no-clip,10,0.9181818181818182
1337,BWA-std,10,0.41818181818181815
1337,NW-flex,10,1.0
1337,BWA-no-clip,2,0.8363636363636363
1337,BWA-std,2,0.13636363636363635
1337,NW-flex,2,1.0
1337,BWA-no-clip,3,0.8727272727272727
1337,BWA-std,3,0.14545454545454545
1337,NW-flex,3,1.0
1337,BWA-no-clip,5,0.9090909090909091
1337,BWA-std,5,0.2
1337,NW-flex,5,1.0
1337,BWA-no-clip,-1,0.9181818181818182
1337,BWA-std,-1,0.41818181818181815
1337,NW-flex,-1,1.0
1338,BWA-no-clip,0,0.5454545454545454
1338,BWA-std,0,0.10909090909090909
1338,NW-flex,0,0.8
1338,BWA-no-clip,1,0.8181818181818182
1338,BWA-std,1,0.12727272727272726
1338,NW-flex,1,1.0
1338,BWA-no-clip,10,0.9181818181818182
1338,BWA-std,10,0.41818181818181815
1338,NW-flex,10,1.0
1338,BWA-no-clip,2,0.8363636363636363
1338,BWA-std,2,0.13636363636363635
1338,NW-flex,2,1.0
1338,BWA-no-clip,3,0.8545454545454545
1338,BWA-std,3,0.14545454545454545
1338,NW-flex,3,1.0
1338,BWA-no-clip,5,0.9181818181818182
1338,BWA-std,5,0.2
1338,NW-flex,5,1.0
1338,BWA-no-clip,-1,0.9181818181818182
1338,BWA-std,-1,0.41818181818181815
1338,NW-flex,-1,1.0
1339,BWA-no-clip,0,0.509090909090909
1339,BWA-std,0,0.10909090909090909
1339,NW-flex,0,0.8
1339,BWA-no-clip,1,0.7363636363636363
1339,BWA-std,1,0.12727272727272726
1339,NW-flex,1,1.0
1339,BWA-no-clip,10,0.9090909090909091
1339,BWA-std,10,0.41818181818181815
1339,NW-flex,10,1.0
1339,BWA-no-clip,2,0.5878787878787879
1339,BWA-std,2,0.13636363636363635
1339,NW-flex,2,1.0
1339,BWA-no-clip,3,0.7636363636363637
1339,BWA-std,3,0.14545454545454545
1339,NW-flex,3,1.0
1339,BWA-no-clip,5,0.8545454545454545
1339,BWA-std,5,0.2
1339,NW-flex,5,1.0
1339,BWA-no-clip,-1,0.9090909090909091
1339,BWA-std,-1,0.41818181818181815
1339,NW-flex,-1,1.0
1340,BWA-no-clip,0,0.7272727272727273
1340,BWA-std,0,0.12727272727272726
1340,NW-flex,0,1.0
1340,BWA-no-clip,1,0.6878787878787879
1340,BWA-std,1,0.12727272727272726
1340,NW-flex,1,0.996969696969697
1340,BWA-no-clip,10,0.9090909090909091
1340,BWA-std,10,0.41818181818181815
1340,NW-flex,10,1.0
1340,BWA-no-clip,2,0.7636363636363637
1340,BWA-std,2,0.13636363636363635
1340,NW-flex,2,1.0
1340,BWA-no-clip,3,0.7818181818181819
1340,BWA-std,3,0.14545454545454545
1340,NW-flex,3,1.0
1340,BWA-no-clip,5,0.8727272727272727
1340,BWA-std,5,0.2
1340,NW-flex,5,1.0
1340,BWA-no-clip,-1,0.9090909090909091
1340,BWA-std,-1,0.41818181818181815
1340,NW-flex,-1,1.0
1341,BWA-no-clip,0,0.6909090909090909
1341,BWA-std,0,0.12727272727272726
1341,NW-flex,0,0.9030303030303031
1341,BWA-no-clip,1,0.7363636363636363
1341,BWA-std,1,0.12727272727272726
1341,NW-flex,1,0.996969696969697
1341,BWA-no-clip,10,0.8636363636363636
1341,BWA-std,10,0.41818181818181815
1341,NW-flex,10,1.0
1341,BWA-no-clip,2,0.8636363636363636
1341,BWA-std,2,0.13636363636363635
1341,NW-flex,2,1.0
1341,BWA-no-clip,3,0.8636363636363636
1341,BWA-std,3,0.14545454545454545
1341,NW-flex,3,1.0
1341,BWA-no-clip,5,0.8363636363636363
1341,BWA-std,5,0.2
1341,NW-flex,5,1.0
1341,BWA-no-clip,-1,0.8636363636363636
1341,BWA-std,-1,0.41818181818181815
1341,NW-flex,-1,1.0
1342,BWA-no-clip,0,0.6
1342,BWA-std,0,0.12727272727272726
1342,NW-flex,0,1.0
1342,BWA-no-clip,1,0.6272727272727273
1342,BWA-std,1,0.12727272727272726
1342,NW-flex,1,1.0
1342,BWA-no-clip,10,0.7727272727272727
1342,BWA-std,10,0.4
1342,NW-flex,10,1.0
1342,BWA-no-clip,2,0.7272727272727273
1342,BWA-std,2,0.12727272727272726
1342,NW-flex,2,1.0
1342,BWA-no-clip,3,0.6545454545454545
1342,BWA-std,3,0.12727272727272726
1342,NW-flex,3,1.0
1342,BWA-no-clip,5,0.7545454545454545
1342,BWA-std,5,0.18181818181818182
1342,NW-flex,5,1.0
1342,BWA-no-clip,-1,0.7727272727272727
1342,BWA-std,-1,0.4
1342,NW-flex,-1,1.0
1343,BWA-no-clip,0,0.5696969696969697
1343,BWA-std,0,0.12727272727272726
1343,NW-flex,0,1.0
1343,BWA-no-clip,1,0.5969696969696969
1343,BWA-std,1,0.12727272727272726
1343,NW-flex,1,1.0
1343,BWA-no-clip,10,0.6666666666666666
1343,BWA-std,10,0.4
1343,NW-flex,10,1.0
1343,BWA-no-clip,2,0.6060606060606061
1343,BWA-std,2,0.12727272727272726
1343,NW-flex,2,1.0
1343,BWA-no-clip,3,0.5666666666666667
1343,BWA-std,3,0.13636363636363635
1343,NW-flex,3,0.9030303030303031
1343,BWA-no-clip,5,0.6636363636363637
1343,BWA-std,5,0.18181818181818182
1343,NW-flex,5,1.0
1343,BWA-no-clip,-1,0.6666666666666666
1343,BWA-std,-1,0.4
1343,NW-flex,-1,1.0
1344,BWA-no-clip,0,0.7090909090909091
1344,BWA-std,0,0.12727272727272726
1344,NW-flex,0,0.996969696969697
1344,BWA-no-clip,1,0.7
1344,BWA-std,1,0.12727272727272726
1344,NW-flex,1,1.0
1344,BWA-no-clip,10,0.9090909090909091
1344,BWA-std,10,0.41818181818181815
1344,NW-flex,10,1.0
1344,BWA-no-clip,2,0.7545454545454545
1344,BWA-std,2,0.13636363636363635
1344,NW-flex,2,1.0
1344,BWA-no-clip,3,0.7545454545454545
1344,BWA-std,3,0.14545454545454545
1344,NW-flex,3,1.0
1344,BWA-no-clip,5,0.9
1344,BWA-std,5,0.2
1344,NW-flex,5,1.0
1344,BWA-no-clip,-1,0.9090909090909091
1344,BWA-std,-1,0.41818181818181815
1344,NW-flex,-1,1.0
1345,BWA-no-clip,0,0.6636363636363637
1345,BWA-std,0,0.12727272727272726
1345,NW-flex,0,0.996969696969697
1345,BWA-no-clip,1,0.7272727272727273
1345,BWA-std,1,0.12727272727272726
1345,NW-flex,1,1.0
1345,BWA-no-clip,10,0.8636363636363636
1345,BWA-std,10,0.4090909090909091
1345,NW-flex,10,1.0
1345,BWA-no-clip,2,0.7909090909090909
1345,BWA-std,2,0.12727272727272726
1345,NW-flex,2,1.0
1345,BWA-no-clip,3,0.8181818181818182
1345,BWA-std,3,0.13636363636363635
1345,NW-flex,3,1.0
1345,BWA-no-clip,5,0.8545454545454545
1345,BWA-std,5,0.19090909090909092
1345,NW-flex,5,1.0
1345,BWA-no-clip,-1,0.8636363636363636
1345,BWA-std,-1,0.4090909090909091
1345,NW-flex,-1,1.0
1346,BWA-no-clip,0,0.6727272727272727
1346,BWA-std,0,0.12727272727272726
1346,NW-flex,0,1.0
1346,BWA-no-clip,1,0.6272727272727273
1346,BWA-std,1,0.12727272727272726
1346,NW-flex,1,0.806060606060606
1346,BWA-no-clip,10,0.8272727272727273
1346,BWA-std,10,0.4090909090909091
1346,NW-flex,10,1.0
1346,BWA-no-clip,2,0.6909090909090909
1346,BWA-std,2,0.12727272727272726
1346,NW-flex,2,1.0
1346,BWA-no-clip,3,0.6909090909090909
1346,BWA-std,3,0.13636363636363635
1346,NW-flex,3,1.0
1346,BWA-no-clip,5,0.8
1346,BWA-std,5,0.19090909090909092
1346,NW-flex,5,1.0
1346,BWA-no-clip,-1,0.8272727272727273
1346,BWA-std,-1,0.4090909090909091
1346,NW-flex,-1,1.0
1347,BWA-no-clip,0,0.7090909090909091
1347,BWA-std,0,0.12727272727272726
1347,NW-flex,0,0.9939393939393939
1347,BWA-no-clip,1,0.7272727272727273
1347,BWA-std,1,0.12727272727272726
1347,NW-flex,1,1.0
1347,BWA-no-clip,10,0.8818181818181818
1347,BWA-std,10,0.41818181818181815
1347,NW-flex,10,1.0
1347,BWA-no-clip,2,0.8090909090909091
1347,BWA-std,2,0.13636363636363635
1347,NW-flex,2,1.0
1347,BWA-no-clip,3,0.8454545454545455
1347,BWA-std,3,0.14545454545454545
1347,NW-flex,3,1.0
1347,BWA-no-clip,5,0.8272727272727273
1347,BWA-std,5,0.2
1347,NW-flex,5,1.0
1347,BWA-no-clip,-1,0.8818181818181818
1347,BWA-std,-1,0.41818181818181815
1347,NW-flex,-1,1.0
1348,BWA-no-clip,0,0.43636363636363634
1348,BWA-std,0,0.10909090909090909
1348,NW-flex,0,0.7
1348,BWA-no-clip,1,0.6090909090909091
1348,BWA-std,1,0.12727272727272726
1348,NW-flex,1,1.0
1348,BWA-no-clip,10,0.8545454545454545
1348,BWA-std,10,0.41818181818181815
1348,NW-flex,10,1.0
1348,BWA-no-clip,2,0.6727272727272727
1348,BWA-std,2,0.13636363636363635
1348,NW-flex,2,1.0
1348,BWA-no-clip,3,0.8090909090909091
1348,BWA-std,3,0.14545454545454545
1348,NW-flex,3,1.0
1348,BWA-no-clip,5,0.7909090909090909
1348,BWA-std,5,0.2
1348,NW-flex,5,1.0
1348,BWA-no-clip,-1,0.8545454545454545
1348,BWA-std,-1,0.41818181818181815
1348,NW-flex,-1,1.0
1349,BWA-no-clip,0,0.5818181818181818
1349,BWA-std,0,0.12727272727272726
1349,NW-flex,0,0.9878787878787879
1349,BWA-no-clip,1,0.6636363636363637
1349,BWA-std,1,0.12727272727272726
1349,NW-flex,1,1.0
1349,BWA-no-clip,10,0.7636363636363637
1349,BWA-std,10,0.41818181818181815
1349,NW-flex,10,1.0
1349,BWA-no-clip,2,0.7454545454545455
1349,BWA-std,2,0.13636363636363635
1349,NW-flex,2,1.0
1349,BWA-no-clip,3,0.6090909090909091
1349,BWA-std,3,0.14545454545454545
1349,NW-flex,3,1.0
1349,BWA-no-clip,5,0.7545454545454545
1349,BWA-std,5,0.2
1349,NW-flex,5,1.0
1349,BWA-no-clip,-1,0.7636363636363637
1349,BWA-std,-1,0.41818181818181815
1349,NW-flex,-1,1.0
1350,BWA-no-clip,0,0.5818181818181818
1350,BWA-std,0,0.10909090909090909
1350,NW-flex,0,0.9
1350,BWA-no-clip,1,0.7636363636363637
1350,BWA-std,1,0.12727272727272726
1350,NW-flex,1,1.0
1350,BWA-no-clip,10,0.9
1350,BWA-std,10,0.41818181818181815
1350,NW-flex,10,1.0
1350,BWA-no-clip,2,0.7636363636363637
1350,BWA-std,2,0.13636363636363635
1350,NW-flex,2,1.0
1350,BWA-no-clip,3,0.8
1350,BWA-std,3,0.14545454545454545
1350,NW-flex,3,1.0
1350,BWA-no-clip,5,0.8909090909090909
1350,BWA-std,5,0.2
1350,NW-flex,5,1.0
1350,BWA-no-clip,-1,0.9
1350,BWA-std,-1,0.41818181818181815
1350,NW-flex,-1,1.0
1351,BWA-no-clip,0,0.7454545454545455
1351,BWA-std,0,0.12727272727272726
1351,NW-flex,0,0.996969696969697
1351,BWA-no-clip,1,0.6909090909090909
1351,BWA-std,1,0.12727272727272726
1351,NW-flex,1,1.0
1351,BWA-no-clip,10,0.8727272727272727
1351,BWA-std,10,0.4090909090909091
1351,NW-flex,10,1.0
1351,BWA-no-clip,2,0.7333333333333333
1351,BWA-std,2,0.12727272727272726
1351,NW-flex,2,1.0
1351,BWA-no-clip,3,0.7909090909090909
1351,BWA-std,3,0.13636363636363635
1351,NW-flex,3,1.0
1351,BWA-no-clip,5,0.8454545454545455
1351,BWA-std,5,0.19090909090909092
1351,NW-flex,5,1.0
1351,BWA-no-clip,-1,0.8727272727272727
1351,BWA-std,-1,0.4090909090909091
1351,NW-flex,-1,1.0
1352,BWA-no-clip,0,0.7
1352,BWA-std,0,0.12727272727272726
1352,NW-flex,0,0.9939393939393939
1352,BWA-no-clip,1,0.6909090909090909
1352,BWA-std,1,0.12727272727272726
1352,NW-flex,1,1.0
1352,BWA-no-clip,10,0.9
1352,BWA-std,10,0.41818181818181815
1352,NW-flex,10,1.0
1352,BWA-no-clip,2,0.8363636363636363
1352,BWA-std,2,0.13636363636363635
1352,NW-flex,2,1.0
1352,BWA-no-clip,3,0.8545454545454545
1352,BWA-std,3,0.14545454545454545
1352,NW-flex,3,1.0
1352,BWA-no-clip,5,0.9
1352,BWA-std,5,0.2
1352,NW-flex,5,1.0
1352,BWA-no-clip,-1,0.9
1352,BWA-std,-1,0.41818181818181815
1352,NW-flex,-1,1.0
1353,BWA-no-clip,0,0.5272727272727272
1353,BWA-std,0,0.10909090909090909
1353,NW-flex,0,0.8
1353,BWA-no-clip,1,0.8
1353,BWA-std,1,0.12727272727272726
1353,NW-flex,1,1.0
1353,BWA-no-clip,10,0.9
1353,BWA-std,10,0.41818181818181815
1353,NW-flex,10,1.0
1353,BWA-no-clip,2,0.7484848484848485
1353,BWA-std,2,0.13636363636363635
1353,NW-flex,2,1.0
1353,BWA-no-clip,3,0.8818181818181818
1353,BWA-std,3,0.14545454545454545
1353,NW-flex,3,1.0
1353,BWA-no-clip,5,0.8727272727272727
1353,BWA-std,5,0.2
1353,NW-flex,5,1.0
1353,BWA-no-clip,-1,0.9
1353,BWA-std,-1,0.41818181818181815
1353,NW-flex,-1,1.0
1354,BWA-no-clip,0,0.6909090909090909
1354,BWA-std,0,0.12727272727272726
1354,NW-flex,0,1.0
1354,BWA-no-clip,1,0.6636363636363637
1354,BWA-std,1,0.12727272727272726
1354,NW-flex,1,1.0
1354,BWA-no-clip,10,0.8181818181818182
1354,BWA-std,10,0.41818181818181815
1354,NW-flex,10,1.0
1354,BWA-no-clip,2,0.8
1354,BWA-std,2,0.13636363636363635
1354,NW-flex,2,1.0
1354,BWA-no-clip,3,0.8181818181818182
1354,BWA-std,3,0.14545454545454545
1354,NW-flex,3,1.0
1354,BWA-no-clip,5,0.7909090909090909
1354,BWA-std,5,0.2
1354,NW-flex,5,1.0
1354,BWA-no-clip,-1,0.8181818181818182
1354,BWA-std,-1,0.41818181818181815
1354,NW-flex,-1,1.0
1355,BWA-no-clip,0,0.43636363636363634
1355,BWA-std,0,0.11818181818181818
1355,NW-flex,0,1.0
1355,BWA-no-clip,1,0.4727272727272727
1355,BWA-std,1,0.12727272727272726
1355,NW-flex,1,1.0
1355,BWA-no-clip,10,0.5121212121212121
1355,BWA-std,10,0.3575757575757576
1355,NW-flex,10,1.0
1355,BWA-no-clip,2,0.4909090909090909
1355,BWA-std,2,0.12727272727272726
1355,NW-flex,2,1.0
1355,BWA-no-clip,3,0.49393939393939396
1355,BWA-std,3,0.13636363636363635
1355,NW-flex,3,1.0
1355,BWA-no-clip,5,0.396969696969697
1355,BWA-std,5,0.16363636363636364
1355,NW-flex,5,0.806060606060606
1355,BWA-no-clip,-1,0.5121212121212121
1355,BWA-std,-1,0.3575757575757576
1355,NW-flex,-1,1.0
1356,BWA-no-clip,0,0.6090909090909091
1356,BWA-std,0,0.12727272727272726
1356,NW-flex,0,0.9030303030303031
1356,BWA-no-clip,1,0.6272727272727273
1356,BWA-std,1,0.12727272727272726
1356,NW-flex,1,0.996969696969697
1356,BWA-no-clip,10,0.8181818181818182
1356,BWA-std,10,0.41818181818181815
1356,NW-flex,10,1.0
1356,BWA-no-clip,2,0.7818181818181819
1356,BWA-std,2,0.13636363636363635
1356,NW-flex,2,1.0
1356,BWA-no-clip,3,0.8
1356,BWA-std,3,0.14545454545454545
1356,NW-flex,3,1.0
1356,BWA-no-clip,5,0.8
1356,BWA-std,5,0.2
1356,NW-flex,5,1.0
1356,BWA-no-clip,-1,0.8181818181818182
1356,BWA-std,-1,0.41818181818181815
1356,NW-flex,-1,1.0
1357,BWA-no-clip,0,0.6818181818181818
1357,BWA-std,0,0.12727272727272726
1357,NW-flex,0,1.0
1357,BWA-no-clip,1,0.7181818181818181
1357,BWA-std,1,0.12727272727272726
1357,NW-flex,1,1.0
1357,BWA-no-clip,10,0.8
1357,BWA-std,10,0.4090909090909091
1357,NW-flex,10,1.0
1357,BWA-no-clip,2,0.6363636363636364
1357,BWA-std,2,0.12727272727272726
1357,NW-flex,2,0.996969696969697
1357,BWA-no-clip,3,0.7818181818181819
1357,BWA-std,3,0.13636363636363635
1357,NW-flex,3,1.0
1357,BWA-no-clip,5,0.7636363636363637
1357,BWA-std,5,0.19090909090909092
1357,NW-flex,5,1.0
1357,BWA-no-clip,-1,0.8
1357,BWA-std,-1,0.4090909090909091
1357,NW-flex,-1,1.0
1358,BWA-no-clip,0,0.4636363636363636
1358,BWA-std,0,0.10909090909090909
1358,NW-flex,0,0.9
1358,BWA-no-clip,1,0.7545454545454545
1358,BWA-std,1,0.12727272727272726
1358,NW-flex,1,1.0
1358,BWA-no-clip,10,0.8818181818181818
1358,BWA-std,10,0.41818181818181815
1358,NW-flex,10,1.0
1358,BWA-no-clip,2,0.7909090909090909
1358,BWA-std,2,0.13636363636363635
1358,NW-flex,2,1.0
1358,BWA-no-clip,3,0.7636363636363637
1358,BWA-std,3,0.14545454545454545
1358,NW-flex,3,1.0
1358,BWA-no-clip,5,0.8818181818181818
1358,BWA-std,5,0.2
1358,NW-flex,5,1.0
1358,BWA-no-clip,-1,0.8818181818181818
1358,BWA-std,-1,0.41818181818181815
1358,NW-flex,-1,1.0
1359,BWA-no-clip,0,0.7272727272727273
1359,BWA-std,0,0.12727272727272726
1359,NW-flex,0,0.9030303030303031
1359,BWA-no-clip,1,0.7727272727272727
1359,BWA-std,1,0.12727272727272726
1359,NW-flex,1,0.996969696969697
1359,BWA-no-clip,10,0.8909090909090909
1359,BWA-std,10,0.41818181818181815
1359,NW-flex,10,1.0
1359,BWA-no-clip,2,0.8636363636363636
1359,BWA-std,2,0.13636363636363635
1359,NW-flex,2,1.0
1359,BWA-no-clip,3,0.7727272727272727
1359,BWA-std,3,0.14545454545454545
1359,NW-flex,3,1.0
1359,BWA-no-clip,5,0.8363636363636363
1359,BWA-std,5,0.2
1359,NW-flex,5,1.0
1359,BWA-no-clip,-1,0.8909090909090909
1359,BWA-std,-1,0.41818181818181815
1359,NW-flex,-1,1.0
1360,BWA-no-clip,0,0.42727272727272725
1360,BWA-std,0,0.10909090909090909
1360,NW-flex,0,0.6
1360,BWA-no-clip,1,0.7
1360,BWA-std,1,0.12727272727272726
1360,NW-flex,1,1.0
1360,BWA-no-clip,10,0.9181818181818182
1360,BWA-std,10,0.41818181818181815
1360,NW-flex,10,1.0
1360,BWA-no-clip,2,0.8090909090909091
1360,BWA-std,2,0.13636363636363635
1360,NW-flex,2,1.0
1360,BWA-no-clip,3,0.7727272727272727
1360,BWA-std,3,0.14545454545454545
1360,NW-flex,3,1.0
1360,BWA-no-clip,5,0.9181818181818182
1360,BWA-std,5,0.2
1360,NW-flex,5,1.0
1360,BWA-no-clip,-1,0.9181818181818182
1360,BWA-std,-1,0.41818181818181815
1360,NW-flex,-1,1.0
1361,BWA-no-clip,0,0.5909090909090909
1361,BWA-std,0,0.12727272727272726
1361,NW-flex,0,1.0
1361,BWA-no-clip,1,0.5636363636363636
1361,BWA-std,1,0.12727272727272726
1361,NW-flex,1,1.0
1361,BWA-no-clip,10,0.7393939393939394
1361,BWA-std,10,0.4090909090909091
1361,NW-flex,10,1.0
1361,BWA-no-clip,2,0.6
1361,BWA-std,2,0.12727272727272726
1361,NW-flex,2,1.0
1361,BWA-no-clip,3,0.696969696969697
1361,BWA-std,3,0.13636363636363635
1361,NW-flex,3,1.0
1361,BWA-no-clip,5,0.7212121212121212
1361,BWA-std,5,0.19090909090909092
1361,NW-flex,5,1.0
1361,BWA-no-clip,-1,0.7393939393939394
1361,BWA-std,-1,0.4090909090909091
1361,NW-flex,-1,1.0
1362,BWA-no-clip,0,0.5636363636363636
1362,BWA-std,0,0.12727272727272726
1362,NW-flex,0,0.9939393939393939
1362,BWA-no-clip,1,0.4727272727272727
1362,BWA-std,1,0.12727272727272726
1362,NW-flex,1,1.0
1362,BWA-no-clip,10,0.7818181818181819
1362,BWA-std,10,0.41818181818181815
1362,NW-flex,10,1.0
1362,BWA-no-clip,2,0.6818181818181818
1362,BWA-std,2,0.13636363636363635
1362,NW-flex,2,1.0
1362,BWA-no-clip,3,0.7636363636363637
1362,BWA-std,3,0.14545454545454545
1362,NW-flex,3,1.0
1362,BWA-no-clip,5,0.7636363636363637
1362,BWA-std,5,0.2
1362,NW-flex,5,1.0
1362,BWA-no-clip,-1,0.7818181818181819
1362,BWA-std,-1,0.41818181818181815
1362,NW-flex,-1,1.0
1363,BWA-no-clip,0,0.6454545454545455
1363,BWA-std,0,0.12727272727272726
1363,NW-flex,0,0.990909090909091
1363,BWA-no-clip,1,0.6818181818181818
1363,BWA-std,1,0.12727272727272726
1363,NW-flex,1,1.0
1363,BWA-no-clip,10,0.9090909090909091
1363,BWA-std,10,0.41818181818181815
1363,NW-flex,10,1.0
1363,BWA-no-clip,2,0.7727272727272727
1363,BWA-std,2,0.13636363636363635
1363,NW-flex,2,1.0
1363,BWA-no-clip,3,0.7727272727272727
1363,BWA-std,3,0.14545454545454545
1363,NW-flex,3,1.0
1363,BWA-no-clip,5,0.8636363636363636
1363,BWA-std,5,0.2
1363,NW-flex,5,1.0
1363,BWA-no-clip,-1,0.9090909090909091
1363,BWA-std,-1,0.41818181818181815
1363,NW-flex,-1,1.0
1364,BWA-no-clip,0,0.5545454545454546
1364,BWA-std,0,0.12727272727272726
1364,NW-flex,0,0.996969696969697
1364,BWA-no-clip,1,0.7545454545454545
1364,BWA-std,1,0.12727272727272726
1364,NW-flex,1,1.0
1364,BWA-no-clip,10,0.8454545454545455
1364,BWA-std,10,0.4090909090909091
1364,NW-flex,10,1.0
1364,BWA-no-clip,2,0.7272727272727273
1364,BWA-std,2,0.12727272727272726
1364,NW-flex,2,1.0
1364,BWA-no-clip,3,0.7818181818181819
1364,BWA-std,3,0.13636363636363635
1364,NW-flex,3,1.0
1364,BWA-no-clip,5,0.8363636363636363
1364,BWA-std,5,0.19090909090909092
1364,NW-flex,5,1.0
1364,BWA-no-clip,-1,0.8454545454545455
1364,BWA-std,-1,0.4090909090909091
1364,NW-flex,-1,1.0
1365,BWA-no-clip,0,0.5636363636363636
1365,BWA-std,0,0.12727272727272726
1365,NW-flex,0,1.0
1365,BWA-no-clip,1,0.5636363636363636
1365,BWA-std,1,0.12727272727272726
1365,NW-flex,1,1.0
1365,BWA-no-clip,10,0.7393939393939394
1365,BWA-std,10,0.4090909090909091
1365,NW-flex,10,1.0
1365,BWA-no-clip,2,0.5
1365,BWA-std,2,0.12727272727272726
1365,NW-flex,2,1.0
1365,BWA-no-clip,3,0.6787878787878788
1365,BWA-std,3,0.13636363636363635
1365,NW-flex,3,1.0
1365,BWA-no-clip,5,0.5848484848484848
1365,BWA-std,5,0.19090909090909092
1365,NW-flex,5,1.0
1365,BWA-no-clip,-1,0.7393939393939394
1365,BWA-std,-1,0.4090909090909091
1365,NW-flex,-1,1.0
1366,BWA-no-clip,0,0.6272727272727273
1366,BWA-std,0,0.12727272727272726
1366,NW-flex,0,1.0
1366,BWA-no-clip,1,0.5909090909090909
1366,BWA-std,1,0.12727272727272726
1366,NW-flex,1,0.996969696969697
1366,BWA-no-clip,10,0.9090909090909091
1366,BWA-std,10,0.41818181818181815
1366,NW-flex,10,1.0
1366,BWA-no-clip,2,0.8636363636363636
1366,BWA-std,2,0.13636363636363635
1366,NW-flex,2,1.0
1366,BWA-no-clip,3,0.8545454545454545
1366,BWA-std,3,0.14545454545454545
1366,NW-flex,3,1.0
1366,BWA-no-clip,5,0.8818181818181818
1366,BWA-std,5,0.2
1366,NW-flex,5,1.0
1366,BWA-no-clip,-1,0.9090909090909091
1366,BWA-std,-1,0.41818181818181815
1366,NW-flex,-1,1.0
1367,BWA-no-clip,0,0.7727272727272727
1367,BWA-std,0,0.12727272727272726
1367,NW-flex,0,1.0
1367,BWA-no-clip,1,0.7545454545454545
1367,BWA-std,1,0.12727272727272726
1367,NW-flex,1,1.0
1367,BWA-no-clip,10,0.9
1367,BWA-std,10,0.41818181818181815
1367,NW-flex,10,1.0
1367,BWA-no-clip,2,0.8090909090909091
1367,BWA-std,2,0.13636363636363635
1367,NW-flex,2,1.0
1367,BWA-no-clip,3,0.8272727272727273
1367,BWA-std,3,0.14545454545454545
1367,NW-flex,3,1.0
1367,BWA-no-clip,5,0.8454545454545455
1367,BWA-std,5,0.2
1367,NW-flex,5,1.0
1367,BWA-no-clip,-1,0.9
1367,BWA-std,-1,0.41818181818181815
1367,NW-flex,-1,1.0
1368,BWA-no-clip,0,0.44545454545454544
1368,BWA-std,0,0.12727272727272726
1368,NW-flex,0,1.0
1368,BWA-no-clip,1,0.4909090909090909
1368,BWA-std,1,0.12727272727272726
1368,NW-flex,1,1.0
1368,BWA-no-clip,10,0.7272727272727273
1368,BWA-std,10,0.4
1368,NW-flex,10,1.0
1368,BWA-no-clip,2,0.6090909090909091
1368,BWA-std,2,0.12727272727272726
1368,NW-flex,2,1.0
1368,BWA-no-clip,3,0.6
1368,BWA-std,3,0.12727272727272726
1368,NW-flex,3,1.0
1368,BWA-no-clip,5,0.6545454545454545
1368,BWA-std,5,0.18181818181818182
1368,NW-flex,5,1.0
1368,BWA-no-clip,-1,0.7272727272727273
1368,BWA-std,-1,0.4
1368,NW-flex,-1,1.0
1369,BWA-no-clip,0,0.6181818181818182
1369,BWA-std,0,0.12727272727272726
1369,NW-flex,0,1.0
1369,BWA-no-clip,1,0.6181818181818182
1369,BWA-std,1,0.12727272727272726
1369,NW-flex,1,1.0
1369,BWA-no-clip,10,0.7393939393939394
1369,BWA-std,10,0.4090909090909091
1369,NW-flex,10,1.0
1369,BWA-no-clip,2,0.6181818181818182
1369,BWA-std,2,0.12727272727272726
1369,NW-flex,2,1.0
1369,BWA-no-clip,3,0.696969696969697
1369,BWA-std,3,0.13636363636363635
1369,NW-flex,3,1.0
1369,BWA-no-clip,5,0.6757575757575758
1369,BWA-std,5,0.19090909090909092
1369,NW-flex,5,1.0
1369,BWA-no-clip,-1,0.7393939393939394
1369,BWA-std,-1,0.4090909090909091
1369,NW-flex,-1,1.0
1370,BWA-no-clip,0,0.8272727272727273
1370,BWA-std,0,0.12727272727272726
1370,NW-flex,0,0.996969696969697
1370,BWA-no-clip,1,0.8
1370,BWA-std,1,0.12727272727272726
1370,NW-flex,1,1.0
1370,BWA-no-clip,10,0.9090909090909091
1370,BWA-std,10,0.41818181818181815
1370,NW-flex,10,1.0
1370,BWA-no-clip,2,0.8636363636363636
1370,BWA-std,2,0.13636363636363635
1370,NW-flex,2,1.0
1370,BWA-no-clip,3,0.8363636363636363
1370,BWA-std,3,0.14545454545454545
1370,NW-flex,3,1.0
1370,BWA-no-clip,5,0.9090909090909091
1370,BWA-std,5,0.2
1370,NW-flex,5,1.0
1370,BWA-no-clip,-1,0.9090909090909091
1370,BWA-std,-1,0.41818181818181815
1370,NW-flex,-1,1.0
1371,BWA-no-clip,0,0.6181818181818182
1371,BWA-std,0,0.12727272727272726
1371,NW-flex,0,1.0
1371,BWA-no-clip,1,0.7454545454545455
1371,BWA-std,1,0.12727272727272726
1371,NW-flex,1,1.0
1371,BWA-no-clip,10,0.8818181818181818
1371,BWA-std,10,0.41818181818181815
1371,NW-flex,10,1.0
1371,BWA-no-clip,2,0.7272727272727273
1371,BWA-std,2,0.13636363636363635
1371,NW-flex,2,1.0
1371,BWA-no-clip,3,0.7363636363636363
1371,BWA-std,3,0.14545454545454545
1371,NW-flex,3,1.0
1371,BWA-no-clip,5,0.8272727272727273
1371,BWA-std,5,0.2
1371,NW-flex,5,1.0
1371,BWA-no-clip,-1,0.8818181818181818
1371,BWA-std,-1,0.41818181818181815
1371,NW-flex,-1,1.0
1372,BWA-no-clip,0,0.509090909090909
1372,BWA-std,0,0.12727272727272726
1372,NW-flex,0,1.0
1372,BWA-no-clip,1,0.5363636363636364
1372,BWA-std,1,0.12727272727272726
1372,NW-flex,1,1.0
1372,BWA-no-clip,10,0.6333333333333333
1372,BWA-std,10,0.4
1372,NW-flex,10,1.0
1372,BWA-no-clip,2,0.5636363636363636
1372,BWA-std,2,0.12727272727272726
1372,NW-flex,2,1.0
1372,BWA-no-clip,3,0.43333333333333335
1372,BWA-std,3,0.13636363636363635
1372,NW-flex,3,1.0
1372,BWA-no-clip,5,0.5787878787878787
1372,BWA-std,5,0.18181818181818182
1372,NW-flex,5,1.0
1372,BWA-no-clip,-1,0.6333333333333333
1372,BWA-std,-1,0.4
1372,NW-flex,-1,1.0
1373,BWA-no-clip,0,0.7454545454545455
1373,BWA-std,0,0.12727272727272726
1373,NW-flex,0,0.9939393939393939
1373,BWA-no-clip,1,0.7454545454545455
1373,BWA-std,1,0.12727272727272726
1373,NW-flex,1,1.0
1373,BWA-no-clip,10,0.9
1373,BWA-std,10,0.41818181818181815
1373,NW-flex,10,1.0
1373,BWA-no-clip,2,0.8363636363636363
1373,BWA-std,2,0.13636363636363635
1373,NW-flex,2,1.0
1373,BWA-no-clip,3,0.8181818181818182
1373,BWA-std,3,0.14545454545454545
1373,NW-flex,3,1.0
1373,BWA-no-clip,5,0.8545454545454545
1373,BWA-std,5,0.2
1373,NW-flex,5,1.0
1373,BWA-no-clip,-1,0.9
1373,BWA-std,-1,0.41818181818181815
1373,NW-flex,-1,1.0
1374,BWA-no-clip,0,0.7
1374,BWA-std,0,0.12727272727272726
1374,NW-flex,0,1.0
1374,BWA-no-clip,1,0.7272727272727273
1374,BWA-std,1,0.12727272727272726
1374,NW-flex,1,1.0
1374,BWA-no-clip,10,0.8272727272727273
1374,BWA-std,10,0.4090909090909091
1374,NW-flex,10,1.0
1374,BWA-no-clip,2,0.6787878787878788
1374,BWA-std,2,0.12727272727272726
1374,NW-flex,2,0.996969696969697
1374,BWA-no-clip,3,0.7454545454545455
1374,BWA-std,3,0.13636363636363635
1374,NW-flex,3,1.0
1374,BWA-no-clip,5,0.8181818181818182
1374,BWA-std,5,0.19090909090909092
1374,NW-flex,5,1.0
1374,BWA-no-clip,-1,0.8272727272727273
1374,BWA-std,-1,0.4090909090909091
1374,NW-flex,-1,1.0
1375,BWA-no-clip,0,0.6363636363636364
1375,BWA-std,0,0.12727272727272726
1375,NW-flex,0,1.0
1375,BWA-no-clip,1,0.6727272727272727
1375,BWA-std,1,0.12727272727272726
1375,NW-flex,1,1.0
1375,BWA-no-clip,10,0.7666666666666667
1375,BWA-std,10,0.4090909090909091
1375,NW-flex,10,1.0
1375,BWA-no-clip,2,0.6545454545454545
1375,BWA-std,2,0.12727272727272726
1375,NW-flex,2,1.0
1375,BWA-no-clip,3,0.5575757575757576
1375,BWA-std,3,0.13636363636363635
1375,NW-flex,3,0.996969696969697
1375,BWA-no-clip,5,0.7212121212121212
1375,BWA-std,5,0.19090909090909092
1375,NW-flex,5,1.0
1375,BWA-no-clip,-1,0.7666666666666667
1375,BWA-std,-1,0.4090909090909091
1375,NW-flex,-1,1.0
1376,BWA-no-clip,0,0.5272727272727272
1376,BWA-std,0,0.10909090909090909
1376,NW-flex,0,0.9
1376,BWA-no-clip,1,0.7090909090909091
1376,BWA-std,1,0.12727272727272726
1376,NW-flex,1,1.0
1376,BWA-no-clip,10,0.8909090909090909
1376,BWA-std,10,0.41818181818181815
1376,NW-flex,10,1.0
1376,BWA-no-clip,2,0.7727272727272727
1376,BWA-std,2,0.13636363636363635
1376,NW-flex,2,1.0
1376,BWA-no-clip,3,0.8090909090909091
1376,BWA-std,3,0.14545454545454545
1376,NW-flex,3,1.0
1376,BWA-no-clip,5,0.8818181818181818
1376,BWA-std,5,0.2
1376,NW-flex,5,1.0
1376,BWA-no-clip,-1,0.8909090909090909
1376,BWA-std,-1,0.41818181818181815
1376,NW-flex,-1,1.0
1377,BWA-no-clip,0,0.4727272727272727
1377,BWA-std,0,0.12727272727272726
1377,NW-flex,0,0.9030303030303031
1377,BWA-no-clip,1,0.7
1377,BWA-std,1,0.12727272727272726
1377,NW-flex,1,0.996969696969697
1377,BWA-no-clip,10,0.8545454545454545
1377,BWA-std,10,0.41818181818181815
1377,NW-flex,10,1.0
1377,BWA-no-clip,2,0.8545454545454545
1377,BWA-std,2,0.13636363636363635
1377,NW-flex,2,1.0
1377,BWA-no-clip,3,0.8545454545454545
1377,BWA-std,3,0.14545454545454545
1377,NW-flex,3,1.0
1377,BWA-no-clip,5,0.8545454545454545
1377,BWA-std,5,0.2
1377,NW-flex,5,1.0
1377,BWA-no-clip,-1,0.8545454545454545
1377,BWA-std,-1,0.41818181818181815
1377,NW-flex,-1,1.0
1378,BWA-no-clip,0,0.7181818181818181
1378,BWA-std,0,0.12727272727272726
1378,NW-flex,0,1.0
1378,BWA-no-clip,1,0.8
1378,BWA-std,1,0.12727272727272726
1378,NW-flex,1,1.0
1378,BWA-no-clip,10,0.9
1378,BWA-std,10,0.41818181818181815
1378,NW-flex,10,1.0
1378,BWA-no-clip,2,0.7181818181818181
1378,BWA-std,2,0.13636363636363635
1378,NW-flex,2,0.996969696969697
1378,BWA-no-clip,3,0.7727272727272727
1378,BWA-std,3,0.14545454545454545
1378,NW-flex,3,1.0
1378,BWA-no-clip,5,0.8909090909090909
1378,BWA-std,5,0.2
1378,NW-flex,5,1.0
1378,BWA-no-clip,-1,0.9
1378,BWA-std,-1,0.41818181818181815
1378,NW-flex,-1,1.0
1379,BWA-no-clip,0,0.7363636363636363
1379,BWA-std,0,0.12727272727272726
1379,NW-flex,0,0.996969696969697
1379,BWA-no-clip,1,0.7272727272727273
1379,BWA-std,1,0.12727272727272726
1379,NW-flex,1,1.0
1379,BWA-no-clip,10,0.9181818181818182
1379,BWA-std,10,0.41818181818181815
1379,NW-flex,10,1.0
1379,BWA-no-clip,2,0.8545454545454545
1379,BWA-std,2,0.13636363636363635
1379,NW-flex,2,1.0
1379,BWA-no-clip,3,0.8090909090909091
1379,BWA-std,3,0.14545454545454545
1379,NW-flex,3,1.0
1379,BWA-no-clip,5,0.8909090909090909
1379,BWA-std,5,0.2
1379,NW-flex,5,1.0
1379,BWA-no-clip,-1,0.9181818181818182
1379,BWA-std,-1,0.41818181818181815
1379,NW-flex,-1,1.0
1380,BWA-no-clip,0,0.5272727272727272
1380,BWA-std,0,0.10909090909090909
1380,NW-flex,0,0.9
1380,BWA-no-clip,1,0.7272727272727273
1380,BWA-std,1,0.12727272727272726
1380,NW-flex,1,1.0
1380,BWA-no-clip,10,0.8818181818181818
1380,BWA-std,10,0.41818181818181815
1380,NW-flex,10,1.0
1380,BWA-no-clip,2,0.5545454545454546
1380,BWA-std,2,0.13636363636363635
1380,NW-flex,2,1.0
1380,BWA-no-clip,3,0.8090909090909091
1380,BWA-std,3,0.14545454545454545
1380,NW-flex,3,1.0
1380,BWA-no-clip,5,0.8727272727272727
1380,BWA-std,5,0.2
1380,NW-flex,5,1.0
1380,BWA-no-clip,-1,0.8818181818181818
1380,BWA-std,-1,0.41818181818181815
1380,NW-flex,-1,1.0
1381,BWA-no-clip,0,0.44545454545454544
1381,BWA-std,0,0.12727272727272726
1381,NW-flex,0,1.0
1381,BWA-no-clip,1,0.5818181818181818
1381,BWA-std,1,0.12727272727272726
1381,NW-flex,1,1.0
1381,BWA-no-clip,10,0.9181818181818182
1381,BWA-std,10,0.41818181818181815
1381,NW-flex,10,1.0
1381,BWA-no-clip,2,0.8727272727272727
1381,BWA-std,2,0.13636363636363635
1381,NW-flex,2,1.0
1381,BWA-no-clip,3,0.8909090909090909
1381,BWA-std,3,0.14545454545454545
1381,NW-flex,3,1.0
1381,BWA-no-clip,5,0.9090909090909091
1381,BWA-std,5,0.20909090909090908
1381,NW-flex,5,1.0
1381,BWA-no-clip,-1,0.9181818181818182
1381,BWA-std,-1,0.41818181818181815
1381,NW-flex,-1,1.0
1382,BWA-no-clip,0,0.4818181818181818
1382,BWA-std,0,0.10909090909090909
1382,NW-flex,0,0.9
1382,BWA-no-clip,1,0.6636363636363637
1382,BWA-std,1,0.12727272727272726
1382,NW-flex,1,1.0
1382,BWA-no-clip,10,0.8545454545454545
1382,BWA-std,10,0.41818181818181815
1382,NW-flex,10,1.0
1382,BWA-no-clip,2,0.8181818181818182
1382,BWA-std,2,0.13636363636363635
1382,NW-flex,2,1.0
1382,BWA-no-clip,3,0.8272727272727273
1382,BWA-std,3,0.14545454545454545
1382,NW-flex,3,1.0
1382,BWA-no-clip,5,0.8
1382,BWA-std,5,0.2
1382,NW-flex,5,1.0
1382,BWA-no-clip,-1,0.8545454545454545
1382,BWA-std,-1,0.41818181818181815
1382,NW-flex,-1,1.0
1383,BWA-no-clip,0,0.5454545454545454
1383,BWA-std,0,0.12727272727272726
1383,NW-flex,0,1.0
1383,BWA-no-clip,1,0.6272727272727273
1383,BWA-std,1,0.12727272727272726
1383,NW-flex,1,1.0
1383,BWA-no-clip,10,0.7909090909090909
1383,BWA-std,10,0.4
1383,NW-flex,10,1.0
1383,BWA-no-clip,2,0.5848484848484848
1383,BWA-std,2,0.12727272727272726
1383,NW-flex,2,0.996969696969697
1383,BWA-no-clip,3,0.6303030303030303
1383,BWA-std,3,0.12727272727272726
1383,NW-flex,3,1.0
1383,BWA-no-clip,5,0.7
1383,BWA-std,5,0.18181818181818182
1383,NW-flex,5,1.0
1383,BWA-no-clip,-1,0.7909090909090909
1383,BWA-std,-1,0.4
1383,NW-flex,-1,1.0
1384,BWA-no-clip,0,0.4909090909090909
1384,BWA-std,0,0.10909090909090909
1384,NW-flex,0,0.9
1384,BWA-no-clip,1,0.6909090909090909
1384,BWA-std,1,0.12727272727272726
1384,NW-flex,1,1.0
1384,BWA-no-clip,10,0.8363636363636363
1384,BWA-std,10,0.41818181818181815
1384,NW-flex,10,1.0
1384,BWA-no-clip,2,0.8181818181818182
1384,BWA-std,2,0.13636363636363635
1384,NW-flex,2,1.0
1384,BWA-no-clip,3,0.8272727272727273
1384,BWA-std,3,0.14545454545454545
1384,NW-flex,3,1.0
1384,BWA-no-clip,5,0.8090909090909091
1384,BWA-std,5,0.2
1384,NW-flex,5,1.0
1384,BWA-no-clip,-1,0.8363636363636363
1384,BWA-std,-1,0.41818181818181815
1384,NW-flex,-1,1.0
1385,BWA-no-clip,0,0.4909090909090909
1385,BWA-std,0,0.10909090909090909
1385,NW-flex,0,0.9
1385,BWA-no-clip,1,0.7636363636363637
1385,BWA-std,1,0.12727272727272726
1385,NW-flex,1,1.0
1385,BWA-no-clip,10,0.8818181818181818
1385,BWA-std,10,0.41818181818181815
1385,NW-flex,10,1.0
1385,BWA-no-clip,2,0.8
1385,BWA-std,2,0.13636363636363635
1385,NW-flex,2,1.0
1385,BWA-no-clip,3,0.8454545454545455
1385,BWA-std,3,0.14545454545454545
1385,NW-flex,3,1.0
1385,BWA-no-clip,5,0.8454545454545455
1385,BWA-std,5,0.2
1385,NW-flex,5,1.0
1385,BWA-no-clip,-1,0.8818181818181818
1385,BWA-std,-1,0.41818181818181815
1385,NW-flex,-1,1.0
1386,BWA-no-clip,0,0.7363636363636363
1386,BWA-std,0,0.12727272727272726
1386,NW-flex,0,1.0
1386,BWA-no-clip,1,0.7
1386,BWA-std,1,0.12727272727272726
1386,NW-flex,1,0.996969696969697
1386,BWA-no-clip,10,0.8818181818181818
1386,BWA-std,10,0.41818181818181815
1386,NW-flex,10,1.0
1386,BWA-no-clip,2,0.7636363636363637
1386,BWA-std,2,0.13636363636363635
1386,NW-flex,2,1.0
1386,BWA-no-clip,3,0.8090909090909091
1386,BWA-std,3,0.14545454545454545
1386,NW-flex,3,1.0
1386,BWA-no-clip,5,0.8454545454545455
1386,BWA-std,5,0.2
1386,NW-flex,5,1.0
1386,BWA-no-clip,-1,0.8818181818181818
1386,BWA-std,-1,0.41818181818181815
1386,NW-flex,-1,1.0
1387,BWA-no-clip,0,0.4636363636363636
1387,BWA-std,0,0.10909090909090909
1387,NW-flex,0,0.9
1387,BWA-no-clip,1,0.5727272727272728
1387,BWA-std,1,0.12727272727272726
1387,NW-flex,1,1.0
1387,BWA-no-clip,10,0.8272727272727273
1387,BWA-std,10,0.41818181818181815
1387,NW-flex,10,1.0
1387,BWA-no-clip,2,0.6727272727272727
1387,BWA-std,2,0.13636363636363635
1387,NW-flex,2,1.0
1387,BWA-no-clip,3,0.7454545454545455
1387,BWA-std,3,0.14545454545454545
1387,NW-flex,3,1.0
1387,BWA-no-clip,5,0.7272727272727273
1387,BWA-std,5,0.2
1387,NW-flex,5,1.0
1387,BWA-no-clip,-1,0.8272727272727273
1387,BWA-std,-1,0.41818181818181815
1387,NW-flex,-1,1.0
1388,BWA-no-clip,0,0.6272727272727273
1388,BWA-std,0,0.12727272727272726
1388,NW-flex,0,1.0
1388,BWA-no-clip,1,0.6818181818181818
1388,BWA-std,1,0.12727272727272726
1388,NW-flex,1,1.0
1388,BWA-no-clip,10,0.8636363636363636
1388,BWA-std,10,0.41818181818181815
1388,NW-flex,10,1.0
1388,BWA-no-clip,2,0.7636363636363637
1388,BWA-std,2,0.13636363636363635
1388,NW-flex,2,1.0
1388,BWA-no-clip,3,0.7272727272727273
1388,BWA-std,3,0.14545454545454545
1388,NW-flex,3,1.0
1388,BWA-no-clip,5,0.8636363636363636
1388,BWA-std,5,0.2
1388,NW-flex,5,1.0
1388,BWA-no-clip,-1,0.8636363636363636
1388,BWA-std,-1,0.41818181818181815
1388,NW-flex,-1,1.0
1389,BWA-no-clip,0,0.41818181818181815
1389,BWA-std,0,0.10909090909090909
1389,NW-flex,0,0.8
1389,BWA-no-clip,1,0.5909090909090909
1389,BWA-std,1,0.12727272727272726
1389,NW-flex,1,1.0
1389,BWA-no-clip,10,0.7727272727272727
1389,BWA-std,10,0.41818181818181815
1389,NW-flex,10,1.0
1389,BWA-no-clip,2,0.7272727272727273
1389,BWA-std,2,0.13636363636363635
1389,NW-flex,2,1.0
1389,BWA-no-clip,3,0.6636363636363637
1389,BWA-std,3,0.14545454545454545
1389,NW-flex,3,1.0
1389,BWA-no-clip,5,0.7545454545454545
1389,BWA-std,5,0.2
1389,NW-flex,5,1.0
1389,BWA-no-clip,-1,0.7727272727272727
1389,BWA-std,-1,0.41818181818181815
1389,NW-flex,-1,1.0
1390,BWA-no-clip,0,0.4727272727272727
1390,BWA-std,0,0.10909090909090909
1390,NW-flex,0,0.9
1390,BWA-no-clip,1,0.7272727272727273
1390,BWA-std,1,0.12727272727272726
1390,NW-flex,1,1.0
1390,BWA-no-clip,10,0.8727272727272727
1390,BWA-std,10,0.41818181818181815
1390,NW-flex,10,1.0
1390,BWA-no-clip,2,0.7363636363636363
1390,BWA-std,2,0.13636363636363635
1390,NW-flex,2,1.0
1390,BWA-no-clip,3,0.7636363636363637
1390,BWA-std,3,0.14545454545454545
1390,NW-flex,3,1.0
1390,BWA-no-clip,5,0.7818181818181819
1390,BWA-std,5,0.2
1390,NW-flex,5,1.0
1390,BWA-no-clip,-1,0.8727272727272727
1390,BWA-std,-1,0.41818181818181815
1390,NW-flex,-1,1.0
1391,BWA-no-clip,0,0.7
1391,BWA-std,0,0.12727272727272726
1391,NW-flex,0,0.9030303030303031
1391,BWA-no-clip,1,0.7454545454545455
1391,BWA-std,1,0.12727272727272726
1391,NW-flex,1,1.0
1391,BWA-no-clip,10,0.9181818181818182
1391,BWA-std,10,0.41818181818181815
1391,NW-flex,10,1.0
1391,BWA-no-clip,2,0.7818181818181819
1391,BWA-std,2,0.13636363636363635
1391,NW-flex,2,1.0
1391,BWA-no-clip,3,0.8272727272727273
1391,BWA-std,3,0.14545454545454545
1391,NW-flex,3,1.0
1391,BWA-no-clip,5,0.9090909090909091
1391,BWA-std,5,0.2
1391,NW-flex,5,1.0
1391,BWA-no-clip,-1,0.9181818181818182
1391,BWA-std,-1,0.41818181818181815
1391,NW-flex,-1,1.0
1392,BWA-no-clip,0,0.7181818181818181
1392,BWA-std,0,0.12727272727272726
1392,NW-flex,0,1.0
1392,BWA-no-clip,1,0.7727272727272727
1392,BWA-std,1,0.12727272727272726
1392,NW-flex,1,1.0
1392,BWA-no-clip,10,0.8727272727272727
1392,BWA-std,10,0.4090909090909091
1392,NW-flex,10,1.0
1392,BWA-no-clip,2,0.7727272727272727
1392,BWA-std,2,0.12727272727272726
1392,NW-flex,2,1.0
1392,BWA-no-clip,3,0.8272727272727273
1392,BWA-std,3,0.13636363636363635
1392,NW-flex,3,1.0
1392,BWA-no-clip,5,0.8636363636363636
1392,BWA-std,5,0.19090909090909092
1392,NW-flex,5,1.0
1392,BWA-no-clip,-1,0.8727272727272727
1392,BWA-std,-1,0.4090909090909091
1392,NW-flex,-1,1.0
1393,BWA-no-clip,0,0.6727272727272727
1393,BWA-std,0,0.12727272727272726
1393,NW-flex,0,1.0
1393,BWA-no-clip,1,0.7090909090909091
1393,BWA-std,1,0.12727272727272726
1393,NW-flex,1,1.0
1393,BWA-no-clip,10,0.7909090909090909
1393,BWA-std,10,0.4
1393,NW-flex,10,1.0
1393,BWA-no-clip,2,0.6666666666666666
1393,BWA-std,2,0.12727272727272726
1393,NW-flex,2,0.996969696969697
1393,BWA-no-clip,3,0.703030303030303
1393,BWA-std,3,0.12727272727272726
1393,NW-flex,3,1.0
1393,BWA-no-clip,5,0.7545454545454545
1393,BWA-std,5,0.18181818181818182
1393,NW-flex,5,1.0
1393,BWA-no-clip,-1,0.7909090909090909
1393,BWA-std,-1,0.4
1393,NW-flex,-1,1.0
1394,BWA-no-clip,0,0.6090909090909091
1394,BWA-std,0,0.12727272727272726
1394,NW-flex,0,0.9030303030303031
1394,BWA-no-clip,1,0.6818181818181818
1394,BWA-std,1,0.12727272727272726
1394,NW-flex,1,1.0
1394,BWA-no-clip,10,0.8363636363636363
1394,BWA-std,10,0.41818181818181815
1394,NW-flex,10,1.0
1394,BWA-no-clip,2,0.7363636363636363
1394,BWA-std,2,0.13636363636363635
1394,NW-flex,2,1.0
1394,BWA-no-clip,3,0.7818181818181819
1394,BWA-std,3,0.14545454545454545
1394,NW-flex,3,1.0
1394,BWA-no-clip,5,0.7454545454545455
1394,BWA-std,5,0.2
1394,NW-flex,5,1.0
1394,BWA-no-clip,-1,0.8363636363636363
1394,BWA-std,-1,0.41818181818181815
1394,NW-flex,-1,1.0
1395,BWA-no-clip,0,0.509090909090909
1395,BWA-std,0,0.12727272727272726
1395,NW-flex,0,1.0
1395,BWA-no-clip,1,0.5333333333333333
1395,BWA-std,1,0.12727272727272726
1395,NW-flex,1,1.0
1395,BWA-no-clip,10,0.6
1395,BWA-std,10,0.38181818181818183
1395,NW-flex,10,1.0
1395,BWA-no-clip,2,0.5636363636363636
1395,BWA-std,2,0.12727272727272726
1395,NW-flex,2,1.0
1395,BWA-no-clip,3,0.5515151515151515
1395,BWA-std,3,0.12727272727272726
1395,NW-flex,3,1.0
1395,BWA-no-clip,5,0.5454545454545454
1395,BWA-std,5,0.16363636363636364
1395,NW-flex,5,1.0
1395,BWA-no-clip,-1,0.6
1395,BWA-std,-1,0.38181818181818183
1395,NW-flex,-1,1.0
1396,BWA-no-clip,0,0.4090909090909091
1396,BWA-std,0,0.10909090909090909
1396,NW-flex,0,0.5
1396,BWA-no-clip,1,0.6818181818181818
1396,BWA-std,1,0.12727272727272726
1396,NW-flex,1,1.0
1396,BWA-no-clip,10,0.9181818181818182
1396,BWA-std,10,0.41818181818181815
1396,NW-flex,10,1.0
1396,BWA-no-clip,2,0.8454545454545455
1396,BWA-std,2,0.13636363636363635
1396,NW-flex,2,1.0
1396,BWA-no-clip,3,0.8545454545454545
1396,BWA-std,3,0.14545454545454545
1396,NW-flex,3,1.0
1396,BWA-no-clip,5,0.7454545454545455
1396,BWA-std,5,0.2
1396,NW-flex,5,1.0
1396,BWA-no-clip,-1,0.9181818181818182
1396,BWA-std,-1,0.41818181818181815
1396,NW-flex,-1,1.0
1397,BWA-no-clip,0,0.4909090909090909
1397,BWA-std,0,0.10909090909090909
1397,NW-flex,0,0.9
1397,BWA-no-clip,1,0.6909090909090909
1397,BWA-std,1,0.12727272727272726
1397,NW-flex,1,1.0
1397,BWA-no-clip,10,0.8454545454545455
1397,BWA-std,10,0.41818181818181815
1397,NW-flex,10,1.0
1397,BWA-no-clip,2,0.8
1397,BWA-std,2,0.13636363636363635
1397,NW-flex,2,1.0
1397,BWA-no-clip,3,0.8454545454545455
1397,BWA-std,3,0.14545454545454545
1397,NW-flex,3,1.0
1397,BWA-no-clip,5,0.8
1397,BWA-std,5,0.2
1397,NW-flex,5,1.0
1397,BWA-no-clip,-1,0.8454545454545455
1397,BWA-std,-1,0.41818181818181815
1397,NW-flex,-1,1.0
1398,BWA-no-clip,0,0.7545454545454545
1398,BWA-std,0,0.12727272727272726
1398,NW-flex,0,1.0
1398,BWA-no-clip,1,0.8
1398,BWA-std,1,0.12727272727272726
1398,NW-flex,1,1.0
1398,BWA-no-clip,10,0.8909090909090909
1398,BWA-std,10,0.41818181818181815
1398,NW-flex,10,1.0
1398,BWA-no-clip,2,0.8363636363636363
1398,BWA-std,2,0.13636363636363635
1398,NW-flex,2,1.0
1398,BWA-no-clip,3,0.8363636363636363
1398,BWA-std,3,0.14545454545454545
1398,NW-flex,3,1.0
1398,BWA-no-clip,5,0.8545454545454545
1398,BWA-std,5,0.2
1398,NW-flex,5,1.0
1398,BWA-no-clip,-1,0.8909090909090909
1398,BWA-std,-1,0.41818181818181815
1398,NW-flex,-1,1.0
1399,BWA-no-clip,0,0.6181818181818182
1399,BWA-std,0,0.12727272727272726
1399,NW-flex,0,1.0
1399,BWA-no-clip,1,0.7454545454545455
1399,BWA-std,1,0.12727272727272726
1399,NW-flex,1,1.0
1399,BWA-no-clip,10,0.8636363636363636
1399,BWA-std,10,0.41818181818181815
1399,NW-flex,10,1.0
1399,BWA-no-clip,2,0.8363636363636363
1399,BWA-std,2,0.13636363636363635
1399,NW-flex,2,1.0
1399,BWA-no-clip,3,0.8636363636363636
1399,BWA-std,3,0.14545454545454545
1399,NW-flex,3,1.0
1399,BWA-no-clip,5,0.8090909090909091
1399,BWA-std,5,0.2
1399,NW-flex,5,1.0
1399,BWA-no-clip,-1,0.8636363636363636
1399,BWA-std,-1,0.41818181818181815
1399,NW-flex,-1,1.0
1400,BWA-no-clip,0,0.6636363636363637
1400,BWA-std,0,0.12727272727272726
1400,NW-flex,0,0.9030303030303031
1400,BWA-no-clip,1,0.7090909090909091
1400,BWA-std,1,0.12727272727272726
1400,NW-flex,1,1.0
1400,BWA-no-clip,10,0.8818181818181818
1400,BWA-std,10,0.41818181818181815
1400,NW-flex,10,1.0
1400,BWA-no-clip,2,0.7545454545454545
1400,BWA-std,2,0.13636363636363635
1400,NW-flex,2,1.0
1400,BWA-no-clip,3,0.8090909090909091
1400,BWA-std,3,0.14545454545454545
1400,NW-flex,3,1.0
1400,BWA-no-clip,5,0.8818181818181818
1400,BWA-std,5,0.2
1400,NW-flex,5,1.0
1400,BWA-no-clip,-1,0.8818181818181818
1400,BWA-std,-1,0.41818181818181815
1400,NW-flex,-1,1.0
1401,BWA-no-clip,0,0.6090909090909091
1401,BWA-std,0,0.12727272727272726
1401,NW-flex,0,1.0
1401,BWA-no-clip,1,0.6454545454545455
1401,BWA-std,1,0.12727272727272726
1401,NW-flex,1,1.0
1401,BWA-no-clip,10,0.7818181818181819
1401,BWA-std,10,0.4090909090909091
1401,NW-flex,10,1.0
1401,BWA-no-clip,2,0.4909090909090909
1401,BWA-std,2,0.12727272727272726
1401,NW-flex,2,1.0
1401,BWA-no-clip,3,0.6272727272727273
1401,BWA-std,3,0.13636363636363635
1401,NW-flex,3,1.0
1401,BWA-no-clip,5,0.7454545454545455
1401,BWA-std,5,0.19090909090909092
1401,NW-flex,5,1.0
1401,BWA-no-clip,-1,0.7818181818181819
1401,BWA-std,-1,0.4090909090909091
1401,NW-flex,-1,1.0
1402,BWA-no-clip,0,0.4636363636363636
1402,BWA-std,0,0.10909090909090909
1402,NW-flex,0,0.7
1402,BWA-no-clip,1,0.7727272727272727
1402,BWA-std,1,0.12727272727272726
1402,NW-flex,1,1.0
1402,BWA-no-clip,10,0.9090909090909091
1402,BWA-std,10,0.41818181818181815
1402,NW-flex,10,1.0
1402,BWA-no-clip,2,0.7545454545454545
1402,BWA-std,2,0.13636363636363635
1402,NW-flex,2,1.0
1402,BWA-no-clip,3,0.8818181818181818
1402,BWA-std,3,0.14545454545454545
1402,NW-flex,3,1.0
1402,BWA-no-clip,5,0.9090909090909091
1402,BWA-std,5,0.2
1402,NW-flex,5,1.0
1402,BWA-no-clip,-1,0.9090909090909091
1402,BWA-std,-1,0.41818181818181815
1402,NW-flex,-1,1.0
1403,BWA-no-clip,0,0.4818181818181818
1403,BWA-std,0,0.12727272727272726
1403,NW-flex,0,1.0
1403,BWA-no-clip,1,0.5818181818181818
1403,BWA-std,1,0.12727272727272726
1403,NW-flex,1,1.0
1403,BWA-no-clip,10,0.9181818181818182
1403,BWA-std,10,0.41818181818181815
1403,NW-flex,10,1.0
1403,BWA-no-clip,2,0.8181818181818182
1403,BWA-std,2,0.13636363636363635
1403,NW-flex,2,1.0
1403,BWA-no-clip,3,0.8363636363636363
1403,BWA-std,3,0.14545454545454545
1403,NW-flex,3,1.0
1403,BWA-no-clip,5,0.8636363636363636
1403,BWA-std,5,0.2
1403,NW-flex,5,1.0
1403,BWA-no-clip,-1,0.9181818181818182
1403,BWA-std,-1,0.41818181818181815
1403,NW-flex,-1,1.0
1404,BWA-no-clip,0,0.7363636363636363
1404,BWA-std,0,0.12727272727272726
1404,NW-flex,0,1.0
1404,BWA-no-clip,1,0.7636363636363637
1404,BWA-std,1,0.12727272727272726
1404,NW-flex,1,0.996969696969697
1404,BWA-no-clip,10,0.9
1404,BWA-std,10,0.41818181818181815
1404,NW-flex,10,1.0
1404,BWA-no-clip,2,0.8454545454545455
1404,BWA-std,2,0.13636363636363635
1404,NW-flex,2,1.0
1404,BWA-no-clip,3,0.8272727272727273
1404,BWA-std,3,0.14545454545454545
1404,NW-flex,3,1.0
1404,BWA-no-clip,5,0.9
1404,BWA-std,5,0.2
1404,NW-flex,5,1.0
1404,BWA-no-clip,-1,0.9
1404,BWA-std,-1,0.41818181818181815
1404,NW-flex,-1,1.0
1405,BWA-no-clip,0,0.7272727272727273
1405,BWA-std,0,0.12727272727272726
1405,NW-flex,0,1.0
1405,BWA-no-clip,1,0.7454545454545455
1405,BWA-std,1,0.12727272727272726
1405,NW-flex,1,0.996969696969697
1405,BWA-no-clip,10,0.8909090909090909
1405,BWA-std,10,0.41818181818181815
1405,NW-flex,10,1.0
1405,BWA-no-clip,2,0.7818181818181819
1405,BWA-std,2,0.13636363636363635
1405,NW-flex,2,1.0
1405,BWA-no-clip,3,0.8090909090909091
1405,BWA-std,3,0.14545454545454545
1405,NW-flex,3,1.0
1405,BWA-no-clip,5,0.8363636363636363
1405,BWA-std,5,0.2
1405,NW-flex,5,1.0
1405,BWA-no-clip,-1,0.8909090909090909
1405,BWA-std,-1,0.41818181818181815
1405,NW-flex,-1,1.0
1406,BWA-no-clip,0,0.47575757575757577
1406,BWA-std,0,0.10909090909090909
1406,NW-flex,0,0.7
1406,BWA-no-clip,1,0.6636363636363637
1406,BWA-std,1,0.12727272727272726
1406,NW-flex,1,1.0
1406,BWA-no-clip,10,0.8272727272727273
1406,BWA-std,10,0.4090909090909091
1406,NW-flex,10,1.0
1406,BWA-no-clip,2,0.6545454545454545
1406,BWA-std,2,0.12727272727272726
1406,NW-flex,2,1.0
1406,BWA-no-clip,3,0.7
1406,BWA-std,3,0.13636363636363635
1406,NW-flex,3,1.0
1406,BWA-no-clip,5,0.8181818181818182
1406,BWA-std,5,0.19090909090909092
1406,NW-flex,5,1.0
1406,BWA-no-clip,-1,0.8272727272727273
1406,BWA-std,-1,0.4090909090909091
1406,NW-flex,-1,1.0
1407,BWA-no-clip,0,0.7
1407,BWA-std,0,0.12727272727272726
1407,NW-flex,0,1.0
1407,BWA-no-clip,1,0.7545454545454545
1407,BWA-std,1,0.12727272727272726
1407,NW-flex,1,1.0
1407,BWA-no-clip,10,0.9
1407,BWA-std,10,0.41818181818181815
1407,NW-flex,10,1.0
1407,BWA-no-clip,2,0.6181818181818182
1407,BWA-std,2,0.13636363636363635
1407,NW-flex,2,1.0
1407,BWA-no-clip,3,0.8181818181818182
1407,BWA-std,3,0.14545454545454545
1407,NW-flex,3,1.0
1407,BWA-no-clip,5,0.8909090909090909
1407,BWA-std,5,0.2
1407,NW-flex,5,1.0
1407,BWA-no-clip,-1,0.9
1407,BWA-std,-1,0.41818181818181815
1407,NW-flex,-1,1.0
1408,BWA-no-clip,0,0.4909090909090909
1408,BWA-std,0,0.10909090909090909
1408,NW-flex,0,0.9
1408,BWA-no-clip,1,0.6454545454545455
1408,BWA-std,1,0.12727272727272726
1408,NW-flex,1,1.0
1408,BWA-no-clip,10,0.9090909090909091
1408,BWA-std,10,0.41818181818181815
1408,NW-flex,10,1.0
1408,BWA-no-clip,2,0.7909090909090909
1408,BWA-std,2,0.13636363636363635
1408,NW-flex,2,1.0
1408,BWA-no-clip,3,0.8363636363636363
1408,BWA-std,3,0.14545454545454545
1408,NW-flex,3,1.0
1408,BWA-no-clip,5,0.8636363636363636
1408,BWA-std,5,0.2
1408,NW-flex,5,1.0
1408,BWA-no-clip,-1,0.9090909090909091
1408,BWA-std,-1,0.41818181818181815
1408,NW-flex,-1,1.0
1409,BWA-no-clip,0,0.6909090909090909
1409,BWA-std,0,0.12727272727272726
1409,NW-flex,0,1.0
1409,BWA-no-clip,1,0.7
1409,BWA-std,1,0.12727272727272726
1409,NW-flex,1,1.0
1409,BWA-no-clip,10,0.8818181818181818
1409,BWA-std,10,0.41818181818181815
1409,NW-flex,10,1.0
1409,BWA-no-clip,2,0.7818181818181819
1409,BWA-std,2,0.13636363636363635
1409,NW-flex,2,1.0
1409,BWA-no-clip,3,0.8
1409,BWA-std,3,0.14545454545454545
1409,NW-flex,3,1.0
1409,BWA-no-clip,5,0.8818181818181818
1409,BWA-std,5,0.2
1409,NW-flex,5,1.0
1409,BWA-no-clip,-1,0.8818181818181818
1409,BWA-std,-1,0.41818181818181815
1409,NW-flex,-1,1.0
1410,BWA-no-clip,0,0.5545454545454546
1410,BWA-std,0,0.12727272727272726
1410,NW-flex,0,1.0
1410,BWA-no-clip,1,0.5181818181818182
1410,BWA-std,1,0.12727272727272726
1410,NW-flex,1,1.0
1410,BWA-no-clip,10,0.7727272727272727
1410,BWA-std,10,0.4090909090909091
1410,NW-flex,10,1.0
1410,BWA-no-clip,2,0.5181818181818182
1410,BWA-std,2,0.12727272727272726
1410,NW-flex,2,1.0
1410,BWA-no-clip,3,0.6818181818181818
1410,BWA-std,3,0.13636363636363635
1410,NW-flex,3,1.0
1410,BWA-no-clip,5,0.7
1410,BWA-std,5,0.19090909090909092
1410,NW-flex,5,1.0
1410,BWA-no-clip,-1,0.7727272727272727
1410,BWA-std,-1,0.4090909090909091
1410,NW-flex,-1,1.0
1411,BWA-no-clip,0,0.6454545454545455
1411,BWA-std,0,0.12727272727272726
1411,NW-flex,0,1.0
1411,BWA-no-clip,1,0.7
1411,BWA-std,1,0.12727272727272726
1411,NW-flex,1,1.0
1411,BWA-no-clip,10,0.8272727272727273
1411,BWA-std,10,0.4090909090909091
1411,NW-flex,10,1.0
1411,BWA-no-clip,2,0.6545454545454545
1411,BWA-std,2,0.12727272727272726
1411,NW-flex,2,1.0
1411,BWA-no-clip,3,0.7212121212121212
1411,BWA-std,3,0.13636363636363635
1411,NW-flex,3,1.0
1411,BWA-no-clip,5,0.8181818181818182
1411,BWA-std,5,0.19090909090909092
1411,NW-flex,5,1.0
1411,BWA-no-clip,-1,0.8272727272727273
1411,BWA-std,-1,0.4090909090909091
1411,NW-flex,-1,1.0
1412,BWA-no-clip,0,0.7363636363636363
1412,BWA-std,0,0.12727272727272726
1412,NW-flex,0,1.0
1412,BWA-no-clip,1,0.7818181818181819
1412,BWA-std,1,0.12727272727272726
1412,NW-flex,1,1.0
1412,BWA-no-clip,10,0.9090909090909091
1412,BWA-std,10,0.41818181818181815
1412,NW-flex,10,1.0
1412,BWA-no-clip,2,0.8545454545454545
1412,BWA-std,2,0.13636363636363635
1412,NW-flex,2,1.0
1412,BWA-no-clip,3,0.6515151515151515
1412,BWA-std,3,0.14545454545454545
1412,NW-flex,3,1.0
1412,BWA-no-clip,5,0.9090909090909091
1412,BWA-std,5,0.2
1412,NW-flex,5,1.0
1412,BWA-no-clip,-1,0.9090909090909091
1412,BWA-std,-1,0.41818181818181815
1412,NW-flex,-1,1.0
1413,BWA-no-clip,0,0.5272727272727272
1413,BWA-std,0,0.10909090909090909
1413,NW-flex,0,0.8
1413,BWA-no-clip,1,0.8363636363636363
1413,BWA-std,1,0.12727272727272726
1413,NW-flex,1,1.0
1413,BWA-no-clip,10,0.9090909090909091
1413,BWA-std,10,0.41818181818181815
1413,NW-flex,10,1.0
1413,BWA-no-clip,2,0.806060606060606
1413,BWA-std,2,0.13636363636363635
1413,NW-flex,2,1.0
1413,BWA-no-clip,3,0.8909090909090909
1413,BWA-std,3,0.14545454545454545
1413,NW-flex,3,1.0
1413,BWA-no-clip,5,0.9090909090909091
1413,BWA-std,5,0.2
1413,NW-flex,5,1.0
1413,BWA-no-clip,-1,0.9090909090909091
1413,BWA-std,-1,0.41818181818181815
1413,NW-flex,-1,1.0
1414,BWA-no-clip,0,0.6090909090909091
1414,BWA-std,0,0.12727272727272726
1414,NW-flex,0,1.0
1414,BWA-no-clip,1,0.6636363636363637
1414,BWA-std,1,0.12727272727272726
1414,NW-flex,1,1.0
1414,BWA-no-clip,10,0.7666666666666667
1414,BWA-std,10,0.4090909090909091
1414,NW-flex,10,1.0
1414,BWA-no-clip,2,0.6151515151515151
1414,BWA-std,2,0.12727272727272726
1414,NW-flex,2,0.9030303030303031
1414,BWA-no-clip,3,0.6424242424242425
1414,BWA-std,3,0.13636363636363635
1414,NW-flex,3,1.0
1414,BWA-no-clip,5,0.7393939393939394
1414,BWA-std,5,0.19090909090909092
1414,NW-flex,5,1.0
1414,BWA-no-clip,-1,0.7666666666666667
1414,BWA-std,-1,0.4090909090909091
1414,NW-flex,-1,1.0
1415,BWA-no-clip,0,0.45454545454545453
1415,BWA-std,0,0.10909090909090909
1415,NW-flex,0,0.7
1415,BWA-no-clip,1,0.7272727272727273
1415,BWA-std,1,0.12727272727272726
1415,NW-flex,1,1.0
1415,BWA-no-clip,10,0.9
1415,BWA-std,10,0.41818181818181815
1415,NW-flex,10,1.0
1415,BWA-no-clip,2,0.7636363636363637
1415,BWA-std,2,0.13636363636363635
1415,NW-flex,2,1.0
1415,BWA-no-clip,3,0.8363636363636363
1415,BWA-std,3,0.14545454545454545
1415,NW-flex,3,1.0
1415,BWA-no-clip,5,0.8545454545454545
1415,BWA-std,5,0.2
1415,NW-flex,5,1.0
1415,BWA-no-clip,-1,0.9
1415,BWA-std,-1,0.41818181818181815
1415,NW-flex,-1,1.0
1416,BWA-no-clip,0,0.6
1416,BWA-std,0,0.12727272727272726
1416,NW-flex,0,1.0
1416,BWA-no-clip,1,0.6424242424242425
1416,BWA-std,1,0.12727272727272726
1416,NW-flex,1,0.9030303030303031
1416,BWA-no-clip,10,0.8090909090909091
1416,BWA-std,10,0.4090909090909091
1416,NW-flex,10,1.0
1416,BWA-no-clip,2,0.6181818181818182
1416,BWA-std,2,0.12727272727272726
1416,NW-flex,2,1.0
1416,BWA-no-clip,3,0.7
1416,BWA-std,3,0.13636363636363635
1416,NW-flex,3,1.0
1416,BWA-no-clip,5,0.8090909090909091
1416,BWA-std,5,0.19090909090909092
1416,NW-flex,5,1.0
1416,BWA-no-clip,-1,0.8090909090909091
1416,BWA-std,-1,0.4090909090909091
1416,NW-flex,-1,1.0
1417,BWA-no-clip,0,0.6090909090909091
1417,BWA-std,0,0.12727272727272726
1417,NW-flex,0,1.0
1417,BWA-no-clip,1,0.6454545454545455
1417,BWA-std,1,0.12727272727272726
1417,NW-flex,1,1.0
1417,BWA-no-clip,10,0.7575757575757576
1417,BWA-std,10,0.4090909090909091
1417,NW-flex,10,1.0
1417,BWA-no-clip,2,0.6454545454545455
1417,BWA-std,2,0.12727272727272726
1417,NW-flex,2,1.0
1417,BWA-no-clip,3,0.5878787878787879
1417,BWA-std,3,0.13636363636363635
1417,NW-flex,3,0.996969696969697
1417,BWA-no-clip,5,0.7393939393939394
1417,BWA-std,5,0.19090909090909092
1417,NW-flex,5,1.0
1417,BWA-no-clip,-1,0.7575757575757576
1417,BWA-std,-1,0.4090909090909091
1417,NW-flex,-1,1.0
1418,BWA-no-clip,0,0.6454545454545455
1418,BWA-std,0,0.12727272727272726
1418,NW-flex,0,1.0
1418,BWA-no-clip,1,0.6333333333333333
1418,BWA-std,1,0.12727272727272726
1418,NW-flex,1,0.9030303030303031
1418,BWA-no-clip,10,0.8
1418,BWA-std,10,0.4090909090909091
1418,NW-flex,10,1.0
1418,BWA-no-clip,2,0.6636363636363637
1418,BWA-std,2,0.12727272727272726
1418,NW-flex,2,1.0
1418,BWA-no-clip,3,0.6454545454545455
1418,BWA-std,3,0.13636363636363635
1418,NW-flex,3,1.0
1418,BWA-no-clip,5,0.7818181818181819
1418,BWA-std,5,0.19090909090909092
1418,NW-flex,5,1.0
1418,BWA-no-clip,-1,0.8
1418,BWA-std,-1,0.4090909090909091
1418,NW-flex,-1,1.0
1419,BWA-no-clip,0,0.41818181818181815
1419,BWA-std,0,0.10909090909090909
1419,NW-flex,0,0.9
1419,BWA-no-clip,1,0.5909090909090909
1419,BWA-std,1,0.12727272727272726
1419,NW-flex,1,1.0
1419,BWA-no-clip,10,0.9181818181818182
1419,BWA-std,10,0.41818181818181815
1419,NW-flex,10,1.0
1419,BWA-no-clip,2,0.8454545454545455
1419,BWA-std,2,0.13636363636363635
1419,NW-flex,2,1.0
1419,BWA-no-clip,3,0.8909090909090909
1419,BWA-std,3,0.14545454545454545
1419,NW-flex,3,1.0
1419,BWA-no-clip,5,0.9181818181818182
1419,BWA-std,5,0.2
1419,NW-flex,5,1.0
1419,BWA-no-clip,-1,0.9181818181818182
1419,BWA-std,-1,0.41818181818181815
1419,NW-flex,-1,1.0
1420,BWA-no-clip,0,0.5363636363636364
1420,BWA-std,0,0.10909090909090909
1420,NW-flex,0,0.8
1420,BWA-no-clip,1,0.7909090909090909
1420,BWA-std,1,0.12727272727272726
1420,NW-flex,1,1.0
1420,BWA-no-clip,10,0.9090909090909091
1420,BWA-std,10,0.41818181818181815
1420,NW-flex,10,1.0
1420,BWA-no-clip,2,0.706060606060606
1420,BWA-std,2,0.13636363636363635
1420,NW-flex,2,1.0
1420,BWA-no-clip,3,0.8090909090909091
1420,BWA-std,3,0.14545454545454545
1420,NW-flex,3,1.0
1420,BWA-no-clip,5,0.8636363636363636
1420,BWA-std,5,0.2
1420,NW-flex,5,1.0
1420,BWA-no-clip,-1,0.9090909090909091
1420,BWA-std,-1,0.41818181818181815
1420,NW-flex,-1,1.0
1421,BWA-no-clip,0,0.4818181818181818
1421,BWA-std,0,0.10909090909090909
1421,NW-flex,0,0.9
1421,BWA-no-clip,1,0.7
1421,BWA-std,1,0.12727272727272726
1421,NW-flex,1,1.0
1421,BWA-no-clip,10,0.8545454545454545
1421,BWA-std,10,0.41818181818181815
1421,NW-flex,10,1.0
1421,BWA-no-clip,2,0.8454545454545455
1421,BWA-std,2,0.13636363636363635
1421,NW-flex,2,1.0
1421,BWA-no-clip,3,0.8454545454545455
1421,BWA-std,3,0.14545454545454545
1421,NW-flex,3,1.0
1421,BWA-no-clip,5,0.8272727272727273
1421,BWA-std,5,0.2
1421,NW-flex,5,1.0
1421,BWA-no-clip,-1,0.8545454545454545
1421,BWA-std,-1,0.41818181818181815
1421,NW-flex,-1,1.0
1422,BWA-no-clip,0,0.7454545454545455
1422,BWA-std,0,0.12727272727272726
1422,NW-flex,0,1.0
1422,BWA-no-clip,1,0.7545454545454545
1422,BWA-std,1,0.12727272727272726
1422,NW-flex,1,1.0
1422,BWA-no-clip,10,0.9
1422,BWA-std,10,0.41818181818181815
1422,NW-flex,10,1.0
1422,BWA-no-clip,2,0.8545454545454545
1422,BWA-std,2,0.13636363636363635
1422,NW-flex,2,1.0
1422,BWA-no-clip,3,0.7909090909090909
1422,BWA-std,3,0.14545454545454545
1422,NW-flex,3,1.0
1422,BWA-no-clip,5,0.9
1422,BWA-std,5,0.2
1422,NW-flex,5,1.0
1422,BWA-no-clip,-1,0.9
1422,BWA-std,-1,0.41818181818181815
1422,NW-flex,-1,1.0
1423,BWA-no-clip,0,0.5272727272727272
1423,BWA-std,0,0.10909090909090909
1423,NW-flex,0,0.8
1423,BWA-no-clip,1,0.8363636363636363
1423,BWA-std,1,0.12727272727272726
1423,NW-flex,1,1.0
1423,BWA-no-clip,10,0.9181818181818182
1423,BWA-std,10,0.41818181818181815
1423,NW-flex,10,1.0
1423,BWA-no-clip,2,0.7515151515151515
1423,BWA-std,2,0.13636363636363635
1423,NW-flex,2,1.0
1423,BWA-no-clip,3,0.8
1423,BWA-std,3,0.14545454545454545
1423,NW-flex,3,1.0
1423,BWA-no-clip,5,0.8909090909090909
1423,BWA-std,5,0.2
1423,NW-flex,5,1.0
1423,BWA-no-clip,-1,0.9181818181818182
1423,BWA-std,-1,0.41818181818181815
1423,NW-flex,-1,1.0
1424,BWA-no-clip,0,0.5545454545454546
1424,BWA-std,0,0.12727272727272726
1424,NW-flex,0,1.0
1424,BWA-no-clip,1,0.5636363636363636
1424,BWA-std,1,0.12727272727272726
1424,NW-flex,1,1.0
1424,BWA-no-clip,10,0.7393939393939394
1424,BWA-std,10,0.4090909090909091
1424,NW-flex,10,1.0
1424,BWA-no-clip,2,0.5878787878787879
1424,BWA-std,2,0.12727272727272726
1424,NW-flex,2,0.9030303030303031
1424,BWA-no-clip,3,0.40606060606060607
1424,BWA-std,3,0.13636363636363635
1424,NW-flex,3,1.0
1424,BWA-no-clip,5,0.703030303030303
1424,BWA-std,5,0.19090909090909092
1424,NW-flex,5,1.0
1424,BWA-no-clip,-1,0.7393939393939394
1424,BWA-std,-1,0.4090909090909091
1424,NW-flex,-1,1.0
1425,BWA-no-clip,0,0.5272727272727272
1425,BWA-std,0,0.12727272727272726
1425,NW-flex,0,1.0
1425,BWA-no-clip,1,0.5424242424242425
1425,BWA-std,1,0.12727272727272726
1425,NW-flex,1,1.0
1425,BWA-no-clip,10,0.7
1425,BWA-std,10,0.4090909090909091
1425,NW-flex,10,1.0
1425,BWA-no-clip,2,0.509090909090909
1425,BWA-std,2,0.12727272727272726
1425,NW-flex,2,1.0
1425,BWA-no-clip,3,0.6545454545454545
1425,BWA-std,3,0.13636363636363635
1425,NW-flex,3,1.0
1425,BWA-no-clip,5,0.7
1425,BWA-std,5,0.19090909090909092
1425,NW-flex,5,1.0
1425,BWA-no-clip,-1,0.7
1425,BWA-std,-1,0.4090909090909091
1425,NW-flex,-1,1.0
1426,BWA-no-clip,0,0.6090909090909091
1426,BWA-std,0,0.12727272727272726
1426,NW-flex,0,1.0
1426,BWA-no-clip,1,0.6636363636363637
1426,BWA-std,1,0.12727272727272726
1426,NW-flex,1,1.0
1426,BWA-no-clip,10,0.7636363636363637
1426,BWA-std,10,0.4
1426,NW-flex,10,1.0
1426,BWA-no-clip,2,0.6727272727272727
1426,BWA-std,2,0.12727272727272726
1426,NW-flex,2,1.0
1426,BWA-no-clip,3,0.6454545454545455
1426,BWA-std,3,0.12727272727272726
1426,NW-flex,3,1.0
1426,BWA-no-clip,5,0.7272727272727273
1426,BWA-std,5,0.18181818181818182
1426,NW-flex,5,1.0
1426,BWA-no-clip,-1,0.7636363636363637
1426,BWA-std,-1,0.4
1426,NW-flex,-1,1.0
1427,BWA-no-clip,0,0.5636363636363636
1427,BWA-std,0,0.12727272727272726
1427,NW-flex,0,1.0
1427,BWA-no-clip,1,0.6181818181818182
1427,BWA-std,1,0.12727272727272726
1427,NW-flex,1,1.0
1427,BWA-no-clip,10,0.7818181818181819
1427,BWA-std,10,0.39090909090909093
1427,NW-flex,10,1.0
1427,BWA-no-clip,2,0.7181818181818181
1427,BWA-std,2,0.12727272727272726
1427,NW-flex,2,1.0
1427,BWA-no-clip,3,0.7545454545454545
1427,BWA-std,3,0.13636363636363635
1427,NW-flex,3,1.0
1427,BWA-no-clip,5,0.7454545454545455
1427,BWA-std,5,0.17272727272727273
1427,NW-flex,5,1.0
1427,BWA-no-clip,-1,0.7818181818181819
1427,BWA-std,-1,0.39090909090909093
1427,NW-flex,-1,1.0
1428,BWA-no-clip,0,0.7454545454545455
1428,BWA-std,0,0.12727272727272726
1428,NW-flex,0,1.0
1428,BWA-no-clip,1,0.7818181818181819
1428,BWA-std,1,0.12727272727272726
1428,NW-flex,1,1.0
1428,BWA-no-clip,10,0.9090909090909091
1428,BWA-std,10,0.41818181818181815
1428,NW-flex,10,1.0
1428,BWA-no-clip,2,0.8515151515151516
1428,BWA-std,2,0.13636363636363635
1428,NW-flex,2,1.0
1428,BWA-no-clip,3,0.8909090909090909
1428,BWA-std,3,0.14545454545454545
1428,NW-flex,3,1.0
1428,BWA-no-clip,5,0.8818181818181818
1428,BWA-std,5,0.2
1428,NW-flex,5,1.0
1428,BWA-no-clip,-1,0.9090909090909091
1428,BWA-std,-1,0.41818181818181815
1428,NW-flex,-1,1.0
1429,BWA-no-clip,0,0.6090909090909091
1429,BWA-std,0,0.12727272727272726
1429,NW-flex,0,1.0
1429,BWA-no-clip,1,0.6636363636363637
1429,BWA-std,1,0.12727272727272726
1429,NW-flex,1,1.0
1429,BWA-no-clip,10,0.7636363636363637
1429,BWA-std,10,0.4
1429,NW-flex,10,1.0
1429,BWA-no-clip,2,0.6727272727272727
1429,BWA-std,2,0.12727272727272726
1429,NW-flex,2,1.0
1429,BWA-no-clip,3,0.6454545454545455
1429,BWA-std,3,0.12727272727272726
1429,NW-flex,3,1.0
1429,BWA-no-clip,5,0.7272727272727273
1429,BWA-std,5,0.18181818181818182
1429,NW-flex,5,1.0
1429,BWA-no-clip,-1,0.7636363636363637
1429,BWA-std,-1,0.4
1429,NW-flex,-1,1.0
1430,BWA-no-clip,0,0.7454545454545455
1430,BWA-std,0,0.12727272727272726
1430,NW-flex,0,1.0
1430,BWA-no-clip,1,0.7818181818181819
1430,BWA-std,1,0.12727272727272726
1430,NW-flex,1,1.0
1430,BWA-no-clip,10,0.9090909090909091
1430,BWA-std,10,0.41818181818181815
1430,NW-flex,10,1.0
1430,BWA-no-clip,2,0.8515151515151516
1430,BWA-std,2,0.13636363636363635
1430,NW-flex,2,1.0
1430,BWA-no-clip,3,0.8909090909090909
1430,BWA-std,3,0.14545454545454545
1430,NW-flex,3,1.0
1430,BWA-no-clip,5,0.8818181818181818
1430,BWA-std,5,0.2
1430,NW-flex,5,1.0
1430,BWA-no-clip,-1,0.9090909090909091
1430,BWA-std,-1,0.41818181818181815
1430,NW-flex,-1,1.0
1431,BWA-no-clip,0,0.4909090909090909
1431,BWA-std,0,0.10909090909090909
1431,NW-flex,0,0.9
1431,BWA-no-clip,1,0.6727272727272727
1431,BWA-std,1,0.12727272727272726
1431,NW-flex,1,1.0
1431,BWA-no-clip,10,0.9181818181818182
1431,BWA-std,10,0.41818181818181815
1431,NW-flex,10,1.0
1431,BWA-no-clip,2,0.8181818181818182
1431,BWA-std,2,0.13636363636363635
1431,NW-flex,2,1.0
1431,BWA-no-clip,3,0.8636363636363636
1431,BWA-std,3,0.14545454545454545
1431,NW-flex,3,1.0
1431,BWA-no-clip,5,0.9090909090909091
1431,BWA-std,5,0.2
1431,NW-flex,5,1.0
1431,BWA-no-clip,-1,0.9181818181818182
1431,BWA-std,-1,0.41818181818181815
1431,NW-flex,-1,1.0
1432,BWA-no-clip,0,0.7
1432,BWA-std,0,0.12727272727272726
1432,NW-flex,0,1.0
1432,BWA-no-clip,1,0.6
1432,BWA-std,1,0.12727272727272726
1432,NW-flex,1,1.0
1432,BWA-no-clip,10,0.8727272727272727
1432,BWA-std,10,0.41818181818181815
1432,NW-flex,10,1.0
1432,BWA-no-clip,2,0.7181818181818181
1432,BWA-std,2,0.13636363636363635
1432,NW-flex,2,1.0
1432,BWA-no-clip,3,0.8363636363636363
1432,BWA-std,3,0.14545454545454545
1432,NW-flex,3,1.0
1432,BWA-no-clip,5,0.8181818181818182
1432,BWA-std,5,0.2
1432,NW-flex,5,1.0
1432,BWA-no-clip,-1,0.8727272727272727
1432,BWA-std,-1,0.41818181818181815
1432,NW-flex,-1,1.0
1433,BWA-no-clip,0,0.4090909090909091
1433,BWA-std,0,0.10909090909090909
1433,NW-flex,0,0.9
1433,BWA-no-clip,1,0.5333333333333333
1433,BWA-std,1,0.14545454545454545
1433,NW-flex,1,1.0
1433,BWA-no-clip,10,0.7636363636363637
1433,BWA-std,10,0.41818181818181815
1433,NW-flex,10,1.0
1433,BWA-no-clip,2,0.6363636363636364
1433,BWA-std,2,0.13636363636363635
1433,NW-flex,2,1.0
1433,BWA-no-clip,3,0.7454545454545455
1433,BWA-std,3,0.14545454545454545
1433,NW-flex,3,1.0
1433,BWA-no-clip,5,0.7545454545454545
1433,BWA-std,5,0.2
1433,NW-flex,5,1.0
1433,BWA-no-clip,-1,0.7636363636363637
1433,BWA-std,-1,0.41818181818181815
1433,NW-flex,-1,1.0
1434,BWA-no-clip,0,0.5818181818181818
1434,BWA-std,0,0.10909090909090909
1434,NW-flex,0,0.9
1434,BWA-no-clip,1,0.7909090909090909
1434,BWA-std,1,0.12727272727272726
1434,NW-flex,1,1.0
1434,BWA-no-clip,10,0.9090909090909091
1434,BWA-std,10,0.41818181818181815
1434,NW-flex,10,1.0
1434,BWA-no-clip,2,0.8636363636363636
1434,BWA-std,2,0.13636363636363635
1434,NW-flex,2,1.0
1434,BWA-no-clip,3,0.8727272727272727
1434,BWA-std,3,0.14545454545454545
1434,NW-flex,3,1.0
1434,BWA-no-clip,5,0.9
1434,BWA-std,5,0.2
1434,NW-flex,5,1.0
1434,BWA-no-clip,-1,0.9090909090909091
1434,BWA-std,-1,0.41818181818181815
1434,NW-flex,-1,1.0
1435,BWA-no-clip,0,0.42727272727272725
1435,BWA-std,0,0.12727272727272726
1435,NW-flex,0,1.0
1435,BWA-no-clip,1,0.42727272727272725
1435,BWA-std,1,0.12727272727272726
1435,NW-flex,1,1.0
1435,BWA-no-clip,10,0.6090909090909091
1435,BWA-std,10,0.41818181818181815
1435,NW-flex,10,1.0
1435,BWA-no-clip,2,0.5636363636363636
1435,BWA-std,2,0.13636363636363635
1435,NW-flex,2,1.0
1435,BWA-no-clip,3,0.5909090909090909
1435,BWA-std,3,0.14545454545454545
1435,NW-flex,3,1.0
1435,BWA-no-clip,5,0.6090909090909091
1435,BWA-std,5,0.2
1435,NW-flex,5,1.0
1435,BWA-no-clip,-1,0.6090909090909091
1435,BWA-std,-1,0.41818181818181815
1435,NW-flex,-1,1.0
1436,BWA-no-clip,0,0.6454545454545455
1436,BWA-std,0,0.12727272727272726
1436,NW-flex,0,1.0
1436,BWA-no-clip,1,0.6636363636363637
1436,BWA-std,1,0.12727272727272726
1436,NW-flex,1,1.0
1436,BWA-no-clip,10,0.7575757575757576
1436,BWA-std,10,0.4090909090909091
1436,NW-flex,10,1.0
1436,BWA-no-clip,2,0.6151515151515151
1436,BWA-std,2,0.12727272727272726
1436,NW-flex,2,0.9030303030303031
1436,BWA-no-clip,3,0.6878787878787879
1436,BWA-std,3,0.13636363636363635
1436,NW-flex,3,1.0
1436,BWA-no-clip,5,0.703030303030303
1436,BWA-std,5,0.19090909090909092
1436,NW-flex,5,1.0
1436,BWA-no-clip,-1,0.7575757575757576
1436,BWA-std,-1,0.4090909090909091
1436,NW-flex,-1,1.0
1437,BWA-no-clip,0,0.5818181818181818
1437,BWA-std,0,0.10909090909090909
1437,NW-flex,0,0.9
1437,BWA-no-clip,1,0.8
1437,BWA-std,1,0.12727272727272726
1437,NW-flex,1,1.0
1437,BWA-no-clip,10,0.9090909090909091
1437,BWA-std,10,0.41818181818181815
1437,NW-flex,10,1.0
1437,BWA-no-clip,2,0.8727272727272727
1437,BWA-std,2,0.13636363636363635
1437,NW-flex,2,1.0
1437,BWA-no-clip,3,0.8818181818181818
1437,BWA-std,3,0.14545454545454545
1437,NW-flex,3,1.0
1437,BWA-no-clip,5,0.8818181818181818
1437,BWA-std,5,0.2
1437,NW-flex,5,1.0
1437,BWA-no-clip,-1,0.9090909090909091
1437,BWA-std,-1,0.41818181818181815
1437,NW-flex,-1,1.0
1438,BWA-no-clip,0,0.5818181818181818
1438,BWA-std,0,0.10909090909090909
1438,NW-flex,0,0.9
1438,BWA-no-clip,1,0.5727272727272728
1438,BWA-std,1,0.12727272727272726
1438,NW-flex,1,1.0
1438,BWA-no-clip,10,0.9181818181818182
1438,BWA-std,10,0.41818181818181815
1438,NW-flex,10,1.0
1438,BWA-no-clip,2,0.6727272727272727
1438,BWA-std,2,0.13636363636363635
1438,NW-flex,2,1.0
1438,BWA-no-clip,3,0.8545454545454545
1438,BWA-std,3,0.14545454545454545
1438,NW-flex,3,1.0
1438,BWA-no-clip,5,0.8545454545454545
1438,BWA-std,5,0.2
1438,NW-flex,5,1.0
1438,BWA-no-clip,-1,0.9181818181818182
1438,BWA-std,-1,0.41818181818181815
1438,NW-flex,-1,1.0
1439,BWA-no-clip,0,0.6818181818181818
1439,BWA-std,0,0.12727272727272726
1439,NW-flex,0,1.0
1439,BWA-no-clip,1,0.6727272727272727
1439,BWA-std,1,0.12727272727272726
1439,NW-flex,1,1.0
1439,BWA-no-clip,10,0.8727272727272727
1439,BWA-std,10,0.41818181818181815
1439,NW-flex,10,1.0
1439,BWA-no-clip,2,0.7909090909090909
1439,BWA-std,2,0.13636363636363635
1439,NW-flex,2,1.0
1439,BWA-no-clip,3,0.8272727272727273
1439,BWA-std,3,0.14545454545454545
1439,NW-flex,3,1.0
1439,BWA-no-clip,5,0.8636363636363636
1439,BWA-std,5,0.2
1439,NW-flex,5,1.0
1439,BWA-no-clip,-1,0.8727272727272727
1439,BWA-std,-1,0.41818181818181815
1439,NW-flex,-1,1.0
1440,BWA-no-clip,0,0.5272727272727272
1440,BWA-std,0,0.10909090909090909
1440,NW-flex,0,0.9
1440,BWA-no-clip,1,0.7727272727272727
1440,BWA-std,1,0.12727272727272726
1440,NW-flex,1,1.0
1440,BWA-no-clip,10,0.9181818181818182
1440,BWA-std,10,0.41818181818181815
1440,NW-flex,10,1.0
1440,BWA-no-clip,2,0.8363636363636363
1440,BWA-std,2,0.13636363636363635
1440,NW-flex,2,1.0
1440,BWA-no-clip,3,0.8454545454545455
1440,BWA-std,3,0.14545454545454545
1440,NW-flex,3,1.0
1440,BWA-no-clip,5,0.9181818181818182
1440,BWA-std,5,0.2
1440,NW-flex,5,1.0
1440,BWA-no-clip,-1,0.9181818181818182
1440,BWA-std,-1,0.41818181818181815
1440,NW-flex,-1,1.0
1441,BWA-no-clip,0,0.6909090909090909
1441,BWA-std,0,0.12727272727272726
1441,NW-flex,0,1.0
1441,BWA-no-clip,1,0.7333333333333333
1441,BWA-std,1,0.12727272727272726
1441,NW-flex,1,0.996969696969697
1441,BWA-no-clip,10,0.9090909090909091
1441,BWA-std,10,0.41818181818181815
1441,NW-flex,10,1.0
1441,BWA-no-clip,2,0.7090909090909091
1441,BWA-std,2,0.13636363636363635
1441,NW-flex,2,1.0
1441,BWA-no-clip,3,0.8272727272727273
1441,BWA-std,3,0.14545454545454545
1441,NW-flex,3,1.0
1441,BWA-no-clip,5,0.8636363636363636
1441,BWA-std,5,0.2
1441,NW-flex,5,1.0
1441,BWA-no-clip,-1,0.9090909090909091
1441,BWA-std,-1,0.41818181818181815
1441,NW-flex,-1,1.0
1442,BWA-no-clip,0,0.42727272727272725
1442,BWA-std,0,0.10909090909090909
1442,NW-flex,0,0.9
1442,BWA-no-clip,1,0.7363636363636363
1442,BWA-std,1,0.12727272727272726
1442,NW-flex,1,1.0
1442,BWA-no-clip,10,0.8727272727272727
1442,BWA-std,10,0.41818181818181815
1442,NW-flex,10,1.0
1442,BWA-no-clip,2,0.7545454545454545
1442,BWA-std,2,0.13636363636363635
1442,NW-flex,2,1.0
1442,BWA-no-clip,3,0.7636363636363637
1442,BWA-std,3,0.14545454545454545
1442,NW-flex,3,1.0
1442,BWA-no-clip,5,0.8727272727272727
1442,BWA-std,5,0.2
1442,NW-flex,5,1.0
1442,BWA-no-clip,-1,0.8727272727272727
1442,BWA-std,-1,0.41818181818181815
1442,NW-flex,-1,1.0
1443,BWA-no-clip,0,0.7909090909090909
1443,BWA-std,0,0.12727272727272726
1443,NW-flex,0,1.0
1443,BWA-no-clip,1,0.7727272727272727
1443,BWA-std,1,0.12727272727272726
1443,NW-flex,1,1.0
1443,BWA-no-clip,10,0.9181818181818182
1443,BWA-std,10,0.41818181818181815
1443,NW-flex,10,1.0
1443,BWA-no-clip,2,0.8272727272727273
1443,BWA-std,2,0.13636363636363635
1443,NW-flex,2,1.0
1443,BWA-no-clip,3,0.8363636363636363
1443,BWA-std,3,0.14545454545454545
1443,NW-flex,3,1.0
1443,BWA-no-clip,5,0.8090909090909091
1443,BWA-std,5,0.2
1443,NW-flex,5,1.0
1443,BWA-no-clip,-1,0.9181818181818182
1443,BWA-std,-1,0.41818181818181815
1443,NW-flex,-1,1.0
1444,BWA-no-clip,0,0.5363636363636364
1444,BWA-std,0,0.10909090909090909
1444,NW-flex,0,0.8
1444,BWA-no-clip,1,0.8
1444,BWA-std,1,0.12727272727272726
1444,NW-flex,1,1.0
1444,BWA-no-clip,10,0.9
1444,BWA-std,10,0.41818181818181815
1444,NW-flex,10,1.0
1444,BWA-no-clip,2,0.8636363636363636
1444,BWA-std,2,0.13636363636363635
1444,NW-flex,2,1.0
1444,BWA-no-clip,3,0.8818181818181818
1444,BWA-std,3,0.14545454545454545
1444,NW-flex,3,1.0
1444,BWA-no-clip,5,0.8727272727272727
1444,BWA-std,5,0.2
1444,NW-flex,5,1.0
1444,BWA-no-clip,-1,0.9
1444,BWA-std,-1,0.41818181818181815
1444,NW-flex,-1,1.0
1445,BWA-no-clip,0,0.36363636363636365
1445,BWA-std,0,0.11818181818181818
1445,NW-flex,0,1.0
1445,BWA-no-clip,1,0.5
1445,BWA-std,1,0.12727272727272726
1445,NW-flex,1,1.0
1445,BWA-no-clip,10,0.6454545454545455
1445,BWA-std,10,0.37272727272727274
1445,NW-flex,10,1.0
1445,BWA-no-clip,2,0.4727272727272727
1445,BWA-std,2,0.12727272727272726
1445,NW-flex,2,1.0
1445,BWA-no-clip,3,0.6090909090909091
1445,BWA-std,3,0.13636363636363635
1445,NW-flex,3,1.0
1445,BWA-no-clip,5,0.6181818181818182
1445,BWA-std,5,0.16363636363636364
1445,NW-flex,5,1.0
1445,BWA-no-clip,-1,0.6454545454545455
1445,BWA-std,-1,0.37272727272727274
1445,NW-flex,-1,1.0
1446,BWA-no-clip,0,0.4090909090909091
1446,BWA-std,0,0.10909090909090909
1446,NW-flex,0,0.7
1446,BWA-no-clip,1,0.5727272727272728
1446,BWA-std,1,0.12727272727272726
1446,NW-flex,1,1.0
1446,BWA-no-clip,10,0.8363636363636363
1446,BWA-std,10,0.4090909090909091
1446,NW-flex,10,1.0
1446,BWA-no-clip,2,0.6090909090909091
1446,BWA-std,2,0.12727272727272726
1446,NW-flex,2,1.0
1446,BWA-no-clip,3,0.6
1446,BWA-std,3,0.13636363636363635
1446,NW-flex,3,1.0
1446,BWA-no-clip,5,0.7636363636363637
1446,BWA-std,5,0.19090909090909092
1446,NW-flex,5,1.0
1446,BWA-no-clip,-1,0.8363636363636363
1446,BWA-std,-1,0.4090909090909091
1446,NW-flex,-1,1.0
1447,BWA-no-clip,0,0.7181818181818181
1447,BWA-std,0,0.12727272727272726
1447,NW-flex,0,1.0
1447,BWA-no-clip,1,0.6272727272727273
1447,BWA-std,1,0.12727272727272726
1447,NW-flex,1,0.990909090909091
1447,BWA-no-clip,10,0.8636363636363636
1447,BWA-std,10,0.41818181818181815
1447,NW-flex,10,1.0
1447,BWA-no-clip,2,0.8090909090909091
1447,BWA-std,2,0.13636363636363635
1447,NW-flex,2,1.0
1447,BWA-no-clip,3,0.7909090909090909
1447,BWA-std,3,0.14545454545454545
1447,NW-flex,3,1.0
1447,BWA-no-clip,5,0.8636363636363636
1447,BWA-std,5,0.2
1447,NW-flex,5,1.0
1447,BWA-no-clip,-1,0.8636363636363636
1447,BWA-std,-1,0.41818181818181815
1447,NW-flex,-1,1.0
1448,BWA-no-clip,0,0.5727272727272728
1448,BWA-std,0,0.12727272727272726
1448,NW-flex,0,1.0
1448,BWA-no-clip,1,0.6090909090909091
1448,BWA-std,1,0.12727272727272726
1448,NW-flex,1,1.0
1448,BWA-no-clip,10,0.6787878787878788
1448,BWA-std,10,0.4
1448,NW-flex,10,1.0
1448,BWA-no-clip,2,0.6090909090909091
1448,BWA-std,2,0.12727272727272726
1448,NW-flex,2,1.0
1448,BWA-no-clip,3,0.5272727272727272
1448,BWA-std,3,0.14242424242424243
1448,NW-flex,3,0.806060606060606
1448,BWA-no-clip,5,0.6515151515151515
1448,BWA-std,5,0.18181818181818182
1448,NW-flex,5,1.0
1448,BWA-no-clip,-1,0.6787878787878788
1448,BWA-std,-1,0.4
1448,NW-flex,-1,1.0
1449,BWA-no-clip,0,0.6818181818181818
1449,BWA-std,0,0.12727272727272726
1449,NW-flex,0,1.0
1449,BWA-no-clip,1,0.6818181818181818
1449,BWA-std,1,0.12727272727272726
1449,NW-flex,1,0.996969696969697
1449,BWA-no-clip,10,0.8454545454545455
1449,BWA-std,10,0.41818181818181815
1449,NW-flex,10,1.0
1449,BWA-no-clip,2,0.7636363636363637
1449,BWA-std,2,0.13636363636363635
1449,NW-flex,2,1.0
1449,BWA-no-clip,3,0.8363636363636363
1449,BWA-std,3,0.14545454545454545
1449,NW-flex,3,1.0
1449,BWA-no-clip,5,0.8454545454545455
1449,BWA-std,5,0.2
1449,NW-flex,5,1.0
1449,BWA-no-clip,-1,0.8454545454545455
1449,BWA-std,-1,0.41818181818181815
1449,NW-flex,-1,1.0
1450,BWA-no-clip,0,0.5181818181818182
1450,BWA-std,0,0.12727272727272726
1450,NW-flex,0,1.0
1450,BWA-no-clip,1,0.5515151515151515
1450,BWA-std,1,0.12727272727272726
1450,NW-flex,1,1.0
1450,BWA-no-clip,10,0.6
1450,BWA-std,10,0.38181818181818183
1450,NW-flex,10,1.0
1450,BWA-no-clip,2,0.4727272727272727
1450,BWA-std,2,0.12727272727272726
1450,NW-flex,2,1.0
1450,BWA-no-clip,3,0.5878787878787879
1450,BWA-std,3,0.13636363636363635
1450,NW-flex,3,1.0
1450,BWA-no-clip,5,0.503030303030303
1450,BWA-std,5,0.16363636363636364
1450,NW-flex,5,1.0
1450,BWA-no-clip,-1,0.6
1450,BWA-std,-1,0.38181818181818183
1450,NW-flex,-1,1.0
1451,BWA-no-clip,0,0.6272727272727273
1451,BWA-std,0,0.12727272727272726
1451,NW-flex,0,0.7090909090909091
1451,BWA-no-clip,1,0.7848484848484848
1451,BWA-std,1,0.12727272727272726
1451,NW-flex,1,1.0
1451,BWA-no-clip,10,0.9090909090909091
1451,BWA-std,10,0.41818181818181815
1451,NW-flex,10,1.0
1451,BWA-no-clip,2,0.8363636363636363
1451,BWA-std,2,0.13636363636363635
1451,NW-flex,2,1.0
1451,BWA-no-clip,3,0.8545454545454545
1451,BWA-std,3,0.14545454545454545
1451,NW-flex,3,1.0
1451,BWA-no-clip,5,0.9
1451,BWA-std,5,0.2
1451,NW-flex,5,1.0
1451,BWA-no-clip,-1,0.9090909090909091
1451,BWA-std,-1,0.41818181818181815
1451,NW-flex,-1,1.0
1452,BWA-no-clip,0,0.39090909090909093
1452,BWA-std,0,0.10909090909090909
1452,NW-flex,0,0.9
1452,BWA-no-clip,1,0.5181818181818182
1452,BWA-std,1,0.12727272727272726
1452,NW-flex,1,1.0
1452,BWA-no-clip,10,0.9181818181818182
1452,BWA-std,10,0.41818181818181815
1452,NW-flex,10,1.0
1452,BWA-no-clip,2,0.8272727272727273
1452,BWA-std,2,0.13636363636363635
1452,NW-flex,2,1.0
1452,BWA-no-clip,3,0.8727272727272727
1452,BWA-std,3,0.14545454545454545
1452,NW-flex,3,1.0
1452,BWA-no-clip,5,0.9
1452,BWA-std,5,0.2
1452,NW-flex,5,1.0
1452,BWA-no-clip,-1,0.9181818181818182
1452,BWA-std,-1,0.41818181818181815
1452,NW-flex,-1,1.0
1453,BWA-no-clip,0,0.4818181818181818
1453,BWA-std,0,0.10909090909090909
1453,NW-flex,0,0.8
1453,BWA-no-clip,1,0.7363636363636363
1453,BWA-std,1,0.12727272727272726
1453,NW-flex,1,1.0
1453,BWA-no-clip,10,0.8727272727272727
1453,BWA-std,10,0.4090909090909091
1453,NW-flex,10,1.0
1453,BWA-no-clip,2,0.6636363636363637
1453,BWA-std,2,0.12727272727272726
1453,NW-flex,2,1.0
1453,BWA-no-clip,3,0.7363636363636363
1453,BWA-std,3,0.13636363636363635
1453,NW-flex,3,1.0
1453,BWA-no-clip,5,0.7727272727272727
1453,BWA-std,5,0.19090909090909092
1453,NW-flex,5,1.0
1453,BWA-no-clip,-1,0.8727272727272727
1453,BWA-std,-1,0.4090909090909091
1453,NW-flex,-1,1.0
1454,BWA-no-clip,0,0.2727272727272727
1454,BWA-std,0,0.10909090909090909
1454,NW-flex,0,0.3
1454,BWA-no-clip,1,0.509090909090909
1454,BWA-std,1,0.12727272727272726
1454,NW-flex,1,1.0
1454,BWA-no-clip,10,0.7090909090909091
1454,BWA-std,10,0.35454545454545455
1454,NW-flex,10,1.0
1454,BWA-no-clip,2,0.5545454545454546
1454,BWA-std,2,0.12727272727272726
1454,NW-flex,2,1.0
1454,BWA-no-clip,3,0.6818181818181818
1454,BWA-std,3,0.13636363636363635
1454,NW-flex,3,1.0
1454,BWA-no-clip,5,0.6818181818181818
1454,BWA-std,5,0.13636363636363635
1454,NW-flex,5,1.0
1454,BWA-no-clip,-1,0.7090909090909091
1454,BWA-std,-1,0.35454545454545455
1454,NW-flex,-1,1.0
1455,BWA-no-clip,0,0.7090909090909091
1455,BWA-std,0,0.12727272727272726
1455,NW-flex,0,1.0
1455,BWA-no-clip,1,0.6181818181818182
1455,BWA-std,1,0.12727272727272726
1455,NW-flex,1,1.0
1455,BWA-no-clip,10,0.8
1455,BWA-std,10,0.41818181818181815
1455,NW-flex,10,1.0
1455,BWA-no-clip,2,0.6727272727272727
1455,BWA-std,2,0.13636363636363635
1455,NW-flex,2,1.0
1455,BWA-no-clip,3,0.7363636363636363
1455,BWA-std,3,0.14545454545454545
1455,NW-flex,3,1.0
1455,BWA-no-clip,5,0.7818181818181819
1455,BWA-std,5,0.2
1455,NW-flex,5,1.0
1455,BWA-no-clip,-1,0.8
1455,BWA-std,-1,0.41818181818181815
1455,NW-flex,-1,1.0
1456,BWA-no-clip,0,0.6090909090909091
1456,BWA-std,0,0.12727272727272726
1456,NW-flex,0,1.0
1456,BWA-no-clip,1,0.6272727272727273
1456,BWA-std,1,0.12727272727272726
1456,NW-flex,1,1.0
1456,BWA-no-clip,10,0.7484848484848485
1456,BWA-std,10,0.4090909090909091
1456,NW-flex,10,1.0
1456,BWA-no-clip,2,0.6181818181818182
1456,BWA-std,2,0.12727272727272726
1456,NW-flex,2,1.0
1456,BWA-no-clip,3,0.603030303030303
1456,BWA-std,3,0.13636363636363635
1456,NW-flex,3,1.0
1456,BWA-no-clip,5,0.7484848484848485
1456,BWA-std,5,0.19090909090909092
1456,NW-flex,5,1.0
1456,BWA-no-clip,-1,0.7484848484848485
1456,BWA-std,-1,0.4090909090909091
1456,NW-flex,-1,1.0
1457,BWA-no-clip,0,0.4909090909090909
1457,BWA-std,0,0.10909090909090909
1457,NW-flex,0,0.9
1457,BWA-no-clip,1,0.7636363636363637
1457,BWA-std,1,0.12727272727272726
1457,NW-flex,1,1.0
1457,BWA-no-clip,10,0.8818181818181818
1457,BWA-std,10,0.41818181818181815
1457,NW-flex,10,1.0
1457,BWA-no-clip,2,0.8090909090909091
1457,BWA-std,2,0.13636363636363635
1457,NW-flex,2,1.0
1457,BWA-no-clip,3,0.8545454545454545
1457,BWA-std,3,0.14545454545454545
1457,NW-flex,3,1.0
1457,BWA-no-clip,5,0.8545454545454545
1457,BWA-std,5,0.2
1457,NW-flex,5,1.0
1457,BWA-no-clip,-1,0.8818181818181818
1457,BWA-std,-1,0.41818181818181815
1457,NW-flex,-1,1.0
1458,BWA-no-clip,0,0.42727272727272725
1458,BWA-std,0,0.10909090909090909
1458,NW-flex,0,0.8
1458,BWA-no-clip,1,0.7363636363636363
1458,BWA-std,1,0.12727272727272726
1458,NW-flex,1,1.0
1458,BWA-no-clip,10,0.8090909090909091
1458,BWA-std,10,0.4090909090909091
1458,NW-flex,10,1.0
1458,BWA-no-clip,2,0.6454545454545455
1458,BWA-std,2,0.12727272727272726
1458,NW-flex,2,1.0
1458,BWA-no-clip,3,0.7545454545454545
1458,BWA-std,3,0.13636363636363635
1458,NW-flex,3,1.0
1458,BWA-no-clip,5,0.8090909090909091
1458,BWA-std,5,0.19090909090909092
1458,NW-flex,5,1.0
1458,BWA-no-clip,-1,0.8090909090909091
1458,BWA-std,-1,0.4090909090909091
1458,NW-flex,-1,1.0
1459,BWA-no-clip,0,0.5818181818181818
1459,BWA-std,0,0.12727272727272726
1459,NW-flex,0,1.0
1459,BWA-no-clip,1,0.593939393939394
1459,BWA-std,1,0.12727272727272726
1459,NW-flex,1,1.0
1459,BWA-no-clip,10,0.8454545454545455
1459,BWA-std,10,0.4090909090909091
1459,NW-flex,10,1.0
1459,BWA-no-clip,2,0.6060606060606061
1459,BWA-std,2,0.12727272727272726
1459,NW-flex,2,1.0
1459,BWA-no-clip,3,0.7787878787878788
1459,BWA-std,3,0.13636363636363635
1459,NW-flex,3,1.0
1459,BWA-no-clip,5,0.8272727272727273
1459,BWA-std,5,0.19090909090909092
1459,NW-flex,5,1.0
1459,BWA-no-clip,-1,0.8454545454545455
1459,BWA-std,-1,0.4090909090909091
1459,NW-flex,-1,1.0
1460,BWA-no-clip,0,0.4909090909090909
1460,BWA-std,0,0.10909090909090909
1460,NW-flex,0,0.7
1460,BWA-no-clip,1,0.7636363636363637
1460,BWA-std,1,0.12727272727272726
1460,NW-flex,1,1.0
1460,BWA-no-clip,10,0.8545454545454545
1460,BWA-std,10,0.4090909090909091
1460,NW-flex,10,1.0
1460,BWA-no-clip,2,0.7
1460,BWA-std,2,0.12727272727272726
1460,NW-flex,2,1.0
1460,BWA-no-clip,3,0.7818181818181819
1460,BWA-std,3,0.13636363636363635
1460,NW-flex,3,1.0
1460,BWA-no-clip,5,0.8454545454545455
1460,BWA-std,5,0.19090909090909092
1460,NW-flex,5,1.0
1460,BWA-no-clip,-1,0.8545454545454545
1460,BWA-std,-1,0.4090909090909091
1460,NW-flex,-1,1.0
1461,BWA-no-clip,0,0.4636363636363636
1461,BWA-std,0,0.10909090909090909
1461,NW-flex,0,0.8
1461,BWA-no-clip,1,0.7727272727272727
1461,BWA-std,1,0.12727272727272726
1461,NW-flex,1,1.0
1461,BWA-no-clip,10,0.8454545454545455
1461,BWA-std,10,0.4090909090909091
1461,NW-flex,10,1.0
1461,BWA-no-clip,2,0.6636363636363637
1461,BWA-std,2,0.12727272727272726
1461,NW-flex,2,1.0
1461,BWA-no-clip,3,0.8090909090909091
1461,BWA-std,3,0.13636363636363635
1461,NW-flex,3,1.0
1461,BWA-no-clip,5,0.8363636363636363
1461,BWA-std,5,0.19090909090909092
1461,NW-flex,5,1.0
1461,BWA-no-clip,-1,0.8454545454545455
1461,BWA-std,-1,0.4090909090909091
1461,NW-flex,-1,1.0
1462,BWA-no-clip,0,0.7090909090909091
1462,BWA-std,0,0.12727272727272726
1462,NW-flex,0,1.0
1462,BWA-no-clip,1,0.8363636363636363
1462,BWA-std,1,0.12727272727272726
1462,NW-flex,1,1.0
1462,BWA-no-clip,10,0.9181818181818182
1462,BWA-std,10,0.41818181818181815
1462,NW-flex,10,1.0
1462,BWA-no-clip,2,0.8363636363636363
1462,BWA-std,2,0.13636363636363635
1462,NW-flex,2,1.0
1462,BWA-no-clip,3,0.8454545454545455
1462,BWA-std,3,0.14545454545454545
1462,NW-flex,3,1.0
1462,BWA-no-clip,5,0.9181818181818182
1462,BWA-std,5,0.2
1462,NW-flex,5,1.0
1462,BWA-no-clip,-1,0.9181818181818182
1462,BWA-std,-1,0.41818181818181815
1462,NW-flex,-1,1.0
1463,BWA-no-clip,0,0.43636363636363634
1463,BWA-std,0,0.10909090909090909
1463,NW-flex,0,0.9
1463,BWA-no-clip,1,0.7727272727272727
1463,BWA-std,1,0.12727272727272726
1463,NW-flex,1,1.0
1463,BWA-no-clip,10,0.8727272727272727
1463,BWA-std,10,0.41818181818181815
1463,NW-flex,10,1.0
1463,BWA-no-clip,2,0.6909090909090909
1463,BWA-std,2,0.13636363636363635
1463,NW-flex,2,1.0
1463,BWA-no-clip,3,0.8272727272727273
1463,BWA-std,3,0.14545454545454545
1463,NW-flex,3,1.0
1463,BWA-no-clip,5,0.8636363636363636
1463,BWA-std,5,0.2
1463,NW-flex,5,1.0
1463,BWA-no-clip,-1,0.8727272727272727
1463,BWA-std,-1,0.41818181818181815
1463,NW-flex,-1,1.0
1464,BWA-no-clip,0,0.5363636363636364
1464,BWA-std,0,0.10909090909090909
1464,NW-flex,0,0.9
1464,BWA-no-clip,1,0.7272727272727273
1464,BWA-std,1,0.12727272727272726
1464,NW-flex,1,1.0
1464,BWA-no-clip,10,0.8818181818181818
1464,BWA-std,10,0.41818181818181815
1464,NW-flex,10,1.0
1464,BWA-no-clip,2,0.8090909090909091
1464,BWA-std,2,0.13636363636363635
1464,NW-flex,2,1.0
1464,BWA-no-clip,3,0.8090909090909091
1464,BWA-std,3,0.14545454545454545
1464,NW-flex,3,1.0
1464,BWA-no-clip,5,0.8272727272727273
1464,BWA-std,5,0.2
1464,NW-flex,5,1.0
1464,BWA-no-clip,-1,0.8818181818181818
1464,BWA-std,-1,0.41818181818181815
1464,NW-flex,-1,1.0
1465,BWA-no-clip,0,0.6545454545454545
1465,BWA-std,0,0.12727272727272726
1465,NW-flex,0,1.0
1465,BWA-no-clip,1,0.7363636363636363
1465,BWA-std,1,0.12727272727272726
1465,NW-flex,1,1.0
1465,BWA-no-clip,10,0.8636363636363636
1465,BWA-std,10,0.41818181818181815
1465,NW-flex,10,1.0
1465,BWA-no-clip,2,0.7636363636363637
1465,BWA-std,2,0.13636363636363635
1465,NW-flex,2,1.0
1465,BWA-no-clip,3,0.8181818181818182
1465,BWA-std,3,0.14545454545454545
1465,NW-flex,3,1.0
1465,BWA-no-clip,5,0.7545454545454545
1465,BWA-std,5,0.2
1465,NW-flex,5,1.0
1465,BWA-no-clip,-1,0.8636363636363636
1465,BWA-std,-1,0.41818181818181815
1465,NW-flex,-1,1.0
1466,BWA-no-clip,0,0.5545454545454546
1466,BWA-std,0,0.10909090909090909
1466,NW-flex,0,0.8
1466,BWA-no-clip,1,0.8454545454545455
1466,BWA-std,1,0.12727272727272726
1466,NW-flex,1,1.0
1466,BWA-no-clip,10,0.9181818181818182
1466,BWA-std,10,0.41818181818181815
1466,NW-flex,10,1.0
1466,BWA-no-clip,2,0.7515151515151515
1466,BWA-std,2,0.13636363636363635
1466,NW-flex,2,1.0
1466,BWA-no-clip,3,0.8909090909090909
1466,BWA-std,3,0.14545454545454545
1466,NW-flex,3,1.0
1466,BWA-no-clip,5,0.8909090909090909
1466,BWA-std,5,0.2
1466,NW-flex,5,1.0
1466,BWA-no-clip,-1,0.9181818181818182
1466,BWA-std,-1,0.41818181818181815
1466,NW-flex,-1,1.0
1467,BWA-no-clip,0,0.5545454545454546
1467,BWA-std,0,0.12727272727272726
1467,NW-flex,0,1.0
1467,BWA-no-clip,1,0.5818181818181818
1467,BWA-std,1,0.12727272727272726
1467,NW-flex,1,1.0
1467,BWA-no-clip,10,0.7909090909090909
1467,BWA-std,10,0.41818181818181815
1467,NW-flex,10,1.0
1467,BWA-no-clip,2,0.6181818181818182
1467,BWA-std,2,0.13636363636363635
1467,NW-flex,2,1.0
1467,BWA-no-clip,3,0.5909090909090909
1467,BWA-std,3,0.14545454545454545
1467,NW-flex,3,1.0
1467,BWA-no-clip,5,0.7636363636363637
1467,BWA-std,5,0.2
1467,NW-flex,5,1.0
1467,BWA-no-clip,-1,0.7909090909090909
1467,BWA-std,-1,0.41818181818181815
1467,NW-flex,-1,1.0
1468,BWA-no-clip,0,0.36363636363636365
1468,BWA-std,0,0.10909090909090909
1468,NW-flex,0,0.6
1468,BWA-no-clip,1,0.6818181818181818
1468,BWA-std,1,0.12727272727272726
1468,NW-flex,1,1.0
1468,BWA-no-clip,10,0.7909090909090909
1468,BWA-std,10,0.4
1468,NW-flex,10,1.0
1468,BWA-no-clip,2,0.5909090909090909
1468,BWA-std,2,0.12727272727272726
1468,NW-flex,2,1.0
1468,BWA-no-clip,3,0.7727272727272727
1468,BWA-std,3,0.13636363636363635
1468,NW-flex,3,1.0
1468,BWA-no-clip,5,0.7818181818181819
1468,BWA-std,5,0.18181818181818182
1468,NW-flex,5,1.0
1468,BWA-no-clip,-1,0.7909090909090909
1468,BWA-std,-1,0.4
1468,NW-flex,-1,1.0
1469,BWA-no-clip,0,0.4818181818181818
1469,BWA-std,0,0.10909090909090909
1469,NW-flex,0,0.8
1469,BWA-no-clip,1,0.7090909090909091
1469,BWA-std,1,0.12727272727272726
1469,NW-flex,1,1.0
1469,BWA-no-clip,10,0.8545454545454545
1469,BWA-std,10,0.41818181818181815
1469,NW-flex,10,1.0
1469,BWA-no-clip,2,0.8454545454545455
1469,BWA-std,2,0.13636363636363635
1469,NW-flex,2,1.0
1469,BWA-no-clip,3,0.8545454545454545
1469,BWA-std,3,0.14545454545454545
1469,NW-flex,3,1.0
1469,BWA-no-clip,5,0.8272727272727273
1469,BWA-std,5,0.2
1469,NW-flex,5,1.0
1469,BWA-no-clip,-1,0.8545454545454545
1469,BWA-std,-1,0.41818181818181815
1469,NW-flex,-1,1.0
1470,BWA-no-clip,0,0.7909090909090909
1470,BWA-std,0,0.12727272727272726
1470,NW-flex,0,1.0
1470,BWA-no-clip,1,0.6363636363636364
1470,BWA-std,1,0.12727272727272726
1470,NW-flex,1,0.996969696969697
1470,BWA-no-clip,10,0.8545454545454545
1470,BWA-std,10,0.41818181818181815
1470,NW-flex,10,1.0
1470,BWA-no-clip,2,0.8
1470,BWA-std,2,0.13636363636363635
1470,NW-flex,2,1.0
1470,BWA-no-clip,3,0.8363636363636363
1470,BWA-std,3,0.14545454545454545
1470,NW-flex,3,1.0
1470,BWA-no-clip,5,0.8545454545454545
1470,BWA-std,5,0.2
1470,NW-flex,5,1.0
1470,BWA-no-clip,-1,0.8545454545454545
1470,BWA-std,-1,0.41818181818181815
1470,NW-flex,-1,1.0
1471,BWA-no-clip,0,0.7
1471,BWA-std,0,0.12727272727272726
1471,NW-flex,0,1.0
1471,BWA-no-clip,1,0.7181818181818181
1471,BWA-std,1,0.12727272727272726
1471,NW-flex,1,0.996969696969697
1471,BWA-no-clip,10,0.8636363636363636
1471,BWA-std,10,0.41818181818181815
1471,NW-flex,10,1.0
1471,BWA-no-clip,2,0.7727272727272727
1471,BWA-std,2,0.13636363636363635
1471,NW-flex,2,1.0
1471,BWA-no-clip,3,0.8454545454545455
1471,BWA-std,3,0.14545454545454545
1471,NW-flex,3,1.0
1471,BWA-no-clip,5,0.8363636363636363
1471,BWA-std,5,0.2
1471,NW-flex,5,1.0
1471,BWA-no-clip,-1,0.8636363636363636
1471,BWA-std,-1,0.41818181818181815
1471,NW-flex,-1,1.0
1472,BWA-no-clip,0,0.6090909090909091
1472,BWA-std,0,0.12727272727272726
1472,NW-flex,0,0.806060606060606
1472,BWA-no-clip,1,0.7787878787878788
1472,BWA-std,1,0.12727272727272726
1472,NW-flex,1,1.0
1472,BWA-no-clip,10,0.9181818181818182
1472,BWA-std,10,0.41818181818181815
1472,NW-flex,10,1.0
1472,BWA-no-clip,2,0.7181818181818181
1472,BWA-std,2,0.13636363636363635
1472,NW-flex,2,1.0
1472,BWA-no-clip,3,0.7909090909090909
1472,BWA-std,3,0.14545454545454545
1472,NW-flex,3,1.0
1472,BWA-no-clip,5,0.8727272727272727
1472,BWA-std,5,0.2
1472,NW-flex,5,1.0
1472,BWA-no-clip,-1,0.9181818181818182
1472,BWA-std,-1,0.41818181818181815
1472,NW-flex,-1,1.0
1473,BWA-no-clip,0,0.35454545454545455
1473,BWA-std,0,0.10909090909090909
1473,NW-flex,0,1.0
1473,BWA-no-clip,1,0.3939393939393939
1473,BWA-std,1,0.12727272727272726
1473,NW-flex,1,1.0
1473,BWA-no-clip,10,0.42424242424242425
1473,BWA-std,10,0.3242424242424242
1473,NW-flex,10,1.0
1473,BWA-no-clip,2,0.4090909090909091
1473,BWA-std,2,0.12727272727272726
1473,NW-flex,2,1.0
1473,BWA-no-clip,3,0.45454545454545453
1473,BWA-std,3,0.13636363636363635
1473,NW-flex,3,1.0
1473,BWA-no-clip,5,0.4212121212121212
1473,BWA-std,5,0.14545454545454545
1473,NW-flex,5,1.0
1473,BWA-no-clip,-1,0.42424242424242425
1473,BWA-std,-1,0.3242424242424242
1473,NW-flex,-1,1.0
1474,BWA-no-clip,0,0.4
1474,BWA-std,0,0.10909090909090909
1474,NW-flex,0,0.7
1474,BWA-no-clip,1,0.6545454545454545
1474,BWA-std,1,0.12727272727272726
1474,NW-flex,1,1.0
1474,BWA-no-clip,10,0.8
1474,BWA-std,10,0.4
1474,NW-flex,10,1.0
1474,BWA-no-clip,2,0.7545454545454545
1474,BWA-std,2,0.12727272727272726
1474,NW-flex,2,1.0
1474,BWA-no-clip,3,0.6818181818181818
1474,BWA-std,3,0.12727272727272726
1474,NW-flex,3,1.0
1474,BWA-no-clip,5,0.7636363636363637
1474,BWA-std,5,0.18181818181818182
1474,NW-flex,5,1.0
1474,BWA-no-clip,-1,0.8
1474,BWA-std,-1,0.4
1474,NW-flex,-1,1.0
1475,BWA-no-clip,0,0.4818181818181818
1475,BWA-std,0,0.10909090909090909
1475,NW-flex,0,0.8
1475,BWA-no-clip,1,0.7272727272727273
1475,BWA-std,1,0.12727272727272726
1475,NW-flex,1,1.0
1475,BWA-no-clip,10,0.8636363636363636
1475,BWA-std,10,0.41818181818181815
1475,NW-flex,10,1.0
1475,BWA-no-clip,2,0.696969696969697
1475,BWA-std,2,0.13636363636363635
1475,NW-flex,2,1.0
1475,BWA-no-clip,3,0.8363636363636363
1475,BWA-std,3,0.14545454545454545
1475,NW-flex,3,1.0
1475,BWA-no-clip,5,0.8636363636363636
1475,BWA-std,5,0.2
1475,NW-flex,5,1.0
1475,BWA-no-clip,-1,0.8636363636363636
1475,BWA-std,-1,0.41818181818181815
1475,NW-flex,-1,1.0
1476,BWA-no-clip,0,0.7363636363636363
1476,BWA-std,0,0.12727272727272726
1476,NW-flex,0,0.9030303030303031
1476,BWA-no-clip,1,0.8272727272727273
1476,BWA-std,1,0.12727272727272726
1476,NW-flex,1,1.0
1476,BWA-no-clip,10,0.8909090909090909
1476,BWA-std,10,0.41818181818181815
1476,NW-flex,10,1.0
1476,BWA-no-clip,2,0.7545454545454545
1476,BWA-std,2,0.13636363636363635
1476,NW-flex,2,1.0
1476,BWA-no-clip,3,0.8636363636363636
1476,BWA-std,3,0.14545454545454545
1476,NW-flex,3,1.0
1476,BWA-no-clip,5,0.8909090909090909
1476,BWA-std,5,0.2
1476,NW-flex,5,1.0
1476,BWA-no-clip,-1,0.8909090909090909
1476,BWA-std,-1,0.41818181818181815
1476,NW-flex,-1,1.0
1477,BWA-no-clip,0,0.8090909090909091
1477,BWA-std,0,0.12727272727272726
1477,NW-flex,0,1.0
1477,BWA-no-clip,1,0.7454545454545455
1477,BWA-std,1,0.12727272727272726
1477,NW-flex,1,1.0
1477,BWA-no-clip,10,0.8818181818181818
1477,BWA-std,10,0.41818181818181815
1477,NW-flex,10,1.0
1477,BWA-no-clip,2,0.8
1477,BWA-std,2,0.13636363636363635
1477,NW-flex,2,1.0
1477,BWA-no-clip,3,0.8454545454545455
1477,BWA-std,3,0.14545454545454545
1477,NW-flex,3,1.0
1477,BWA-no-clip,5,0.8818181818181818
1477,BWA-std,5,0.2
1477,NW-flex,5,1.0
1477,BWA-no-clip,-1,0.8818181818181818
1477,BWA-std,-1,0.41818181818181815
1477,NW-flex,-1,1.0
1478,BWA-no-clip,0,0.6454545454545455
1478,BWA-std,0,0.12727272727272726
1478,NW-flex,0,0.9030303030303031
1478,BWA-no-clip,1,0.7363636363636363
1478,BWA-std,1,0.12727272727272726
1478,NW-flex,1,1.0
1478,BWA-no-clip,10,0.8909090909090909
1478,BWA-std,10,0.41818181818181815
1478,NW-flex,10,1.0
1478,BWA-no-clip,2,0.696969696969697
1478,BWA-std,2,0.13636363636363635
1478,NW-flex,2,1.0
1478,BWA-no-clip,3,0.8242424242424242
1478,BWA-std,3,0.14545454545454545
1478,NW-flex,3,1.0
1478,BWA-no-clip,5,0.8727272727272727
1478,BWA-std,5,0.2
1478,NW-flex,5,1.0
1478,BWA-no-clip,-1,0.8909090909090909
1478,BWA-std,-1,0.41818181818181815
1478,NW-flex,-1,1.0
1479,BWA-no-clip,0,0.6090909090909091
1479,BWA-std,0,0.12727272727272726
1479,NW-flex,0,0.9030303030303031
1479,BWA-no-clip,1,0.7454545454545455
1479,BWA-std,1,0.12727272727272726
1479,NW-flex,1,1.0
1479,BWA-no-clip,10,0.8818181818181818
1479,BWA-std,10,0.41818181818181815
1479,NW-flex,10,1.0
1479,BWA-no-clip,2,0.7181818181818181
1479,BWA-std,2,0.13636363636363635
1479,NW-flex,2,1.0
1479,BWA-no-clip,3,0.7727272727272727
1479,BWA-std,3,0.14545454545454545
1479,NW-flex,3,1.0
1479,BWA-no-clip,5,0.8727272727272727
1479,BWA-std,5,0.2
1479,NW-flex,5,1.0
1479,BWA-no-clip,-1,0.8818181818181818
1479,BWA-std,-1,0.41818181818181815
1479,NW-flex,-1,1.0
